[0.104s] DEBUG:colcon:Command line arguments: ['/usr/bin/colcon', 'build']
[0.104s] DEBUG:colcon:Parsed command line arguments: Namespace(log_base=None, log_level=None, verb_name='build', build_base='build', install_base='install', merge_install=False, symlink_install=False, test_result_base=None, continue_on_error=False, executor='parallel', parallel_workers=8, event_handlers=None, ignore_user_meta=False, metas=['./colcon.meta'], base_paths=['.'], packages_ignore=None, packages_ignore_regex=None, paths=None, packages_up_to=None, packages_up_to_regex=None, packages_above=None, packages_above_and_dependencies=None, packages_above_depth=None, packages_select_by_dep=None, packages_skip_by_dep=None, packages_skip_up_to=None, packages_select_build_failed=False, packages_skip_build_finished=False, packages_select_test_failures=False, packages_skip_test_passed=False, packages_select=None, packages_skip=None, packages_select_regex=None, packages_skip_regex=None, packages_start=None, packages_end=None, allow_overriding=[], cmake_args=None, cmake_target=None, cmake_target_skip_unavailable=False, cmake_clean_cache=False, cmake_clean_first=False, cmake_force_configure=False, ament_cmake_args=None, catkin_cmake_args=None, catkin_skip_building_tests=False, mixin_files=None, mixin=None, verb_parser=<colcon_mixin.mixin.mixin_argument.MixinArgumentDecorator object at 0x7a6bd4145450>, verb_extension=<colcon_core.verb.build.BuildVerb object at 0x7a6bd429a9b0>, main=<bound method BuildVerb.main of <colcon_core.verb.build.BuildVerb object at 0x7a6bd429a9b0>>, mixin_verb=('build',))
[0.292s] Level 1:colcon.colcon_core.package_discovery:discover_packages(colcon_meta) check parameters
[0.292s] Level 1:colcon.colcon_core.package_discovery:discover_packages(recursive) check parameters
[0.292s] Level 1:colcon.colcon_core.package_discovery:discover_packages(ignore) check parameters
[0.292s] Level 1:colcon.colcon_core.package_discovery:discover_packages(path) check parameters
[0.292s] Level 1:colcon.colcon_core.package_discovery:discover_packages(colcon_meta) discover
[0.292s] Level 1:colcon.colcon_core.package_discovery:discover_packages(recursive) discover
[0.292s] INFO:colcon.colcon_core.package_discovery:Crawling recursively for packages in '/home/dimash/debug_clear_ws'
[0.292s] Level 1:colcon.colcon_core.package_identification:_identify(.) by extensions ['ignore', 'ignore_ament_install']
[0.292s] Level 1:colcon.colcon_core.package_identification:_identify(.) by extension 'ignore'
[0.292s] Level 1:colcon.colcon_core.package_identification:_identify(.) by extension 'ignore_ament_install'
[0.292s] Level 1:colcon.colcon_core.package_identification:_identify(.) by extensions ['colcon_pkg']
[0.292s] Level 1:colcon.colcon_core.package_identification:_identify(.) by extension 'colcon_pkg'
[0.292s] Level 1:colcon.colcon_core.package_identification:_identify(.) by extensions ['colcon_meta']
[0.292s] Level 1:colcon.colcon_core.package_identification:_identify(.) by extension 'colcon_meta'
[0.292s] Level 1:colcon.colcon_core.package_identification:_identify(.) by extensions ['ros']
[0.292s] Level 1:colcon.colcon_core.package_identification:_identify(.) by extension 'ros'
[0.309s] Level 1:colcon.colcon_core.package_identification:_identify(.) by extensions ['cmake', 'python']
[0.309s] Level 1:colcon.colcon_core.package_identification:_identify(.) by extension 'cmake'
[0.309s] Level 1:colcon.colcon_core.package_identification:_identify(.) by extension 'python'
[0.309s] Level 1:colcon.colcon_core.package_identification:_identify(.) by extensions ['python_setup_py']
[0.309s] Level 1:colcon.colcon_core.package_identification:_identify(.) by extension 'python_setup_py'
[0.310s] Level 1:colcon.colcon_core.package_identification:_identify(build) by extensions ['ignore', 'ignore_ament_install']
[0.310s] Level 1:colcon.colcon_core.package_identification:_identify(build) by extension 'ignore'
[0.310s] Level 1:colcon.colcon_core.package_identification:_identify(build) ignored
[0.310s] Level 1:colcon.colcon_core.package_identification:_identify(install) by extensions ['ignore', 'ignore_ament_install']
[0.310s] Level 1:colcon.colcon_core.package_identification:_identify(install) by extension 'ignore'
[0.310s] Level 1:colcon.colcon_core.package_identification:_identify(install) ignored
[0.310s] Level 1:colcon.colcon_core.package_identification:_identify(log) by extensions ['ignore', 'ignore_ament_install']
[0.310s] Level 1:colcon.colcon_core.package_identification:_identify(log) by extension 'ignore'
[0.310s] Level 1:colcon.colcon_core.package_identification:_identify(log) ignored
[0.310s] Level 1:colcon.colcon_core.package_identification:_identify(manipulators) by extensions ['ignore', 'ignore_ament_install']
[0.310s] Level 1:colcon.colcon_core.package_identification:_identify(manipulators) by extension 'ignore'
[0.310s] Level 1:colcon.colcon_core.package_identification:_identify(manipulators) by extension 'ignore_ament_install'
[0.310s] Level 1:colcon.colcon_core.package_identification:_identify(manipulators) by extensions ['colcon_pkg']
[0.310s] Level 1:colcon.colcon_core.package_identification:_identify(manipulators) by extension 'colcon_pkg'
[0.311s] Level 1:colcon.colcon_core.package_identification:_identify(manipulators) by extensions ['colcon_meta']
[0.311s] Level 1:colcon.colcon_core.package_identification:_identify(manipulators) by extension 'colcon_meta'
[0.311s] Level 1:colcon.colcon_core.package_identification:_identify(manipulators) by extensions ['ros']
[0.311s] Level 1:colcon.colcon_core.package_identification:_identify(manipulators) by extension 'ros'
[0.311s] Level 1:colcon.colcon_core.package_identification:_identify(manipulators) by extensions ['cmake', 'python']
[0.311s] Level 1:colcon.colcon_core.package_identification:_identify(manipulators) by extension 'cmake'
[0.311s] Level 1:colcon.colcon_core.package_identification:_identify(manipulators) by extension 'python'
[0.311s] Level 1:colcon.colcon_core.package_identification:_identify(manipulators) by extensions ['python_setup_py']
[0.311s] Level 1:colcon.colcon_core.package_identification:_identify(manipulators) by extension 'python_setup_py'
[0.311s] Level 1:colcon.colcon_core.package_identification:_identify(manipulators/config) by extensions ['ignore', 'ignore_ament_install']
[0.311s] Level 1:colcon.colcon_core.package_identification:_identify(manipulators/config) by extension 'ignore'
[0.311s] Level 1:colcon.colcon_core.package_identification:_identify(manipulators/config) by extension 'ignore_ament_install'
[0.311s] Level 1:colcon.colcon_core.package_identification:_identify(manipulators/config) by extensions ['colcon_pkg']
[0.311s] Level 1:colcon.colcon_core.package_identification:_identify(manipulators/config) by extension 'colcon_pkg'
[0.311s] Level 1:colcon.colcon_core.package_identification:_identify(manipulators/config) by extensions ['colcon_meta']
[0.311s] Level 1:colcon.colcon_core.package_identification:_identify(manipulators/config) by extension 'colcon_meta'
[0.311s] Level 1:colcon.colcon_core.package_identification:_identify(manipulators/config) by extensions ['ros']
[0.311s] Level 1:colcon.colcon_core.package_identification:_identify(manipulators/config) by extension 'ros'
[0.311s] Level 1:colcon.colcon_core.package_identification:_identify(manipulators/config) by extensions ['cmake', 'python']
[0.311s] Level 1:colcon.colcon_core.package_identification:_identify(manipulators/config) by extension 'cmake'
[0.311s] Level 1:colcon.colcon_core.package_identification:_identify(manipulators/config) by extension 'python'
[0.312s] Level 1:colcon.colcon_core.package_identification:_identify(manipulators/config) by extensions ['python_setup_py']
[0.312s] Level 1:colcon.colcon_core.package_identification:_identify(manipulators/config) by extension 'python_setup_py'
[0.312s] Level 1:colcon.colcon_core.package_identification:_identify(manipulators/launch) by extensions ['ignore', 'ignore_ament_install']
[0.312s] Level 1:colcon.colcon_core.package_identification:_identify(manipulators/launch) by extension 'ignore'
[0.312s] Level 1:colcon.colcon_core.package_identification:_identify(manipulators/launch) by extension 'ignore_ament_install'
[0.312s] Level 1:colcon.colcon_core.package_identification:_identify(manipulators/launch) by extensions ['colcon_pkg']
[0.312s] Level 1:colcon.colcon_core.package_identification:_identify(manipulators/launch) by extension 'colcon_pkg'
[0.312s] Level 1:colcon.colcon_core.package_identification:_identify(manipulators/launch) by extensions ['colcon_meta']
[0.312s] Level 1:colcon.colcon_core.package_identification:_identify(manipulators/launch) by extension 'colcon_meta'
[0.312s] Level 1:colcon.colcon_core.package_identification:_identify(manipulators/launch) by extensions ['ros']
[0.312s] Level 1:colcon.colcon_core.package_identification:_identify(manipulators/launch) by extension 'ros'
[0.312s] Level 1:colcon.colcon_core.package_identification:_identify(manipulators/launch) by extensions ['cmake', 'python']
[0.312s] Level 1:colcon.colcon_core.package_identification:_identify(manipulators/launch) by extension 'cmake'
[0.312s] Level 1:colcon.colcon_core.package_identification:_identify(manipulators/launch) by extension 'python'
[0.312s] Level 1:colcon.colcon_core.package_identification:_identify(manipulators/launch) by extensions ['python_setup_py']
[0.312s] Level 1:colcon.colcon_core.package_identification:_identify(manipulators/launch) by extension 'python_setup_py'
[0.312s] Level 1:colcon.colcon_core.package_identification:_identify(platform) by extensions ['ignore', 'ignore_ament_install']
[0.312s] Level 1:colcon.colcon_core.package_identification:_identify(platform) by extension 'ignore'
[0.312s] Level 1:colcon.colcon_core.package_identification:_identify(platform) by extension 'ignore_ament_install'
[0.312s] Level 1:colcon.colcon_core.package_identification:_identify(platform) by extensions ['colcon_pkg']
[0.312s] Level 1:colcon.colcon_core.package_identification:_identify(platform) by extension 'colcon_pkg'
[0.313s] Level 1:colcon.colcon_core.package_identification:_identify(platform) by extensions ['colcon_meta']
[0.313s] Level 1:colcon.colcon_core.package_identification:_identify(platform) by extension 'colcon_meta'
[0.313s] Level 1:colcon.colcon_core.package_identification:_identify(platform) by extensions ['ros']
[0.313s] Level 1:colcon.colcon_core.package_identification:_identify(platform) by extension 'ros'
[0.313s] Level 1:colcon.colcon_core.package_identification:_identify(platform) by extensions ['cmake', 'python']
[0.313s] Level 1:colcon.colcon_core.package_identification:_identify(platform) by extension 'cmake'
[0.313s] Level 1:colcon.colcon_core.package_identification:_identify(platform) by extension 'python'
[0.313s] Level 1:colcon.colcon_core.package_identification:_identify(platform) by extensions ['python_setup_py']
[0.313s] Level 1:colcon.colcon_core.package_identification:_identify(platform) by extension 'python_setup_py'
[0.313s] Level 1:colcon.colcon_core.package_identification:_identify(platform/config) by extensions ['ignore', 'ignore_ament_install']
[0.313s] Level 1:colcon.colcon_core.package_identification:_identify(platform/config) by extension 'ignore'
[0.313s] Level 1:colcon.colcon_core.package_identification:_identify(platform/config) by extension 'ignore_ament_install'
[0.313s] Level 1:colcon.colcon_core.package_identification:_identify(platform/config) by extensions ['colcon_pkg']
[0.313s] Level 1:colcon.colcon_core.package_identification:_identify(platform/config) by extension 'colcon_pkg'
[0.313s] Level 1:colcon.colcon_core.package_identification:_identify(platform/config) by extensions ['colcon_meta']
[0.313s] Level 1:colcon.colcon_core.package_identification:_identify(platform/config) by extension 'colcon_meta'
[0.313s] Level 1:colcon.colcon_core.package_identification:_identify(platform/config) by extensions ['ros']
[0.313s] Level 1:colcon.colcon_core.package_identification:_identify(platform/config) by extension 'ros'
[0.313s] Level 1:colcon.colcon_core.package_identification:_identify(platform/config) by extensions ['cmake', 'python']
[0.313s] Level 1:colcon.colcon_core.package_identification:_identify(platform/config) by extension 'cmake'
[0.313s] Level 1:colcon.colcon_core.package_identification:_identify(platform/config) by extension 'python'
[0.313s] Level 1:colcon.colcon_core.package_identification:_identify(platform/config) by extensions ['python_setup_py']
[0.313s] Level 1:colcon.colcon_core.package_identification:_identify(platform/config) by extension 'python_setup_py'
[0.314s] Level 1:colcon.colcon_core.package_identification:_identify(platform/launch) by extensions ['ignore', 'ignore_ament_install']
[0.314s] Level 1:colcon.colcon_core.package_identification:_identify(platform/launch) by extension 'ignore'
[0.314s] Level 1:colcon.colcon_core.package_identification:_identify(platform/launch) by extension 'ignore_ament_install'
[0.314s] Level 1:colcon.colcon_core.package_identification:_identify(platform/launch) by extensions ['colcon_pkg']
[0.314s] Level 1:colcon.colcon_core.package_identification:_identify(platform/launch) by extension 'colcon_pkg'
[0.314s] Level 1:colcon.colcon_core.package_identification:_identify(platform/launch) by extensions ['colcon_meta']
[0.314s] Level 1:colcon.colcon_core.package_identification:_identify(platform/launch) by extension 'colcon_meta'
[0.314s] Level 1:colcon.colcon_core.package_identification:_identify(platform/launch) by extensions ['ros']
[0.314s] Level 1:colcon.colcon_core.package_identification:_identify(platform/launch) by extension 'ros'
[0.314s] Level 1:colcon.colcon_core.package_identification:_identify(platform/launch) by extensions ['cmake', 'python']
[0.314s] Level 1:colcon.colcon_core.package_identification:_identify(platform/launch) by extension 'cmake'
[0.314s] Level 1:colcon.colcon_core.package_identification:_identify(platform/launch) by extension 'python'
[0.314s] Level 1:colcon.colcon_core.package_identification:_identify(platform/launch) by extensions ['python_setup_py']
[0.314s] Level 1:colcon.colcon_core.package_identification:_identify(platform/launch) by extension 'python_setup_py'
[0.314s] Level 1:colcon.colcon_core.package_identification:_identify(platform/launch/__pycache__) by extensions ['ignore', 'ignore_ament_install']
[0.314s] Level 1:colcon.colcon_core.package_identification:_identify(platform/launch/__pycache__) by extension 'ignore'
[0.314s] Level 1:colcon.colcon_core.package_identification:_identify(platform/launch/__pycache__) by extension 'ignore_ament_install'
[0.314s] Level 1:colcon.colcon_core.package_identification:_identify(platform/launch/__pycache__) by extensions ['colcon_pkg']
[0.314s] Level 1:colcon.colcon_core.package_identification:_identify(platform/launch/__pycache__) by extension 'colcon_pkg'
[0.314s] Level 1:colcon.colcon_core.package_identification:_identify(platform/launch/__pycache__) by extensions ['colcon_meta']
[0.314s] Level 1:colcon.colcon_core.package_identification:_identify(platform/launch/__pycache__) by extension 'colcon_meta'
[0.315s] Level 1:colcon.colcon_core.package_identification:_identify(platform/launch/__pycache__) by extensions ['ros']
[0.315s] Level 1:colcon.colcon_core.package_identification:_identify(platform/launch/__pycache__) by extension 'ros'
[0.315s] Level 1:colcon.colcon_core.package_identification:_identify(platform/launch/__pycache__) by extensions ['cmake', 'python']
[0.315s] Level 1:colcon.colcon_core.package_identification:_identify(platform/launch/__pycache__) by extension 'cmake'
[0.315s] Level 1:colcon.colcon_core.package_identification:_identify(platform/launch/__pycache__) by extension 'python'
[0.315s] Level 1:colcon.colcon_core.package_identification:_identify(platform/launch/__pycache__) by extensions ['python_setup_py']
[0.315s] Level 1:colcon.colcon_core.package_identification:_identify(platform/launch/__pycache__) by extension 'python_setup_py'
[0.315s] Level 1:colcon.colcon_core.package_identification:_identify(sensors) by extensions ['ignore', 'ignore_ament_install']
[0.315s] Level 1:colcon.colcon_core.package_identification:_identify(sensors) by extension 'ignore'
[0.315s] Level 1:colcon.colcon_core.package_identification:_identify(sensors) by extension 'ignore_ament_install'
[0.315s] Level 1:colcon.colcon_core.package_identification:_identify(sensors) by extensions ['colcon_pkg']
[0.315s] Level 1:colcon.colcon_core.package_identification:_identify(sensors) by extension 'colcon_pkg'
[0.315s] Level 1:colcon.colcon_core.package_identification:_identify(sensors) by extensions ['colcon_meta']
[0.315s] Level 1:colcon.colcon_core.package_identification:_identify(sensors) by extension 'colcon_meta'
[0.315s] Level 1:colcon.colcon_core.package_identification:_identify(sensors) by extensions ['ros']
[0.315s] Level 1:colcon.colcon_core.package_identification:_identify(sensors) by extension 'ros'
[0.315s] Level 1:colcon.colcon_core.package_identification:_identify(sensors) by extensions ['cmake', 'python']
[0.315s] Level 1:colcon.colcon_core.package_identification:_identify(sensors) by extension 'cmake'
[0.315s] Level 1:colcon.colcon_core.package_identification:_identify(sensors) by extension 'python'
[0.315s] Level 1:colcon.colcon_core.package_identification:_identify(sensors) by extensions ['python_setup_py']
[0.316s] Level 1:colcon.colcon_core.package_identification:_identify(sensors) by extension 'python_setup_py'
[0.316s] Level 1:colcon.colcon_core.package_identification:_identify(sensors/config) by extensions ['ignore', 'ignore_ament_install']
[0.316s] Level 1:colcon.colcon_core.package_identification:_identify(sensors/config) by extension 'ignore'
[0.316s] Level 1:colcon.colcon_core.package_identification:_identify(sensors/config) by extension 'ignore_ament_install'
[0.316s] Level 1:colcon.colcon_core.package_identification:_identify(sensors/config) by extensions ['colcon_pkg']
[0.316s] Level 1:colcon.colcon_core.package_identification:_identify(sensors/config) by extension 'colcon_pkg'
[0.316s] Level 1:colcon.colcon_core.package_identification:_identify(sensors/config) by extensions ['colcon_meta']
[0.316s] Level 1:colcon.colcon_core.package_identification:_identify(sensors/config) by extension 'colcon_meta'
[0.316s] Level 1:colcon.colcon_core.package_identification:_identify(sensors/config) by extensions ['ros']
[0.316s] Level 1:colcon.colcon_core.package_identification:_identify(sensors/config) by extension 'ros'
[0.316s] Level 1:colcon.colcon_core.package_identification:_identify(sensors/config) by extensions ['cmake', 'python']
[0.316s] Level 1:colcon.colcon_core.package_identification:_identify(sensors/config) by extension 'cmake'
[0.316s] Level 1:colcon.colcon_core.package_identification:_identify(sensors/config) by extension 'python'
[0.316s] Level 1:colcon.colcon_core.package_identification:_identify(sensors/config) by extensions ['python_setup_py']
[0.316s] Level 1:colcon.colcon_core.package_identification:_identify(sensors/config) by extension 'python_setup_py'
[0.316s] Level 1:colcon.colcon_core.package_identification:_identify(sensors/launch) by extensions ['ignore', 'ignore_ament_install']
[0.316s] Level 1:colcon.colcon_core.package_identification:_identify(sensors/launch) by extension 'ignore'
[0.316s] Level 1:colcon.colcon_core.package_identification:_identify(sensors/launch) by extension 'ignore_ament_install'
[0.316s] Level 1:colcon.colcon_core.package_identification:_identify(sensors/launch) by extensions ['colcon_pkg']
[0.316s] Level 1:colcon.colcon_core.package_identification:_identify(sensors/launch) by extension 'colcon_pkg'
[0.316s] Level 1:colcon.colcon_core.package_identification:_identify(sensors/launch) by extensions ['colcon_meta']
[0.317s] Level 1:colcon.colcon_core.package_identification:_identify(sensors/launch) by extension 'colcon_meta'
[0.317s] Level 1:colcon.colcon_core.package_identification:_identify(sensors/launch) by extensions ['ros']
[0.317s] Level 1:colcon.colcon_core.package_identification:_identify(sensors/launch) by extension 'ros'
[0.317s] Level 1:colcon.colcon_core.package_identification:_identify(sensors/launch) by extensions ['cmake', 'python']
[0.317s] Level 1:colcon.colcon_core.package_identification:_identify(sensors/launch) by extension 'cmake'
[0.317s] Level 1:colcon.colcon_core.package_identification:_identify(sensors/launch) by extension 'python'
[0.317s] Level 1:colcon.colcon_core.package_identification:_identify(sensors/launch) by extensions ['python_setup_py']
[0.317s] Level 1:colcon.colcon_core.package_identification:_identify(sensors/launch) by extension 'python_setup_py'
[0.317s] Level 1:colcon.colcon_core.package_identification:_identify(sensors/launch/__pycache__) by extensions ['ignore', 'ignore_ament_install']
[0.317s] Level 1:colcon.colcon_core.package_identification:_identify(sensors/launch/__pycache__) by extension 'ignore'
[0.317s] Level 1:colcon.colcon_core.package_identification:_identify(sensors/launch/__pycache__) by extension 'ignore_ament_install'
[0.317s] Level 1:colcon.colcon_core.package_identification:_identify(sensors/launch/__pycache__) by extensions ['colcon_pkg']
[0.317s] Level 1:colcon.colcon_core.package_identification:_identify(sensors/launch/__pycache__) by extension 'colcon_pkg'
[0.317s] Level 1:colcon.colcon_core.package_identification:_identify(sensors/launch/__pycache__) by extensions ['colcon_meta']
[0.317s] Level 1:colcon.colcon_core.package_identification:_identify(sensors/launch/__pycache__) by extension 'colcon_meta'
[0.317s] Level 1:colcon.colcon_core.package_identification:_identify(sensors/launch/__pycache__) by extensions ['ros']
[0.317s] Level 1:colcon.colcon_core.package_identification:_identify(sensors/launch/__pycache__) by extension 'ros'
[0.317s] Level 1:colcon.colcon_core.package_identification:_identify(sensors/launch/__pycache__) by extensions ['cmake', 'python']
[0.317s] Level 1:colcon.colcon_core.package_identification:_identify(sensors/launch/__pycache__) by extension 'cmake'
[0.317s] Level 1:colcon.colcon_core.package_identification:_identify(sensors/launch/__pycache__) by extension 'python'
[0.317s] Level 1:colcon.colcon_core.package_identification:_identify(sensors/launch/__pycache__) by extensions ['python_setup_py']
[0.317s] Level 1:colcon.colcon_core.package_identification:_identify(sensors/launch/__pycache__) by extension 'python_setup_py'
[0.318s] Level 1:colcon.colcon_core.package_identification:_identify(src) by extensions ['ignore', 'ignore_ament_install']
[0.318s] Level 1:colcon.colcon_core.package_identification:_identify(src) by extension 'ignore'
[0.318s] Level 1:colcon.colcon_core.package_identification:_identify(src) by extension 'ignore_ament_install'
[0.318s] Level 1:colcon.colcon_core.package_identification:_identify(src) by extensions ['colcon_pkg']
[0.318s] Level 1:colcon.colcon_core.package_identification:_identify(src) by extension 'colcon_pkg'
[0.318s] Level 1:colcon.colcon_core.package_identification:_identify(src) by extensions ['colcon_meta']
[0.318s] Level 1:colcon.colcon_core.package_identification:_identify(src) by extension 'colcon_meta'
[0.318s] Level 1:colcon.colcon_core.package_identification:_identify(src) by extensions ['ros']
[0.318s] Level 1:colcon.colcon_core.package_identification:_identify(src) by extension 'ros'
[0.318s] Level 1:colcon.colcon_core.package_identification:_identify(src) by extensions ['cmake', 'python']
[0.318s] Level 1:colcon.colcon_core.package_identification:_identify(src) by extension 'cmake'
[0.318s] Level 1:colcon.colcon_core.package_identification:_identify(src) by extension 'python'
[0.318s] Level 1:colcon.colcon_core.package_identification:_identify(src) by extensions ['python_setup_py']
[0.318s] Level 1:colcon.colcon_core.package_identification:_identify(src) by extension 'python_setup_py'
[0.318s] Level 1:colcon.colcon_core.package_identification:_identify(src/clearpath_common) by extensions ['ignore', 'ignore_ament_install']
[0.318s] Level 1:colcon.colcon_core.package_identification:_identify(src/clearpath_common) by extension 'ignore'
[0.318s] Level 1:colcon.colcon_core.package_identification:_identify(src/clearpath_common) by extension 'ignore_ament_install'
[0.318s] Level 1:colcon.colcon_core.package_identification:_identify(src/clearpath_common) by extensions ['colcon_pkg']
[0.318s] Level 1:colcon.colcon_core.package_identification:_identify(src/clearpath_common) by extension 'colcon_pkg'
[0.318s] Level 1:colcon.colcon_core.package_identification:_identify(src/clearpath_common) by extensions ['colcon_meta']
[0.318s] Level 1:colcon.colcon_core.package_identification:_identify(src/clearpath_common) by extension 'colcon_meta'
[0.318s] Level 1:colcon.colcon_core.package_identification:_identify(src/clearpath_common) by extensions ['ros']
[0.318s] Level 1:colcon.colcon_core.package_identification:_identify(src/clearpath_common) by extension 'ros'
[0.319s] Level 1:colcon.colcon_core.package_identification:_identify(src/clearpath_common) by extensions ['cmake', 'python']
[0.319s] Level 1:colcon.colcon_core.package_identification:_identify(src/clearpath_common) by extension 'cmake'
[0.319s] Level 1:colcon.colcon_core.package_identification:_identify(src/clearpath_common) by extension 'python'
[0.319s] Level 1:colcon.colcon_core.package_identification:_identify(src/clearpath_common) by extensions ['python_setup_py']
[0.319s] Level 1:colcon.colcon_core.package_identification:_identify(src/clearpath_common) by extension 'python_setup_py'
[0.319s] Level 1:colcon.colcon_core.package_identification:_identify(src/clearpath_common/clearpath_common) by extensions ['ignore', 'ignore_ament_install']
[0.319s] Level 1:colcon.colcon_core.package_identification:_identify(src/clearpath_common/clearpath_common) by extension 'ignore'
[0.319s] Level 1:colcon.colcon_core.package_identification:_identify(src/clearpath_common/clearpath_common) by extension 'ignore_ament_install'
[0.319s] Level 1:colcon.colcon_core.package_identification:_identify(src/clearpath_common/clearpath_common) by extensions ['colcon_pkg']
[0.319s] Level 1:colcon.colcon_core.package_identification:_identify(src/clearpath_common/clearpath_common) by extension 'colcon_pkg'
[0.319s] Level 1:colcon.colcon_core.package_identification:_identify(src/clearpath_common/clearpath_common) by extensions ['colcon_meta']
[0.319s] Level 1:colcon.colcon_core.package_identification:_identify(src/clearpath_common/clearpath_common) by extension 'colcon_meta'
[0.319s] Level 1:colcon.colcon_core.package_identification:_identify(src/clearpath_common/clearpath_common) by extensions ['ros']
[0.319s] Level 1:colcon.colcon_core.package_identification:_identify(src/clearpath_common/clearpath_common) by extension 'ros'
[0.321s] DEBUG:colcon.colcon_core.package_identification:Package 'src/clearpath_common/clearpath_common' with type 'ros.ament_cmake' and name 'clearpath_common'
[0.321s] Level 1:colcon.colcon_core.package_identification:_identify(src/clearpath_common/clearpath_control) by extensions ['ignore', 'ignore_ament_install']
[0.321s] Level 1:colcon.colcon_core.package_identification:_identify(src/clearpath_common/clearpath_control) by extension 'ignore'
[0.321s] Level 1:colcon.colcon_core.package_identification:_identify(src/clearpath_common/clearpath_control) by extension 'ignore_ament_install'
[0.321s] Level 1:colcon.colcon_core.package_identification:_identify(src/clearpath_common/clearpath_control) by extensions ['colcon_pkg']
[0.321s] Level 1:colcon.colcon_core.package_identification:_identify(src/clearpath_common/clearpath_control) by extension 'colcon_pkg'
[0.322s] Level 1:colcon.colcon_core.package_identification:_identify(src/clearpath_common/clearpath_control) by extensions ['colcon_meta']
[0.322s] Level 1:colcon.colcon_core.package_identification:_identify(src/clearpath_common/clearpath_control) by extension 'colcon_meta'
[0.322s] Level 1:colcon.colcon_core.package_identification:_identify(src/clearpath_common/clearpath_control) by extensions ['ros']
[0.322s] Level 1:colcon.colcon_core.package_identification:_identify(src/clearpath_common/clearpath_control) by extension 'ros'
[0.322s] DEBUG:colcon.colcon_core.package_identification:Package 'src/clearpath_common/clearpath_control' with type 'ros.ament_cmake' and name 'clearpath_control'
[0.322s] Level 1:colcon.colcon_core.package_identification:_identify(src/clearpath_common/clearpath_customization) by extensions ['ignore', 'ignore_ament_install']
[0.322s] Level 1:colcon.colcon_core.package_identification:_identify(src/clearpath_common/clearpath_customization) by extension 'ignore'
[0.322s] Level 1:colcon.colcon_core.package_identification:_identify(src/clearpath_common/clearpath_customization) by extension 'ignore_ament_install'
[0.323s] Level 1:colcon.colcon_core.package_identification:_identify(src/clearpath_common/clearpath_customization) by extensions ['colcon_pkg']
[0.323s] Level 1:colcon.colcon_core.package_identification:_identify(src/clearpath_common/clearpath_customization) by extension 'colcon_pkg'
[0.323s] Level 1:colcon.colcon_core.package_identification:_identify(src/clearpath_common/clearpath_customization) by extensions ['colcon_meta']
[0.323s] Level 1:colcon.colcon_core.package_identification:_identify(src/clearpath_common/clearpath_customization) by extension 'colcon_meta'
[0.323s] Level 1:colcon.colcon_core.package_identification:_identify(src/clearpath_common/clearpath_customization) by extensions ['ros']
[0.323s] Level 1:colcon.colcon_core.package_identification:_identify(src/clearpath_common/clearpath_customization) by extension 'ros'
[0.323s] DEBUG:colcon.colcon_core.package_identification:Package 'src/clearpath_common/clearpath_customization' with type 'ros.ament_cmake' and name 'clearpath_customization'
[0.323s] Level 1:colcon.colcon_core.package_identification:_identify(src/clearpath_common/clearpath_description) by extensions ['ignore', 'ignore_ament_install']
[0.323s] Level 1:colcon.colcon_core.package_identification:_identify(src/clearpath_common/clearpath_description) by extension 'ignore'
[0.323s] Level 1:colcon.colcon_core.package_identification:_identify(src/clearpath_common/clearpath_description) by extension 'ignore_ament_install'
[0.323s] Level 1:colcon.colcon_core.package_identification:_identify(src/clearpath_common/clearpath_description) by extensions ['colcon_pkg']
[0.323s] Level 1:colcon.colcon_core.package_identification:_identify(src/clearpath_common/clearpath_description) by extension 'colcon_pkg'
[0.323s] Level 1:colcon.colcon_core.package_identification:_identify(src/clearpath_common/clearpath_description) by extensions ['colcon_meta']
[0.324s] Level 1:colcon.colcon_core.package_identification:_identify(src/clearpath_common/clearpath_description) by extension 'colcon_meta'
[0.324s] Level 1:colcon.colcon_core.package_identification:_identify(src/clearpath_common/clearpath_description) by extensions ['ros']
[0.324s] Level 1:colcon.colcon_core.package_identification:_identify(src/clearpath_common/clearpath_description) by extension 'ros'
[0.324s] DEBUG:colcon.colcon_core.package_identification:Package 'src/clearpath_common/clearpath_description' with type 'ros.ament_cmake' and name 'clearpath_description'
[0.324s] Level 1:colcon.colcon_core.package_identification:_identify(src/clearpath_common/clearpath_generator_common) by extensions ['ignore', 'ignore_ament_install']
[0.324s] Level 1:colcon.colcon_core.package_identification:_identify(src/clearpath_common/clearpath_generator_common) by extension 'ignore'
[0.324s] Level 1:colcon.colcon_core.package_identification:_identify(src/clearpath_common/clearpath_generator_common) by extension 'ignore_ament_install'
[0.324s] Level 1:colcon.colcon_core.package_identification:_identify(src/clearpath_common/clearpath_generator_common) by extensions ['colcon_pkg']
[0.324s] Level 1:colcon.colcon_core.package_identification:_identify(src/clearpath_common/clearpath_generator_common) by extension 'colcon_pkg'
[0.324s] Level 1:colcon.colcon_core.package_identification:_identify(src/clearpath_common/clearpath_generator_common) by extensions ['colcon_meta']
[0.324s] Level 1:colcon.colcon_core.package_identification:_identify(src/clearpath_common/clearpath_generator_common) by extension 'colcon_meta'
[0.325s] Level 1:colcon.colcon_core.package_identification:_identify(src/clearpath_common/clearpath_generator_common) by extensions ['ros']
[0.325s] Level 1:colcon.colcon_core.package_identification:_identify(src/clearpath_common/clearpath_generator_common) by extension 'ros'
[0.325s] DEBUG:colcon.colcon_core.package_identification:Package 'src/clearpath_common/clearpath_generator_common' with type 'ros.ament_cmake' and name 'clearpath_generator_common'
[0.325s] Level 1:colcon.colcon_core.package_identification:_identify(src/clearpath_common/clearpath_manipulators) by extensions ['ignore', 'ignore_ament_install']
[0.325s] Level 1:colcon.colcon_core.package_identification:_identify(src/clearpath_common/clearpath_manipulators) by extension 'ignore'
[0.325s] Level 1:colcon.colcon_core.package_identification:_identify(src/clearpath_common/clearpath_manipulators) by extension 'ignore_ament_install'
[0.325s] Level 1:colcon.colcon_core.package_identification:_identify(src/clearpath_common/clearpath_manipulators) by extensions ['colcon_pkg']
[0.325s] Level 1:colcon.colcon_core.package_identification:_identify(src/clearpath_common/clearpath_manipulators) by extension 'colcon_pkg'
[0.325s] Level 1:colcon.colcon_core.package_identification:_identify(src/clearpath_common/clearpath_manipulators) by extensions ['colcon_meta']
[0.325s] Level 1:colcon.colcon_core.package_identification:_identify(src/clearpath_common/clearpath_manipulators) by extension 'colcon_meta'
[0.326s] Level 1:colcon.colcon_core.package_identification:_identify(src/clearpath_common/clearpath_manipulators) by extensions ['ros']
[0.326s] Level 1:colcon.colcon_core.package_identification:_identify(src/clearpath_common/clearpath_manipulators) by extension 'ros'
[0.326s] DEBUG:colcon.colcon_core.package_identification:Package 'src/clearpath_common/clearpath_manipulators' with type 'ros.ament_cmake' and name 'clearpath_manipulators'
[0.326s] Level 1:colcon.colcon_core.package_identification:_identify(src/clearpath_common/clearpath_manipulators_description) by extensions ['ignore', 'ignore_ament_install']
[0.326s] Level 1:colcon.colcon_core.package_identification:_identify(src/clearpath_common/clearpath_manipulators_description) by extension 'ignore'
[0.326s] Level 1:colcon.colcon_core.package_identification:_identify(src/clearpath_common/clearpath_manipulators_description) by extension 'ignore_ament_install'
[0.326s] Level 1:colcon.colcon_core.package_identification:_identify(src/clearpath_common/clearpath_manipulators_description) by extensions ['colcon_pkg']
[0.327s] Level 1:colcon.colcon_core.package_identification:_identify(src/clearpath_common/clearpath_manipulators_description) by extension 'colcon_pkg'
[0.327s] Level 1:colcon.colcon_core.package_identification:_identify(src/clearpath_common/clearpath_manipulators_description) by extensions ['colcon_meta']
[0.327s] Level 1:colcon.colcon_core.package_identification:_identify(src/clearpath_common/clearpath_manipulators_description) by extension 'colcon_meta'
[0.327s] Level 1:colcon.colcon_core.package_identification:_identify(src/clearpath_common/clearpath_manipulators_description) by extensions ['ros']
[0.327s] Level 1:colcon.colcon_core.package_identification:_identify(src/clearpath_common/clearpath_manipulators_description) by extension 'ros'
[0.327s] DEBUG:colcon.colcon_core.package_identification:Package 'src/clearpath_common/clearpath_manipulators_description' with type 'ros.ament_cmake' and name 'clearpath_manipulators_description'
[0.327s] Level 1:colcon.colcon_core.package_identification:_identify(src/clearpath_common/clearpath_mounts_description) by extensions ['ignore', 'ignore_ament_install']
[0.327s] Level 1:colcon.colcon_core.package_identification:_identify(src/clearpath_common/clearpath_mounts_description) by extension 'ignore'
[0.327s] Level 1:colcon.colcon_core.package_identification:_identify(src/clearpath_common/clearpath_mounts_description) by extension 'ignore_ament_install'
[0.327s] Level 1:colcon.colcon_core.package_identification:_identify(src/clearpath_common/clearpath_mounts_description) by extensions ['colcon_pkg']
[0.327s] Level 1:colcon.colcon_core.package_identification:_identify(src/clearpath_common/clearpath_mounts_description) by extension 'colcon_pkg'
[0.327s] Level 1:colcon.colcon_core.package_identification:_identify(src/clearpath_common/clearpath_mounts_description) by extensions ['colcon_meta']
[0.328s] Level 1:colcon.colcon_core.package_identification:_identify(src/clearpath_common/clearpath_mounts_description) by extension 'colcon_meta'
[0.328s] Level 1:colcon.colcon_core.package_identification:_identify(src/clearpath_common/clearpath_mounts_description) by extensions ['ros']
[0.328s] Level 1:colcon.colcon_core.package_identification:_identify(src/clearpath_common/clearpath_mounts_description) by extension 'ros'
[0.328s] DEBUG:colcon.colcon_core.package_identification:Package 'src/clearpath_common/clearpath_mounts_description' with type 'ros.ament_cmake' and name 'clearpath_mounts_description'
[0.328s] Level 1:colcon.colcon_core.package_identification:_identify(src/clearpath_common/clearpath_platform) by extensions ['ignore', 'ignore_ament_install']
[0.328s] Level 1:colcon.colcon_core.package_identification:_identify(src/clearpath_common/clearpath_platform) by extension 'ignore'
[0.328s] Level 1:colcon.colcon_core.package_identification:_identify(src/clearpath_common/clearpath_platform) by extension 'ignore_ament_install'
[0.328s] Level 1:colcon.colcon_core.package_identification:_identify(src/clearpath_common/clearpath_platform) by extensions ['colcon_pkg']
[0.328s] Level 1:colcon.colcon_core.package_identification:_identify(src/clearpath_common/clearpath_platform) by extension 'colcon_pkg'
[0.328s] Level 1:colcon.colcon_core.package_identification:_identify(src/clearpath_common/clearpath_platform) by extensions ['colcon_meta']
[0.329s] Level 1:colcon.colcon_core.package_identification:_identify(src/clearpath_common/clearpath_platform) by extension 'colcon_meta'
[0.329s] Level 1:colcon.colcon_core.package_identification:_identify(src/clearpath_common/clearpath_platform) by extensions ['ros']
[0.329s] Level 1:colcon.colcon_core.package_identification:_identify(src/clearpath_common/clearpath_platform) by extension 'ros'
[0.330s] DEBUG:colcon.colcon_core.package_identification:Package 'src/clearpath_common/clearpath_platform' with type 'ros.ament_cmake' and name 'clearpath_platform'
[0.330s] Level 1:colcon.colcon_core.package_identification:_identify(src/clearpath_common/clearpath_platform_description) by extensions ['ignore', 'ignore_ament_install']
[0.330s] Level 1:colcon.colcon_core.package_identification:_identify(src/clearpath_common/clearpath_platform_description) by extension 'ignore'
[0.330s] Level 1:colcon.colcon_core.package_identification:_identify(src/clearpath_common/clearpath_platform_description) by extension 'ignore_ament_install'
[0.330s] Level 1:colcon.colcon_core.package_identification:_identify(src/clearpath_common/clearpath_platform_description) by extensions ['colcon_pkg']
[0.330s] Level 1:colcon.colcon_core.package_identification:_identify(src/clearpath_common/clearpath_platform_description) by extension 'colcon_pkg'
[0.330s] Level 1:colcon.colcon_core.package_identification:_identify(src/clearpath_common/clearpath_platform_description) by extensions ['colcon_meta']
[0.330s] Level 1:colcon.colcon_core.package_identification:_identify(src/clearpath_common/clearpath_platform_description) by extension 'colcon_meta'
[0.331s] Level 1:colcon.colcon_core.package_identification:_identify(src/clearpath_common/clearpath_platform_description) by extensions ['ros']
[0.331s] Level 1:colcon.colcon_core.package_identification:_identify(src/clearpath_common/clearpath_platform_description) by extension 'ros'
[0.331s] DEBUG:colcon.colcon_core.package_identification:Package 'src/clearpath_common/clearpath_platform_description' with type 'ros.ament_cmake' and name 'clearpath_platform_description'
[0.331s] Level 1:colcon.colcon_core.package_identification:_identify(src/clearpath_common/clearpath_sensors_description) by extensions ['ignore', 'ignore_ament_install']
[0.331s] Level 1:colcon.colcon_core.package_identification:_identify(src/clearpath_common/clearpath_sensors_description) by extension 'ignore'
[0.331s] Level 1:colcon.colcon_core.package_identification:_identify(src/clearpath_common/clearpath_sensors_description) by extension 'ignore_ament_install'
[0.331s] Level 1:colcon.colcon_core.package_identification:_identify(src/clearpath_common/clearpath_sensors_description) by extensions ['colcon_pkg']
[0.332s] Level 1:colcon.colcon_core.package_identification:_identify(src/clearpath_common/clearpath_sensors_description) by extension 'colcon_pkg'
[0.332s] Level 1:colcon.colcon_core.package_identification:_identify(src/clearpath_common/clearpath_sensors_description) by extensions ['colcon_meta']
[0.332s] Level 1:colcon.colcon_core.package_identification:_identify(src/clearpath_common/clearpath_sensors_description) by extension 'colcon_meta'
[0.332s] Level 1:colcon.colcon_core.package_identification:_identify(src/clearpath_common/clearpath_sensors_description) by extensions ['ros']
[0.332s] Level 1:colcon.colcon_core.package_identification:_identify(src/clearpath_common/clearpath_sensors_description) by extension 'ros'
[0.332s] DEBUG:colcon.colcon_core.package_identification:Package 'src/clearpath_common/clearpath_sensors_description' with type 'ros.ament_cmake' and name 'clearpath_sensors_description'
[0.332s] Level 1:colcon.colcon_core.package_identification:_identify(src/clearpath_config) by extensions ['ignore', 'ignore_ament_install']
[0.332s] Level 1:colcon.colcon_core.package_identification:_identify(src/clearpath_config) by extension 'ignore'
[0.333s] Level 1:colcon.colcon_core.package_identification:_identify(src/clearpath_config) by extension 'ignore_ament_install'
[0.333s] Level 1:colcon.colcon_core.package_identification:_identify(src/clearpath_config) by extensions ['colcon_pkg']
[0.333s] Level 1:colcon.colcon_core.package_identification:_identify(src/clearpath_config) by extension 'colcon_pkg'
[0.333s] Level 1:colcon.colcon_core.package_identification:_identify(src/clearpath_config) by extensions ['colcon_meta']
[0.333s] Level 1:colcon.colcon_core.package_identification:_identify(src/clearpath_config) by extension 'colcon_meta'
[0.333s] Level 1:colcon.colcon_core.package_identification:_identify(src/clearpath_config) by extensions ['ros']
[0.333s] Level 1:colcon.colcon_core.package_identification:_identify(src/clearpath_config) by extension 'ros'
[0.333s] DEBUG:colcon.colcon_core.package_identification:Package 'src/clearpath_config' with type 'ros.ament_python' and name 'clearpath_config'
[0.333s] Level 1:colcon.colcon_core.package_identification:_identify(src/clearpath_msgs) by extensions ['ignore', 'ignore_ament_install']
[0.333s] Level 1:colcon.colcon_core.package_identification:_identify(src/clearpath_msgs) by extension 'ignore'
[0.333s] Level 1:colcon.colcon_core.package_identification:_identify(src/clearpath_msgs) by extension 'ignore_ament_install'
[0.333s] Level 1:colcon.colcon_core.package_identification:_identify(src/clearpath_msgs) by extensions ['colcon_pkg']
[0.333s] Level 1:colcon.colcon_core.package_identification:_identify(src/clearpath_msgs) by extension 'colcon_pkg'
[0.334s] Level 1:colcon.colcon_core.package_identification:_identify(src/clearpath_msgs) by extensions ['colcon_meta']
[0.334s] Level 1:colcon.colcon_core.package_identification:_identify(src/clearpath_msgs) by extension 'colcon_meta'
[0.334s] Level 1:colcon.colcon_core.package_identification:_identify(src/clearpath_msgs) by extensions ['ros']
[0.334s] Level 1:colcon.colcon_core.package_identification:_identify(src/clearpath_msgs) by extension 'ros'
[0.334s] Level 1:colcon.colcon_core.package_identification:_identify(src/clearpath_msgs) by extensions ['cmake', 'python']
[0.334s] Level 1:colcon.colcon_core.package_identification:_identify(src/clearpath_msgs) by extension 'cmake'
[0.334s] Level 1:colcon.colcon_core.package_identification:_identify(src/clearpath_msgs) by extension 'python'
[0.334s] Level 1:colcon.colcon_core.package_identification:_identify(src/clearpath_msgs) by extensions ['python_setup_py']
[0.334s] Level 1:colcon.colcon_core.package_identification:_identify(src/clearpath_msgs) by extension 'python_setup_py'
[0.334s] Level 1:colcon.colcon_core.package_identification:_identify(src/clearpath_msgs/clearpath_msgs) by extensions ['ignore', 'ignore_ament_install']
[0.334s] Level 1:colcon.colcon_core.package_identification:_identify(src/clearpath_msgs/clearpath_msgs) by extension 'ignore'
[0.334s] Level 1:colcon.colcon_core.package_identification:_identify(src/clearpath_msgs/clearpath_msgs) by extension 'ignore_ament_install'
[0.334s] Level 1:colcon.colcon_core.package_identification:_identify(src/clearpath_msgs/clearpath_msgs) by extensions ['colcon_pkg']
[0.334s] Level 1:colcon.colcon_core.package_identification:_identify(src/clearpath_msgs/clearpath_msgs) by extension 'colcon_pkg'
[0.334s] Level 1:colcon.colcon_core.package_identification:_identify(src/clearpath_msgs/clearpath_msgs) by extensions ['colcon_meta']
[0.334s] Level 1:colcon.colcon_core.package_identification:_identify(src/clearpath_msgs/clearpath_msgs) by extension 'colcon_meta'
[0.334s] Level 1:colcon.colcon_core.package_identification:_identify(src/clearpath_msgs/clearpath_msgs) by extensions ['ros']
[0.334s] Level 1:colcon.colcon_core.package_identification:_identify(src/clearpath_msgs/clearpath_msgs) by extension 'ros'
[0.335s] DEBUG:colcon.colcon_core.package_identification:Package 'src/clearpath_msgs/clearpath_msgs' with type 'ros.ament_cmake' and name 'clearpath_msgs'
[0.335s] Level 1:colcon.colcon_core.package_identification:_identify(src/clearpath_msgs/clearpath_platform_msgs) by extensions ['ignore', 'ignore_ament_install']
[0.335s] Level 1:colcon.colcon_core.package_identification:_identify(src/clearpath_msgs/clearpath_platform_msgs) by extension 'ignore'
[0.335s] Level 1:colcon.colcon_core.package_identification:_identify(src/clearpath_msgs/clearpath_platform_msgs) by extension 'ignore_ament_install'
[0.335s] Level 1:colcon.colcon_core.package_identification:_identify(src/clearpath_msgs/clearpath_platform_msgs) by extensions ['colcon_pkg']
[0.335s] Level 1:colcon.colcon_core.package_identification:_identify(src/clearpath_msgs/clearpath_platform_msgs) by extension 'colcon_pkg'
[0.335s] Level 1:colcon.colcon_core.package_identification:_identify(src/clearpath_msgs/clearpath_platform_msgs) by extensions ['colcon_meta']
[0.335s] Level 1:colcon.colcon_core.package_identification:_identify(src/clearpath_msgs/clearpath_platform_msgs) by extension 'colcon_meta'
[0.335s] Level 1:colcon.colcon_core.package_identification:_identify(src/clearpath_msgs/clearpath_platform_msgs) by extensions ['ros']
[0.335s] Level 1:colcon.colcon_core.package_identification:_identify(src/clearpath_msgs/clearpath_platform_msgs) by extension 'ros'
[0.336s] DEBUG:colcon.colcon_core.package_identification:Package 'src/clearpath_msgs/clearpath_platform_msgs' with type 'ros.ament_cmake' and name 'clearpath_platform_msgs'
[0.336s] Level 1:colcon.colcon_core.package_identification:_identify(src/clearpath_nav2_demos) by extensions ['ignore', 'ignore_ament_install']
[0.336s] Level 1:colcon.colcon_core.package_identification:_identify(src/clearpath_nav2_demos) by extension 'ignore'
[0.336s] Level 1:colcon.colcon_core.package_identification:_identify(src/clearpath_nav2_demos) by extension 'ignore_ament_install'
[0.336s] Level 1:colcon.colcon_core.package_identification:_identify(src/clearpath_nav2_demos) by extensions ['colcon_pkg']
[0.336s] Level 1:colcon.colcon_core.package_identification:_identify(src/clearpath_nav2_demos) by extension 'colcon_pkg'
[0.336s] Level 1:colcon.colcon_core.package_identification:_identify(src/clearpath_nav2_demos) by extensions ['colcon_meta']
[0.336s] Level 1:colcon.colcon_core.package_identification:_identify(src/clearpath_nav2_demos) by extension 'colcon_meta'
[0.336s] Level 1:colcon.colcon_core.package_identification:_identify(src/clearpath_nav2_demos) by extensions ['ros']
[0.336s] Level 1:colcon.colcon_core.package_identification:_identify(src/clearpath_nav2_demos) by extension 'ros'
[0.337s] DEBUG:colcon.colcon_core.package_identification:Package 'src/clearpath_nav2_demos' with type 'ros.ament_cmake' and name 'clearpath_nav2_demos'
[0.337s] Level 1:colcon.colcon_core.package_identification:_identify(src/clearpath_simulator) by extensions ['ignore', 'ignore_ament_install']
[0.337s] Level 1:colcon.colcon_core.package_identification:_identify(src/clearpath_simulator) by extension 'ignore'
[0.337s] Level 1:colcon.colcon_core.package_identification:_identify(src/clearpath_simulator) by extension 'ignore_ament_install'
[0.337s] Level 1:colcon.colcon_core.package_identification:_identify(src/clearpath_simulator) by extensions ['colcon_pkg']
[0.337s] Level 1:colcon.colcon_core.package_identification:_identify(src/clearpath_simulator) by extension 'colcon_pkg'
[0.337s] Level 1:colcon.colcon_core.package_identification:_identify(src/clearpath_simulator) by extensions ['colcon_meta']
[0.337s] Level 1:colcon.colcon_core.package_identification:_identify(src/clearpath_simulator) by extension 'colcon_meta'
[0.337s] Level 1:colcon.colcon_core.package_identification:_identify(src/clearpath_simulator) by extensions ['ros']
[0.337s] Level 1:colcon.colcon_core.package_identification:_identify(src/clearpath_simulator) by extension 'ros'
[0.337s] Level 1:colcon.colcon_core.package_identification:_identify(src/clearpath_simulator) by extensions ['cmake', 'python']
[0.338s] Level 1:colcon.colcon_core.package_identification:_identify(src/clearpath_simulator) by extension 'cmake'
[0.338s] Level 1:colcon.colcon_core.package_identification:_identify(src/clearpath_simulator) by extension 'python'
[0.338s] Level 1:colcon.colcon_core.package_identification:_identify(src/clearpath_simulator) by extensions ['python_setup_py']
[0.338s] Level 1:colcon.colcon_core.package_identification:_identify(src/clearpath_simulator) by extension 'python_setup_py'
[0.338s] Level 1:colcon.colcon_core.package_identification:_identify(src/clearpath_simulator/clearpath_generator_gz) by extensions ['ignore', 'ignore_ament_install']
[0.338s] Level 1:colcon.colcon_core.package_identification:_identify(src/clearpath_simulator/clearpath_generator_gz) by extension 'ignore'
[0.338s] Level 1:colcon.colcon_core.package_identification:_identify(src/clearpath_simulator/clearpath_generator_gz) by extension 'ignore_ament_install'
[0.338s] Level 1:colcon.colcon_core.package_identification:_identify(src/clearpath_simulator/clearpath_generator_gz) by extensions ['colcon_pkg']
[0.338s] Level 1:colcon.colcon_core.package_identification:_identify(src/clearpath_simulator/clearpath_generator_gz) by extension 'colcon_pkg'
[0.338s] Level 1:colcon.colcon_core.package_identification:_identify(src/clearpath_simulator/clearpath_generator_gz) by extensions ['colcon_meta']
[0.338s] Level 1:colcon.colcon_core.package_identification:_identify(src/clearpath_simulator/clearpath_generator_gz) by extension 'colcon_meta'
[0.338s] Level 1:colcon.colcon_core.package_identification:_identify(src/clearpath_simulator/clearpath_generator_gz) by extensions ['ros']
[0.338s] Level 1:colcon.colcon_core.package_identification:_identify(src/clearpath_simulator/clearpath_generator_gz) by extension 'ros'
[0.339s] DEBUG:colcon.colcon_core.package_identification:Package 'src/clearpath_simulator/clearpath_generator_gz' with type 'ros.ament_cmake' and name 'clearpath_generator_gz'
[0.339s] Level 1:colcon.colcon_core.package_identification:_identify(src/clearpath_simulator/clearpath_gz) by extensions ['ignore', 'ignore_ament_install']
[0.339s] Level 1:colcon.colcon_core.package_identification:_identify(src/clearpath_simulator/clearpath_gz) by extension 'ignore'
[0.339s] Level 1:colcon.colcon_core.package_identification:_identify(src/clearpath_simulator/clearpath_gz) by extension 'ignore_ament_install'
[0.339s] Level 1:colcon.colcon_core.package_identification:_identify(src/clearpath_simulator/clearpath_gz) by extensions ['colcon_pkg']
[0.339s] Level 1:colcon.colcon_core.package_identification:_identify(src/clearpath_simulator/clearpath_gz) by extension 'colcon_pkg'
[0.339s] Level 1:colcon.colcon_core.package_identification:_identify(src/clearpath_simulator/clearpath_gz) by extensions ['colcon_meta']
[0.339s] Level 1:colcon.colcon_core.package_identification:_identify(src/clearpath_simulator/clearpath_gz) by extension 'colcon_meta'
[0.339s] Level 1:colcon.colcon_core.package_identification:_identify(src/clearpath_simulator/clearpath_gz) by extensions ['ros']
[0.339s] Level 1:colcon.colcon_core.package_identification:_identify(src/clearpath_simulator/clearpath_gz) by extension 'ros'
[0.340s] DEBUG:colcon.colcon_core.package_identification:Package 'src/clearpath_simulator/clearpath_gz' with type 'ros.ament_cmake' and name 'clearpath_gz'
[0.340s] Level 1:colcon.colcon_core.package_identification:_identify(src/clearpath_simulator/clearpath_simulator) by extensions ['ignore', 'ignore_ament_install']
[0.340s] Level 1:colcon.colcon_core.package_identification:_identify(src/clearpath_simulator/clearpath_simulator) by extension 'ignore'
[0.340s] Level 1:colcon.colcon_core.package_identification:_identify(src/clearpath_simulator/clearpath_simulator) by extension 'ignore_ament_install'
[0.340s] Level 1:colcon.colcon_core.package_identification:_identify(src/clearpath_simulator/clearpath_simulator) by extensions ['colcon_pkg']
[0.340s] Level 1:colcon.colcon_core.package_identification:_identify(src/clearpath_simulator/clearpath_simulator) by extension 'colcon_pkg'
[0.341s] Level 1:colcon.colcon_core.package_identification:_identify(src/clearpath_simulator/clearpath_simulator) by extensions ['colcon_meta']
[0.341s] Level 1:colcon.colcon_core.package_identification:_identify(src/clearpath_simulator/clearpath_simulator) by extension 'colcon_meta'
[0.341s] Level 1:colcon.colcon_core.package_identification:_identify(src/clearpath_simulator/clearpath_simulator) by extensions ['ros']
[0.341s] Level 1:colcon.colcon_core.package_identification:_identify(src/clearpath_simulator/clearpath_simulator) by extension 'ros'
[0.341s] DEBUG:colcon.colcon_core.package_identification:Package 'src/clearpath_simulator/clearpath_simulator' with type 'ros.ament_cmake' and name 'clearpath_simulator'
[0.341s] Level 1:colcon.colcon_core.package_identification:_identify(src/mpc_low) by extensions ['ignore', 'ignore_ament_install']
[0.342s] Level 1:colcon.colcon_core.package_identification:_identify(src/mpc_low) by extension 'ignore'
[0.342s] Level 1:colcon.colcon_core.package_identification:_identify(src/mpc_low) by extension 'ignore_ament_install'
[0.342s] Level 1:colcon.colcon_core.package_identification:_identify(src/mpc_low) by extensions ['colcon_pkg']
[0.342s] Level 1:colcon.colcon_core.package_identification:_identify(src/mpc_low) by extension 'colcon_pkg'
[0.342s] Level 1:colcon.colcon_core.package_identification:_identify(src/mpc_low) by extensions ['colcon_meta']
[0.342s] Level 1:colcon.colcon_core.package_identification:_identify(src/mpc_low) by extension 'colcon_meta'
[0.342s] Level 1:colcon.colcon_core.package_identification:_identify(src/mpc_low) by extensions ['ros']
[0.342s] Level 1:colcon.colcon_core.package_identification:_identify(src/mpc_low) by extension 'ros'
[0.343s] DEBUG:colcon.colcon_core.package_identification:Package 'src/mpc_low' with type 'ros.ament_cmake' and name 'mpc_low'
[0.343s] Level 1:colcon.colcon_core.package_identification:_identify(src/person_movement) by extensions ['ignore', 'ignore_ament_install']
[0.343s] Level 1:colcon.colcon_core.package_identification:_identify(src/person_movement) by extension 'ignore'
[0.343s] Level 1:colcon.colcon_core.package_identification:_identify(src/person_movement) by extension 'ignore_ament_install'
[0.343s] Level 1:colcon.colcon_core.package_identification:_identify(src/person_movement) by extensions ['colcon_pkg']
[0.343s] Level 1:colcon.colcon_core.package_identification:_identify(src/person_movement) by extension 'colcon_pkg'
[0.344s] Level 1:colcon.colcon_core.package_identification:_identify(src/person_movement) by extensions ['colcon_meta']
[0.344s] Level 1:colcon.colcon_core.package_identification:_identify(src/person_movement) by extension 'colcon_meta'
[0.344s] Level 1:colcon.colcon_core.package_identification:_identify(src/person_movement) by extensions ['ros']
[0.344s] Level 1:colcon.colcon_core.package_identification:_identify(src/person_movement) by extension 'ros'
[0.344s] DEBUG:colcon.colcon_core.package_identification:Package 'src/person_movement' with type 'ros.ament_python' and name 'person_movement'
[0.344s] Level 1:colcon.colcon_core.package_identification:_identify(src/yolo_ros) by extensions ['ignore', 'ignore_ament_install']
[0.344s] Level 1:colcon.colcon_core.package_identification:_identify(src/yolo_ros) by extension 'ignore'
[0.344s] Level 1:colcon.colcon_core.package_identification:_identify(src/yolo_ros) by extension 'ignore_ament_install'
[0.345s] Level 1:colcon.colcon_core.package_identification:_identify(src/yolo_ros) by extensions ['colcon_pkg']
[0.345s] Level 1:colcon.colcon_core.package_identification:_identify(src/yolo_ros) by extension 'colcon_pkg'
[0.345s] Level 1:colcon.colcon_core.package_identification:_identify(src/yolo_ros) by extensions ['colcon_meta']
[0.345s] Level 1:colcon.colcon_core.package_identification:_identify(src/yolo_ros) by extension 'colcon_meta'
[0.345s] Level 1:colcon.colcon_core.package_identification:_identify(src/yolo_ros) by extensions ['ros']
[0.345s] Level 1:colcon.colcon_core.package_identification:_identify(src/yolo_ros) by extension 'ros'
[0.345s] Level 1:colcon.colcon_core.package_identification:_identify(src/yolo_ros) by extensions ['cmake', 'python']
[0.345s] Level 1:colcon.colcon_core.package_identification:_identify(src/yolo_ros) by extension 'cmake'
[0.345s] Level 1:colcon.colcon_core.package_identification:_identify(src/yolo_ros) by extension 'python'
[0.345s] Level 1:colcon.colcon_core.package_identification:_identify(src/yolo_ros) by extensions ['python_setup_py']
[0.345s] Level 1:colcon.colcon_core.package_identification:_identify(src/yolo_ros) by extension 'python_setup_py'
[0.345s] Level 1:colcon.colcon_core.package_identification:_identify(src/yolo_ros/docs) by extensions ['ignore', 'ignore_ament_install']
[0.345s] Level 1:colcon.colcon_core.package_identification:_identify(src/yolo_ros/docs) by extension 'ignore'
[0.345s] Level 1:colcon.colcon_core.package_identification:_identify(src/yolo_ros/docs) by extension 'ignore_ament_install'
[0.345s] Level 1:colcon.colcon_core.package_identification:_identify(src/yolo_ros/docs) by extensions ['colcon_pkg']
[0.345s] Level 1:colcon.colcon_core.package_identification:_identify(src/yolo_ros/docs) by extension 'colcon_pkg'
[0.345s] Level 1:colcon.colcon_core.package_identification:_identify(src/yolo_ros/docs) by extensions ['colcon_meta']
[0.345s] Level 1:colcon.colcon_core.package_identification:_identify(src/yolo_ros/docs) by extension 'colcon_meta'
[0.345s] Level 1:colcon.colcon_core.package_identification:_identify(src/yolo_ros/docs) by extensions ['ros']
[0.345s] Level 1:colcon.colcon_core.package_identification:_identify(src/yolo_ros/docs) by extension 'ros'
[0.346s] Level 1:colcon.colcon_core.package_identification:_identify(src/yolo_ros/docs) by extensions ['cmake', 'python']
[0.346s] Level 1:colcon.colcon_core.package_identification:_identify(src/yolo_ros/docs) by extension 'cmake'
[0.346s] Level 1:colcon.colcon_core.package_identification:_identify(src/yolo_ros/docs) by extension 'python'
[0.346s] Level 1:colcon.colcon_core.package_identification:_identify(src/yolo_ros/docs) by extensions ['python_setup_py']
[0.346s] Level 1:colcon.colcon_core.package_identification:_identify(src/yolo_ros/docs) by extension 'python_setup_py'
[0.346s] Level 1:colcon.colcon_core.package_identification:_identify(src/yolo_ros/yolo_bringup) by extensions ['ignore', 'ignore_ament_install']
[0.346s] Level 1:colcon.colcon_core.package_identification:_identify(src/yolo_ros/yolo_bringup) by extension 'ignore'
[0.346s] Level 1:colcon.colcon_core.package_identification:_identify(src/yolo_ros/yolo_bringup) by extension 'ignore_ament_install'
[0.346s] Level 1:colcon.colcon_core.package_identification:_identify(src/yolo_ros/yolo_bringup) by extensions ['colcon_pkg']
[0.346s] Level 1:colcon.colcon_core.package_identification:_identify(src/yolo_ros/yolo_bringup) by extension 'colcon_pkg'
[0.346s] Level 1:colcon.colcon_core.package_identification:_identify(src/yolo_ros/yolo_bringup) by extensions ['colcon_meta']
[0.346s] Level 1:colcon.colcon_core.package_identification:_identify(src/yolo_ros/yolo_bringup) by extension 'colcon_meta'
[0.346s] Level 1:colcon.colcon_core.package_identification:_identify(src/yolo_ros/yolo_bringup) by extensions ['ros']
[0.346s] Level 1:colcon.colcon_core.package_identification:_identify(src/yolo_ros/yolo_bringup) by extension 'ros'
[0.347s] DEBUG:colcon.colcon_core.package_identification:Package 'src/yolo_ros/yolo_bringup' with type 'ros.ament_cmake' and name 'yolo_bringup'
[0.347s] Level 1:colcon.colcon_core.package_identification:_identify(src/yolo_ros/yolo_msgs) by extensions ['ignore', 'ignore_ament_install']
[0.347s] Level 1:colcon.colcon_core.package_identification:_identify(src/yolo_ros/yolo_msgs) by extension 'ignore'
[0.347s] Level 1:colcon.colcon_core.package_identification:_identify(src/yolo_ros/yolo_msgs) by extension 'ignore_ament_install'
[0.347s] Level 1:colcon.colcon_core.package_identification:_identify(src/yolo_ros/yolo_msgs) by extensions ['colcon_pkg']
[0.347s] Level 1:colcon.colcon_core.package_identification:_identify(src/yolo_ros/yolo_msgs) by extension 'colcon_pkg'
[0.347s] Level 1:colcon.colcon_core.package_identification:_identify(src/yolo_ros/yolo_msgs) by extensions ['colcon_meta']
[0.347s] Level 1:colcon.colcon_core.package_identification:_identify(src/yolo_ros/yolo_msgs) by extension 'colcon_meta'
[0.347s] Level 1:colcon.colcon_core.package_identification:_identify(src/yolo_ros/yolo_msgs) by extensions ['ros']
[0.347s] Level 1:colcon.colcon_core.package_identification:_identify(src/yolo_ros/yolo_msgs) by extension 'ros'
[0.348s] DEBUG:colcon.colcon_core.package_identification:Package 'src/yolo_ros/yolo_msgs' with type 'ros.ament_cmake' and name 'yolo_msgs'
[0.348s] Level 1:colcon.colcon_core.package_identification:_identify(src/yolo_ros/yolo_ros) by extensions ['ignore', 'ignore_ament_install']
[0.348s] Level 1:colcon.colcon_core.package_identification:_identify(src/yolo_ros/yolo_ros) by extension 'ignore'
[0.348s] Level 1:colcon.colcon_core.package_identification:_identify(src/yolo_ros/yolo_ros) by extension 'ignore_ament_install'
[0.348s] Level 1:colcon.colcon_core.package_identification:_identify(src/yolo_ros/yolo_ros) by extensions ['colcon_pkg']
[0.348s] Level 1:colcon.colcon_core.package_identification:_identify(src/yolo_ros/yolo_ros) by extension 'colcon_pkg'
[0.348s] Level 1:colcon.colcon_core.package_identification:_identify(src/yolo_ros/yolo_ros) by extensions ['colcon_meta']
[0.348s] Level 1:colcon.colcon_core.package_identification:_identify(src/yolo_ros/yolo_ros) by extension 'colcon_meta'
[0.348s] Level 1:colcon.colcon_core.package_identification:_identify(src/yolo_ros/yolo_ros) by extensions ['ros']
[0.348s] Level 1:colcon.colcon_core.package_identification:_identify(src/yolo_ros/yolo_ros) by extension 'ros'
[0.349s] DEBUG:colcon.colcon_core.package_identification:Package 'src/yolo_ros/yolo_ros' with type 'ros.ament_python' and name 'yolo_ros'
[0.349s] Level 1:colcon.colcon_core.package_discovery:discover_packages(recursive) using defaults
[0.349s] Level 1:colcon.colcon_core.package_discovery:discover_packages(ignore) discover
[0.349s] Level 1:colcon.colcon_core.package_discovery:discover_packages(ignore) using defaults
[0.349s] Level 1:colcon.colcon_core.package_discovery:discover_packages(path) discover
[0.349s] Level 1:colcon.colcon_core.package_discovery:discover_packages(path) using defaults
[0.369s] WARNING:colcon.colcon_core.package_augmentation.check_dependency_constraint:clearpath_nav2_demos depends on clearpath_config which has version 0.3.3 but expects it to be greater than or equal to 1.0.0
[0.374s] Level 1:colcon.colcon_core.package_discovery:discover_packages(prefix_path) check parameters
[0.374s] Level 1:colcon.colcon_core.package_discovery:discover_packages(prefix_path) discover
[0.376s] DEBUG:colcon.colcon_installed_package_information.package_discovery:Found 25 installed packages in /home/dimash/debug_clear_ws/install
[0.378s] DEBUG:colcon.colcon_installed_package_information.package_discovery:Found 428 installed packages in /opt/ros/humble
[0.380s] Level 1:colcon.colcon_core.package_discovery:discover_packages(prefix_path) using defaults
[0.428s] WARNING:colcon.colcon_core.package_selection:Some selected packages are already built in one or more underlay workspaces:
	'clearpath_generator_common' is in: /home/dimash/debug_clear_ws/install/clearpath_generator_common, /opt/ros/humble
	'clearpath_platform_msgs' is in: /home/dimash/debug_clear_ws/install/clearpath_platform_msgs, /opt/ros/humble
	'clearpath_platform_description' is in: /home/dimash/debug_clear_ws/install/clearpath_platform_description, /opt/ros/humble
If a package in a merged underlay workspace is overridden and it installs headers, then all packages in the overlay must sort their include directories by workspace order. Failure to do so may result in build failures or undefined behavior at run time.
If the overridden package is used by another package in any underlay, then the overriding package in the overlay must be API and ABI compatible or undefined behavior at run time may occur.

If you understand the risks and want to override a package anyways, add the following to the command line:
	--allow-overriding clearpath_generator_common clearpath_platform_description clearpath_platform_msgs

This may be promoted to an error in a future release of colcon-override-check.
[0.429s] Level 5:colcon.colcon_core.verb:set package 'clearpath_config' build argument 'cmake_args' from command line to 'None'
[0.429s] Level 5:colcon.colcon_core.verb:set package 'clearpath_config' build argument 'cmake_target' from command line to 'None'
[0.429s] Level 5:colcon.colcon_core.verb:set package 'clearpath_config' build argument 'cmake_target_skip_unavailable' from command line to 'False'
[0.429s] Level 5:colcon.colcon_core.verb:set package 'clearpath_config' build argument 'cmake_clean_cache' from command line to 'False'
[0.429s] Level 5:colcon.colcon_core.verb:set package 'clearpath_config' build argument 'cmake_clean_first' from command line to 'False'
[0.429s] Level 5:colcon.colcon_core.verb:set package 'clearpath_config' build argument 'cmake_force_configure' from command line to 'False'
[0.429s] Level 5:colcon.colcon_core.verb:set package 'clearpath_config' build argument 'ament_cmake_args' from command line to 'None'
[0.429s] Level 5:colcon.colcon_core.verb:set package 'clearpath_config' build argument 'catkin_cmake_args' from command line to 'None'
[0.430s] Level 5:colcon.colcon_core.verb:set package 'clearpath_config' build argument 'catkin_skip_building_tests' from command line to 'False'
[0.430s] DEBUG:colcon.colcon_core.verb:Building package 'clearpath_config' with the following arguments: {'ament_cmake_args': None, 'build_base': '/home/dimash/debug_clear_ws/build/clearpath_config', 'catkin_cmake_args': None, 'catkin_skip_building_tests': False, 'cmake_args': None, 'cmake_clean_cache': False, 'cmake_clean_first': False, 'cmake_force_configure': False, 'cmake_target': None, 'cmake_target_skip_unavailable': False, 'install_base': '/home/dimash/debug_clear_ws/install/clearpath_config', 'merge_install': False, 'path': '/home/dimash/debug_clear_ws/src/clearpath_config', 'symlink_install': False, 'test_result_base': None}
[0.430s] Level 5:colcon.colcon_core.verb:set package 'clearpath_control' build argument 'cmake_args' from command line to 'None'
[0.430s] Level 5:colcon.colcon_core.verb:set package 'clearpath_control' build argument 'cmake_target' from command line to 'None'
[0.430s] Level 5:colcon.colcon_core.verb:set package 'clearpath_control' build argument 'cmake_target_skip_unavailable' from command line to 'False'
[0.430s] Level 5:colcon.colcon_core.verb:set package 'clearpath_control' build argument 'cmake_clean_cache' from command line to 'False'
[0.430s] Level 5:colcon.colcon_core.verb:set package 'clearpath_control' build argument 'cmake_clean_first' from command line to 'False'
[0.430s] Level 5:colcon.colcon_core.verb:set package 'clearpath_control' build argument 'cmake_force_configure' from command line to 'False'
[0.430s] Level 5:colcon.colcon_core.verb:set package 'clearpath_control' build argument 'ament_cmake_args' from command line to 'None'
[0.430s] Level 5:colcon.colcon_core.verb:set package 'clearpath_control' build argument 'catkin_cmake_args' from command line to 'None'
[0.430s] Level 5:colcon.colcon_core.verb:set package 'clearpath_control' build argument 'catkin_skip_building_tests' from command line to 'False'
[0.430s] DEBUG:colcon.colcon_core.verb:Building package 'clearpath_control' with the following arguments: {'ament_cmake_args': None, 'build_base': '/home/dimash/debug_clear_ws/build/clearpath_control', 'catkin_cmake_args': None, 'catkin_skip_building_tests': False, 'cmake_args': None, 'cmake_clean_cache': False, 'cmake_clean_first': False, 'cmake_force_configure': False, 'cmake_target': None, 'cmake_target_skip_unavailable': False, 'install_base': '/home/dimash/debug_clear_ws/install/clearpath_control', 'merge_install': False, 'path': '/home/dimash/debug_clear_ws/src/clearpath_common/clearpath_control', 'symlink_install': False, 'test_result_base': None}
[0.430s] Level 5:colcon.colcon_core.verb:set package 'clearpath_customization' build argument 'cmake_args' from command line to 'None'
[0.431s] Level 5:colcon.colcon_core.verb:set package 'clearpath_customization' build argument 'cmake_target' from command line to 'None'
[0.431s] Level 5:colcon.colcon_core.verb:set package 'clearpath_customization' build argument 'cmake_target_skip_unavailable' from command line to 'False'
[0.431s] Level 5:colcon.colcon_core.verb:set package 'clearpath_customization' build argument 'cmake_clean_cache' from command line to 'False'
[0.431s] Level 5:colcon.colcon_core.verb:set package 'clearpath_customization' build argument 'cmake_clean_first' from command line to 'False'
[0.431s] Level 5:colcon.colcon_core.verb:set package 'clearpath_customization' build argument 'cmake_force_configure' from command line to 'False'
[0.431s] Level 5:colcon.colcon_core.verb:set package 'clearpath_customization' build argument 'ament_cmake_args' from command line to 'None'
[0.431s] Level 5:colcon.colcon_core.verb:set package 'clearpath_customization' build argument 'catkin_cmake_args' from command line to 'None'
[0.431s] Level 5:colcon.colcon_core.verb:set package 'clearpath_customization' build argument 'catkin_skip_building_tests' from command line to 'False'
[0.431s] DEBUG:colcon.colcon_core.verb:Building package 'clearpath_customization' with the following arguments: {'ament_cmake_args': None, 'build_base': '/home/dimash/debug_clear_ws/build/clearpath_customization', 'catkin_cmake_args': None, 'catkin_skip_building_tests': False, 'cmake_args': None, 'cmake_clean_cache': False, 'cmake_clean_first': False, 'cmake_force_configure': False, 'cmake_target': None, 'cmake_target_skip_unavailable': False, 'install_base': '/home/dimash/debug_clear_ws/install/clearpath_customization', 'merge_install': False, 'path': '/home/dimash/debug_clear_ws/src/clearpath_common/clearpath_customization', 'symlink_install': False, 'test_result_base': None}
[0.431s] Level 5:colcon.colcon_core.verb:set package 'clearpath_manipulators_description' build argument 'cmake_args' from command line to 'None'
[0.431s] Level 5:colcon.colcon_core.verb:set package 'clearpath_manipulators_description' build argument 'cmake_target' from command line to 'None'
[0.431s] Level 5:colcon.colcon_core.verb:set package 'clearpath_manipulators_description' build argument 'cmake_target_skip_unavailable' from command line to 'False'
[0.431s] Level 5:colcon.colcon_core.verb:set package 'clearpath_manipulators_description' build argument 'cmake_clean_cache' from command line to 'False'
[0.431s] Level 5:colcon.colcon_core.verb:set package 'clearpath_manipulators_description' build argument 'cmake_clean_first' from command line to 'False'
[0.431s] Level 5:colcon.colcon_core.verb:set package 'clearpath_manipulators_description' build argument 'cmake_force_configure' from command line to 'False'
[0.431s] Level 5:colcon.colcon_core.verb:set package 'clearpath_manipulators_description' build argument 'ament_cmake_args' from command line to 'None'
[0.431s] Level 5:colcon.colcon_core.verb:set package 'clearpath_manipulators_description' build argument 'catkin_cmake_args' from command line to 'None'
[0.431s] Level 5:colcon.colcon_core.verb:set package 'clearpath_manipulators_description' build argument 'catkin_skip_building_tests' from command line to 'False'
[0.431s] DEBUG:colcon.colcon_core.verb:Building package 'clearpath_manipulators_description' with the following arguments: {'ament_cmake_args': None, 'build_base': '/home/dimash/debug_clear_ws/build/clearpath_manipulators_description', 'catkin_cmake_args': None, 'catkin_skip_building_tests': False, 'cmake_args': None, 'cmake_clean_cache': False, 'cmake_clean_first': False, 'cmake_force_configure': False, 'cmake_target': None, 'cmake_target_skip_unavailable': False, 'install_base': '/home/dimash/debug_clear_ws/install/clearpath_manipulators_description', 'merge_install': False, 'path': '/home/dimash/debug_clear_ws/src/clearpath_common/clearpath_manipulators_description', 'symlink_install': False, 'test_result_base': None}
[0.432s] Level 5:colcon.colcon_core.verb:set package 'clearpath_mounts_description' build argument 'cmake_args' from command line to 'None'
[0.432s] Level 5:colcon.colcon_core.verb:set package 'clearpath_mounts_description' build argument 'cmake_target' from command line to 'None'
[0.432s] Level 5:colcon.colcon_core.verb:set package 'clearpath_mounts_description' build argument 'cmake_target_skip_unavailable' from command line to 'False'
[0.432s] Level 5:colcon.colcon_core.verb:set package 'clearpath_mounts_description' build argument 'cmake_clean_cache' from command line to 'False'
[0.432s] Level 5:colcon.colcon_core.verb:set package 'clearpath_mounts_description' build argument 'cmake_clean_first' from command line to 'False'
[0.432s] Level 5:colcon.colcon_core.verb:set package 'clearpath_mounts_description' build argument 'cmake_force_configure' from command line to 'False'
[0.432s] Level 5:colcon.colcon_core.verb:set package 'clearpath_mounts_description' build argument 'ament_cmake_args' from command line to 'None'
[0.432s] Level 5:colcon.colcon_core.verb:set package 'clearpath_mounts_description' build argument 'catkin_cmake_args' from command line to 'None'
[0.432s] Level 5:colcon.colcon_core.verb:set package 'clearpath_mounts_description' build argument 'catkin_skip_building_tests' from command line to 'False'
[0.432s] DEBUG:colcon.colcon_core.verb:Building package 'clearpath_mounts_description' with the following arguments: {'ament_cmake_args': None, 'build_base': '/home/dimash/debug_clear_ws/build/clearpath_mounts_description', 'catkin_cmake_args': None, 'catkin_skip_building_tests': False, 'cmake_args': None, 'cmake_clean_cache': False, 'cmake_clean_first': False, 'cmake_force_configure': False, 'cmake_target': None, 'cmake_target_skip_unavailable': False, 'install_base': '/home/dimash/debug_clear_ws/install/clearpath_mounts_description', 'merge_install': False, 'path': '/home/dimash/debug_clear_ws/src/clearpath_common/clearpath_mounts_description', 'symlink_install': False, 'test_result_base': None}
[0.432s] Level 5:colcon.colcon_core.verb:set package 'clearpath_platform_description' build argument 'cmake_args' from command line to 'None'
[0.432s] Level 5:colcon.colcon_core.verb:set package 'clearpath_platform_description' build argument 'cmake_target' from command line to 'None'
[0.432s] Level 5:colcon.colcon_core.verb:set package 'clearpath_platform_description' build argument 'cmake_target_skip_unavailable' from command line to 'False'
[0.432s] Level 5:colcon.colcon_core.verb:set package 'clearpath_platform_description' build argument 'cmake_clean_cache' from command line to 'False'
[0.432s] Level 5:colcon.colcon_core.verb:set package 'clearpath_platform_description' build argument 'cmake_clean_first' from command line to 'False'
[0.432s] Level 5:colcon.colcon_core.verb:set package 'clearpath_platform_description' build argument 'cmake_force_configure' from command line to 'False'
[0.432s] Level 5:colcon.colcon_core.verb:set package 'clearpath_platform_description' build argument 'ament_cmake_args' from command line to 'None'
[0.432s] Level 5:colcon.colcon_core.verb:set package 'clearpath_platform_description' build argument 'catkin_cmake_args' from command line to 'None'
[0.432s] Level 5:colcon.colcon_core.verb:set package 'clearpath_platform_description' build argument 'catkin_skip_building_tests' from command line to 'False'
[0.432s] DEBUG:colcon.colcon_core.verb:Building package 'clearpath_platform_description' with the following arguments: {'ament_cmake_args': None, 'build_base': '/home/dimash/debug_clear_ws/build/clearpath_platform_description', 'catkin_cmake_args': None, 'catkin_skip_building_tests': False, 'cmake_args': None, 'cmake_clean_cache': False, 'cmake_clean_first': False, 'cmake_force_configure': False, 'cmake_target': None, 'cmake_target_skip_unavailable': False, 'install_base': '/home/dimash/debug_clear_ws/install/clearpath_platform_description', 'merge_install': False, 'path': '/home/dimash/debug_clear_ws/src/clearpath_common/clearpath_platform_description', 'symlink_install': False, 'test_result_base': None}
[0.433s] Level 5:colcon.colcon_core.verb:set package 'clearpath_platform_msgs' build argument 'cmake_args' from command line to 'None'
[0.433s] Level 5:colcon.colcon_core.verb:set package 'clearpath_platform_msgs' build argument 'cmake_target' from command line to 'None'
[0.433s] Level 5:colcon.colcon_core.verb:set package 'clearpath_platform_msgs' build argument 'cmake_target_skip_unavailable' from command line to 'False'
[0.433s] Level 5:colcon.colcon_core.verb:set package 'clearpath_platform_msgs' build argument 'cmake_clean_cache' from command line to 'False'
[0.433s] Level 5:colcon.colcon_core.verb:set package 'clearpath_platform_msgs' build argument 'cmake_clean_first' from command line to 'False'
[0.433s] Level 5:colcon.colcon_core.verb:set package 'clearpath_platform_msgs' build argument 'cmake_force_configure' from command line to 'False'
[0.433s] Level 5:colcon.colcon_core.verb:set package 'clearpath_platform_msgs' build argument 'ament_cmake_args' from command line to 'None'
[0.433s] Level 5:colcon.colcon_core.verb:set package 'clearpath_platform_msgs' build argument 'catkin_cmake_args' from command line to 'None'
[0.433s] Level 5:colcon.colcon_core.verb:set package 'clearpath_platform_msgs' build argument 'catkin_skip_building_tests' from command line to 'False'
[0.433s] DEBUG:colcon.colcon_core.verb:Building package 'clearpath_platform_msgs' with the following arguments: {'ament_cmake_args': None, 'build_base': '/home/dimash/debug_clear_ws/build/clearpath_platform_msgs', 'catkin_cmake_args': None, 'catkin_skip_building_tests': False, 'cmake_args': None, 'cmake_clean_cache': False, 'cmake_clean_first': False, 'cmake_force_configure': False, 'cmake_target': None, 'cmake_target_skip_unavailable': False, 'install_base': '/home/dimash/debug_clear_ws/install/clearpath_platform_msgs', 'merge_install': False, 'path': '/home/dimash/debug_clear_ws/src/clearpath_msgs/clearpath_platform_msgs', 'symlink_install': False, 'test_result_base': None}
[0.433s] Level 5:colcon.colcon_core.verb:set package 'clearpath_sensors_description' build argument 'cmake_args' from command line to 'None'
[0.433s] Level 5:colcon.colcon_core.verb:set package 'clearpath_sensors_description' build argument 'cmake_target' from command line to 'None'
[0.433s] Level 5:colcon.colcon_core.verb:set package 'clearpath_sensors_description' build argument 'cmake_target_skip_unavailable' from command line to 'False'
[0.433s] Level 5:colcon.colcon_core.verb:set package 'clearpath_sensors_description' build argument 'cmake_clean_cache' from command line to 'False'
[0.433s] Level 5:colcon.colcon_core.verb:set package 'clearpath_sensors_description' build argument 'cmake_clean_first' from command line to 'False'
[0.433s] Level 5:colcon.colcon_core.verb:set package 'clearpath_sensors_description' build argument 'cmake_force_configure' from command line to 'False'
[0.433s] Level 5:colcon.colcon_core.verb:set package 'clearpath_sensors_description' build argument 'ament_cmake_args' from command line to 'None'
[0.433s] Level 5:colcon.colcon_core.verb:set package 'clearpath_sensors_description' build argument 'catkin_cmake_args' from command line to 'None'
[0.433s] Level 5:colcon.colcon_core.verb:set package 'clearpath_sensors_description' build argument 'catkin_skip_building_tests' from command line to 'False'
[0.433s] DEBUG:colcon.colcon_core.verb:Building package 'clearpath_sensors_description' with the following arguments: {'ament_cmake_args': None, 'build_base': '/home/dimash/debug_clear_ws/build/clearpath_sensors_description', 'catkin_cmake_args': None, 'catkin_skip_building_tests': False, 'cmake_args': None, 'cmake_clean_cache': False, 'cmake_clean_first': False, 'cmake_force_configure': False, 'cmake_target': None, 'cmake_target_skip_unavailable': False, 'install_base': '/home/dimash/debug_clear_ws/install/clearpath_sensors_description', 'merge_install': False, 'path': '/home/dimash/debug_clear_ws/src/clearpath_common/clearpath_sensors_description', 'symlink_install': False, 'test_result_base': None}
[0.434s] Level 5:colcon.colcon_core.verb:set package 'person_movement' build argument 'cmake_args' from command line to 'None'
[0.434s] Level 5:colcon.colcon_core.verb:set package 'person_movement' build argument 'cmake_target' from command line to 'None'
[0.434s] Level 5:colcon.colcon_core.verb:set package 'person_movement' build argument 'cmake_target_skip_unavailable' from command line to 'False'
[0.434s] Level 5:colcon.colcon_core.verb:set package 'person_movement' build argument 'cmake_clean_cache' from command line to 'False'
[0.434s] Level 5:colcon.colcon_core.verb:set package 'person_movement' build argument 'cmake_clean_first' from command line to 'False'
[0.434s] Level 5:colcon.colcon_core.verb:set package 'person_movement' build argument 'cmake_force_configure' from command line to 'False'
[0.434s] Level 5:colcon.colcon_core.verb:set package 'person_movement' build argument 'ament_cmake_args' from command line to 'None'
[0.434s] Level 5:colcon.colcon_core.verb:set package 'person_movement' build argument 'catkin_cmake_args' from command line to 'None'
[0.434s] Level 5:colcon.colcon_core.verb:set package 'person_movement' build argument 'catkin_skip_building_tests' from command line to 'False'
[0.434s] DEBUG:colcon.colcon_core.verb:Building package 'person_movement' with the following arguments: {'ament_cmake_args': None, 'build_base': '/home/dimash/debug_clear_ws/build/person_movement', 'catkin_cmake_args': None, 'catkin_skip_building_tests': False, 'cmake_args': None, 'cmake_clean_cache': False, 'cmake_clean_first': False, 'cmake_force_configure': False, 'cmake_target': None, 'cmake_target_skip_unavailable': False, 'install_base': '/home/dimash/debug_clear_ws/install/person_movement', 'merge_install': False, 'path': '/home/dimash/debug_clear_ws/src/person_movement', 'symlink_install': False, 'test_result_base': None}
[0.434s] Level 5:colcon.colcon_core.verb:set package 'yolo_msgs' build argument 'cmake_args' from command line to 'None'
[0.434s] Level 5:colcon.colcon_core.verb:set package 'yolo_msgs' build argument 'cmake_target' from command line to 'None'
[0.434s] Level 5:colcon.colcon_core.verb:set package 'yolo_msgs' build argument 'cmake_target_skip_unavailable' from command line to 'False'
[0.434s] Level 5:colcon.colcon_core.verb:set package 'yolo_msgs' build argument 'cmake_clean_cache' from command line to 'False'
[0.434s] Level 5:colcon.colcon_core.verb:set package 'yolo_msgs' build argument 'cmake_clean_first' from command line to 'False'
[0.434s] Level 5:colcon.colcon_core.verb:set package 'yolo_msgs' build argument 'cmake_force_configure' from command line to 'False'
[0.434s] Level 5:colcon.colcon_core.verb:set package 'yolo_msgs' build argument 'ament_cmake_args' from command line to 'None'
[0.434s] Level 5:colcon.colcon_core.verb:set package 'yolo_msgs' build argument 'catkin_cmake_args' from command line to 'None'
[0.434s] Level 5:colcon.colcon_core.verb:set package 'yolo_msgs' build argument 'catkin_skip_building_tests' from command line to 'False'
[0.435s] DEBUG:colcon.colcon_core.verb:Building package 'yolo_msgs' with the following arguments: {'ament_cmake_args': None, 'build_base': '/home/dimash/debug_clear_ws/build/yolo_msgs', 'catkin_cmake_args': None, 'catkin_skip_building_tests': False, 'cmake_args': None, 'cmake_clean_cache': False, 'cmake_clean_first': False, 'cmake_force_configure': False, 'cmake_target': None, 'cmake_target_skip_unavailable': False, 'install_base': '/home/dimash/debug_clear_ws/install/yolo_msgs', 'merge_install': False, 'path': '/home/dimash/debug_clear_ws/src/yolo_ros/yolo_msgs', 'symlink_install': False, 'test_result_base': None}
[0.435s] Level 5:colcon.colcon_core.verb:set package 'clearpath_description' build argument 'cmake_args' from command line to 'None'
[0.435s] Level 5:colcon.colcon_core.verb:set package 'clearpath_description' build argument 'cmake_target' from command line to 'None'
[0.435s] Level 5:colcon.colcon_core.verb:set package 'clearpath_description' build argument 'cmake_target_skip_unavailable' from command line to 'False'
[0.435s] Level 5:colcon.colcon_core.verb:set package 'clearpath_description' build argument 'cmake_clean_cache' from command line to 'False'
[0.435s] Level 5:colcon.colcon_core.verb:set package 'clearpath_description' build argument 'cmake_clean_first' from command line to 'False'
[0.435s] Level 5:colcon.colcon_core.verb:set package 'clearpath_description' build argument 'cmake_force_configure' from command line to 'False'
[0.435s] Level 5:colcon.colcon_core.verb:set package 'clearpath_description' build argument 'ament_cmake_args' from command line to 'None'
[0.435s] Level 5:colcon.colcon_core.verb:set package 'clearpath_description' build argument 'catkin_cmake_args' from command line to 'None'
[0.435s] Level 5:colcon.colcon_core.verb:set package 'clearpath_description' build argument 'catkin_skip_building_tests' from command line to 'False'
[0.435s] DEBUG:colcon.colcon_core.verb:Building package 'clearpath_description' with the following arguments: {'ament_cmake_args': None, 'build_base': '/home/dimash/debug_clear_ws/build/clearpath_description', 'catkin_cmake_args': None, 'catkin_skip_building_tests': False, 'cmake_args': None, 'cmake_clean_cache': False, 'cmake_clean_first': False, 'cmake_force_configure': False, 'cmake_target': None, 'cmake_target_skip_unavailable': False, 'install_base': '/home/dimash/debug_clear_ws/install/clearpath_description', 'merge_install': False, 'path': '/home/dimash/debug_clear_ws/src/clearpath_common/clearpath_description', 'symlink_install': False, 'test_result_base': None}
[0.435s] Level 5:colcon.colcon_core.verb:set package 'clearpath_manipulators' build argument 'cmake_args' from command line to 'None'
[0.435s] Level 5:colcon.colcon_core.verb:set package 'clearpath_manipulators' build argument 'cmake_target' from command line to 'None'
[0.435s] Level 5:colcon.colcon_core.verb:set package 'clearpath_manipulators' build argument 'cmake_target_skip_unavailable' from command line to 'False'
[0.435s] Level 5:colcon.colcon_core.verb:set package 'clearpath_manipulators' build argument 'cmake_clean_cache' from command line to 'False'
[0.435s] Level 5:colcon.colcon_core.verb:set package 'clearpath_manipulators' build argument 'cmake_clean_first' from command line to 'False'
[0.436s] Level 5:colcon.colcon_core.verb:set package 'clearpath_manipulators' build argument 'cmake_force_configure' from command line to 'False'
[0.436s] Level 5:colcon.colcon_core.verb:set package 'clearpath_manipulators' build argument 'ament_cmake_args' from command line to 'None'
[0.436s] Level 5:colcon.colcon_core.verb:set package 'clearpath_manipulators' build argument 'catkin_cmake_args' from command line to 'None'
[0.436s] Level 5:colcon.colcon_core.verb:set package 'clearpath_manipulators' build argument 'catkin_skip_building_tests' from command line to 'False'
[0.436s] DEBUG:colcon.colcon_core.verb:Building package 'clearpath_manipulators' with the following arguments: {'ament_cmake_args': None, 'build_base': '/home/dimash/debug_clear_ws/build/clearpath_manipulators', 'catkin_cmake_args': None, 'catkin_skip_building_tests': False, 'cmake_args': None, 'cmake_clean_cache': False, 'cmake_clean_first': False, 'cmake_force_configure': False, 'cmake_target': None, 'cmake_target_skip_unavailable': False, 'install_base': '/home/dimash/debug_clear_ws/install/clearpath_manipulators', 'merge_install': False, 'path': '/home/dimash/debug_clear_ws/src/clearpath_common/clearpath_manipulators', 'symlink_install': False, 'test_result_base': None}
[0.436s] Level 5:colcon.colcon_core.verb:set package 'clearpath_msgs' build argument 'cmake_args' from command line to 'None'
[0.436s] Level 5:colcon.colcon_core.verb:set package 'clearpath_msgs' build argument 'cmake_target' from command line to 'None'
[0.436s] Level 5:colcon.colcon_core.verb:set package 'clearpath_msgs' build argument 'cmake_target_skip_unavailable' from command line to 'False'
[0.436s] Level 5:colcon.colcon_core.verb:set package 'clearpath_msgs' build argument 'cmake_clean_cache' from command line to 'False'
[0.436s] Level 5:colcon.colcon_core.verb:set package 'clearpath_msgs' build argument 'cmake_clean_first' from command line to 'False'
[0.436s] Level 5:colcon.colcon_core.verb:set package 'clearpath_msgs' build argument 'cmake_force_configure' from command line to 'False'
[0.436s] Level 5:colcon.colcon_core.verb:set package 'clearpath_msgs' build argument 'ament_cmake_args' from command line to 'None'
[0.436s] Level 5:colcon.colcon_core.verb:set package 'clearpath_msgs' build argument 'catkin_cmake_args' from command line to 'None'
[0.436s] Level 5:colcon.colcon_core.verb:set package 'clearpath_msgs' build argument 'catkin_skip_building_tests' from command line to 'False'
[0.436s] DEBUG:colcon.colcon_core.verb:Building package 'clearpath_msgs' with the following arguments: {'ament_cmake_args': None, 'build_base': '/home/dimash/debug_clear_ws/build/clearpath_msgs', 'catkin_cmake_args': None, 'catkin_skip_building_tests': False, 'cmake_args': None, 'cmake_clean_cache': False, 'cmake_clean_first': False, 'cmake_force_configure': False, 'cmake_target': None, 'cmake_target_skip_unavailable': False, 'install_base': '/home/dimash/debug_clear_ws/install/clearpath_msgs', 'merge_install': False, 'path': '/home/dimash/debug_clear_ws/src/clearpath_msgs/clearpath_msgs', 'symlink_install': False, 'test_result_base': None}
[0.436s] Level 5:colcon.colcon_core.verb:set package 'clearpath_nav2_demos' build argument 'cmake_args' from command line to 'None'
[0.436s] Level 5:colcon.colcon_core.verb:set package 'clearpath_nav2_demos' build argument 'cmake_target' from command line to 'None'
[0.437s] Level 5:colcon.colcon_core.verb:set package 'clearpath_nav2_demos' build argument 'cmake_target_skip_unavailable' from command line to 'False'
[0.437s] Level 5:colcon.colcon_core.verb:set package 'clearpath_nav2_demos' build argument 'cmake_clean_cache' from command line to 'False'
[0.437s] Level 5:colcon.colcon_core.verb:set package 'clearpath_nav2_demos' build argument 'cmake_clean_first' from command line to 'False'
[0.437s] Level 5:colcon.colcon_core.verb:set package 'clearpath_nav2_demos' build argument 'cmake_force_configure' from command line to 'False'
[0.437s] Level 5:colcon.colcon_core.verb:set package 'clearpath_nav2_demos' build argument 'ament_cmake_args' from command line to 'None'
[0.437s] Level 5:colcon.colcon_core.verb:set package 'clearpath_nav2_demos' build argument 'catkin_cmake_args' from command line to 'None'
[0.437s] Level 5:colcon.colcon_core.verb:set package 'clearpath_nav2_demos' build argument 'catkin_skip_building_tests' from command line to 'False'
[0.437s] DEBUG:colcon.colcon_core.verb:Building package 'clearpath_nav2_demos' with the following arguments: {'ament_cmake_args': None, 'build_base': '/home/dimash/debug_clear_ws/build/clearpath_nav2_demos', 'catkin_cmake_args': None, 'catkin_skip_building_tests': False, 'cmake_args': None, 'cmake_clean_cache': False, 'cmake_clean_first': False, 'cmake_force_configure': False, 'cmake_target': None, 'cmake_target_skip_unavailable': False, 'install_base': '/home/dimash/debug_clear_ws/install/clearpath_nav2_demos', 'merge_install': False, 'path': '/home/dimash/debug_clear_ws/src/clearpath_nav2_demos', 'symlink_install': False, 'test_result_base': None}
[0.437s] Level 5:colcon.colcon_core.verb:set package 'clearpath_platform' build argument 'cmake_args' from command line to 'None'
[0.437s] Level 5:colcon.colcon_core.verb:set package 'clearpath_platform' build argument 'cmake_target' from command line to 'None'
[0.437s] Level 5:colcon.colcon_core.verb:set package 'clearpath_platform' build argument 'cmake_target_skip_unavailable' from command line to 'False'
[0.437s] Level 5:colcon.colcon_core.verb:set package 'clearpath_platform' build argument 'cmake_clean_cache' from command line to 'False'
[0.437s] Level 5:colcon.colcon_core.verb:set package 'clearpath_platform' build argument 'cmake_clean_first' from command line to 'False'
[0.437s] Level 5:colcon.colcon_core.verb:set package 'clearpath_platform' build argument 'cmake_force_configure' from command line to 'False'
[0.437s] Level 5:colcon.colcon_core.verb:set package 'clearpath_platform' build argument 'ament_cmake_args' from command line to 'None'
[0.437s] Level 5:colcon.colcon_core.verb:set package 'clearpath_platform' build argument 'catkin_cmake_args' from command line to 'None'
[0.437s] Level 5:colcon.colcon_core.verb:set package 'clearpath_platform' build argument 'catkin_skip_building_tests' from command line to 'False'
[0.437s] DEBUG:colcon.colcon_core.verb:Building package 'clearpath_platform' with the following arguments: {'ament_cmake_args': None, 'build_base': '/home/dimash/debug_clear_ws/build/clearpath_platform', 'catkin_cmake_args': None, 'catkin_skip_building_tests': False, 'cmake_args': None, 'cmake_clean_cache': False, 'cmake_clean_first': False, 'cmake_force_configure': False, 'cmake_target': None, 'cmake_target_skip_unavailable': False, 'install_base': '/home/dimash/debug_clear_ws/install/clearpath_platform', 'merge_install': False, 'path': '/home/dimash/debug_clear_ws/src/clearpath_common/clearpath_platform', 'symlink_install': False, 'test_result_base': None}
[0.438s] Level 5:colcon.colcon_core.verb:set package 'mpc_low' build argument 'cmake_args' from command line to 'None'
[0.438s] Level 5:colcon.colcon_core.verb:set package 'mpc_low' build argument 'cmake_target' from command line to 'None'
[0.438s] Level 5:colcon.colcon_core.verb:set package 'mpc_low' build argument 'cmake_target_skip_unavailable' from command line to 'False'
[0.438s] Level 5:colcon.colcon_core.verb:set package 'mpc_low' build argument 'cmake_clean_cache' from command line to 'False'
[0.438s] Level 5:colcon.colcon_core.verb:set package 'mpc_low' build argument 'cmake_clean_first' from command line to 'False'
[0.438s] Level 5:colcon.colcon_core.verb:set package 'mpc_low' build argument 'cmake_force_configure' from command line to 'False'
[0.438s] Level 5:colcon.colcon_core.verb:set package 'mpc_low' build argument 'ament_cmake_args' from command line to 'None'
[0.438s] Level 5:colcon.colcon_core.verb:set package 'mpc_low' build argument 'catkin_cmake_args' from command line to 'None'
[0.438s] Level 5:colcon.colcon_core.verb:set package 'mpc_low' build argument 'catkin_skip_building_tests' from command line to 'False'
[0.438s] DEBUG:colcon.colcon_core.verb:Building package 'mpc_low' with the following arguments: {'ament_cmake_args': None, 'build_base': '/home/dimash/debug_clear_ws/build/mpc_low', 'catkin_cmake_args': None, 'catkin_skip_building_tests': False, 'cmake_args': None, 'cmake_clean_cache': False, 'cmake_clean_first': False, 'cmake_force_configure': False, 'cmake_target': None, 'cmake_target_skip_unavailable': False, 'install_base': '/home/dimash/debug_clear_ws/install/mpc_low', 'merge_install': False, 'path': '/home/dimash/debug_clear_ws/src/mpc_low', 'symlink_install': False, 'test_result_base': None}
[0.438s] Level 5:colcon.colcon_core.verb:set package 'yolo_ros' build argument 'cmake_args' from command line to 'None'
[0.438s] Level 5:colcon.colcon_core.verb:set package 'yolo_ros' build argument 'cmake_target' from command line to 'None'
[0.438s] Level 5:colcon.colcon_core.verb:set package 'yolo_ros' build argument 'cmake_target_skip_unavailable' from command line to 'False'
[0.438s] Level 5:colcon.colcon_core.verb:set package 'yolo_ros' build argument 'cmake_clean_cache' from command line to 'False'
[0.438s] Level 5:colcon.colcon_core.verb:set package 'yolo_ros' build argument 'cmake_clean_first' from command line to 'False'
[0.438s] Level 5:colcon.colcon_core.verb:set package 'yolo_ros' build argument 'cmake_force_configure' from command line to 'False'
[0.438s] Level 5:colcon.colcon_core.verb:set package 'yolo_ros' build argument 'ament_cmake_args' from command line to 'None'
[0.438s] Level 5:colcon.colcon_core.verb:set package 'yolo_ros' build argument 'catkin_cmake_args' from command line to 'None'
[0.438s] Level 5:colcon.colcon_core.verb:set package 'yolo_ros' build argument 'catkin_skip_building_tests' from command line to 'False'
[0.438s] DEBUG:colcon.colcon_core.verb:Building package 'yolo_ros' with the following arguments: {'ament_cmake_args': None, 'build_base': '/home/dimash/debug_clear_ws/build/yolo_ros', 'catkin_cmake_args': None, 'catkin_skip_building_tests': False, 'cmake_args': None, 'cmake_clean_cache': False, 'cmake_clean_first': False, 'cmake_force_configure': False, 'cmake_target': None, 'cmake_target_skip_unavailable': False, 'install_base': '/home/dimash/debug_clear_ws/install/yolo_ros', 'merge_install': False, 'path': '/home/dimash/debug_clear_ws/src/yolo_ros/yolo_ros', 'symlink_install': False, 'test_result_base': None}
[0.439s] Level 5:colcon.colcon_core.verb:set package 'clearpath_generator_common' build argument 'cmake_args' from command line to 'None'
[0.439s] Level 5:colcon.colcon_core.verb:set package 'clearpath_generator_common' build argument 'cmake_target' from command line to 'None'
[0.439s] Level 5:colcon.colcon_core.verb:set package 'clearpath_generator_common' build argument 'cmake_target_skip_unavailable' from command line to 'False'
[0.439s] Level 5:colcon.colcon_core.verb:set package 'clearpath_generator_common' build argument 'cmake_clean_cache' from command line to 'False'
[0.439s] Level 5:colcon.colcon_core.verb:set package 'clearpath_generator_common' build argument 'cmake_clean_first' from command line to 'False'
[0.439s] Level 5:colcon.colcon_core.verb:set package 'clearpath_generator_common' build argument 'cmake_force_configure' from command line to 'False'
[0.439s] Level 5:colcon.colcon_core.verb:set package 'clearpath_generator_common' build argument 'ament_cmake_args' from command line to 'None'
[0.439s] Level 5:colcon.colcon_core.verb:set package 'clearpath_generator_common' build argument 'catkin_cmake_args' from command line to 'None'
[0.439s] Level 5:colcon.colcon_core.verb:set package 'clearpath_generator_common' build argument 'catkin_skip_building_tests' from command line to 'False'
[0.439s] DEBUG:colcon.colcon_core.verb:Building package 'clearpath_generator_common' with the following arguments: {'ament_cmake_args': None, 'build_base': '/home/dimash/debug_clear_ws/build/clearpath_generator_common', 'catkin_cmake_args': None, 'catkin_skip_building_tests': False, 'cmake_args': None, 'cmake_clean_cache': False, 'cmake_clean_first': False, 'cmake_force_configure': False, 'cmake_target': None, 'cmake_target_skip_unavailable': False, 'install_base': '/home/dimash/debug_clear_ws/install/clearpath_generator_common', 'merge_install': False, 'path': '/home/dimash/debug_clear_ws/src/clearpath_common/clearpath_generator_common', 'symlink_install': False, 'test_result_base': None}
[0.439s] Level 5:colcon.colcon_core.verb:set package 'yolo_bringup' build argument 'cmake_args' from command line to 'None'
[0.439s] Level 5:colcon.colcon_core.verb:set package 'yolo_bringup' build argument 'cmake_target' from command line to 'None'
[0.439s] Level 5:colcon.colcon_core.verb:set package 'yolo_bringup' build argument 'cmake_target_skip_unavailable' from command line to 'False'
[0.439s] Level 5:colcon.colcon_core.verb:set package 'yolo_bringup' build argument 'cmake_clean_cache' from command line to 'False'
[0.439s] Level 5:colcon.colcon_core.verb:set package 'yolo_bringup' build argument 'cmake_clean_first' from command line to 'False'
[0.439s] Level 5:colcon.colcon_core.verb:set package 'yolo_bringup' build argument 'cmake_force_configure' from command line to 'False'
[0.439s] Level 5:colcon.colcon_core.verb:set package 'yolo_bringup' build argument 'ament_cmake_args' from command line to 'None'
[0.439s] Level 5:colcon.colcon_core.verb:set package 'yolo_bringup' build argument 'catkin_cmake_args' from command line to 'None'
[0.439s] Level 5:colcon.colcon_core.verb:set package 'yolo_bringup' build argument 'catkin_skip_building_tests' from command line to 'False'
[0.439s] DEBUG:colcon.colcon_core.verb:Building package 'yolo_bringup' with the following arguments: {'ament_cmake_args': None, 'build_base': '/home/dimash/debug_clear_ws/build/yolo_bringup', 'catkin_cmake_args': None, 'catkin_skip_building_tests': False, 'cmake_args': None, 'cmake_clean_cache': False, 'cmake_clean_first': False, 'cmake_force_configure': False, 'cmake_target': None, 'cmake_target_skip_unavailable': False, 'install_base': '/home/dimash/debug_clear_ws/install/yolo_bringup', 'merge_install': False, 'path': '/home/dimash/debug_clear_ws/src/yolo_ros/yolo_bringup', 'symlink_install': False, 'test_result_base': None}
[0.440s] Level 5:colcon.colcon_core.verb:set package 'clearpath_common' build argument 'cmake_args' from command line to 'None'
[0.440s] Level 5:colcon.colcon_core.verb:set package 'clearpath_common' build argument 'cmake_target' from command line to 'None'
[0.440s] Level 5:colcon.colcon_core.verb:set package 'clearpath_common' build argument 'cmake_target_skip_unavailable' from command line to 'False'
[0.440s] Level 5:colcon.colcon_core.verb:set package 'clearpath_common' build argument 'cmake_clean_cache' from command line to 'False'
[0.440s] Level 5:colcon.colcon_core.verb:set package 'clearpath_common' build argument 'cmake_clean_first' from command line to 'False'
[0.440s] Level 5:colcon.colcon_core.verb:set package 'clearpath_common' build argument 'cmake_force_configure' from command line to 'False'
[0.440s] Level 5:colcon.colcon_core.verb:set package 'clearpath_common' build argument 'ament_cmake_args' from command line to 'None'
[0.440s] Level 5:colcon.colcon_core.verb:set package 'clearpath_common' build argument 'catkin_cmake_args' from command line to 'None'
[0.440s] Level 5:colcon.colcon_core.verb:set package 'clearpath_common' build argument 'catkin_skip_building_tests' from command line to 'False'
[0.440s] DEBUG:colcon.colcon_core.verb:Building package 'clearpath_common' with the following arguments: {'ament_cmake_args': None, 'build_base': '/home/dimash/debug_clear_ws/build/clearpath_common', 'catkin_cmake_args': None, 'catkin_skip_building_tests': False, 'cmake_args': None, 'cmake_clean_cache': False, 'cmake_clean_first': False, 'cmake_force_configure': False, 'cmake_target': None, 'cmake_target_skip_unavailable': False, 'install_base': '/home/dimash/debug_clear_ws/install/clearpath_common', 'merge_install': False, 'path': '/home/dimash/debug_clear_ws/src/clearpath_common/clearpath_common', 'symlink_install': False, 'test_result_base': None}
[0.440s] Level 5:colcon.colcon_core.verb:set package 'clearpath_generator_gz' build argument 'cmake_args' from command line to 'None'
[0.440s] Level 5:colcon.colcon_core.verb:set package 'clearpath_generator_gz' build argument 'cmake_target' from command line to 'None'
[0.440s] Level 5:colcon.colcon_core.verb:set package 'clearpath_generator_gz' build argument 'cmake_target_skip_unavailable' from command line to 'False'
[0.440s] Level 5:colcon.colcon_core.verb:set package 'clearpath_generator_gz' build argument 'cmake_clean_cache' from command line to 'False'
[0.440s] Level 5:colcon.colcon_core.verb:set package 'clearpath_generator_gz' build argument 'cmake_clean_first' from command line to 'False'
[0.440s] Level 5:colcon.colcon_core.verb:set package 'clearpath_generator_gz' build argument 'cmake_force_configure' from command line to 'False'
[0.440s] Level 5:colcon.colcon_core.verb:set package 'clearpath_generator_gz' build argument 'ament_cmake_args' from command line to 'None'
[0.440s] Level 5:colcon.colcon_core.verb:set package 'clearpath_generator_gz' build argument 'catkin_cmake_args' from command line to 'None'
[0.441s] Level 5:colcon.colcon_core.verb:set package 'clearpath_generator_gz' build argument 'catkin_skip_building_tests' from command line to 'False'
[0.441s] DEBUG:colcon.colcon_core.verb:Building package 'clearpath_generator_gz' with the following arguments: {'ament_cmake_args': None, 'build_base': '/home/dimash/debug_clear_ws/build/clearpath_generator_gz', 'catkin_cmake_args': None, 'catkin_skip_building_tests': False, 'cmake_args': None, 'cmake_clean_cache': False, 'cmake_clean_first': False, 'cmake_force_configure': False, 'cmake_target': None, 'cmake_target_skip_unavailable': False, 'install_base': '/home/dimash/debug_clear_ws/install/clearpath_generator_gz', 'merge_install': False, 'path': '/home/dimash/debug_clear_ws/src/clearpath_simulator/clearpath_generator_gz', 'symlink_install': False, 'test_result_base': None}
[0.441s] Level 5:colcon.colcon_core.verb:set package 'clearpath_gz' build argument 'cmake_args' from command line to 'None'
[0.441s] Level 5:colcon.colcon_core.verb:set package 'clearpath_gz' build argument 'cmake_target' from command line to 'None'
[0.441s] Level 5:colcon.colcon_core.verb:set package 'clearpath_gz' build argument 'cmake_target_skip_unavailable' from command line to 'False'
[0.441s] Level 5:colcon.colcon_core.verb:set package 'clearpath_gz' build argument 'cmake_clean_cache' from command line to 'False'
[0.441s] Level 5:colcon.colcon_core.verb:set package 'clearpath_gz' build argument 'cmake_clean_first' from command line to 'False'
[0.441s] Level 5:colcon.colcon_core.verb:set package 'clearpath_gz' build argument 'cmake_force_configure' from command line to 'False'
[0.441s] Level 5:colcon.colcon_core.verb:set package 'clearpath_gz' build argument 'ament_cmake_args' from command line to 'None'
[0.441s] Level 5:colcon.colcon_core.verb:set package 'clearpath_gz' build argument 'catkin_cmake_args' from command line to 'None'
[0.441s] Level 5:colcon.colcon_core.verb:set package 'clearpath_gz' build argument 'catkin_skip_building_tests' from command line to 'False'
[0.441s] DEBUG:colcon.colcon_core.verb:Building package 'clearpath_gz' with the following arguments: {'ament_cmake_args': None, 'build_base': '/home/dimash/debug_clear_ws/build/clearpath_gz', 'catkin_cmake_args': None, 'catkin_skip_building_tests': False, 'cmake_args': None, 'cmake_clean_cache': False, 'cmake_clean_first': False, 'cmake_force_configure': False, 'cmake_target': None, 'cmake_target_skip_unavailable': False, 'install_base': '/home/dimash/debug_clear_ws/install/clearpath_gz', 'merge_install': False, 'path': '/home/dimash/debug_clear_ws/src/clearpath_simulator/clearpath_gz', 'symlink_install': False, 'test_result_base': None}
[0.441s] Level 5:colcon.colcon_core.verb:set package 'clearpath_simulator' build argument 'cmake_args' from command line to 'None'
[0.441s] Level 5:colcon.colcon_core.verb:set package 'clearpath_simulator' build argument 'cmake_target' from command line to 'None'
[0.442s] Level 5:colcon.colcon_core.verb:set package 'clearpath_simulator' build argument 'cmake_target_skip_unavailable' from command line to 'False'
[0.442s] Level 5:colcon.colcon_core.verb:set package 'clearpath_simulator' build argument 'cmake_clean_cache' from command line to 'False'
[0.442s] Level 5:colcon.colcon_core.verb:set package 'clearpath_simulator' build argument 'cmake_clean_first' from command line to 'False'
[0.442s] Level 5:colcon.colcon_core.verb:set package 'clearpath_simulator' build argument 'cmake_force_configure' from command line to 'False'
[0.442s] Level 5:colcon.colcon_core.verb:set package 'clearpath_simulator' build argument 'ament_cmake_args' from command line to 'None'
[0.442s] Level 5:colcon.colcon_core.verb:set package 'clearpath_simulator' build argument 'catkin_cmake_args' from command line to 'None'
[0.442s] Level 5:colcon.colcon_core.verb:set package 'clearpath_simulator' build argument 'catkin_skip_building_tests' from command line to 'False'
[0.442s] DEBUG:colcon.colcon_core.verb:Building package 'clearpath_simulator' with the following arguments: {'ament_cmake_args': None, 'build_base': '/home/dimash/debug_clear_ws/build/clearpath_simulator', 'catkin_cmake_args': None, 'catkin_skip_building_tests': False, 'cmake_args': None, 'cmake_clean_cache': False, 'cmake_clean_first': False, 'cmake_force_configure': False, 'cmake_target': None, 'cmake_target_skip_unavailable': False, 'install_base': '/home/dimash/debug_clear_ws/install/clearpath_simulator', 'merge_install': False, 'path': '/home/dimash/debug_clear_ws/src/clearpath_simulator/clearpath_simulator', 'symlink_install': False, 'test_result_base': None}
[0.442s] INFO:colcon.colcon_core.executor:Executing jobs using 'parallel' executor
[0.443s] DEBUG:colcon.colcon_parallel_executor.executor.parallel:run_until_complete
[0.443s] INFO:colcon.colcon_ros.task.ament_cmake.build:Building ROS package in '/home/dimash/debug_clear_ws/src/clearpath_common/clearpath_manipulators_description' with build type 'ament_cmake'
[0.443s] INFO:colcon.colcon_cmake.task.cmake.build:Building CMake package in '/home/dimash/debug_clear_ws/src/clearpath_common/clearpath_manipulators_description'
[0.445s] INFO:colcon.colcon_core.plugin_system:Skipping extension 'colcon_core.shell.bat': Not used on non-Windows systems
[0.445s] INFO:colcon.colcon_core.shell:Skip shell extension 'powershell' for command environment: Not usable outside of PowerShell
[0.446s] DEBUG:colcon.colcon_core.shell:Skip shell extension 'dsv' for command environment
[0.450s] INFO:colcon.colcon_ros.task.ament_cmake.build:Building ROS package in '/home/dimash/debug_clear_ws/src/clearpath_common/clearpath_platform_description' with build type 'ament_cmake'
[0.450s] INFO:colcon.colcon_cmake.task.cmake.build:Building CMake package in '/home/dimash/debug_clear_ws/src/clearpath_common/clearpath_platform_description'
[0.450s] INFO:colcon.colcon_core.shell:Skip shell extension 'powershell' for command environment: Not usable outside of PowerShell
[0.450s] DEBUG:colcon.colcon_core.shell:Skip shell extension 'dsv' for command environment
[0.454s] INFO:colcon.colcon_ros.task.ament_cmake.build:Building ROS package in '/home/dimash/debug_clear_ws/src/clearpath_msgs/clearpath_platform_msgs' with build type 'ament_cmake'
[0.454s] INFO:colcon.colcon_cmake.task.cmake.build:Building CMake package in '/home/dimash/debug_clear_ws/src/clearpath_msgs/clearpath_platform_msgs'
[0.455s] INFO:colcon.colcon_core.shell:Skip shell extension 'powershell' for command environment: Not usable outside of PowerShell
[0.455s] DEBUG:colcon.colcon_core.shell:Skip shell extension 'dsv' for command environment
[0.459s] INFO:colcon.colcon_ros.task.ament_python.build:Building ROS package in '/home/dimash/debug_clear_ws/src/clearpath_config' with build type 'ament_python'
[0.459s] Level 1:colcon.colcon_core.shell:create_environment_hook('clearpath_config', 'ament_prefix_path')
[0.459s] INFO:colcon.colcon_core.shell:Creating environment hook '/home/dimash/debug_clear_ws/install/clearpath_config/share/clearpath_config/hook/ament_prefix_path.ps1'
[0.460s] INFO:colcon.colcon_core.shell:Creating environment descriptor '/home/dimash/debug_clear_ws/install/clearpath_config/share/clearpath_config/hook/ament_prefix_path.dsv'
[0.460s] INFO:colcon.colcon_core.shell:Creating environment hook '/home/dimash/debug_clear_ws/install/clearpath_config/share/clearpath_config/hook/ament_prefix_path.sh'
[0.461s] INFO:colcon.colcon_core.shell:Skip shell extension 'powershell' for command environment: Not usable outside of PowerShell
[0.461s] DEBUG:colcon.colcon_core.shell:Skip shell extension 'dsv' for command environment
[0.465s] INFO:colcon.colcon_ros.task.ament_cmake.build:Building ROS package in '/home/dimash/debug_clear_ws/src/clearpath_common/clearpath_control' with build type 'ament_cmake'
[0.465s] INFO:colcon.colcon_cmake.task.cmake.build:Building CMake package in '/home/dimash/debug_clear_ws/src/clearpath_common/clearpath_control'
[0.465s] INFO:colcon.colcon_core.shell:Skip shell extension 'powershell' for command environment: Not usable outside of PowerShell
[0.465s] DEBUG:colcon.colcon_core.shell:Skip shell extension 'dsv' for command environment
[0.469s] INFO:colcon.colcon_ros.task.ament_cmake.build:Building ROS package in '/home/dimash/debug_clear_ws/src/clearpath_common/clearpath_mounts_description' with build type 'ament_cmake'
[0.470s] INFO:colcon.colcon_cmake.task.cmake.build:Building CMake package in '/home/dimash/debug_clear_ws/src/clearpath_common/clearpath_mounts_description'
[0.470s] INFO:colcon.colcon_core.shell:Skip shell extension 'powershell' for command environment: Not usable outside of PowerShell
[0.470s] DEBUG:colcon.colcon_core.shell:Skip shell extension 'dsv' for command environment
[0.474s] INFO:colcon.colcon_ros.task.ament_cmake.build:Building ROS package in '/home/dimash/debug_clear_ws/src/clearpath_common/clearpath_sensors_description' with build type 'ament_cmake'
[0.474s] INFO:colcon.colcon_cmake.task.cmake.build:Building CMake package in '/home/dimash/debug_clear_ws/src/clearpath_common/clearpath_sensors_description'
[0.474s] INFO:colcon.colcon_core.shell:Skip shell extension 'powershell' for command environment: Not usable outside of PowerShell
[0.474s] DEBUG:colcon.colcon_core.shell:Skip shell extension 'dsv' for command environment
[0.478s] INFO:colcon.colcon_ros.task.ament_cmake.build:Building ROS package in '/home/dimash/debug_clear_ws/src/yolo_ros/yolo_msgs' with build type 'ament_cmake'
[0.478s] INFO:colcon.colcon_cmake.task.cmake.build:Building CMake package in '/home/dimash/debug_clear_ws/src/yolo_ros/yolo_msgs'
[0.478s] INFO:colcon.colcon_core.shell:Skip shell extension 'powershell' for command environment: Not usable outside of PowerShell
[0.478s] DEBUG:colcon.colcon_core.shell:Skip shell extension 'dsv' for command environment
[0.488s] DEBUG:colcon.colcon_core.event_handler.log_command:Invoking command in '/home/dimash/debug_clear_ws/build/clearpath_manipulators_description': CMAKE_PREFIX_PATH=${CMAKE_PREFIX_PATH}:/home/dimash/debug_clear_ws/install/yolo_ros:/home/dimash/debug_clear_ws/install/person_movement:/home/dimash/debug_clear_ws/install/clearpath_config:/opt/ros/humble /usr/bin/cmake --build /home/dimash/debug_clear_ws/build/clearpath_manipulators_description -- -j8 -l8
[0.490s] DEBUG:colcon.colcon_core.event_handler.log_command:Invoking command in '/home/dimash/debug_clear_ws/build/clearpath_platform_description': CMAKE_PREFIX_PATH=${CMAKE_PREFIX_PATH}:/home/dimash/debug_clear_ws/install/yolo_ros:/home/dimash/debug_clear_ws/install/person_movement:/home/dimash/debug_clear_ws/install/clearpath_config:/opt/ros/humble /usr/bin/cmake --build /home/dimash/debug_clear_ws/build/clearpath_platform_description -- -j8 -l8
[0.493s] DEBUG:colcon.colcon_core.event_handler.log_command:Invoking command in '/home/dimash/debug_clear_ws/build/clearpath_platform_msgs': CMAKE_PREFIX_PATH=${CMAKE_PREFIX_PATH}:/home/dimash/debug_clear_ws/install/yolo_ros:/home/dimash/debug_clear_ws/install/person_movement:/home/dimash/debug_clear_ws/install/clearpath_config:/opt/ros/humble /usr/bin/cmake --build /home/dimash/debug_clear_ws/build/clearpath_platform_msgs -- -j8 -l8
[0.843s] INFO:colcon.colcon_core.task.python.build:Building Python package in '/home/dimash/debug_clear_ws/src/clearpath_config'
[0.844s] INFO:colcon.colcon_core.shell:Skip shell extension 'powershell' for command environment: Not usable outside of PowerShell
[0.844s] DEBUG:colcon.colcon_core.shell:Skip shell extension 'dsv' for command environment
[0.855s] DEBUG:colcon.colcon_core.event_handler.log_command:Invoking command in '/home/dimash/debug_clear_ws/build/clearpath_control': CMAKE_PREFIX_PATH=${CMAKE_PREFIX_PATH}:/home/dimash/debug_clear_ws/install/yolo_ros:/home/dimash/debug_clear_ws/install/person_movement:/home/dimash/debug_clear_ws/install/clearpath_config:/opt/ros/humble /usr/bin/cmake --build /home/dimash/debug_clear_ws/build/clearpath_control -- -j8 -l8
[0.858s] DEBUG:colcon.colcon_core.event_handler.log_command:Invoking command in '/home/dimash/debug_clear_ws/build/clearpath_mounts_description': CMAKE_PREFIX_PATH=${CMAKE_PREFIX_PATH}:/home/dimash/debug_clear_ws/install/yolo_ros:/home/dimash/debug_clear_ws/install/person_movement:/home/dimash/debug_clear_ws/install/clearpath_config:/opt/ros/humble /usr/bin/cmake --build /home/dimash/debug_clear_ws/build/clearpath_mounts_description -- -j8 -l8
[0.861s] DEBUG:colcon.colcon_core.event_handler.log_command:Invoking command in '/home/dimash/debug_clear_ws/build/clearpath_sensors_description': CMAKE_PREFIX_PATH=${CMAKE_PREFIX_PATH}:/home/dimash/debug_clear_ws/install/yolo_ros:/home/dimash/debug_clear_ws/install/person_movement:/home/dimash/debug_clear_ws/install/clearpath_config:/opt/ros/humble /usr/bin/cmake --build /home/dimash/debug_clear_ws/build/clearpath_sensors_description -- -j8 -l8
[0.873s] DEBUG:colcon.colcon_core.event_handler.log_command:Invoking command in '/home/dimash/debug_clear_ws/build/yolo_msgs': CMAKE_PREFIX_PATH=${CMAKE_PREFIX_PATH}:/home/dimash/debug_clear_ws/install/yolo_ros:/home/dimash/debug_clear_ws/install/person_movement:/home/dimash/debug_clear_ws/install/clearpath_config:/opt/ros/humble /usr/bin/cmake --build /home/dimash/debug_clear_ws/build/yolo_msgs -- -j8 -l8
[0.877s] DEBUG:colcon.colcon_core.event_handler.log_command:Invoked command in '/home/dimash/debug_clear_ws/build/clearpath_manipulators_description' returned '0': CMAKE_PREFIX_PATH=${CMAKE_PREFIX_PATH}:/home/dimash/debug_clear_ws/install/yolo_ros:/home/dimash/debug_clear_ws/install/person_movement:/home/dimash/debug_clear_ws/install/clearpath_config:/opt/ros/humble /usr/bin/cmake --build /home/dimash/debug_clear_ws/build/clearpath_manipulators_description -- -j8 -l8
[0.888s] DEBUG:colcon.colcon_core.event_handler.log_command:Invoking command in '/home/dimash/debug_clear_ws/build/clearpath_manipulators_description': CMAKE_PREFIX_PATH=${CMAKE_PREFIX_PATH}:/home/dimash/debug_clear_ws/install/yolo_ros:/home/dimash/debug_clear_ws/install/person_movement:/home/dimash/debug_clear_ws/install/clearpath_config:/opt/ros/humble /usr/bin/cmake --install /home/dimash/debug_clear_ws/build/clearpath_manipulators_description
[0.890s] DEBUG:colcon.colcon_core.event_handler.log_command:Invoked command in '/home/dimash/debug_clear_ws/build/clearpath_platform_description' returned '0': CMAKE_PREFIX_PATH=${CMAKE_PREFIX_PATH}:/home/dimash/debug_clear_ws/install/yolo_ros:/home/dimash/debug_clear_ws/install/person_movement:/home/dimash/debug_clear_ws/install/clearpath_config:/opt/ros/humble /usr/bin/cmake --build /home/dimash/debug_clear_ws/build/clearpath_platform_description -- -j8 -l8
[0.891s] DEBUG:colcon.colcon_core.event_handler.log_command:Invoking command in '/home/dimash/debug_clear_ws/build/clearpath_platform_description': CMAKE_PREFIX_PATH=${CMAKE_PREFIX_PATH}:/home/dimash/debug_clear_ws/install/yolo_ros:/home/dimash/debug_clear_ws/install/person_movement:/home/dimash/debug_clear_ws/install/clearpath_config:/opt/ros/humble /usr/bin/cmake --install /home/dimash/debug_clear_ws/build/clearpath_platform_description
[0.918s] Level 1:colcon.colcon_core.environment:create_environment_scripts_only(clearpath_manipulators_description)
[0.926s] Level 1:colcon.colcon_core.environment:checking '/home/dimash/debug_clear_ws/install/clearpath_manipulators_description' for CMake module files
[0.926s] Level 1:colcon.colcon_core.environment:checking '/home/dimash/debug_clear_ws/install/clearpath_manipulators_description' for CMake config files
[0.928s] Level 1:colcon.colcon_core.shell:create_environment_hook('clearpath_manipulators_description', 'cmake_prefix_path')
[0.929s] INFO:colcon.colcon_core.shell:Creating environment hook '/home/dimash/debug_clear_ws/install/clearpath_manipulators_description/share/clearpath_manipulators_description/hook/cmake_prefix_path.ps1'
[0.932s] INFO:colcon.colcon_core.shell:Creating environment descriptor '/home/dimash/debug_clear_ws/install/clearpath_manipulators_description/share/clearpath_manipulators_description/hook/cmake_prefix_path.dsv'
[0.932s] INFO:colcon.colcon_core.shell:Creating environment hook '/home/dimash/debug_clear_ws/install/clearpath_manipulators_description/share/clearpath_manipulators_description/hook/cmake_prefix_path.sh'
[0.933s] Level 1:colcon.colcon_core.environment:checking '/home/dimash/debug_clear_ws/install/clearpath_manipulators_description/bin'
[0.933s] Level 1:colcon.colcon_core.environment:checking '/home/dimash/debug_clear_ws/install/clearpath_manipulators_description/lib/pkgconfig/clearpath_manipulators_description.pc'
[0.934s] Level 1:colcon.colcon_core.environment:checking '/home/dimash/debug_clear_ws/install/clearpath_manipulators_description/lib/python3.10/site-packages'
[0.934s] Level 1:colcon.colcon_core.environment:checking '/home/dimash/debug_clear_ws/install/clearpath_manipulators_description/bin'
[0.934s] INFO:colcon.colcon_core.shell:Creating package script '/home/dimash/debug_clear_ws/install/clearpath_manipulators_description/share/clearpath_manipulators_description/package.ps1'
[0.936s] INFO:colcon.colcon_core.shell:Creating package descriptor '/home/dimash/debug_clear_ws/install/clearpath_manipulators_description/share/clearpath_manipulators_description/package.dsv'
[0.938s] INFO:colcon.colcon_core.shell:Creating package script '/home/dimash/debug_clear_ws/install/clearpath_manipulators_description/share/clearpath_manipulators_description/package.sh'
[0.944s] INFO:colcon.colcon_core.shell:Creating package script '/home/dimash/debug_clear_ws/install/clearpath_manipulators_description/share/clearpath_manipulators_description/package.bash'
[0.946s] INFO:colcon.colcon_core.shell:Creating package script '/home/dimash/debug_clear_ws/install/clearpath_manipulators_description/share/clearpath_manipulators_description/package.zsh'
[0.947s] Level 1:colcon.colcon_core.environment:create_file_with_runtime_dependencies(/home/dimash/debug_clear_ws/install/clearpath_manipulators_description/share/colcon-core/packages/clearpath_manipulators_description)
[0.948s] Level 1:colcon.colcon_core.environment:create_environment_scripts_only(clearpath_manipulators_description)
[0.948s] Level 1:colcon.colcon_core.environment:checking '/home/dimash/debug_clear_ws/install/clearpath_manipulators_description' for CMake module files
[0.949s] Level 1:colcon.colcon_core.environment:checking '/home/dimash/debug_clear_ws/install/clearpath_manipulators_description' for CMake config files
[0.949s] Level 1:colcon.colcon_core.shell:create_environment_hook('clearpath_manipulators_description', 'cmake_prefix_path')
[0.950s] INFO:colcon.colcon_core.shell:Creating environment hook '/home/dimash/debug_clear_ws/install/clearpath_manipulators_description/share/clearpath_manipulators_description/hook/cmake_prefix_path.ps1'
[0.950s] DEBUG:colcon.colcon_core.event_handler.log_command:Invoked command in '/home/dimash/debug_clear_ws/build/clearpath_mounts_description' returned '0': CMAKE_PREFIX_PATH=${CMAKE_PREFIX_PATH}:/home/dimash/debug_clear_ws/install/yolo_ros:/home/dimash/debug_clear_ws/install/person_movement:/home/dimash/debug_clear_ws/install/clearpath_config:/opt/ros/humble /usr/bin/cmake --build /home/dimash/debug_clear_ws/build/clearpath_mounts_description -- -j8 -l8
[0.954s] INFO:colcon.colcon_core.shell:Creating environment descriptor '/home/dimash/debug_clear_ws/install/clearpath_manipulators_description/share/clearpath_manipulators_description/hook/cmake_prefix_path.dsv'
[0.954s] INFO:colcon.colcon_core.shell:Creating environment hook '/home/dimash/debug_clear_ws/install/clearpath_manipulators_description/share/clearpath_manipulators_description/hook/cmake_prefix_path.sh'
[0.955s] Level 1:colcon.colcon_core.environment:checking '/home/dimash/debug_clear_ws/install/clearpath_manipulators_description/bin'
[0.955s] Level 1:colcon.colcon_core.environment:checking '/home/dimash/debug_clear_ws/install/clearpath_manipulators_description/lib/pkgconfig/clearpath_manipulators_description.pc'
[0.956s] Level 1:colcon.colcon_core.environment:checking '/home/dimash/debug_clear_ws/install/clearpath_manipulators_description/lib/python3.10/site-packages'
[0.956s] Level 1:colcon.colcon_core.environment:checking '/home/dimash/debug_clear_ws/install/clearpath_manipulators_description/bin'
[0.956s] INFO:colcon.colcon_core.shell:Creating package script '/home/dimash/debug_clear_ws/install/clearpath_manipulators_description/share/clearpath_manipulators_description/package.ps1'
[0.957s] INFO:colcon.colcon_core.shell:Creating package descriptor '/home/dimash/debug_clear_ws/install/clearpath_manipulators_description/share/clearpath_manipulators_description/package.dsv'
[0.962s] INFO:colcon.colcon_core.shell:Creating package script '/home/dimash/debug_clear_ws/install/clearpath_manipulators_description/share/clearpath_manipulators_description/package.sh'
[0.963s] INFO:colcon.colcon_core.shell:Creating package script '/home/dimash/debug_clear_ws/install/clearpath_manipulators_description/share/clearpath_manipulators_description/package.bash'
[0.963s] INFO:colcon.colcon_core.shell:Creating package script '/home/dimash/debug_clear_ws/install/clearpath_manipulators_description/share/clearpath_manipulators_description/package.zsh'
[0.964s] Level 1:colcon.colcon_core.environment:create_file_with_runtime_dependencies(/home/dimash/debug_clear_ws/install/clearpath_manipulators_description/share/colcon-core/packages/clearpath_manipulators_description)
[0.967s] INFO:colcon.colcon_ros.task.ament_cmake.build:Building ROS package in '/home/dimash/debug_clear_ws/src/clearpath_common/clearpath_manipulators' with build type 'ament_cmake'
[0.967s] INFO:colcon.colcon_cmake.task.cmake.build:Building CMake package in '/home/dimash/debug_clear_ws/src/clearpath_common/clearpath_manipulators'
[0.967s] INFO:colcon.colcon_core.shell:Skip shell extension 'powershell' for command environment: Not usable outside of PowerShell
[0.969s] DEBUG:colcon.colcon_core.shell:Skip shell extension 'dsv' for command environment
[0.988s] DEBUG:colcon.colcon_core.event_handler.log_command:Invoking command in '/home/dimash/debug_clear_ws/build/clearpath_mounts_description': CMAKE_PREFIX_PATH=${CMAKE_PREFIX_PATH}:/home/dimash/debug_clear_ws/install/yolo_ros:/home/dimash/debug_clear_ws/install/person_movement:/home/dimash/debug_clear_ws/install/clearpath_config:/opt/ros/humble /usr/bin/cmake --install /home/dimash/debug_clear_ws/build/clearpath_mounts_description
[0.989s] DEBUG:colcon.colcon_core.event_handler.log_command:Invoked command in '/home/dimash/debug_clear_ws/build/clearpath_control' returned '0': CMAKE_PREFIX_PATH=${CMAKE_PREFIX_PATH}:/home/dimash/debug_clear_ws/install/yolo_ros:/home/dimash/debug_clear_ws/install/person_movement:/home/dimash/debug_clear_ws/install/clearpath_config:/opt/ros/humble /usr/bin/cmake --build /home/dimash/debug_clear_ws/build/clearpath_control -- -j8 -l8
[0.989s] DEBUG:colcon.colcon_core.event_handler.log_command:Invoking command in '/home/dimash/debug_clear_ws/build/clearpath_control': CMAKE_PREFIX_PATH=${CMAKE_PREFIX_PATH}:/home/dimash/debug_clear_ws/install/yolo_ros:/home/dimash/debug_clear_ws/install/person_movement:/home/dimash/debug_clear_ws/install/clearpath_config:/opt/ros/humble /usr/bin/cmake --install /home/dimash/debug_clear_ws/build/clearpath_control
[0.992s] DEBUG:colcon.colcon_core.event_handler.log_command:Invoked command in '/home/dimash/debug_clear_ws/build/clearpath_manipulators_description' returned '0': CMAKE_PREFIX_PATH=${CMAKE_PREFIX_PATH}:/home/dimash/debug_clear_ws/install/yolo_ros:/home/dimash/debug_clear_ws/install/person_movement:/home/dimash/debug_clear_ws/install/clearpath_config:/opt/ros/humble /usr/bin/cmake --install /home/dimash/debug_clear_ws/build/clearpath_manipulators_description
[1.013s] Level 1:colcon.colcon_core.environment:create_environment_scripts_only(clearpath_platform_description)
[1.013s] Level 1:colcon.colcon_core.environment:checking '/home/dimash/debug_clear_ws/install/clearpath_platform_description' for CMake module files
[1.020s] Level 1:colcon.colcon_core.environment:checking '/home/dimash/debug_clear_ws/install/clearpath_platform_description' for CMake config files
[1.021s] Level 1:colcon.colcon_core.shell:create_environment_hook('clearpath_platform_description', 'cmake_prefix_path')
[1.021s] INFO:colcon.colcon_core.shell:Creating environment hook '/home/dimash/debug_clear_ws/install/clearpath_platform_description/share/clearpath_platform_description/hook/cmake_prefix_path.ps1'
[1.022s] INFO:colcon.colcon_core.shell:Creating environment descriptor '/home/dimash/debug_clear_ws/install/clearpath_platform_description/share/clearpath_platform_description/hook/cmake_prefix_path.dsv'
[1.022s] INFO:colcon.colcon_core.shell:Creating environment hook '/home/dimash/debug_clear_ws/install/clearpath_platform_description/share/clearpath_platform_description/hook/cmake_prefix_path.sh'
[1.024s] Level 1:colcon.colcon_core.environment:checking '/home/dimash/debug_clear_ws/install/clearpath_platform_description/bin'
[1.024s] Level 1:colcon.colcon_core.environment:checking '/home/dimash/debug_clear_ws/install/clearpath_platform_description/lib/pkgconfig/clearpath_platform_description.pc'
[1.025s] Level 1:colcon.colcon_core.environment:checking '/home/dimash/debug_clear_ws/install/clearpath_platform_description/lib/python3.10/site-packages'
[1.025s] Level 1:colcon.colcon_core.environment:checking '/home/dimash/debug_clear_ws/install/clearpath_platform_description/bin'
[1.026s] INFO:colcon.colcon_core.shell:Creating package script '/home/dimash/debug_clear_ws/install/clearpath_platform_description/share/clearpath_platform_description/package.ps1'
[1.028s] INFO:colcon.colcon_core.shell:Creating package descriptor '/home/dimash/debug_clear_ws/install/clearpath_platform_description/share/clearpath_platform_description/package.dsv'
[1.029s] DEBUG:colcon.colcon_core.event_handler.log_command:Invoked command in '/home/dimash/debug_clear_ws/build/clearpath_sensors_description' returned '0': CMAKE_PREFIX_PATH=${CMAKE_PREFIX_PATH}:/home/dimash/debug_clear_ws/install/yolo_ros:/home/dimash/debug_clear_ws/install/person_movement:/home/dimash/debug_clear_ws/install/clearpath_config:/opt/ros/humble /usr/bin/cmake --build /home/dimash/debug_clear_ws/build/clearpath_sensors_description -- -j8 -l8
[1.030s] INFO:colcon.colcon_core.shell:Creating package script '/home/dimash/debug_clear_ws/install/clearpath_platform_description/share/clearpath_platform_description/package.sh'
[1.031s] DEBUG:colcon.colcon_core.event_handler.log_command:Invoking command in '/home/dimash/debug_clear_ws/build/clearpath_sensors_description': CMAKE_PREFIX_PATH=${CMAKE_PREFIX_PATH}:/home/dimash/debug_clear_ws/install/yolo_ros:/home/dimash/debug_clear_ws/install/person_movement:/home/dimash/debug_clear_ws/install/clearpath_config:/opt/ros/humble /usr/bin/cmake --install /home/dimash/debug_clear_ws/build/clearpath_sensors_description
[1.032s] DEBUG:colcon.colcon_core.event_handler.log_command:Invoked command in '/home/dimash/debug_clear_ws/build/clearpath_platform_description' returned '0': CMAKE_PREFIX_PATH=${CMAKE_PREFIX_PATH}:/home/dimash/debug_clear_ws/install/yolo_ros:/home/dimash/debug_clear_ws/install/person_movement:/home/dimash/debug_clear_ws/install/clearpath_config:/opt/ros/humble /usr/bin/cmake --install /home/dimash/debug_clear_ws/build/clearpath_platform_description
[1.032s] INFO:colcon.colcon_core.shell:Creating package script '/home/dimash/debug_clear_ws/install/clearpath_platform_description/share/clearpath_platform_description/package.bash'
[1.033s] INFO:colcon.colcon_core.shell:Creating package script '/home/dimash/debug_clear_ws/install/clearpath_platform_description/share/clearpath_platform_description/package.zsh'
[1.034s] Level 1:colcon.colcon_core.environment:create_file_with_runtime_dependencies(/home/dimash/debug_clear_ws/install/clearpath_platform_description/share/colcon-core/packages/clearpath_platform_description)
[1.034s] Level 1:colcon.colcon_core.environment:create_environment_scripts_only(clearpath_platform_description)
[1.035s] Level 1:colcon.colcon_core.environment:checking '/home/dimash/debug_clear_ws/install/clearpath_platform_description' for CMake module files
[1.035s] Level 1:colcon.colcon_core.environment:checking '/home/dimash/debug_clear_ws/install/clearpath_platform_description' for CMake config files
[1.036s] Level 1:colcon.colcon_core.shell:create_environment_hook('clearpath_platform_description', 'cmake_prefix_path')
[1.036s] INFO:colcon.colcon_core.shell:Creating environment hook '/home/dimash/debug_clear_ws/install/clearpath_platform_description/share/clearpath_platform_description/hook/cmake_prefix_path.ps1'
[1.037s] INFO:colcon.colcon_core.shell:Creating environment descriptor '/home/dimash/debug_clear_ws/install/clearpath_platform_description/share/clearpath_platform_description/hook/cmake_prefix_path.dsv'
[1.037s] INFO:colcon.colcon_core.shell:Creating environment hook '/home/dimash/debug_clear_ws/install/clearpath_platform_description/share/clearpath_platform_description/hook/cmake_prefix_path.sh'
[1.038s] Level 1:colcon.colcon_core.environment:checking '/home/dimash/debug_clear_ws/install/clearpath_platform_description/bin'
[1.038s] Level 1:colcon.colcon_core.environment:checking '/home/dimash/debug_clear_ws/install/clearpath_platform_description/lib/pkgconfig/clearpath_platform_description.pc'
[1.038s] Level 1:colcon.colcon_core.environment:checking '/home/dimash/debug_clear_ws/install/clearpath_platform_description/lib/python3.10/site-packages'
[1.039s] Level 1:colcon.colcon_core.environment:checking '/home/dimash/debug_clear_ws/install/clearpath_platform_description/bin'
[1.039s] INFO:colcon.colcon_core.shell:Creating package script '/home/dimash/debug_clear_ws/install/clearpath_platform_description/share/clearpath_platform_description/package.ps1'
[1.040s] INFO:colcon.colcon_core.shell:Creating package descriptor '/home/dimash/debug_clear_ws/install/clearpath_platform_description/share/clearpath_platform_description/package.dsv'
[1.041s] INFO:colcon.colcon_core.shell:Creating package script '/home/dimash/debug_clear_ws/install/clearpath_platform_description/share/clearpath_platform_description/package.sh'
[1.041s] INFO:colcon.colcon_core.shell:Creating package script '/home/dimash/debug_clear_ws/install/clearpath_platform_description/share/clearpath_platform_description/package.bash'
[1.041s] INFO:colcon.colcon_core.shell:Creating package script '/home/dimash/debug_clear_ws/install/clearpath_platform_description/share/clearpath_platform_description/package.zsh'
[1.042s] Level 1:colcon.colcon_core.environment:create_file_with_runtime_dependencies(/home/dimash/debug_clear_ws/install/clearpath_platform_description/share/colcon-core/packages/clearpath_platform_description)
[1.043s] Level 1:colcon.colcon_core.environment:create_environment_scripts_only(clearpath_mounts_description)
[1.043s] Level 1:colcon.colcon_core.environment:checking '/home/dimash/debug_clear_ws/install/clearpath_mounts_description' for CMake module files
[1.044s] DEBUG:colcon.colcon_core.event_handler.log_command:Invoked command in '/home/dimash/debug_clear_ws/build/clearpath_mounts_description' returned '0': CMAKE_PREFIX_PATH=${CMAKE_PREFIX_PATH}:/home/dimash/debug_clear_ws/install/yolo_ros:/home/dimash/debug_clear_ws/install/person_movement:/home/dimash/debug_clear_ws/install/clearpath_config:/opt/ros/humble /usr/bin/cmake --install /home/dimash/debug_clear_ws/build/clearpath_mounts_description
[1.045s] Level 1:colcon.colcon_core.environment:checking '/home/dimash/debug_clear_ws/install/clearpath_mounts_description' for CMake config files
[1.049s] Level 1:colcon.colcon_core.shell:create_environment_hook('clearpath_mounts_description', 'cmake_prefix_path')
[1.049s] INFO:colcon.colcon_core.shell:Creating environment hook '/home/dimash/debug_clear_ws/install/clearpath_mounts_description/share/clearpath_mounts_description/hook/cmake_prefix_path.ps1'
[1.050s] INFO:colcon.colcon_core.shell:Creating environment descriptor '/home/dimash/debug_clear_ws/install/clearpath_mounts_description/share/clearpath_mounts_description/hook/cmake_prefix_path.dsv'
[1.050s] INFO:colcon.colcon_core.shell:Creating environment hook '/home/dimash/debug_clear_ws/install/clearpath_mounts_description/share/clearpath_mounts_description/hook/cmake_prefix_path.sh'
[1.051s] Level 1:colcon.colcon_core.environment:checking '/home/dimash/debug_clear_ws/install/clearpath_mounts_description/bin'
[1.051s] Level 1:colcon.colcon_core.environment:checking '/home/dimash/debug_clear_ws/install/clearpath_mounts_description/lib/pkgconfig/clearpath_mounts_description.pc'
[1.052s] Level 1:colcon.colcon_core.environment:checking '/home/dimash/debug_clear_ws/install/clearpath_mounts_description/lib/python3.10/site-packages'
[1.052s] Level 1:colcon.colcon_core.environment:checking '/home/dimash/debug_clear_ws/install/clearpath_mounts_description/bin'
[1.052s] INFO:colcon.colcon_core.shell:Creating package script '/home/dimash/debug_clear_ws/install/clearpath_mounts_description/share/clearpath_mounts_description/package.ps1'
[1.053s] INFO:colcon.colcon_core.shell:Creating package descriptor '/home/dimash/debug_clear_ws/install/clearpath_mounts_description/share/clearpath_mounts_description/package.dsv'
[1.054s] INFO:colcon.colcon_core.shell:Creating package script '/home/dimash/debug_clear_ws/install/clearpath_mounts_description/share/clearpath_mounts_description/package.sh'
[1.054s] INFO:colcon.colcon_core.shell:Creating package script '/home/dimash/debug_clear_ws/install/clearpath_mounts_description/share/clearpath_mounts_description/package.bash'
[1.055s] INFO:colcon.colcon_core.shell:Creating package script '/home/dimash/debug_clear_ws/install/clearpath_mounts_description/share/clearpath_mounts_description/package.zsh'
[1.055s] Level 1:colcon.colcon_core.environment:create_file_with_runtime_dependencies(/home/dimash/debug_clear_ws/install/clearpath_mounts_description/share/colcon-core/packages/clearpath_mounts_description)
[1.056s] Level 1:colcon.colcon_core.environment:create_environment_scripts_only(clearpath_mounts_description)
[1.057s] Level 1:colcon.colcon_core.environment:checking '/home/dimash/debug_clear_ws/install/clearpath_mounts_description' for CMake module files
[1.057s] Level 1:colcon.colcon_core.environment:checking '/home/dimash/debug_clear_ws/install/clearpath_mounts_description' for CMake config files
[1.058s] Level 1:colcon.colcon_core.shell:create_environment_hook('clearpath_mounts_description', 'cmake_prefix_path')
[1.058s] INFO:colcon.colcon_core.shell:Creating environment hook '/home/dimash/debug_clear_ws/install/clearpath_mounts_description/share/clearpath_mounts_description/hook/cmake_prefix_path.ps1'
[1.059s] INFO:colcon.colcon_core.shell:Creating environment descriptor '/home/dimash/debug_clear_ws/install/clearpath_mounts_description/share/clearpath_mounts_description/hook/cmake_prefix_path.dsv'
[1.059s] INFO:colcon.colcon_core.shell:Creating environment hook '/home/dimash/debug_clear_ws/install/clearpath_mounts_description/share/clearpath_mounts_description/hook/cmake_prefix_path.sh'
[1.060s] Level 1:colcon.colcon_core.environment:checking '/home/dimash/debug_clear_ws/install/clearpath_mounts_description/bin'
[1.060s] Level 1:colcon.colcon_core.environment:checking '/home/dimash/debug_clear_ws/install/clearpath_mounts_description/lib/pkgconfig/clearpath_mounts_description.pc'
[1.060s] Level 1:colcon.colcon_core.environment:checking '/home/dimash/debug_clear_ws/install/clearpath_mounts_description/lib/python3.10/site-packages'
[1.061s] Level 1:colcon.colcon_core.environment:checking '/home/dimash/debug_clear_ws/install/clearpath_mounts_description/bin'
[1.061s] INFO:colcon.colcon_core.shell:Creating package script '/home/dimash/debug_clear_ws/install/clearpath_mounts_description/share/clearpath_mounts_description/package.ps1'
[1.062s] INFO:colcon.colcon_core.shell:Creating package descriptor '/home/dimash/debug_clear_ws/install/clearpath_mounts_description/share/clearpath_mounts_description/package.dsv'
[1.063s] INFO:colcon.colcon_core.shell:Creating package script '/home/dimash/debug_clear_ws/install/clearpath_mounts_description/share/clearpath_mounts_description/package.sh'
[1.063s] INFO:colcon.colcon_core.shell:Creating package script '/home/dimash/debug_clear_ws/install/clearpath_mounts_description/share/clearpath_mounts_description/package.bash'
[1.064s] INFO:colcon.colcon_core.shell:Creating package script '/home/dimash/debug_clear_ws/install/clearpath_mounts_description/share/clearpath_mounts_description/package.zsh'
[1.065s] Level 1:colcon.colcon_core.environment:create_file_with_runtime_dependencies(/home/dimash/debug_clear_ws/install/clearpath_mounts_description/share/colcon-core/packages/clearpath_mounts_description)
[1.068s] Level 1:colcon.colcon_core.environment:create_environment_scripts_only(clearpath_control)
[1.068s] Level 1:colcon.colcon_core.environment:checking '/home/dimash/debug_clear_ws/install/clearpath_control' for CMake module files
[1.069s] Level 1:colcon.colcon_core.environment:checking '/home/dimash/debug_clear_ws/install/clearpath_control' for CMake config files
[1.070s] Level 1:colcon.colcon_core.shell:create_environment_hook('clearpath_control', 'cmake_prefix_path')
[1.070s] INFO:colcon.colcon_core.shell:Creating environment hook '/home/dimash/debug_clear_ws/install/clearpath_control/share/clearpath_control/hook/cmake_prefix_path.ps1'
[1.071s] INFO:colcon.colcon_core.shell:Creating environment descriptor '/home/dimash/debug_clear_ws/install/clearpath_control/share/clearpath_control/hook/cmake_prefix_path.dsv'
[1.071s] INFO:colcon.colcon_core.shell:Creating environment hook '/home/dimash/debug_clear_ws/install/clearpath_control/share/clearpath_control/hook/cmake_prefix_path.sh'
[1.077s] DEBUG:colcon.colcon_core.event_handler.log_command:Invoked command in '/home/dimash/debug_clear_ws/build/clearpath_platform_msgs' returned '0': CMAKE_PREFIX_PATH=${CMAKE_PREFIX_PATH}:/home/dimash/debug_clear_ws/install/yolo_ros:/home/dimash/debug_clear_ws/install/person_movement:/home/dimash/debug_clear_ws/install/clearpath_config:/opt/ros/humble /usr/bin/cmake --build /home/dimash/debug_clear_ws/build/clearpath_platform_msgs -- -j8 -l8
[1.078s] DEBUG:colcon.colcon_core.event_handler.log_command:Invoking command in '/home/dimash/debug_clear_ws/build/clearpath_platform_msgs': CMAKE_PREFIX_PATH=${CMAKE_PREFIX_PATH}:/home/dimash/debug_clear_ws/install/yolo_ros:/home/dimash/debug_clear_ws/install/person_movement:/home/dimash/debug_clear_ws/install/clearpath_config:/opt/ros/humble /usr/bin/cmake --install /home/dimash/debug_clear_ws/build/clearpath_platform_msgs
[1.079s] DEBUG:colcon.colcon_core.event_handler.log_command:Invoked command in '/home/dimash/debug_clear_ws/build/clearpath_control' returned '0': CMAKE_PREFIX_PATH=${CMAKE_PREFIX_PATH}:/home/dimash/debug_clear_ws/install/yolo_ros:/home/dimash/debug_clear_ws/install/person_movement:/home/dimash/debug_clear_ws/install/clearpath_config:/opt/ros/humble /usr/bin/cmake --install /home/dimash/debug_clear_ws/build/clearpath_control
[1.079s] Level 1:colcon.colcon_core.environment:checking '/home/dimash/debug_clear_ws/install/clearpath_control/bin'
[1.079s] Level 1:colcon.colcon_core.environment:checking '/home/dimash/debug_clear_ws/install/clearpath_control/lib/pkgconfig/clearpath_control.pc'
[1.080s] Level 1:colcon.colcon_core.environment:checking '/home/dimash/debug_clear_ws/install/clearpath_control/lib/python3.10/site-packages'
[1.080s] Level 1:colcon.colcon_core.environment:checking '/home/dimash/debug_clear_ws/install/clearpath_control/bin'
[1.081s] INFO:colcon.colcon_core.shell:Creating package script '/home/dimash/debug_clear_ws/install/clearpath_control/share/clearpath_control/package.ps1'
[1.081s] INFO:colcon.colcon_core.shell:Creating package descriptor '/home/dimash/debug_clear_ws/install/clearpath_control/share/clearpath_control/package.dsv'
[1.082s] INFO:colcon.colcon_core.shell:Creating package script '/home/dimash/debug_clear_ws/install/clearpath_control/share/clearpath_control/package.sh'
[1.082s] INFO:colcon.colcon_core.shell:Creating package script '/home/dimash/debug_clear_ws/install/clearpath_control/share/clearpath_control/package.bash'
[1.083s] INFO:colcon.colcon_core.shell:Creating package script '/home/dimash/debug_clear_ws/install/clearpath_control/share/clearpath_control/package.zsh'
[1.084s] Level 1:colcon.colcon_core.environment:create_file_with_runtime_dependencies(/home/dimash/debug_clear_ws/install/clearpath_control/share/colcon-core/packages/clearpath_control)
[1.086s] Level 1:colcon.colcon_core.environment:create_environment_scripts_only(clearpath_control)
[1.086s] Level 1:colcon.colcon_core.environment:checking '/home/dimash/debug_clear_ws/install/clearpath_control' for CMake module files
[1.087s] Level 1:colcon.colcon_core.environment:checking '/home/dimash/debug_clear_ws/install/clearpath_control' for CMake config files
[1.087s] Level 1:colcon.colcon_core.shell:create_environment_hook('clearpath_control', 'cmake_prefix_path')
[1.088s] INFO:colcon.colcon_core.shell:Creating environment hook '/home/dimash/debug_clear_ws/install/clearpath_control/share/clearpath_control/hook/cmake_prefix_path.ps1'
[1.088s] INFO:colcon.colcon_core.shell:Creating environment descriptor '/home/dimash/debug_clear_ws/install/clearpath_control/share/clearpath_control/hook/cmake_prefix_path.dsv'
[1.089s] INFO:colcon.colcon_core.shell:Creating environment hook '/home/dimash/debug_clear_ws/install/clearpath_control/share/clearpath_control/hook/cmake_prefix_path.sh'
[1.089s] Level 1:colcon.colcon_core.environment:checking '/home/dimash/debug_clear_ws/install/clearpath_control/bin'
[1.090s] Level 1:colcon.colcon_core.environment:checking '/home/dimash/debug_clear_ws/install/clearpath_control/lib/pkgconfig/clearpath_control.pc'
[1.090s] Level 1:colcon.colcon_core.environment:checking '/home/dimash/debug_clear_ws/install/clearpath_control/lib/python3.10/site-packages'
[1.090s] Level 1:colcon.colcon_core.environment:checking '/home/dimash/debug_clear_ws/install/clearpath_control/bin'
[1.091s] INFO:colcon.colcon_core.shell:Creating package script '/home/dimash/debug_clear_ws/install/clearpath_control/share/clearpath_control/package.ps1'
[1.092s] INFO:colcon.colcon_core.shell:Creating package descriptor '/home/dimash/debug_clear_ws/install/clearpath_control/share/clearpath_control/package.dsv'
[1.093s] INFO:colcon.colcon_core.shell:Creating package script '/home/dimash/debug_clear_ws/install/clearpath_control/share/clearpath_control/package.sh'
[1.093s] INFO:colcon.colcon_core.shell:Creating package script '/home/dimash/debug_clear_ws/install/clearpath_control/share/clearpath_control/package.bash'
[1.094s] INFO:colcon.colcon_core.shell:Creating package script '/home/dimash/debug_clear_ws/install/clearpath_control/share/clearpath_control/package.zsh'
[1.094s] Level 1:colcon.colcon_core.environment:create_file_with_runtime_dependencies(/home/dimash/debug_clear_ws/install/clearpath_control/share/colcon-core/packages/clearpath_control)
[1.095s] INFO:colcon.colcon_ros.task.ament_cmake.build:Building ROS package in '/home/dimash/debug_clear_ws/src/clearpath_common/clearpath_customization' with build type 'ament_cmake'
[1.095s] INFO:colcon.colcon_cmake.task.cmake.build:Building CMake package in '/home/dimash/debug_clear_ws/src/clearpath_common/clearpath_customization'
[1.096s] INFO:colcon.colcon_core.shell:Skip shell extension 'powershell' for command environment: Not usable outside of PowerShell
[1.096s] DEBUG:colcon.colcon_core.shell:Skip shell extension 'dsv' for command environment
[1.105s] INFO:colcon.colcon_ros.task.ament_python.build:Building ROS package in '/home/dimash/debug_clear_ws/src/person_movement' with build type 'ament_python'
[1.105s] Level 1:colcon.colcon_core.shell:create_environment_hook('person_movement', 'ament_prefix_path')
[1.106s] INFO:colcon.colcon_core.shell:Creating environment hook '/home/dimash/debug_clear_ws/install/person_movement/share/person_movement/hook/ament_prefix_path.ps1'
[1.106s] INFO:colcon.colcon_core.shell:Creating environment descriptor '/home/dimash/debug_clear_ws/install/person_movement/share/person_movement/hook/ament_prefix_path.dsv'
[1.107s] INFO:colcon.colcon_core.shell:Creating environment hook '/home/dimash/debug_clear_ws/install/person_movement/share/person_movement/hook/ament_prefix_path.sh'
[1.108s] INFO:colcon.colcon_core.shell:Skip shell extension 'powershell' for command environment: Not usable outside of PowerShell
[1.108s] DEBUG:colcon.colcon_core.shell:Skip shell extension 'dsv' for command environment
[1.120s] Level 1:colcon.colcon_core.environment:create_environment_scripts_only(clearpath_sensors_description)
[1.121s] Level 1:colcon.colcon_core.environment:checking '/home/dimash/debug_clear_ws/install/clearpath_sensors_description' for CMake module files
[1.122s] DEBUG:colcon.colcon_core.event_handler.log_command:Invoked command in '/home/dimash/debug_clear_ws/build/clearpath_sensors_description' returned '0': CMAKE_PREFIX_PATH=${CMAKE_PREFIX_PATH}:/home/dimash/debug_clear_ws/install/yolo_ros:/home/dimash/debug_clear_ws/install/person_movement:/home/dimash/debug_clear_ws/install/clearpath_config:/opt/ros/humble /usr/bin/cmake --install /home/dimash/debug_clear_ws/build/clearpath_sensors_description
[1.122s] Level 1:colcon.colcon_core.environment:checking '/home/dimash/debug_clear_ws/install/clearpath_sensors_description' for CMake config files
[1.122s] Level 1:colcon.colcon_core.shell:create_environment_hook('clearpath_sensors_description', 'cmake_prefix_path')
[1.123s] INFO:colcon.colcon_core.shell:Creating environment hook '/home/dimash/debug_clear_ws/install/clearpath_sensors_description/share/clearpath_sensors_description/hook/cmake_prefix_path.ps1'
[1.123s] INFO:colcon.colcon_core.shell:Creating environment descriptor '/home/dimash/debug_clear_ws/install/clearpath_sensors_description/share/clearpath_sensors_description/hook/cmake_prefix_path.dsv'
[1.124s] INFO:colcon.colcon_core.shell:Creating environment hook '/home/dimash/debug_clear_ws/install/clearpath_sensors_description/share/clearpath_sensors_description/hook/cmake_prefix_path.sh'
[1.125s] Level 1:colcon.colcon_core.environment:checking '/home/dimash/debug_clear_ws/install/clearpath_sensors_description/bin'
[1.125s] Level 1:colcon.colcon_core.environment:checking '/home/dimash/debug_clear_ws/install/clearpath_sensors_description/lib/pkgconfig/clearpath_sensors_description.pc'
[1.125s] Level 1:colcon.colcon_core.environment:checking '/home/dimash/debug_clear_ws/install/clearpath_sensors_description/lib/python3.10/site-packages'
[1.125s] Level 1:colcon.colcon_core.environment:checking '/home/dimash/debug_clear_ws/install/clearpath_sensors_description/bin'
[1.126s] INFO:colcon.colcon_core.shell:Creating package script '/home/dimash/debug_clear_ws/install/clearpath_sensors_description/share/clearpath_sensors_description/package.ps1'
[1.127s] INFO:colcon.colcon_core.shell:Creating package descriptor '/home/dimash/debug_clear_ws/install/clearpath_sensors_description/share/clearpath_sensors_description/package.dsv'
[1.128s] INFO:colcon.colcon_core.shell:Creating package script '/home/dimash/debug_clear_ws/install/clearpath_sensors_description/share/clearpath_sensors_description/package.sh'
[1.130s] INFO:colcon.colcon_core.shell:Creating package script '/home/dimash/debug_clear_ws/install/clearpath_sensors_description/share/clearpath_sensors_description/package.bash'
[1.131s] INFO:colcon.colcon_core.shell:Creating package script '/home/dimash/debug_clear_ws/install/clearpath_sensors_description/share/clearpath_sensors_description/package.zsh'
[1.133s] Level 1:colcon.colcon_core.environment:create_file_with_runtime_dependencies(/home/dimash/debug_clear_ws/install/clearpath_sensors_description/share/colcon-core/packages/clearpath_sensors_description)
[1.137s] Level 1:colcon.colcon_core.environment:create_environment_scripts_only(clearpath_sensors_description)
[1.139s] Level 1:colcon.colcon_core.environment:checking '/home/dimash/debug_clear_ws/install/clearpath_sensors_description' for CMake module files
[1.149s] Level 1:colcon.colcon_core.environment:checking '/home/dimash/debug_clear_ws/install/clearpath_sensors_description' for CMake config files
[1.149s] Level 1:colcon.colcon_core.shell:create_environment_hook('clearpath_sensors_description', 'cmake_prefix_path')
[1.150s] INFO:colcon.colcon_core.shell:Creating environment hook '/home/dimash/debug_clear_ws/install/clearpath_sensors_description/share/clearpath_sensors_description/hook/cmake_prefix_path.ps1'
[1.153s] INFO:colcon.colcon_core.shell:Creating environment descriptor '/home/dimash/debug_clear_ws/install/clearpath_sensors_description/share/clearpath_sensors_description/hook/cmake_prefix_path.dsv'
[1.154s] INFO:colcon.colcon_core.shell:Creating environment hook '/home/dimash/debug_clear_ws/install/clearpath_sensors_description/share/clearpath_sensors_description/hook/cmake_prefix_path.sh'
[1.154s] Level 1:colcon.colcon_core.environment:checking '/home/dimash/debug_clear_ws/install/clearpath_sensors_description/bin'
[1.155s] Level 1:colcon.colcon_core.environment:checking '/home/dimash/debug_clear_ws/install/clearpath_sensors_description/lib/pkgconfig/clearpath_sensors_description.pc'
[1.155s] Level 1:colcon.colcon_core.environment:checking '/home/dimash/debug_clear_ws/install/clearpath_sensors_description/lib/python3.10/site-packages'
[1.155s] Level 1:colcon.colcon_core.environment:checking '/home/dimash/debug_clear_ws/install/clearpath_sensors_description/bin'
[1.156s] INFO:colcon.colcon_core.shell:Creating package script '/home/dimash/debug_clear_ws/install/clearpath_sensors_description/share/clearpath_sensors_description/package.ps1'
[1.161s] INFO:colcon.colcon_core.shell:Creating package descriptor '/home/dimash/debug_clear_ws/install/clearpath_sensors_description/share/clearpath_sensors_description/package.dsv'
[1.161s] INFO:colcon.colcon_core.shell:Creating package script '/home/dimash/debug_clear_ws/install/clearpath_sensors_description/share/clearpath_sensors_description/package.sh'
[1.162s] INFO:colcon.colcon_core.shell:Creating package script '/home/dimash/debug_clear_ws/install/clearpath_sensors_description/share/clearpath_sensors_description/package.bash'
[1.163s] INFO:colcon.colcon_core.shell:Creating package script '/home/dimash/debug_clear_ws/install/clearpath_sensors_description/share/clearpath_sensors_description/package.zsh'
[1.163s] Level 1:colcon.colcon_core.environment:create_file_with_runtime_dependencies(/home/dimash/debug_clear_ws/install/clearpath_sensors_description/share/colcon-core/packages/clearpath_sensors_description)
[1.176s] INFO:colcon.colcon_ros.task.ament_cmake.build:Building ROS package in '/home/dimash/debug_clear_ws/src/clearpath_common/clearpath_description' with build type 'ament_cmake'
[1.176s] INFO:colcon.colcon_cmake.task.cmake.build:Building CMake package in '/home/dimash/debug_clear_ws/src/clearpath_common/clearpath_description'
[1.177s] INFO:colcon.colcon_core.shell:Skip shell extension 'powershell' for command environment: Not usable outside of PowerShell
[1.177s] DEBUG:colcon.colcon_core.shell:Skip shell extension 'dsv' for command environment
[1.191s] DEBUG:colcon.colcon_core.event_handler.log_command:Invoking command in '/home/dimash/debug_clear_ws/build/clearpath_manipulators': CMAKE_PREFIX_PATH=/home/dimash/debug_clear_ws/install/clearpath_manipulators_description:/home/dimash/debug_clear_ws/install/yolo_bringup:/home/dimash/debug_clear_ws/install/mpc_low:/home/dimash/debug_clear_ws/install/yolo_msgs:/home/dimash/debug_clear_ws/install/point_cloud_debug:/home/dimash/debug_clear_ws/install/move_model_plugin:/home/dimash/debug_clear_ws/install/clearpath_simulator:/home/dimash/debug_clear_ws/install/clearpath_gz:/home/dimash/debug_clear_ws/install/clearpath_generator_gz:/home/dimash/debug_clear_ws/install/clearpath_common:/home/dimash/debug_clear_ws/install/clearpath_generator_common:/home/dimash/debug_clear_ws/install/clearpath_description:/home/dimash/debug_clear_ws/install/clearpath_sensors_description:/home/dimash/debug_clear_ws/install/clearpath_platform:/home/dimash/debug_clear_ws/install/clearpath_msgs:/home/dimash/debug_clear_ws/install/clearpath_platform_msgs:/home/dimash/debug_clear_ws/install/clearpath_platform_description:/home/dimash/debug_clear_ws/install/clearpath_nav2_demos:/home/dimash/debug_clear_ws/install/clearpath_mounts_description:/home/dimash/debug_clear_ws/install/clearpath_manipulators:/home/dimash/debug_clear_ws/install/clearpath_customization:/home/dimash/debug_clear_ws/install/clearpath_control:/home/dimash/debug_clear_ws/install/yolo_ros:/home/dimash/debug_clear_ws/install/person_movement:/home/dimash/debug_clear_ws/install/clearpath_config:/opt/ros/humble /usr/bin/cmake --build /home/dimash/debug_clear_ws/build/clearpath_manipulators -- -j8 -l8
[1.199s] DEBUG:colcon.colcon_core.event_handler.log_command:Invoking command in '/home/dimash/debug_clear_ws/build/clearpath_customization': CMAKE_PREFIX_PATH=${CMAKE_PREFIX_PATH}:/home/dimash/debug_clear_ws/install/yolo_ros:/home/dimash/debug_clear_ws/install/person_movement:/home/dimash/debug_clear_ws/install/clearpath_config:/opt/ros/humble /usr/bin/cmake --build /home/dimash/debug_clear_ws/build/clearpath_customization -- -j8 -l8
[1.699s] INFO:colcon.colcon_core.task.python.build:Building Python package in '/home/dimash/debug_clear_ws/src/person_movement'
[1.700s] INFO:colcon.colcon_core.shell:Skip shell extension 'powershell' for command environment: Not usable outside of PowerShell
[1.700s] DEBUG:colcon.colcon_core.shell:Skip shell extension 'dsv' for command environment
[1.706s] Level 1:colcon.colcon_core.environment:create_environment_scripts_only(clearpath_platform_msgs)
[1.707s] Level 1:colcon.colcon_core.environment:checking '/home/dimash/debug_clear_ws/install/clearpath_platform_msgs' for CMake module files
[1.708s] DEBUG:colcon.colcon_core.event_handler.log_command:Invoked command in '/home/dimash/debug_clear_ws/build/clearpath_platform_msgs' returned '0': CMAKE_PREFIX_PATH=${CMAKE_PREFIX_PATH}:/home/dimash/debug_clear_ws/install/yolo_ros:/home/dimash/debug_clear_ws/install/person_movement:/home/dimash/debug_clear_ws/install/clearpath_config:/opt/ros/humble /usr/bin/cmake --install /home/dimash/debug_clear_ws/build/clearpath_platform_msgs
[1.709s] Level 1:colcon.colcon_core.environment:checking '/home/dimash/debug_clear_ws/install/clearpath_platform_msgs' for CMake config files
[1.710s] Level 1:colcon.colcon_core.shell:create_environment_hook('clearpath_platform_msgs', 'cmake_prefix_path')
[1.710s] INFO:colcon.colcon_core.shell:Creating environment hook '/home/dimash/debug_clear_ws/install/clearpath_platform_msgs/share/clearpath_platform_msgs/hook/cmake_prefix_path.ps1'
[1.711s] INFO:colcon.colcon_core.shell:Creating environment descriptor '/home/dimash/debug_clear_ws/install/clearpath_platform_msgs/share/clearpath_platform_msgs/hook/cmake_prefix_path.dsv'
[1.711s] INFO:colcon.colcon_core.shell:Creating environment hook '/home/dimash/debug_clear_ws/install/clearpath_platform_msgs/share/clearpath_platform_msgs/hook/cmake_prefix_path.sh'
[1.712s] Level 1:colcon.colcon_core.environment:checking '/home/dimash/debug_clear_ws/install/clearpath_platform_msgs/lib'
[1.712s] Level 1:colcon.colcon_core.shell:create_environment_hook('clearpath_platform_msgs', 'ld_library_path_lib')
[1.712s] INFO:colcon.colcon_core.shell:Creating environment hook '/home/dimash/debug_clear_ws/install/clearpath_platform_msgs/share/clearpath_platform_msgs/hook/ld_library_path_lib.ps1'
[1.713s] INFO:colcon.colcon_core.shell:Creating environment descriptor '/home/dimash/debug_clear_ws/install/clearpath_platform_msgs/share/clearpath_platform_msgs/hook/ld_library_path_lib.dsv'
[1.713s] INFO:colcon.colcon_core.shell:Creating environment hook '/home/dimash/debug_clear_ws/install/clearpath_platform_msgs/share/clearpath_platform_msgs/hook/ld_library_path_lib.sh'
[1.714s] Level 1:colcon.colcon_core.environment:checking '/home/dimash/debug_clear_ws/install/clearpath_platform_msgs/bin'
[1.714s] Level 1:colcon.colcon_core.environment:checking '/home/dimash/debug_clear_ws/install/clearpath_platform_msgs/lib/pkgconfig/clearpath_platform_msgs.pc'
[1.714s] Level 1:colcon.colcon_core.environment:checking '/home/dimash/debug_clear_ws/install/clearpath_platform_msgs/lib/python3.10/site-packages'
[1.715s] Level 1:colcon.colcon_core.environment:checking '/home/dimash/debug_clear_ws/install/clearpath_platform_msgs/bin'
[1.715s] INFO:colcon.colcon_core.shell:Creating package script '/home/dimash/debug_clear_ws/install/clearpath_platform_msgs/share/clearpath_platform_msgs/package.ps1'
[1.716s] INFO:colcon.colcon_core.shell:Creating package descriptor '/home/dimash/debug_clear_ws/install/clearpath_platform_msgs/share/clearpath_platform_msgs/package.dsv'
[1.717s] INFO:colcon.colcon_core.shell:Creating package script '/home/dimash/debug_clear_ws/install/clearpath_platform_msgs/share/clearpath_platform_msgs/package.sh'
[1.718s] INFO:colcon.colcon_core.shell:Creating package script '/home/dimash/debug_clear_ws/install/clearpath_platform_msgs/share/clearpath_platform_msgs/package.bash'
[1.719s] INFO:colcon.colcon_core.shell:Creating package script '/home/dimash/debug_clear_ws/install/clearpath_platform_msgs/share/clearpath_platform_msgs/package.zsh'
[1.719s] Level 1:colcon.colcon_core.environment:create_file_with_runtime_dependencies(/home/dimash/debug_clear_ws/install/clearpath_platform_msgs/share/colcon-core/packages/clearpath_platform_msgs)
[1.720s] Level 1:colcon.colcon_core.environment:create_environment_scripts_only(clearpath_platform_msgs)
[1.720s] Level 1:colcon.colcon_core.environment:checking '/home/dimash/debug_clear_ws/install/clearpath_platform_msgs' for CMake module files
[1.721s] Level 1:colcon.colcon_core.environment:checking '/home/dimash/debug_clear_ws/install/clearpath_platform_msgs' for CMake config files
[1.722s] Level 1:colcon.colcon_core.shell:create_environment_hook('clearpath_platform_msgs', 'cmake_prefix_path')
[1.723s] INFO:colcon.colcon_core.shell:Creating environment hook '/home/dimash/debug_clear_ws/install/clearpath_platform_msgs/share/clearpath_platform_msgs/hook/cmake_prefix_path.ps1'
[1.723s] INFO:colcon.colcon_core.shell:Creating environment descriptor '/home/dimash/debug_clear_ws/install/clearpath_platform_msgs/share/clearpath_platform_msgs/hook/cmake_prefix_path.dsv'
[1.724s] INFO:colcon.colcon_core.shell:Creating environment hook '/home/dimash/debug_clear_ws/install/clearpath_platform_msgs/share/clearpath_platform_msgs/hook/cmake_prefix_path.sh'
[1.725s] Level 1:colcon.colcon_core.environment:checking '/home/dimash/debug_clear_ws/install/clearpath_platform_msgs/lib'
[1.725s] Level 1:colcon.colcon_core.shell:create_environment_hook('clearpath_platform_msgs', 'ld_library_path_lib')
[1.725s] INFO:colcon.colcon_core.shell:Creating environment hook '/home/dimash/debug_clear_ws/install/clearpath_platform_msgs/share/clearpath_platform_msgs/hook/ld_library_path_lib.ps1'
[1.727s] INFO:colcon.colcon_core.shell:Creating environment descriptor '/home/dimash/debug_clear_ws/install/clearpath_platform_msgs/share/clearpath_platform_msgs/hook/ld_library_path_lib.dsv'
[1.727s] INFO:colcon.colcon_core.shell:Creating environment hook '/home/dimash/debug_clear_ws/install/clearpath_platform_msgs/share/clearpath_platform_msgs/hook/ld_library_path_lib.sh'
[1.728s] Level 1:colcon.colcon_core.environment:checking '/home/dimash/debug_clear_ws/install/clearpath_platform_msgs/bin'
[1.728s] Level 1:colcon.colcon_core.environment:checking '/home/dimash/debug_clear_ws/install/clearpath_platform_msgs/lib/pkgconfig/clearpath_platform_msgs.pc'
[1.728s] Level 1:colcon.colcon_core.environment:checking '/home/dimash/debug_clear_ws/install/clearpath_platform_msgs/lib/python3.10/site-packages'
[1.728s] Level 1:colcon.colcon_core.environment:checking '/home/dimash/debug_clear_ws/install/clearpath_platform_msgs/bin'
[1.729s] INFO:colcon.colcon_core.shell:Creating package script '/home/dimash/debug_clear_ws/install/clearpath_platform_msgs/share/clearpath_platform_msgs/package.ps1'
[1.730s] INFO:colcon.colcon_core.shell:Creating package descriptor '/home/dimash/debug_clear_ws/install/clearpath_platform_msgs/share/clearpath_platform_msgs/package.dsv'
[1.730s] INFO:colcon.colcon_core.shell:Creating package script '/home/dimash/debug_clear_ws/install/clearpath_platform_msgs/share/clearpath_platform_msgs/package.sh'
[1.731s] INFO:colcon.colcon_core.shell:Creating package script '/home/dimash/debug_clear_ws/install/clearpath_platform_msgs/share/clearpath_platform_msgs/package.bash'
[1.732s] INFO:colcon.colcon_core.shell:Creating package script '/home/dimash/debug_clear_ws/install/clearpath_platform_msgs/share/clearpath_platform_msgs/package.zsh'
[1.733s] Level 1:colcon.colcon_core.environment:create_file_with_runtime_dependencies(/home/dimash/debug_clear_ws/install/clearpath_platform_msgs/share/colcon-core/packages/clearpath_platform_msgs)
[1.746s] DEBUG:colcon.colcon_core.event_handler.log_command:Invoking command in '/home/dimash/debug_clear_ws/build/clearpath_description': CMAKE_PREFIX_PATH=/home/dimash/debug_clear_ws/install/clearpath_sensors_description:/home/dimash/debug_clear_ws/install/clearpath_platform_description:/home/dimash/debug_clear_ws/install/clearpath_mounts_description:/home/dimash/debug_clear_ws/install/clearpath_manipulators_description:/home/dimash/debug_clear_ws/install/yolo_bringup:/home/dimash/debug_clear_ws/install/mpc_low:/home/dimash/debug_clear_ws/install/yolo_msgs:/home/dimash/debug_clear_ws/install/point_cloud_debug:/home/dimash/debug_clear_ws/install/move_model_plugin:/home/dimash/debug_clear_ws/install/clearpath_simulator:/home/dimash/debug_clear_ws/install/clearpath_gz:/home/dimash/debug_clear_ws/install/clearpath_generator_gz:/home/dimash/debug_clear_ws/install/clearpath_common:/home/dimash/debug_clear_ws/install/clearpath_generator_common:/home/dimash/debug_clear_ws/install/clearpath_description:/home/dimash/debug_clear_ws/install/clearpath_platform:/home/dimash/debug_clear_ws/install/clearpath_msgs:/home/dimash/debug_clear_ws/install/clearpath_platform_msgs:/home/dimash/debug_clear_ws/install/clearpath_nav2_demos:/home/dimash/debug_clear_ws/install/clearpath_manipulators:/home/dimash/debug_clear_ws/install/clearpath_customization:/home/dimash/debug_clear_ws/install/clearpath_control:/home/dimash/debug_clear_ws/install/yolo_ros:/home/dimash/debug_clear_ws/install/person_movement:/home/dimash/debug_clear_ws/install/clearpath_config:/opt/ros/humble /usr/bin/cmake --build /home/dimash/debug_clear_ws/build/clearpath_description -- -j8 -l8
[1.747s] DEBUG:colcon.colcon_core.event_handler.log_command:Invoking command in '/home/dimash/debug_clear_ws/src/clearpath_config': PYTHONPATH=/home/dimash/debug_clear_ws/build/clearpath_config/prefix_override:/usr/lib/python3/dist-packages/colcon_core/task/python/colcon_distutils_commands:/home/dimash/debug_clear_ws/install/clearpath_config/lib/python3.10/site-packages:${PYTHONPATH} /usr/bin/python3 -W ignore:setup.py install is deprecated -W ignore:easy_install command is deprecated setup.py egg_info --egg-base ../../build/clearpath_config build --build-base /home/dimash/debug_clear_ws/build/clearpath_config/build install --record /home/dimash/debug_clear_ws/build/clearpath_config/install.log --single-version-externally-managed install_data
[1.750s] INFO:colcon.colcon_ros.task.ament_cmake.build:Building ROS package in '/home/dimash/debug_clear_ws/src/clearpath_common/clearpath_platform' with build type 'ament_cmake'
[1.750s] INFO:colcon.colcon_cmake.task.cmake.build:Building CMake package in '/home/dimash/debug_clear_ws/src/clearpath_common/clearpath_platform'
[1.750s] INFO:colcon.colcon_core.shell:Skip shell extension 'powershell' for command environment: Not usable outside of PowerShell
[1.750s] DEBUG:colcon.colcon_core.shell:Skip shell extension 'dsv' for command environment
[1.774s] INFO:colcon.colcon_ros.task.ament_cmake.build:Building ROS package in '/home/dimash/debug_clear_ws/src/clearpath_msgs/clearpath_msgs' with build type 'ament_cmake'
[1.774s] INFO:colcon.colcon_cmake.task.cmake.build:Building CMake package in '/home/dimash/debug_clear_ws/src/clearpath_msgs/clearpath_msgs'
[1.774s] INFO:colcon.colcon_core.shell:Skip shell extension 'powershell' for command environment: Not usable outside of PowerShell
[1.774s] DEBUG:colcon.colcon_core.shell:Skip shell extension 'dsv' for command environment
[1.786s] DEBUG:colcon.colcon_core.event_handler.log_command:Invoked command in '/home/dimash/debug_clear_ws/build/clearpath_manipulators' returned '0': CMAKE_PREFIX_PATH=/home/dimash/debug_clear_ws/install/clearpath_manipulators_description:/home/dimash/debug_clear_ws/install/yolo_bringup:/home/dimash/debug_clear_ws/install/mpc_low:/home/dimash/debug_clear_ws/install/yolo_msgs:/home/dimash/debug_clear_ws/install/point_cloud_debug:/home/dimash/debug_clear_ws/install/move_model_plugin:/home/dimash/debug_clear_ws/install/clearpath_simulator:/home/dimash/debug_clear_ws/install/clearpath_gz:/home/dimash/debug_clear_ws/install/clearpath_generator_gz:/home/dimash/debug_clear_ws/install/clearpath_common:/home/dimash/debug_clear_ws/install/clearpath_generator_common:/home/dimash/debug_clear_ws/install/clearpath_description:/home/dimash/debug_clear_ws/install/clearpath_sensors_description:/home/dimash/debug_clear_ws/install/clearpath_platform:/home/dimash/debug_clear_ws/install/clearpath_msgs:/home/dimash/debug_clear_ws/install/clearpath_platform_msgs:/home/dimash/debug_clear_ws/install/clearpath_platform_description:/home/dimash/debug_clear_ws/install/clearpath_nav2_demos:/home/dimash/debug_clear_ws/install/clearpath_mounts_description:/home/dimash/debug_clear_ws/install/clearpath_manipulators:/home/dimash/debug_clear_ws/install/clearpath_customization:/home/dimash/debug_clear_ws/install/clearpath_control:/home/dimash/debug_clear_ws/install/yolo_ros:/home/dimash/debug_clear_ws/install/person_movement:/home/dimash/debug_clear_ws/install/clearpath_config:/opt/ros/humble /usr/bin/cmake --build /home/dimash/debug_clear_ws/build/clearpath_manipulators -- -j8 -l8
[1.787s] DEBUG:colcon.colcon_core.event_handler.log_command:Invoking command in '/home/dimash/debug_clear_ws/build/clearpath_manipulators': CMAKE_PREFIX_PATH=/home/dimash/debug_clear_ws/install/clearpath_manipulators_description:/home/dimash/debug_clear_ws/install/yolo_bringup:/home/dimash/debug_clear_ws/install/mpc_low:/home/dimash/debug_clear_ws/install/yolo_msgs:/home/dimash/debug_clear_ws/install/point_cloud_debug:/home/dimash/debug_clear_ws/install/move_model_plugin:/home/dimash/debug_clear_ws/install/clearpath_simulator:/home/dimash/debug_clear_ws/install/clearpath_gz:/home/dimash/debug_clear_ws/install/clearpath_generator_gz:/home/dimash/debug_clear_ws/install/clearpath_common:/home/dimash/debug_clear_ws/install/clearpath_generator_common:/home/dimash/debug_clear_ws/install/clearpath_description:/home/dimash/debug_clear_ws/install/clearpath_sensors_description:/home/dimash/debug_clear_ws/install/clearpath_platform:/home/dimash/debug_clear_ws/install/clearpath_msgs:/home/dimash/debug_clear_ws/install/clearpath_platform_msgs:/home/dimash/debug_clear_ws/install/clearpath_platform_description:/home/dimash/debug_clear_ws/install/clearpath_nav2_demos:/home/dimash/debug_clear_ws/install/clearpath_mounts_description:/home/dimash/debug_clear_ws/install/clearpath_manipulators:/home/dimash/debug_clear_ws/install/clearpath_customization:/home/dimash/debug_clear_ws/install/clearpath_control:/home/dimash/debug_clear_ws/install/yolo_ros:/home/dimash/debug_clear_ws/install/person_movement:/home/dimash/debug_clear_ws/install/clearpath_config:/opt/ros/humble /usr/bin/cmake --install /home/dimash/debug_clear_ws/build/clearpath_manipulators
[1.797s] DEBUG:colcon.colcon_core.event_handler.log_command:Invoked command in '/home/dimash/debug_clear_ws/build/yolo_msgs' returned '0': CMAKE_PREFIX_PATH=${CMAKE_PREFIX_PATH}:/home/dimash/debug_clear_ws/install/yolo_ros:/home/dimash/debug_clear_ws/install/person_movement:/home/dimash/debug_clear_ws/install/clearpath_config:/opt/ros/humble /usr/bin/cmake --build /home/dimash/debug_clear_ws/build/yolo_msgs -- -j8 -l8
[1.798s] DEBUG:colcon.colcon_core.event_handler.log_command:Invoking command in '/home/dimash/debug_clear_ws/build/yolo_msgs': CMAKE_PREFIX_PATH=${CMAKE_PREFIX_PATH}:/home/dimash/debug_clear_ws/install/yolo_ros:/home/dimash/debug_clear_ws/install/person_movement:/home/dimash/debug_clear_ws/install/clearpath_config:/opt/ros/humble /usr/bin/cmake --install /home/dimash/debug_clear_ws/build/yolo_msgs
[1.805s] DEBUG:colcon.colcon_core.event_handler.log_command:Invoked command in '/home/dimash/debug_clear_ws/build/clearpath_customization' returned '0': CMAKE_PREFIX_PATH=${CMAKE_PREFIX_PATH}:/home/dimash/debug_clear_ws/install/yolo_ros:/home/dimash/debug_clear_ws/install/person_movement:/home/dimash/debug_clear_ws/install/clearpath_config:/opt/ros/humble /usr/bin/cmake --build /home/dimash/debug_clear_ws/build/clearpath_customization -- -j8 -l8
[1.805s] DEBUG:colcon.colcon_core.event_handler.log_command:Invoking command in '/home/dimash/debug_clear_ws/build/clearpath_customization': CMAKE_PREFIX_PATH=${CMAKE_PREFIX_PATH}:/home/dimash/debug_clear_ws/install/yolo_ros:/home/dimash/debug_clear_ws/install/person_movement:/home/dimash/debug_clear_ws/install/clearpath_config:/opt/ros/humble /usr/bin/cmake --install /home/dimash/debug_clear_ws/build/clearpath_customization
[1.883s] Level 1:colcon.colcon_core.environment:create_environment_scripts_only(clearpath_manipulators)
[1.884s] Level 1:colcon.colcon_core.environment:checking '/home/dimash/debug_clear_ws/install/clearpath_manipulators' for CMake module files
[1.884s] Level 1:colcon.colcon_core.environment:checking '/home/dimash/debug_clear_ws/install/clearpath_manipulators' for CMake config files
[1.885s] Level 1:colcon.colcon_core.shell:create_environment_hook('clearpath_manipulators', 'cmake_prefix_path')
[1.885s] INFO:colcon.colcon_core.shell:Creating environment hook '/home/dimash/debug_clear_ws/install/clearpath_manipulators/share/clearpath_manipulators/hook/cmake_prefix_path.ps1'
[1.886s] INFO:colcon.colcon_core.shell:Creating environment descriptor '/home/dimash/debug_clear_ws/install/clearpath_manipulators/share/clearpath_manipulators/hook/cmake_prefix_path.dsv'
[1.895s] INFO:colcon.colcon_core.shell:Creating environment hook '/home/dimash/debug_clear_ws/install/clearpath_manipulators/share/clearpath_manipulators/hook/cmake_prefix_path.sh'
[1.896s] Level 1:colcon.colcon_core.environment:checking '/home/dimash/debug_clear_ws/install/clearpath_manipulators/bin'
[1.896s] Level 1:colcon.colcon_core.environment:checking '/home/dimash/debug_clear_ws/install/clearpath_manipulators/lib/pkgconfig/clearpath_manipulators.pc'
[1.896s] Level 1:colcon.colcon_core.environment:checking '/home/dimash/debug_clear_ws/install/clearpath_manipulators/lib/python3.10/site-packages'
[1.896s] Level 1:colcon.colcon_core.environment:checking '/home/dimash/debug_clear_ws/install/clearpath_manipulators/bin'
[1.897s] INFO:colcon.colcon_core.shell:Creating package script '/home/dimash/debug_clear_ws/install/clearpath_manipulators/share/clearpath_manipulators/package.ps1'
[1.902s] INFO:colcon.colcon_core.shell:Creating package descriptor '/home/dimash/debug_clear_ws/install/clearpath_manipulators/share/clearpath_manipulators/package.dsv'
[1.902s] INFO:colcon.colcon_core.shell:Creating package script '/home/dimash/debug_clear_ws/install/clearpath_manipulators/share/clearpath_manipulators/package.sh'
[1.903s] INFO:colcon.colcon_core.shell:Creating package script '/home/dimash/debug_clear_ws/install/clearpath_manipulators/share/clearpath_manipulators/package.bash'
[1.903s] INFO:colcon.colcon_core.shell:Creating package script '/home/dimash/debug_clear_ws/install/clearpath_manipulators/share/clearpath_manipulators/package.zsh'
[1.904s] Level 1:colcon.colcon_core.environment:create_file_with_runtime_dependencies(/home/dimash/debug_clear_ws/install/clearpath_manipulators/share/colcon-core/packages/clearpath_manipulators)
[1.905s] Level 1:colcon.colcon_core.environment:create_environment_scripts_only(clearpath_manipulators)
[1.905s] Level 1:colcon.colcon_core.environment:checking '/home/dimash/debug_clear_ws/install/clearpath_manipulators' for CMake module files
[1.911s] Level 1:colcon.colcon_core.environment:checking '/home/dimash/debug_clear_ws/install/clearpath_manipulators' for CMake config files
[1.911s] Level 1:colcon.colcon_core.shell:create_environment_hook('clearpath_manipulators', 'cmake_prefix_path')
[1.912s] INFO:colcon.colcon_core.shell:Creating environment hook '/home/dimash/debug_clear_ws/install/clearpath_manipulators/share/clearpath_manipulators/hook/cmake_prefix_path.ps1'
[1.912s] INFO:colcon.colcon_core.shell:Creating environment descriptor '/home/dimash/debug_clear_ws/install/clearpath_manipulators/share/clearpath_manipulators/hook/cmake_prefix_path.dsv'
[1.913s] INFO:colcon.colcon_core.shell:Creating environment hook '/home/dimash/debug_clear_ws/install/clearpath_manipulators/share/clearpath_manipulators/hook/cmake_prefix_path.sh'
[1.918s] Level 1:colcon.colcon_core.environment:checking '/home/dimash/debug_clear_ws/install/clearpath_manipulators/bin'
[1.918s] Level 1:colcon.colcon_core.environment:checking '/home/dimash/debug_clear_ws/install/clearpath_manipulators/lib/pkgconfig/clearpath_manipulators.pc'
[1.918s] Level 1:colcon.colcon_core.environment:checking '/home/dimash/debug_clear_ws/install/clearpath_manipulators/lib/python3.10/site-packages'
[1.919s] Level 1:colcon.colcon_core.environment:checking '/home/dimash/debug_clear_ws/install/clearpath_manipulators/bin'
[1.919s] INFO:colcon.colcon_core.shell:Creating package script '/home/dimash/debug_clear_ws/install/clearpath_manipulators/share/clearpath_manipulators/package.ps1'
[1.920s] INFO:colcon.colcon_core.shell:Creating package descriptor '/home/dimash/debug_clear_ws/install/clearpath_manipulators/share/clearpath_manipulators/package.dsv'
[1.921s] INFO:colcon.colcon_core.shell:Creating package script '/home/dimash/debug_clear_ws/install/clearpath_manipulators/share/clearpath_manipulators/package.sh'
[1.924s] INFO:colcon.colcon_core.shell:Creating package script '/home/dimash/debug_clear_ws/install/clearpath_manipulators/share/clearpath_manipulators/package.bash'
[1.925s] INFO:colcon.colcon_core.shell:Creating package script '/home/dimash/debug_clear_ws/install/clearpath_manipulators/share/clearpath_manipulators/package.zsh'
[1.926s] Level 1:colcon.colcon_core.environment:create_file_with_runtime_dependencies(/home/dimash/debug_clear_ws/install/clearpath_manipulators/share/colcon-core/packages/clearpath_manipulators)
[1.926s] Level 1:colcon.colcon_core.environment:create_environment_scripts_only(clearpath_customization)
[1.927s] Level 1:colcon.colcon_core.environment:checking '/home/dimash/debug_clear_ws/install/clearpath_customization' for CMake module files
[1.927s] Level 1:colcon.colcon_core.environment:checking '/home/dimash/debug_clear_ws/install/clearpath_customization' for CMake config files
[1.928s] Level 1:colcon.colcon_core.shell:create_environment_hook('clearpath_customization', 'cmake_prefix_path')
[1.928s] INFO:colcon.colcon_core.shell:Creating environment hook '/home/dimash/debug_clear_ws/install/clearpath_customization/share/clearpath_customization/hook/cmake_prefix_path.ps1'
[1.933s] INFO:colcon.colcon_core.shell:Creating environment descriptor '/home/dimash/debug_clear_ws/install/clearpath_customization/share/clearpath_customization/hook/cmake_prefix_path.dsv'
[1.933s] INFO:colcon.colcon_core.shell:Creating environment hook '/home/dimash/debug_clear_ws/install/clearpath_customization/share/clearpath_customization/hook/cmake_prefix_path.sh'
[1.934s] Level 1:colcon.colcon_core.environment:checking '/home/dimash/debug_clear_ws/install/clearpath_customization/lib'
[1.934s] Level 1:colcon.colcon_core.environment:checking '/home/dimash/debug_clear_ws/install/clearpath_customization/bin'
[1.934s] Level 1:colcon.colcon_core.environment:checking '/home/dimash/debug_clear_ws/install/clearpath_customization/lib/pkgconfig/clearpath_customization.pc'
[1.935s] Level 1:colcon.colcon_core.environment:checking '/home/dimash/debug_clear_ws/install/clearpath_customization/lib/python3.10/site-packages'
[1.935s] Level 1:colcon.colcon_core.environment:checking '/home/dimash/debug_clear_ws/install/clearpath_customization/bin'
[1.936s] INFO:colcon.colcon_core.shell:Creating package script '/home/dimash/debug_clear_ws/install/clearpath_customization/share/clearpath_customization/package.ps1'
[1.940s] INFO:colcon.colcon_core.shell:Creating package descriptor '/home/dimash/debug_clear_ws/install/clearpath_customization/share/clearpath_customization/package.dsv'
[1.941s] INFO:colcon.colcon_core.shell:Creating package script '/home/dimash/debug_clear_ws/install/clearpath_customization/share/clearpath_customization/package.sh'
[1.942s] INFO:colcon.colcon_core.shell:Creating package script '/home/dimash/debug_clear_ws/install/clearpath_customization/share/clearpath_customization/package.bash'
[1.942s] INFO:colcon.colcon_core.shell:Creating package script '/home/dimash/debug_clear_ws/install/clearpath_customization/share/clearpath_customization/package.zsh'
[1.947s] Level 1:colcon.colcon_core.environment:create_file_with_runtime_dependencies(/home/dimash/debug_clear_ws/install/clearpath_customization/share/colcon-core/packages/clearpath_customization)
[1.948s] Level 1:colcon.colcon_core.environment:create_environment_scripts_only(clearpath_customization)
[1.948s] Level 1:colcon.colcon_core.environment:checking '/home/dimash/debug_clear_ws/install/clearpath_customization' for CMake module files
[1.958s] Level 1:colcon.colcon_core.environment:checking '/home/dimash/debug_clear_ws/install/clearpath_customization' for CMake config files
[1.958s] Level 1:colcon.colcon_core.shell:create_environment_hook('clearpath_customization', 'cmake_prefix_path')
[1.959s] INFO:colcon.colcon_core.shell:Creating environment hook '/home/dimash/debug_clear_ws/install/clearpath_customization/share/clearpath_customization/hook/cmake_prefix_path.ps1'
[1.959s] INFO:colcon.colcon_core.shell:Creating environment descriptor '/home/dimash/debug_clear_ws/install/clearpath_customization/share/clearpath_customization/hook/cmake_prefix_path.dsv'
[1.964s] INFO:colcon.colcon_core.shell:Creating environment hook '/home/dimash/debug_clear_ws/install/clearpath_customization/share/clearpath_customization/hook/cmake_prefix_path.sh'
[1.967s] DEBUG:colcon.colcon_core.event_handler.log_command:Invoked command in '/home/dimash/debug_clear_ws/build/clearpath_description' returned '0': CMAKE_PREFIX_PATH=/home/dimash/debug_clear_ws/install/clearpath_sensors_description:/home/dimash/debug_clear_ws/install/clearpath_platform_description:/home/dimash/debug_clear_ws/install/clearpath_mounts_description:/home/dimash/debug_clear_ws/install/clearpath_manipulators_description:/home/dimash/debug_clear_ws/install/yolo_bringup:/home/dimash/debug_clear_ws/install/mpc_low:/home/dimash/debug_clear_ws/install/yolo_msgs:/home/dimash/debug_clear_ws/install/point_cloud_debug:/home/dimash/debug_clear_ws/install/move_model_plugin:/home/dimash/debug_clear_ws/install/clearpath_simulator:/home/dimash/debug_clear_ws/install/clearpath_gz:/home/dimash/debug_clear_ws/install/clearpath_generator_gz:/home/dimash/debug_clear_ws/install/clearpath_common:/home/dimash/debug_clear_ws/install/clearpath_generator_common:/home/dimash/debug_clear_ws/install/clearpath_description:/home/dimash/debug_clear_ws/install/clearpath_platform:/home/dimash/debug_clear_ws/install/clearpath_msgs:/home/dimash/debug_clear_ws/install/clearpath_platform_msgs:/home/dimash/debug_clear_ws/install/clearpath_nav2_demos:/home/dimash/debug_clear_ws/install/clearpath_manipulators:/home/dimash/debug_clear_ws/install/clearpath_customization:/home/dimash/debug_clear_ws/install/clearpath_control:/home/dimash/debug_clear_ws/install/yolo_ros:/home/dimash/debug_clear_ws/install/person_movement:/home/dimash/debug_clear_ws/install/clearpath_config:/opt/ros/humble /usr/bin/cmake --build /home/dimash/debug_clear_ws/build/clearpath_description -- -j8 -l8
[1.967s] DEBUG:colcon.colcon_core.event_handler.log_command:Invoking command in '/home/dimash/debug_clear_ws/build/clearpath_description': CMAKE_PREFIX_PATH=/home/dimash/debug_clear_ws/install/clearpath_sensors_description:/home/dimash/debug_clear_ws/install/clearpath_platform_description:/home/dimash/debug_clear_ws/install/clearpath_mounts_description:/home/dimash/debug_clear_ws/install/clearpath_manipulators_description:/home/dimash/debug_clear_ws/install/yolo_bringup:/home/dimash/debug_clear_ws/install/mpc_low:/home/dimash/debug_clear_ws/install/yolo_msgs:/home/dimash/debug_clear_ws/install/point_cloud_debug:/home/dimash/debug_clear_ws/install/move_model_plugin:/home/dimash/debug_clear_ws/install/clearpath_simulator:/home/dimash/debug_clear_ws/install/clearpath_gz:/home/dimash/debug_clear_ws/install/clearpath_generator_gz:/home/dimash/debug_clear_ws/install/clearpath_common:/home/dimash/debug_clear_ws/install/clearpath_generator_common:/home/dimash/debug_clear_ws/install/clearpath_description:/home/dimash/debug_clear_ws/install/clearpath_platform:/home/dimash/debug_clear_ws/install/clearpath_msgs:/home/dimash/debug_clear_ws/install/clearpath_platform_msgs:/home/dimash/debug_clear_ws/install/clearpath_nav2_demos:/home/dimash/debug_clear_ws/install/clearpath_manipulators:/home/dimash/debug_clear_ws/install/clearpath_customization:/home/dimash/debug_clear_ws/install/clearpath_control:/home/dimash/debug_clear_ws/install/yolo_ros:/home/dimash/debug_clear_ws/install/person_movement:/home/dimash/debug_clear_ws/install/clearpath_config:/opt/ros/humble /usr/bin/cmake --install /home/dimash/debug_clear_ws/build/clearpath_description
[1.970s] DEBUG:colcon.colcon_core.event_handler.log_command:Invoking command in '/home/dimash/debug_clear_ws/build/clearpath_platform': CMAKE_PREFIX_PATH=/home/dimash/debug_clear_ws/install/clearpath_platform_msgs:/home/dimash/debug_clear_ws/install/clearpath_platform_description:/home/dimash/debug_clear_ws/install/clearpath_control:/home/dimash/debug_clear_ws/install/yolo_bringup:/home/dimash/debug_clear_ws/install/mpc_low:/home/dimash/debug_clear_ws/install/yolo_msgs:/home/dimash/debug_clear_ws/install/point_cloud_debug:/home/dimash/debug_clear_ws/install/move_model_plugin:/home/dimash/debug_clear_ws/install/clearpath_simulator:/home/dimash/debug_clear_ws/install/clearpath_gz:/home/dimash/debug_clear_ws/install/clearpath_generator_gz:/home/dimash/debug_clear_ws/install/clearpath_common:/home/dimash/debug_clear_ws/install/clearpath_generator_common:/home/dimash/debug_clear_ws/install/clearpath_description:/home/dimash/debug_clear_ws/install/clearpath_sensors_description:/home/dimash/debug_clear_ws/install/clearpath_platform:/home/dimash/debug_clear_ws/install/clearpath_msgs:/home/dimash/debug_clear_ws/install/clearpath_nav2_demos:/home/dimash/debug_clear_ws/install/clearpath_mounts_description:/home/dimash/debug_clear_ws/install/clearpath_manipulators:/home/dimash/debug_clear_ws/install/clearpath_manipulators_description:/home/dimash/debug_clear_ws/install/clearpath_customization:/home/dimash/debug_clear_ws/install/yolo_ros:/home/dimash/debug_clear_ws/install/person_movement:/home/dimash/debug_clear_ws/install/clearpath_config:/opt/ros/humble LD_LIBRARY_PATH=/home/dimash/debug_clear_ws/install/clearpath_platform_msgs/lib:/home/dimash/debug_clear_ws/install/mpc_low/lib:/home/dimash/debug_clear_ws/install/yolo_msgs/lib:/home/dimash/debug_clear_ws/install/move_model_plugin/lib:/home/dimash/debug_clear_ws/install/clearpath_platform/lib:/opt/ros/humble/opt/rviz_ogre_vendor/lib:/opt/ros/humble/lib/x86_64-linux-gnu:/opt/ros/humble/lib:/home/dimash/acados/lib:/home/dimash/acados/lib /usr/bin/cmake --build /home/dimash/debug_clear_ws/build/clearpath_platform -- -j8 -l8
[1.971s] DEBUG:colcon.colcon_core.event_handler.log_command:Invoking command in '/home/dimash/debug_clear_ws/build/clearpath_msgs': CMAKE_PREFIX_PATH=/home/dimash/debug_clear_ws/install/clearpath_platform_msgs:/home/dimash/debug_clear_ws/install/yolo_bringup:/home/dimash/debug_clear_ws/install/mpc_low:/home/dimash/debug_clear_ws/install/yolo_msgs:/home/dimash/debug_clear_ws/install/point_cloud_debug:/home/dimash/debug_clear_ws/install/move_model_plugin:/home/dimash/debug_clear_ws/install/clearpath_simulator:/home/dimash/debug_clear_ws/install/clearpath_gz:/home/dimash/debug_clear_ws/install/clearpath_generator_gz:/home/dimash/debug_clear_ws/install/clearpath_common:/home/dimash/debug_clear_ws/install/clearpath_generator_common:/home/dimash/debug_clear_ws/install/clearpath_description:/home/dimash/debug_clear_ws/install/clearpath_sensors_description:/home/dimash/debug_clear_ws/install/clearpath_platform:/home/dimash/debug_clear_ws/install/clearpath_msgs:/home/dimash/debug_clear_ws/install/clearpath_platform_description:/home/dimash/debug_clear_ws/install/clearpath_nav2_demos:/home/dimash/debug_clear_ws/install/clearpath_mounts_description:/home/dimash/debug_clear_ws/install/clearpath_manipulators:/home/dimash/debug_clear_ws/install/clearpath_manipulators_description:/home/dimash/debug_clear_ws/install/clearpath_customization:/home/dimash/debug_clear_ws/install/clearpath_control:/home/dimash/debug_clear_ws/install/yolo_ros:/home/dimash/debug_clear_ws/install/person_movement:/home/dimash/debug_clear_ws/install/clearpath_config:/opt/ros/humble LD_LIBRARY_PATH=/home/dimash/debug_clear_ws/install/clearpath_platform_msgs/lib:/home/dimash/debug_clear_ws/install/mpc_low/lib:/home/dimash/debug_clear_ws/install/yolo_msgs/lib:/home/dimash/debug_clear_ws/install/move_model_plugin/lib:/home/dimash/debug_clear_ws/install/clearpath_platform/lib:/opt/ros/humble/opt/rviz_ogre_vendor/lib:/opt/ros/humble/lib/x86_64-linux-gnu:/opt/ros/humble/lib:/home/dimash/acados/lib:/home/dimash/acados/lib /usr/bin/cmake --build /home/dimash/debug_clear_ws/build/clearpath_msgs -- -j8 -l8
[1.972s] DEBUG:colcon.colcon_core.event_handler.log_command:Invoked command in '/home/dimash/debug_clear_ws/build/clearpath_manipulators' returned '0': CMAKE_PREFIX_PATH=/home/dimash/debug_clear_ws/install/clearpath_manipulators_description:/home/dimash/debug_clear_ws/install/yolo_bringup:/home/dimash/debug_clear_ws/install/mpc_low:/home/dimash/debug_clear_ws/install/yolo_msgs:/home/dimash/debug_clear_ws/install/point_cloud_debug:/home/dimash/debug_clear_ws/install/move_model_plugin:/home/dimash/debug_clear_ws/install/clearpath_simulator:/home/dimash/debug_clear_ws/install/clearpath_gz:/home/dimash/debug_clear_ws/install/clearpath_generator_gz:/home/dimash/debug_clear_ws/install/clearpath_common:/home/dimash/debug_clear_ws/install/clearpath_generator_common:/home/dimash/debug_clear_ws/install/clearpath_description:/home/dimash/debug_clear_ws/install/clearpath_sensors_description:/home/dimash/debug_clear_ws/install/clearpath_platform:/home/dimash/debug_clear_ws/install/clearpath_msgs:/home/dimash/debug_clear_ws/install/clearpath_platform_msgs:/home/dimash/debug_clear_ws/install/clearpath_platform_description:/home/dimash/debug_clear_ws/install/clearpath_nav2_demos:/home/dimash/debug_clear_ws/install/clearpath_mounts_description:/home/dimash/debug_clear_ws/install/clearpath_manipulators:/home/dimash/debug_clear_ws/install/clearpath_customization:/home/dimash/debug_clear_ws/install/clearpath_control:/home/dimash/debug_clear_ws/install/yolo_ros:/home/dimash/debug_clear_ws/install/person_movement:/home/dimash/debug_clear_ws/install/clearpath_config:/opt/ros/humble /usr/bin/cmake --install /home/dimash/debug_clear_ws/build/clearpath_manipulators
[1.983s] Level 1:colcon.colcon_core.environment:checking '/home/dimash/debug_clear_ws/install/clearpath_customization/lib'
[1.983s] Level 1:colcon.colcon_core.environment:checking '/home/dimash/debug_clear_ws/install/clearpath_customization/bin'
[1.983s] Level 1:colcon.colcon_core.environment:checking '/home/dimash/debug_clear_ws/install/clearpath_customization/lib/pkgconfig/clearpath_customization.pc'
[1.984s] Level 1:colcon.colcon_core.environment:checking '/home/dimash/debug_clear_ws/install/clearpath_customization/lib/python3.10/site-packages'
[1.984s] Level 1:colcon.colcon_core.environment:checking '/home/dimash/debug_clear_ws/install/clearpath_customization/bin'
[1.985s] INFO:colcon.colcon_core.shell:Creating package script '/home/dimash/debug_clear_ws/install/clearpath_customization/share/clearpath_customization/package.ps1'
[1.985s] INFO:colcon.colcon_core.shell:Creating package descriptor '/home/dimash/debug_clear_ws/install/clearpath_customization/share/clearpath_customization/package.dsv'
[1.986s] INFO:colcon.colcon_core.shell:Creating package script '/home/dimash/debug_clear_ws/install/clearpath_customization/share/clearpath_customization/package.sh'
[1.987s] INFO:colcon.colcon_core.shell:Creating package script '/home/dimash/debug_clear_ws/install/clearpath_customization/share/clearpath_customization/package.bash'
[1.988s] INFO:colcon.colcon_core.shell:Creating package script '/home/dimash/debug_clear_ws/install/clearpath_customization/share/clearpath_customization/package.zsh'
[1.988s] Level 1:colcon.colcon_core.environment:create_file_with_runtime_dependencies(/home/dimash/debug_clear_ws/install/clearpath_customization/share/colcon-core/packages/clearpath_customization)
[1.990s] Level 1:colcon.colcon_core.environment:create_environment_scripts_only(clearpath_description)
[1.990s] Level 1:colcon.colcon_core.environment:checking '/home/dimash/debug_clear_ws/install/clearpath_description' for CMake module files
[1.991s] Level 1:colcon.colcon_core.environment:checking '/home/dimash/debug_clear_ws/install/clearpath_description' for CMake config files
[1.991s] Level 1:colcon.colcon_core.shell:create_environment_hook('clearpath_description', 'cmake_prefix_path')
[1.991s] INFO:colcon.colcon_core.shell:Creating environment hook '/home/dimash/debug_clear_ws/install/clearpath_description/share/clearpath_description/hook/cmake_prefix_path.ps1'
[1.996s] INFO:colcon.colcon_core.shell:Creating environment descriptor '/home/dimash/debug_clear_ws/install/clearpath_description/share/clearpath_description/hook/cmake_prefix_path.dsv'
[1.996s] INFO:colcon.colcon_core.shell:Creating environment hook '/home/dimash/debug_clear_ws/install/clearpath_description/share/clearpath_description/hook/cmake_prefix_path.sh'
[1.997s] Level 1:colcon.colcon_core.environment:checking '/home/dimash/debug_clear_ws/install/clearpath_description/bin'
[1.998s] Level 1:colcon.colcon_core.environment:checking '/home/dimash/debug_clear_ws/install/clearpath_description/lib/pkgconfig/clearpath_description.pc'
[1.999s] Level 1:colcon.colcon_core.environment:checking '/home/dimash/debug_clear_ws/install/clearpath_description/lib/python3.10/site-packages'
[1.999s] Level 1:colcon.colcon_core.environment:checking '/home/dimash/debug_clear_ws/install/clearpath_description/bin'
[2.000s] INFO:colcon.colcon_core.shell:Creating package script '/home/dimash/debug_clear_ws/install/clearpath_description/share/clearpath_description/package.ps1'
[2.002s] INFO:colcon.colcon_core.shell:Creating package descriptor '/home/dimash/debug_clear_ws/install/clearpath_description/share/clearpath_description/package.dsv'
[2.002s] INFO:colcon.colcon_core.shell:Creating package script '/home/dimash/debug_clear_ws/install/clearpath_description/share/clearpath_description/package.sh'
[2.003s] INFO:colcon.colcon_core.shell:Creating package script '/home/dimash/debug_clear_ws/install/clearpath_description/share/clearpath_description/package.bash'
[2.001s] DEBUG:colcon.colcon_core.event_handler.log_command:Invoked command in '/home/dimash/debug_clear_ws/build/clearpath_customization' returned '0': CMAKE_PREFIX_PATH=${CMAKE_PREFIX_PATH}:/home/dimash/debug_clear_ws/install/yolo_ros:/home/dimash/debug_clear_ws/install/person_movement:/home/dimash/debug_clear_ws/install/clearpath_config:/opt/ros/humble /usr/bin/cmake --install /home/dimash/debug_clear_ws/build/clearpath_customization
[2.004s] DEBUG:colcon.colcon_core.event_handler.log_command:Invoked command in '/home/dimash/debug_clear_ws/build/clearpath_description' returned '0': CMAKE_PREFIX_PATH=/home/dimash/debug_clear_ws/install/clearpath_sensors_description:/home/dimash/debug_clear_ws/install/clearpath_platform_description:/home/dimash/debug_clear_ws/install/clearpath_mounts_description:/home/dimash/debug_clear_ws/install/clearpath_manipulators_description:/home/dimash/debug_clear_ws/install/yolo_bringup:/home/dimash/debug_clear_ws/install/mpc_low:/home/dimash/debug_clear_ws/install/yolo_msgs:/home/dimash/debug_clear_ws/install/point_cloud_debug:/home/dimash/debug_clear_ws/install/move_model_plugin:/home/dimash/debug_clear_ws/install/clearpath_simulator:/home/dimash/debug_clear_ws/install/clearpath_gz:/home/dimash/debug_clear_ws/install/clearpath_generator_gz:/home/dimash/debug_clear_ws/install/clearpath_common:/home/dimash/debug_clear_ws/install/clearpath_generator_common:/home/dimash/debug_clear_ws/install/clearpath_description:/home/dimash/debug_clear_ws/install/clearpath_platform:/home/dimash/debug_clear_ws/install/clearpath_msgs:/home/dimash/debug_clear_ws/install/clearpath_platform_msgs:/home/dimash/debug_clear_ws/install/clearpath_nav2_demos:/home/dimash/debug_clear_ws/install/clearpath_manipulators:/home/dimash/debug_clear_ws/install/clearpath_customization:/home/dimash/debug_clear_ws/install/clearpath_control:/home/dimash/debug_clear_ws/install/yolo_ros:/home/dimash/debug_clear_ws/install/person_movement:/home/dimash/debug_clear_ws/install/clearpath_config:/opt/ros/humble /usr/bin/cmake --install /home/dimash/debug_clear_ws/build/clearpath_description
[2.005s] INFO:colcon.colcon_core.shell:Creating package script '/home/dimash/debug_clear_ws/install/clearpath_description/share/clearpath_description/package.zsh'
[2.005s] Level 1:colcon.colcon_core.environment:create_file_with_runtime_dependencies(/home/dimash/debug_clear_ws/install/clearpath_description/share/colcon-core/packages/clearpath_description)
[2.006s] Level 1:colcon.colcon_core.environment:create_environment_scripts_only(clearpath_description)
[2.007s] Level 1:colcon.colcon_core.environment:checking '/home/dimash/debug_clear_ws/install/clearpath_description' for CMake module files
[2.007s] Level 1:colcon.colcon_core.environment:checking '/home/dimash/debug_clear_ws/install/clearpath_description' for CMake config files
[2.007s] Level 1:colcon.colcon_core.shell:create_environment_hook('clearpath_description', 'cmake_prefix_path')
[2.008s] INFO:colcon.colcon_core.shell:Creating environment hook '/home/dimash/debug_clear_ws/install/clearpath_description/share/clearpath_description/hook/cmake_prefix_path.ps1'
[2.009s] INFO:colcon.colcon_core.shell:Creating environment descriptor '/home/dimash/debug_clear_ws/install/clearpath_description/share/clearpath_description/hook/cmake_prefix_path.dsv'
[2.010s] INFO:colcon.colcon_core.shell:Creating environment hook '/home/dimash/debug_clear_ws/install/clearpath_description/share/clearpath_description/hook/cmake_prefix_path.sh'
[2.010s] Level 1:colcon.colcon_core.environment:checking '/home/dimash/debug_clear_ws/install/clearpath_description/bin'
[2.011s] Level 1:colcon.colcon_core.environment:checking '/home/dimash/debug_clear_ws/install/clearpath_description/lib/pkgconfig/clearpath_description.pc'
[2.011s] Level 1:colcon.colcon_core.environment:checking '/home/dimash/debug_clear_ws/install/clearpath_description/lib/python3.10/site-packages'
[2.011s] Level 1:colcon.colcon_core.environment:checking '/home/dimash/debug_clear_ws/install/clearpath_description/bin'
[2.012s] INFO:colcon.colcon_core.shell:Creating package script '/home/dimash/debug_clear_ws/install/clearpath_description/share/clearpath_description/package.ps1'
[2.012s] INFO:colcon.colcon_core.shell:Creating package descriptor '/home/dimash/debug_clear_ws/install/clearpath_description/share/clearpath_description/package.dsv'
[2.013s] INFO:colcon.colcon_core.shell:Creating package script '/home/dimash/debug_clear_ws/install/clearpath_description/share/clearpath_description/package.sh'
[2.014s] INFO:colcon.colcon_core.shell:Creating package script '/home/dimash/debug_clear_ws/install/clearpath_description/share/clearpath_description/package.bash'
[2.014s] INFO:colcon.colcon_core.shell:Creating package script '/home/dimash/debug_clear_ws/install/clearpath_description/share/clearpath_description/package.zsh'
[2.015s] Level 1:colcon.colcon_core.environment:create_file_with_runtime_dependencies(/home/dimash/debug_clear_ws/install/clearpath_description/share/colcon-core/packages/clearpath_description)
[2.016s] Level 1:colcon.colcon_core.environment:create_environment_scripts_only(yolo_msgs)
[2.017s] Level 1:colcon.colcon_core.environment:checking '/home/dimash/debug_clear_ws/install/yolo_msgs' for CMake module files
[2.018s] DEBUG:colcon.colcon_core.event_handler.log_command:Invoked command in '/home/dimash/debug_clear_ws/build/yolo_msgs' returned '0': CMAKE_PREFIX_PATH=${CMAKE_PREFIX_PATH}:/home/dimash/debug_clear_ws/install/yolo_ros:/home/dimash/debug_clear_ws/install/person_movement:/home/dimash/debug_clear_ws/install/clearpath_config:/opt/ros/humble /usr/bin/cmake --install /home/dimash/debug_clear_ws/build/yolo_msgs
[2.018s] Level 1:colcon.colcon_core.environment:checking '/home/dimash/debug_clear_ws/install/yolo_msgs' for CMake config files
[2.019s] Level 1:colcon.colcon_core.shell:create_environment_hook('yolo_msgs', 'cmake_prefix_path')
[2.020s] INFO:colcon.colcon_core.shell:Creating environment hook '/home/dimash/debug_clear_ws/install/yolo_msgs/share/yolo_msgs/hook/cmake_prefix_path.ps1'
[2.020s] INFO:colcon.colcon_core.shell:Creating environment descriptor '/home/dimash/debug_clear_ws/install/yolo_msgs/share/yolo_msgs/hook/cmake_prefix_path.dsv'
[2.021s] INFO:colcon.colcon_core.shell:Creating environment hook '/home/dimash/debug_clear_ws/install/yolo_msgs/share/yolo_msgs/hook/cmake_prefix_path.sh'
[2.022s] Level 1:colcon.colcon_core.environment:checking '/home/dimash/debug_clear_ws/install/yolo_msgs/lib'
[2.022s] Level 1:colcon.colcon_core.shell:create_environment_hook('yolo_msgs', 'ld_library_path_lib')
[2.026s] INFO:colcon.colcon_core.shell:Creating environment hook '/home/dimash/debug_clear_ws/install/yolo_msgs/share/yolo_msgs/hook/ld_library_path_lib.ps1'
[2.027s] INFO:colcon.colcon_core.shell:Creating environment descriptor '/home/dimash/debug_clear_ws/install/yolo_msgs/share/yolo_msgs/hook/ld_library_path_lib.dsv'
[2.028s] INFO:colcon.colcon_core.shell:Creating environment hook '/home/dimash/debug_clear_ws/install/yolo_msgs/share/yolo_msgs/hook/ld_library_path_lib.sh'
[2.028s] Level 1:colcon.colcon_core.environment:checking '/home/dimash/debug_clear_ws/install/yolo_msgs/bin'
[2.028s] Level 1:colcon.colcon_core.environment:checking '/home/dimash/debug_clear_ws/install/yolo_msgs/lib/pkgconfig/yolo_msgs.pc'
[2.029s] Level 1:colcon.colcon_core.environment:checking '/home/dimash/debug_clear_ws/install/yolo_msgs/lib/python3.10/site-packages'
[2.029s] Level 1:colcon.colcon_core.environment:checking '/home/dimash/debug_clear_ws/install/yolo_msgs/bin'
[2.030s] INFO:colcon.colcon_core.shell:Creating package script '/home/dimash/debug_clear_ws/install/yolo_msgs/share/yolo_msgs/package.ps1'
[2.030s] INFO:colcon.colcon_core.shell:Creating package descriptor '/home/dimash/debug_clear_ws/install/yolo_msgs/share/yolo_msgs/package.dsv'
[2.031s] INFO:colcon.colcon_core.shell:Creating package script '/home/dimash/debug_clear_ws/install/yolo_msgs/share/yolo_msgs/package.sh'
[2.035s] INFO:colcon.colcon_core.shell:Creating package script '/home/dimash/debug_clear_ws/install/yolo_msgs/share/yolo_msgs/package.bash'
[2.037s] INFO:colcon.colcon_core.shell:Creating package script '/home/dimash/debug_clear_ws/install/yolo_msgs/share/yolo_msgs/package.zsh'
[2.040s] Level 1:colcon.colcon_core.environment:create_file_with_runtime_dependencies(/home/dimash/debug_clear_ws/install/yolo_msgs/share/colcon-core/packages/yolo_msgs)
[2.041s] Level 1:colcon.colcon_core.environment:create_environment_scripts_only(yolo_msgs)
[2.041s] Level 1:colcon.colcon_core.environment:checking '/home/dimash/debug_clear_ws/install/yolo_msgs' for CMake module files
[2.043s] Level 1:colcon.colcon_core.environment:checking '/home/dimash/debug_clear_ws/install/yolo_msgs' for CMake config files
[2.046s] Level 1:colcon.colcon_core.shell:create_environment_hook('yolo_msgs', 'cmake_prefix_path')
[2.046s] INFO:colcon.colcon_core.shell:Creating environment hook '/home/dimash/debug_clear_ws/install/yolo_msgs/share/yolo_msgs/hook/cmake_prefix_path.ps1'
[2.051s] INFO:colcon.colcon_core.shell:Creating environment descriptor '/home/dimash/debug_clear_ws/install/yolo_msgs/share/yolo_msgs/hook/cmake_prefix_path.dsv'
[2.051s] INFO:colcon.colcon_core.shell:Creating environment hook '/home/dimash/debug_clear_ws/install/yolo_msgs/share/yolo_msgs/hook/cmake_prefix_path.sh'
[2.052s] Level 1:colcon.colcon_core.environment:checking '/home/dimash/debug_clear_ws/install/yolo_msgs/lib'
[2.052s] Level 1:colcon.colcon_core.shell:create_environment_hook('yolo_msgs', 'ld_library_path_lib')
[2.053s] INFO:colcon.colcon_core.shell:Creating environment hook '/home/dimash/debug_clear_ws/install/yolo_msgs/share/yolo_msgs/hook/ld_library_path_lib.ps1'
[2.053s] INFO:colcon.colcon_core.shell:Creating environment descriptor '/home/dimash/debug_clear_ws/install/yolo_msgs/share/yolo_msgs/hook/ld_library_path_lib.dsv'
[2.054s] INFO:colcon.colcon_core.shell:Creating environment hook '/home/dimash/debug_clear_ws/install/yolo_msgs/share/yolo_msgs/hook/ld_library_path_lib.sh'
[2.054s] Level 1:colcon.colcon_core.environment:checking '/home/dimash/debug_clear_ws/install/yolo_msgs/bin'
[2.054s] Level 1:colcon.colcon_core.environment:checking '/home/dimash/debug_clear_ws/install/yolo_msgs/lib/pkgconfig/yolo_msgs.pc'
[2.055s] Level 1:colcon.colcon_core.environment:checking '/home/dimash/debug_clear_ws/install/yolo_msgs/lib/python3.10/site-packages'
[2.055s] Level 1:colcon.colcon_core.environment:checking '/home/dimash/debug_clear_ws/install/yolo_msgs/bin'
[2.059s] INFO:colcon.colcon_core.shell:Creating package script '/home/dimash/debug_clear_ws/install/yolo_msgs/share/yolo_msgs/package.ps1'
[2.060s] INFO:colcon.colcon_core.shell:Creating package descriptor '/home/dimash/debug_clear_ws/install/yolo_msgs/share/yolo_msgs/package.dsv'
[2.061s] INFO:colcon.colcon_core.shell:Creating package script '/home/dimash/debug_clear_ws/install/yolo_msgs/share/yolo_msgs/package.sh'
[2.062s] INFO:colcon.colcon_core.shell:Creating package script '/home/dimash/debug_clear_ws/install/yolo_msgs/share/yolo_msgs/package.bash'
[2.063s] INFO:colcon.colcon_core.shell:Creating package script '/home/dimash/debug_clear_ws/install/yolo_msgs/share/yolo_msgs/package.zsh'
[2.063s] Level 1:colcon.colcon_core.environment:create_file_with_runtime_dependencies(/home/dimash/debug_clear_ws/install/yolo_msgs/share/colcon-core/packages/yolo_msgs)
[2.065s] INFO:colcon.colcon_ros.task.ament_python.build:Building ROS package in '/home/dimash/debug_clear_ws/src/yolo_ros/yolo_ros' with build type 'ament_python'
[2.065s] Level 1:colcon.colcon_core.shell:create_environment_hook('yolo_ros', 'ament_prefix_path')
[2.066s] INFO:colcon.colcon_core.shell:Creating environment hook '/home/dimash/debug_clear_ws/install/yolo_ros/share/yolo_ros/hook/ament_prefix_path.ps1'
[2.066s] INFO:colcon.colcon_core.shell:Creating environment descriptor '/home/dimash/debug_clear_ws/install/yolo_ros/share/yolo_ros/hook/ament_prefix_path.dsv'
[2.067s] INFO:colcon.colcon_core.shell:Creating environment hook '/home/dimash/debug_clear_ws/install/yolo_ros/share/yolo_ros/hook/ament_prefix_path.sh'
[2.068s] INFO:colcon.colcon_core.shell:Skip shell extension 'powershell' for command environment: Not usable outside of PowerShell
[2.068s] DEBUG:colcon.colcon_core.shell:Skip shell extension 'dsv' for command environment
[2.078s] INFO:colcon.colcon_ros.task.ament_cmake.build:Building ROS package in '/home/dimash/debug_clear_ws/src/mpc_low' with build type 'ament_cmake'
[2.079s] INFO:colcon.colcon_cmake.task.cmake.build:Building CMake package in '/home/dimash/debug_clear_ws/src/mpc_low'
[2.079s] INFO:colcon.colcon_core.shell:Skip shell extension 'powershell' for command environment: Not usable outside of PowerShell
[2.079s] DEBUG:colcon.colcon_core.shell:Skip shell extension 'dsv' for command environment
[2.096s] DEBUG:colcon.colcon_core.event_handler.log_command:Invoked command in '/home/dimash/debug_clear_ws/build/clearpath_msgs' returned '0': CMAKE_PREFIX_PATH=/home/dimash/debug_clear_ws/install/clearpath_platform_msgs:/home/dimash/debug_clear_ws/install/yolo_bringup:/home/dimash/debug_clear_ws/install/mpc_low:/home/dimash/debug_clear_ws/install/yolo_msgs:/home/dimash/debug_clear_ws/install/point_cloud_debug:/home/dimash/debug_clear_ws/install/move_model_plugin:/home/dimash/debug_clear_ws/install/clearpath_simulator:/home/dimash/debug_clear_ws/install/clearpath_gz:/home/dimash/debug_clear_ws/install/clearpath_generator_gz:/home/dimash/debug_clear_ws/install/clearpath_common:/home/dimash/debug_clear_ws/install/clearpath_generator_common:/home/dimash/debug_clear_ws/install/clearpath_description:/home/dimash/debug_clear_ws/install/clearpath_sensors_description:/home/dimash/debug_clear_ws/install/clearpath_platform:/home/dimash/debug_clear_ws/install/clearpath_msgs:/home/dimash/debug_clear_ws/install/clearpath_platform_description:/home/dimash/debug_clear_ws/install/clearpath_nav2_demos:/home/dimash/debug_clear_ws/install/clearpath_mounts_description:/home/dimash/debug_clear_ws/install/clearpath_manipulators:/home/dimash/debug_clear_ws/install/clearpath_manipulators_description:/home/dimash/debug_clear_ws/install/clearpath_customization:/home/dimash/debug_clear_ws/install/clearpath_control:/home/dimash/debug_clear_ws/install/yolo_ros:/home/dimash/debug_clear_ws/install/person_movement:/home/dimash/debug_clear_ws/install/clearpath_config:/opt/ros/humble LD_LIBRARY_PATH=/home/dimash/debug_clear_ws/install/clearpath_platform_msgs/lib:/home/dimash/debug_clear_ws/install/mpc_low/lib:/home/dimash/debug_clear_ws/install/yolo_msgs/lib:/home/dimash/debug_clear_ws/install/move_model_plugin/lib:/home/dimash/debug_clear_ws/install/clearpath_platform/lib:/opt/ros/humble/opt/rviz_ogre_vendor/lib:/opt/ros/humble/lib/x86_64-linux-gnu:/opt/ros/humble/lib:/home/dimash/acados/lib:/home/dimash/acados/lib /usr/bin/cmake --build /home/dimash/debug_clear_ws/build/clearpath_msgs -- -j8 -l8
[2.101s] DEBUG:colcon.colcon_core.event_handler.log_command:Invoking command in '/home/dimash/debug_clear_ws/build/clearpath_msgs': CMAKE_PREFIX_PATH=/home/dimash/debug_clear_ws/install/clearpath_platform_msgs:/home/dimash/debug_clear_ws/install/yolo_bringup:/home/dimash/debug_clear_ws/install/mpc_low:/home/dimash/debug_clear_ws/install/yolo_msgs:/home/dimash/debug_clear_ws/install/point_cloud_debug:/home/dimash/debug_clear_ws/install/move_model_plugin:/home/dimash/debug_clear_ws/install/clearpath_simulator:/home/dimash/debug_clear_ws/install/clearpath_gz:/home/dimash/debug_clear_ws/install/clearpath_generator_gz:/home/dimash/debug_clear_ws/install/clearpath_common:/home/dimash/debug_clear_ws/install/clearpath_generator_common:/home/dimash/debug_clear_ws/install/clearpath_description:/home/dimash/debug_clear_ws/install/clearpath_sensors_description:/home/dimash/debug_clear_ws/install/clearpath_platform:/home/dimash/debug_clear_ws/install/clearpath_msgs:/home/dimash/debug_clear_ws/install/clearpath_platform_description:/home/dimash/debug_clear_ws/install/clearpath_nav2_demos:/home/dimash/debug_clear_ws/install/clearpath_mounts_description:/home/dimash/debug_clear_ws/install/clearpath_manipulators:/home/dimash/debug_clear_ws/install/clearpath_manipulators_description:/home/dimash/debug_clear_ws/install/clearpath_customization:/home/dimash/debug_clear_ws/install/clearpath_control:/home/dimash/debug_clear_ws/install/yolo_ros:/home/dimash/debug_clear_ws/install/person_movement:/home/dimash/debug_clear_ws/install/clearpath_config:/opt/ros/humble LD_LIBRARY_PATH=/home/dimash/debug_clear_ws/install/clearpath_platform_msgs/lib:/home/dimash/debug_clear_ws/install/mpc_low/lib:/home/dimash/debug_clear_ws/install/yolo_msgs/lib:/home/dimash/debug_clear_ws/install/move_model_plugin/lib:/home/dimash/debug_clear_ws/install/clearpath_platform/lib:/opt/ros/humble/opt/rviz_ogre_vendor/lib:/opt/ros/humble/lib/x86_64-linux-gnu:/opt/ros/humble/lib:/home/dimash/acados/lib:/home/dimash/acados/lib /usr/bin/cmake --install /home/dimash/debug_clear_ws/build/clearpath_msgs
[2.105s] DEBUG:colcon.colcon_core.event_handler.log_command:Invoked command in '/home/dimash/debug_clear_ws/build/clearpath_platform' returned '0': CMAKE_PREFIX_PATH=/home/dimash/debug_clear_ws/install/clearpath_platform_msgs:/home/dimash/debug_clear_ws/install/clearpath_platform_description:/home/dimash/debug_clear_ws/install/clearpath_control:/home/dimash/debug_clear_ws/install/yolo_bringup:/home/dimash/debug_clear_ws/install/mpc_low:/home/dimash/debug_clear_ws/install/yolo_msgs:/home/dimash/debug_clear_ws/install/point_cloud_debug:/home/dimash/debug_clear_ws/install/move_model_plugin:/home/dimash/debug_clear_ws/install/clearpath_simulator:/home/dimash/debug_clear_ws/install/clearpath_gz:/home/dimash/debug_clear_ws/install/clearpath_generator_gz:/home/dimash/debug_clear_ws/install/clearpath_common:/home/dimash/debug_clear_ws/install/clearpath_generator_common:/home/dimash/debug_clear_ws/install/clearpath_description:/home/dimash/debug_clear_ws/install/clearpath_sensors_description:/home/dimash/debug_clear_ws/install/clearpath_platform:/home/dimash/debug_clear_ws/install/clearpath_msgs:/home/dimash/debug_clear_ws/install/clearpath_nav2_demos:/home/dimash/debug_clear_ws/install/clearpath_mounts_description:/home/dimash/debug_clear_ws/install/clearpath_manipulators:/home/dimash/debug_clear_ws/install/clearpath_manipulators_description:/home/dimash/debug_clear_ws/install/clearpath_customization:/home/dimash/debug_clear_ws/install/yolo_ros:/home/dimash/debug_clear_ws/install/person_movement:/home/dimash/debug_clear_ws/install/clearpath_config:/opt/ros/humble LD_LIBRARY_PATH=/home/dimash/debug_clear_ws/install/clearpath_platform_msgs/lib:/home/dimash/debug_clear_ws/install/mpc_low/lib:/home/dimash/debug_clear_ws/install/yolo_msgs/lib:/home/dimash/debug_clear_ws/install/move_model_plugin/lib:/home/dimash/debug_clear_ws/install/clearpath_platform/lib:/opt/ros/humble/opt/rviz_ogre_vendor/lib:/opt/ros/humble/lib/x86_64-linux-gnu:/opt/ros/humble/lib:/home/dimash/acados/lib:/home/dimash/acados/lib /usr/bin/cmake --build /home/dimash/debug_clear_ws/build/clearpath_platform -- -j8 -l8
[2.106s] DEBUG:colcon.colcon_core.event_handler.log_command:Invoking command in '/home/dimash/debug_clear_ws/build/clearpath_platform': CMAKE_PREFIX_PATH=/home/dimash/debug_clear_ws/install/clearpath_platform_msgs:/home/dimash/debug_clear_ws/install/clearpath_platform_description:/home/dimash/debug_clear_ws/install/clearpath_control:/home/dimash/debug_clear_ws/install/yolo_bringup:/home/dimash/debug_clear_ws/install/mpc_low:/home/dimash/debug_clear_ws/install/yolo_msgs:/home/dimash/debug_clear_ws/install/point_cloud_debug:/home/dimash/debug_clear_ws/install/move_model_plugin:/home/dimash/debug_clear_ws/install/clearpath_simulator:/home/dimash/debug_clear_ws/install/clearpath_gz:/home/dimash/debug_clear_ws/install/clearpath_generator_gz:/home/dimash/debug_clear_ws/install/clearpath_common:/home/dimash/debug_clear_ws/install/clearpath_generator_common:/home/dimash/debug_clear_ws/install/clearpath_description:/home/dimash/debug_clear_ws/install/clearpath_sensors_description:/home/dimash/debug_clear_ws/install/clearpath_platform:/home/dimash/debug_clear_ws/install/clearpath_msgs:/home/dimash/debug_clear_ws/install/clearpath_nav2_demos:/home/dimash/debug_clear_ws/install/clearpath_mounts_description:/home/dimash/debug_clear_ws/install/clearpath_manipulators:/home/dimash/debug_clear_ws/install/clearpath_manipulators_description:/home/dimash/debug_clear_ws/install/clearpath_customization:/home/dimash/debug_clear_ws/install/yolo_ros:/home/dimash/debug_clear_ws/install/person_movement:/home/dimash/debug_clear_ws/install/clearpath_config:/opt/ros/humble LD_LIBRARY_PATH=/home/dimash/debug_clear_ws/install/clearpath_platform_msgs/lib:/home/dimash/debug_clear_ws/install/mpc_low/lib:/home/dimash/debug_clear_ws/install/yolo_msgs/lib:/home/dimash/debug_clear_ws/install/move_model_plugin/lib:/home/dimash/debug_clear_ws/install/clearpath_platform/lib:/opt/ros/humble/opt/rviz_ogre_vendor/lib:/opt/ros/humble/lib/x86_64-linux-gnu:/opt/ros/humble/lib:/home/dimash/acados/lib:/home/dimash/acados/lib /usr/bin/cmake --install /home/dimash/debug_clear_ws/build/clearpath_platform
[2.600s] INFO:colcon.colcon_core.task.python.build:Building Python package in '/home/dimash/debug_clear_ws/src/yolo_ros/yolo_ros'
[2.600s] INFO:colcon.colcon_core.shell:Skip shell extension 'powershell' for command environment: Not usable outside of PowerShell
[2.600s] DEBUG:colcon.colcon_core.shell:Skip shell extension 'dsv' for command environment
[2.614s] DEBUG:colcon.colcon_core.event_handler.log_command:Invoking command in '/home/dimash/debug_clear_ws/build/mpc_low': CMAKE_PREFIX_PATH=/home/dimash/debug_clear_ws/install/yolo_msgs:/home/dimash/debug_clear_ws/install/yolo_bringup:/home/dimash/debug_clear_ws/install/mpc_low:/home/dimash/debug_clear_ws/install/point_cloud_debug:/home/dimash/debug_clear_ws/install/move_model_plugin:/home/dimash/debug_clear_ws/install/clearpath_simulator:/home/dimash/debug_clear_ws/install/clearpath_gz:/home/dimash/debug_clear_ws/install/clearpath_generator_gz:/home/dimash/debug_clear_ws/install/clearpath_common:/home/dimash/debug_clear_ws/install/clearpath_generator_common:/home/dimash/debug_clear_ws/install/clearpath_description:/home/dimash/debug_clear_ws/install/clearpath_sensors_description:/home/dimash/debug_clear_ws/install/clearpath_platform:/home/dimash/debug_clear_ws/install/clearpath_msgs:/home/dimash/debug_clear_ws/install/clearpath_platform_msgs:/home/dimash/debug_clear_ws/install/clearpath_platform_description:/home/dimash/debug_clear_ws/install/clearpath_nav2_demos:/home/dimash/debug_clear_ws/install/clearpath_mounts_description:/home/dimash/debug_clear_ws/install/clearpath_manipulators:/home/dimash/debug_clear_ws/install/clearpath_manipulators_description:/home/dimash/debug_clear_ws/install/clearpath_customization:/home/dimash/debug_clear_ws/install/clearpath_control:/home/dimash/debug_clear_ws/install/yolo_ros:/home/dimash/debug_clear_ws/install/person_movement:/home/dimash/debug_clear_ws/install/clearpath_config:/opt/ros/humble LD_LIBRARY_PATH=/home/dimash/debug_clear_ws/install/yolo_msgs/lib:/home/dimash/debug_clear_ws/install/mpc_low/lib:/home/dimash/debug_clear_ws/install/move_model_plugin/lib:/home/dimash/debug_clear_ws/install/clearpath_platform/lib:/home/dimash/debug_clear_ws/install/clearpath_platform_msgs/lib:/opt/ros/humble/opt/rviz_ogre_vendor/lib:/opt/ros/humble/lib/x86_64-linux-gnu:/opt/ros/humble/lib:/home/dimash/acados/lib:/home/dimash/acados/lib /usr/bin/cmake --build /home/dimash/debug_clear_ws/build/mpc_low -- -j8 -l8
[2.620s] Level 1:colcon.colcon_core.environment:create_environment_scripts_only(clearpath_platform)
[2.620s] Level 1:colcon.colcon_core.environment:checking '/home/dimash/debug_clear_ws/install/clearpath_platform' for CMake module files
[2.621s] Level 1:colcon.colcon_core.environment:checking '/home/dimash/debug_clear_ws/install/clearpath_platform' for CMake config files
[2.622s] Level 1:colcon.colcon_core.shell:create_environment_hook('clearpath_platform', 'cmake_prefix_path')
[2.623s] INFO:colcon.colcon_core.shell:Creating environment hook '/home/dimash/debug_clear_ws/install/clearpath_platform/share/clearpath_platform/hook/cmake_prefix_path.ps1'
[2.623s] INFO:colcon.colcon_core.shell:Creating environment descriptor '/home/dimash/debug_clear_ws/install/clearpath_platform/share/clearpath_platform/hook/cmake_prefix_path.dsv'
[2.624s] DEBUG:colcon.colcon_core.event_handler.log_command:Invoked command in '/home/dimash/debug_clear_ws/build/clearpath_platform' returned '0': CMAKE_PREFIX_PATH=/home/dimash/debug_clear_ws/install/clearpath_platform_msgs:/home/dimash/debug_clear_ws/install/clearpath_platform_description:/home/dimash/debug_clear_ws/install/clearpath_control:/home/dimash/debug_clear_ws/install/yolo_bringup:/home/dimash/debug_clear_ws/install/mpc_low:/home/dimash/debug_clear_ws/install/yolo_msgs:/home/dimash/debug_clear_ws/install/point_cloud_debug:/home/dimash/debug_clear_ws/install/move_model_plugin:/home/dimash/debug_clear_ws/install/clearpath_simulator:/home/dimash/debug_clear_ws/install/clearpath_gz:/home/dimash/debug_clear_ws/install/clearpath_generator_gz:/home/dimash/debug_clear_ws/install/clearpath_common:/home/dimash/debug_clear_ws/install/clearpath_generator_common:/home/dimash/debug_clear_ws/install/clearpath_description:/home/dimash/debug_clear_ws/install/clearpath_sensors_description:/home/dimash/debug_clear_ws/install/clearpath_platform:/home/dimash/debug_clear_ws/install/clearpath_msgs:/home/dimash/debug_clear_ws/install/clearpath_nav2_demos:/home/dimash/debug_clear_ws/install/clearpath_mounts_description:/home/dimash/debug_clear_ws/install/clearpath_manipulators:/home/dimash/debug_clear_ws/install/clearpath_manipulators_description:/home/dimash/debug_clear_ws/install/clearpath_customization:/home/dimash/debug_clear_ws/install/yolo_ros:/home/dimash/debug_clear_ws/install/person_movement:/home/dimash/debug_clear_ws/install/clearpath_config:/opt/ros/humble LD_LIBRARY_PATH=/home/dimash/debug_clear_ws/install/clearpath_platform_msgs/lib:/home/dimash/debug_clear_ws/install/mpc_low/lib:/home/dimash/debug_clear_ws/install/yolo_msgs/lib:/home/dimash/debug_clear_ws/install/move_model_plugin/lib:/home/dimash/debug_clear_ws/install/clearpath_platform/lib:/opt/ros/humble/opt/rviz_ogre_vendor/lib:/opt/ros/humble/lib/x86_64-linux-gnu:/opt/ros/humble/lib:/home/dimash/acados/lib:/home/dimash/acados/lib /usr/bin/cmake --install /home/dimash/debug_clear_ws/build/clearpath_platform
[2.624s] INFO:colcon.colcon_core.shell:Creating environment hook '/home/dimash/debug_clear_ws/install/clearpath_platform/share/clearpath_platform/hook/cmake_prefix_path.sh'
[2.625s] Level 1:colcon.colcon_core.environment:checking '/home/dimash/debug_clear_ws/install/clearpath_platform/lib'
[2.625s] Level 1:colcon.colcon_core.shell:create_environment_hook('clearpath_platform', 'ld_library_path_lib')
[2.626s] INFO:colcon.colcon_core.shell:Creating environment hook '/home/dimash/debug_clear_ws/install/clearpath_platform/share/clearpath_platform/hook/ld_library_path_lib.ps1'
[2.626s] INFO:colcon.colcon_core.shell:Creating environment descriptor '/home/dimash/debug_clear_ws/install/clearpath_platform/share/clearpath_platform/hook/ld_library_path_lib.dsv'
[2.627s] INFO:colcon.colcon_core.shell:Creating environment hook '/home/dimash/debug_clear_ws/install/clearpath_platform/share/clearpath_platform/hook/ld_library_path_lib.sh'
[2.628s] Level 1:colcon.colcon_core.environment:checking '/home/dimash/debug_clear_ws/install/clearpath_platform/bin'
[2.628s] Level 1:colcon.colcon_core.environment:checking '/home/dimash/debug_clear_ws/install/clearpath_platform/lib/pkgconfig/clearpath_platform.pc'
[2.628s] Level 1:colcon.colcon_core.environment:checking '/home/dimash/debug_clear_ws/install/clearpath_platform/lib/python3.10/site-packages'
[2.628s] Level 1:colcon.colcon_core.environment:checking '/home/dimash/debug_clear_ws/install/clearpath_platform/bin'
[2.629s] INFO:colcon.colcon_core.shell:Creating package script '/home/dimash/debug_clear_ws/install/clearpath_platform/share/clearpath_platform/package.ps1'
[2.634s] INFO:colcon.colcon_core.shell:Creating package descriptor '/home/dimash/debug_clear_ws/install/clearpath_platform/share/clearpath_platform/package.dsv'
[2.635s] INFO:colcon.colcon_core.shell:Creating package script '/home/dimash/debug_clear_ws/install/clearpath_platform/share/clearpath_platform/package.sh'
[2.635s] INFO:colcon.colcon_core.shell:Creating package script '/home/dimash/debug_clear_ws/install/clearpath_platform/share/clearpath_platform/package.bash'
[2.636s] INFO:colcon.colcon_core.shell:Creating package script '/home/dimash/debug_clear_ws/install/clearpath_platform/share/clearpath_platform/package.zsh'
[2.636s] Level 1:colcon.colcon_core.environment:create_file_with_runtime_dependencies(/home/dimash/debug_clear_ws/install/clearpath_platform/share/colcon-core/packages/clearpath_platform)
[2.637s] Level 1:colcon.colcon_core.environment:create_environment_scripts_only(clearpath_platform)
[2.638s] Level 1:colcon.colcon_core.environment:checking '/home/dimash/debug_clear_ws/install/clearpath_platform' for CMake module files
[2.641s] Level 1:colcon.colcon_core.environment:checking '/home/dimash/debug_clear_ws/install/clearpath_platform' for CMake config files
[2.642s] Level 1:colcon.colcon_core.shell:create_environment_hook('clearpath_platform', 'cmake_prefix_path')
[2.643s] INFO:colcon.colcon_core.shell:Creating environment hook '/home/dimash/debug_clear_ws/install/clearpath_platform/share/clearpath_platform/hook/cmake_prefix_path.ps1'
[2.643s] INFO:colcon.colcon_core.shell:Creating environment descriptor '/home/dimash/debug_clear_ws/install/clearpath_platform/share/clearpath_platform/hook/cmake_prefix_path.dsv'
[2.644s] INFO:colcon.colcon_core.shell:Creating environment hook '/home/dimash/debug_clear_ws/install/clearpath_platform/share/clearpath_platform/hook/cmake_prefix_path.sh'
[2.645s] Level 1:colcon.colcon_core.environment:checking '/home/dimash/debug_clear_ws/install/clearpath_platform/lib'
[2.645s] Level 1:colcon.colcon_core.shell:create_environment_hook('clearpath_platform', 'ld_library_path_lib')
[2.645s] INFO:colcon.colcon_core.shell:Creating environment hook '/home/dimash/debug_clear_ws/install/clearpath_platform/share/clearpath_platform/hook/ld_library_path_lib.ps1'
[2.646s] INFO:colcon.colcon_core.shell:Creating environment descriptor '/home/dimash/debug_clear_ws/install/clearpath_platform/share/clearpath_platform/hook/ld_library_path_lib.dsv'
[2.647s] INFO:colcon.colcon_core.shell:Creating environment hook '/home/dimash/debug_clear_ws/install/clearpath_platform/share/clearpath_platform/hook/ld_library_path_lib.sh'
[2.647s] Level 1:colcon.colcon_core.environment:checking '/home/dimash/debug_clear_ws/install/clearpath_platform/bin'
[2.647s] Level 1:colcon.colcon_core.environment:checking '/home/dimash/debug_clear_ws/install/clearpath_platform/lib/pkgconfig/clearpath_platform.pc'
[2.648s] Level 1:colcon.colcon_core.environment:checking '/home/dimash/debug_clear_ws/install/clearpath_platform/lib/python3.10/site-packages'
[2.648s] Level 1:colcon.colcon_core.environment:checking '/home/dimash/debug_clear_ws/install/clearpath_platform/bin'
[2.649s] INFO:colcon.colcon_core.shell:Creating package script '/home/dimash/debug_clear_ws/install/clearpath_platform/share/clearpath_platform/package.ps1'
[2.650s] INFO:colcon.colcon_core.shell:Creating package descriptor '/home/dimash/debug_clear_ws/install/clearpath_platform/share/clearpath_platform/package.dsv'
[2.650s] INFO:colcon.colcon_core.shell:Creating package script '/home/dimash/debug_clear_ws/install/clearpath_platform/share/clearpath_platform/package.sh'
[2.651s] INFO:colcon.colcon_core.shell:Creating package script '/home/dimash/debug_clear_ws/install/clearpath_platform/share/clearpath_platform/package.bash'
[2.652s] INFO:colcon.colcon_core.shell:Creating package script '/home/dimash/debug_clear_ws/install/clearpath_platform/share/clearpath_platform/package.zsh'
[2.652s] Level 1:colcon.colcon_core.environment:create_file_with_runtime_dependencies(/home/dimash/debug_clear_ws/install/clearpath_platform/share/colcon-core/packages/clearpath_platform)
[2.653s] Level 1:colcon.colcon_core.environment:checking '/home/dimash/debug_clear_ws/install/clearpath_config' for CMake module files
[2.654s] Level 1:colcon.colcon_core.environment:checking '/home/dimash/debug_clear_ws/install/clearpath_config' for CMake config files
[2.656s] Level 1:colcon.colcon_core.environment:checking '/home/dimash/debug_clear_ws/install/clearpath_config/lib'
[2.656s] Level 1:colcon.colcon_core.environment:checking '/home/dimash/debug_clear_ws/install/clearpath_config/bin'
[2.656s] Level 1:colcon.colcon_core.environment:checking '/home/dimash/debug_clear_ws/install/clearpath_config/lib/pkgconfig/clearpath_config.pc'
[2.656s] Level 1:colcon.colcon_core.environment:checking '/home/dimash/debug_clear_ws/install/clearpath_config/lib/python3.10/site-packages'
[2.656s] Level 1:colcon.colcon_core.shell:create_environment_hook('clearpath_config', 'pythonpath')
[2.657s] INFO:colcon.colcon_core.shell:Creating environment hook '/home/dimash/debug_clear_ws/install/clearpath_config/share/clearpath_config/hook/pythonpath.ps1'
[2.658s] DEBUG:colcon.colcon_core.event_handler.log_command:Invoked command in '/home/dimash/debug_clear_ws/src/clearpath_config' returned '0': PYTHONPATH=/home/dimash/debug_clear_ws/build/clearpath_config/prefix_override:/usr/lib/python3/dist-packages/colcon_core/task/python/colcon_distutils_commands:/home/dimash/debug_clear_ws/install/clearpath_config/lib/python3.10/site-packages:${PYTHONPATH} /usr/bin/python3 -W ignore:setup.py install is deprecated -W ignore:easy_install command is deprecated setup.py egg_info --egg-base ../../build/clearpath_config build --build-base /home/dimash/debug_clear_ws/build/clearpath_config/build install --record /home/dimash/debug_clear_ws/build/clearpath_config/install.log --single-version-externally-managed install_data
[2.660s] INFO:colcon.colcon_core.shell:Creating environment descriptor '/home/dimash/debug_clear_ws/install/clearpath_config/share/clearpath_config/hook/pythonpath.dsv'
[2.660s] INFO:colcon.colcon_core.shell:Creating environment hook '/home/dimash/debug_clear_ws/install/clearpath_config/share/clearpath_config/hook/pythonpath.sh'
[2.661s] Level 1:colcon.colcon_core.environment:checking '/home/dimash/debug_clear_ws/install/clearpath_config/bin'
[2.661s] Level 1:colcon.colcon_core.environment:create_environment_scripts_only(clearpath_config)
[2.662s] INFO:colcon.colcon_core.shell:Creating package script '/home/dimash/debug_clear_ws/install/clearpath_config/share/clearpath_config/package.ps1'
[2.663s] INFO:colcon.colcon_core.shell:Creating package descriptor '/home/dimash/debug_clear_ws/install/clearpath_config/share/clearpath_config/package.dsv'
[2.664s] INFO:colcon.colcon_core.shell:Creating package script '/home/dimash/debug_clear_ws/install/clearpath_config/share/clearpath_config/package.sh'
[2.664s] INFO:colcon.colcon_core.shell:Creating package script '/home/dimash/debug_clear_ws/install/clearpath_config/share/clearpath_config/package.bash'
[2.665s] INFO:colcon.colcon_core.shell:Creating package script '/home/dimash/debug_clear_ws/install/clearpath_config/share/clearpath_config/package.zsh'
[2.667s] Level 1:colcon.colcon_core.environment:create_file_with_runtime_dependencies(/home/dimash/debug_clear_ws/install/clearpath_config/share/colcon-core/packages/clearpath_config)
[2.667s] Level 1:colcon.colcon_core.environment:create_environment_scripts_only(clearpath_msgs)
[2.668s] Level 1:colcon.colcon_core.environment:checking '/home/dimash/debug_clear_ws/install/clearpath_msgs' for CMake module files
[2.668s] Level 1:colcon.colcon_core.environment:checking '/home/dimash/debug_clear_ws/install/clearpath_msgs' for CMake config files
[2.669s] Level 1:colcon.colcon_core.shell:create_environment_hook('clearpath_msgs', 'cmake_prefix_path')
[2.669s] INFO:colcon.colcon_core.shell:Creating environment hook '/home/dimash/debug_clear_ws/install/clearpath_msgs/share/clearpath_msgs/hook/cmake_prefix_path.ps1'
[2.673s] DEBUG:colcon.colcon_core.event_handler.log_command:Invoked command in '/home/dimash/debug_clear_ws/build/clearpath_msgs' returned '0': CMAKE_PREFIX_PATH=/home/dimash/debug_clear_ws/install/clearpath_platform_msgs:/home/dimash/debug_clear_ws/install/yolo_bringup:/home/dimash/debug_clear_ws/install/mpc_low:/home/dimash/debug_clear_ws/install/yolo_msgs:/home/dimash/debug_clear_ws/install/point_cloud_debug:/home/dimash/debug_clear_ws/install/move_model_plugin:/home/dimash/debug_clear_ws/install/clearpath_simulator:/home/dimash/debug_clear_ws/install/clearpath_gz:/home/dimash/debug_clear_ws/install/clearpath_generator_gz:/home/dimash/debug_clear_ws/install/clearpath_common:/home/dimash/debug_clear_ws/install/clearpath_generator_common:/home/dimash/debug_clear_ws/install/clearpath_description:/home/dimash/debug_clear_ws/install/clearpath_sensors_description:/home/dimash/debug_clear_ws/install/clearpath_platform:/home/dimash/debug_clear_ws/install/clearpath_msgs:/home/dimash/debug_clear_ws/install/clearpath_platform_description:/home/dimash/debug_clear_ws/install/clearpath_nav2_demos:/home/dimash/debug_clear_ws/install/clearpath_mounts_description:/home/dimash/debug_clear_ws/install/clearpath_manipulators:/home/dimash/debug_clear_ws/install/clearpath_manipulators_description:/home/dimash/debug_clear_ws/install/clearpath_customization:/home/dimash/debug_clear_ws/install/clearpath_control:/home/dimash/debug_clear_ws/install/yolo_ros:/home/dimash/debug_clear_ws/install/person_movement:/home/dimash/debug_clear_ws/install/clearpath_config:/opt/ros/humble LD_LIBRARY_PATH=/home/dimash/debug_clear_ws/install/clearpath_platform_msgs/lib:/home/dimash/debug_clear_ws/install/mpc_low/lib:/home/dimash/debug_clear_ws/install/yolo_msgs/lib:/home/dimash/debug_clear_ws/install/move_model_plugin/lib:/home/dimash/debug_clear_ws/install/clearpath_platform/lib:/opt/ros/humble/opt/rviz_ogre_vendor/lib:/opt/ros/humble/lib/x86_64-linux-gnu:/opt/ros/humble/lib:/home/dimash/acados/lib:/home/dimash/acados/lib /usr/bin/cmake --install /home/dimash/debug_clear_ws/build/clearpath_msgs
[2.673s] INFO:colcon.colcon_core.shell:Creating environment descriptor '/home/dimash/debug_clear_ws/install/clearpath_msgs/share/clearpath_msgs/hook/cmake_prefix_path.dsv'
[2.674s] INFO:colcon.colcon_core.shell:Creating environment hook '/home/dimash/debug_clear_ws/install/clearpath_msgs/share/clearpath_msgs/hook/cmake_prefix_path.sh'
[2.675s] Level 1:colcon.colcon_core.environment:checking '/home/dimash/debug_clear_ws/install/clearpath_msgs/bin'
[2.675s] Level 1:colcon.colcon_core.environment:checking '/home/dimash/debug_clear_ws/install/clearpath_msgs/lib/pkgconfig/clearpath_msgs.pc'
[2.675s] Level 1:colcon.colcon_core.environment:checking '/home/dimash/debug_clear_ws/install/clearpath_msgs/lib/python3.10/site-packages'
[2.676s] Level 1:colcon.colcon_core.environment:checking '/home/dimash/debug_clear_ws/install/clearpath_msgs/bin'
[2.676s] INFO:colcon.colcon_core.shell:Creating package script '/home/dimash/debug_clear_ws/install/clearpath_msgs/share/clearpath_msgs/package.ps1'
[2.677s] INFO:colcon.colcon_core.shell:Creating package descriptor '/home/dimash/debug_clear_ws/install/clearpath_msgs/share/clearpath_msgs/package.dsv'
[2.678s] INFO:colcon.colcon_core.shell:Creating package script '/home/dimash/debug_clear_ws/install/clearpath_msgs/share/clearpath_msgs/package.sh'
[2.678s] INFO:colcon.colcon_core.shell:Creating package script '/home/dimash/debug_clear_ws/install/clearpath_msgs/share/clearpath_msgs/package.bash'
[2.679s] INFO:colcon.colcon_core.shell:Creating package script '/home/dimash/debug_clear_ws/install/clearpath_msgs/share/clearpath_msgs/package.zsh'
[2.679s] Level 1:colcon.colcon_core.environment:create_file_with_runtime_dependencies(/home/dimash/debug_clear_ws/install/clearpath_msgs/share/colcon-core/packages/clearpath_msgs)
[2.680s] Level 1:colcon.colcon_core.environment:create_environment_scripts_only(clearpath_msgs)
[2.681s] Level 1:colcon.colcon_core.environment:checking '/home/dimash/debug_clear_ws/install/clearpath_msgs' for CMake module files
[2.682s] Level 1:colcon.colcon_core.environment:checking '/home/dimash/debug_clear_ws/install/clearpath_msgs' for CMake config files
[2.682s] Level 1:colcon.colcon_core.shell:create_environment_hook('clearpath_msgs', 'cmake_prefix_path')
[2.682s] INFO:colcon.colcon_core.shell:Creating environment hook '/home/dimash/debug_clear_ws/install/clearpath_msgs/share/clearpath_msgs/hook/cmake_prefix_path.ps1'
[2.683s] INFO:colcon.colcon_core.shell:Creating environment descriptor '/home/dimash/debug_clear_ws/install/clearpath_msgs/share/clearpath_msgs/hook/cmake_prefix_path.dsv'
[2.684s] INFO:colcon.colcon_core.shell:Creating environment hook '/home/dimash/debug_clear_ws/install/clearpath_msgs/share/clearpath_msgs/hook/cmake_prefix_path.sh'
[2.686s] Level 1:colcon.colcon_core.environment:checking '/home/dimash/debug_clear_ws/install/clearpath_msgs/bin'
[2.686s] Level 1:colcon.colcon_core.environment:checking '/home/dimash/debug_clear_ws/install/clearpath_msgs/lib/pkgconfig/clearpath_msgs.pc'
[2.686s] Level 1:colcon.colcon_core.environment:checking '/home/dimash/debug_clear_ws/install/clearpath_msgs/lib/python3.10/site-packages'
[2.687s] Level 1:colcon.colcon_core.environment:checking '/home/dimash/debug_clear_ws/install/clearpath_msgs/bin'
[2.687s] INFO:colcon.colcon_core.shell:Creating package script '/home/dimash/debug_clear_ws/install/clearpath_msgs/share/clearpath_msgs/package.ps1'
[2.688s] INFO:colcon.colcon_core.shell:Creating package descriptor '/home/dimash/debug_clear_ws/install/clearpath_msgs/share/clearpath_msgs/package.dsv'
[2.694s] INFO:colcon.colcon_core.shell:Creating package script '/home/dimash/debug_clear_ws/install/clearpath_msgs/share/clearpath_msgs/package.sh'
[2.695s] INFO:colcon.colcon_core.shell:Creating package script '/home/dimash/debug_clear_ws/install/clearpath_msgs/share/clearpath_msgs/package.bash'
[2.696s] INFO:colcon.colcon_core.shell:Creating package script '/home/dimash/debug_clear_ws/install/clearpath_msgs/share/clearpath_msgs/package.zsh'
[2.697s] Level 1:colcon.colcon_core.environment:create_file_with_runtime_dependencies(/home/dimash/debug_clear_ws/install/clearpath_msgs/share/colcon-core/packages/clearpath_msgs)
[2.697s] INFO:colcon.colcon_ros.task.ament_cmake.build:Building ROS package in '/home/dimash/debug_clear_ws/src/clearpath_common/clearpath_generator_common' with build type 'ament_cmake'
[2.697s] INFO:colcon.colcon_cmake.task.cmake.build:Building CMake package in '/home/dimash/debug_clear_ws/src/clearpath_common/clearpath_generator_common'
[2.698s] INFO:colcon.colcon_core.shell:Skip shell extension 'powershell' for command environment: Not usable outside of PowerShell
[2.699s] DEBUG:colcon.colcon_core.shell:Skip shell extension 'dsv' for command environment
[2.709s] INFO:colcon.colcon_ros.task.ament_cmake.build:Building ROS package in '/home/dimash/debug_clear_ws/src/clearpath_nav2_demos' with build type 'ament_cmake'
[2.709s] INFO:colcon.colcon_cmake.task.cmake.build:Building CMake package in '/home/dimash/debug_clear_ws/src/clearpath_nav2_demos'
[2.710s] INFO:colcon.colcon_core.shell:Skip shell extension 'powershell' for command environment: Not usable outside of PowerShell
[2.710s] DEBUG:colcon.colcon_core.shell:Skip shell extension 'dsv' for command environment
[2.734s] DEBUG:colcon.colcon_core.event_handler.log_command:Invoking command in '/home/dimash/debug_clear_ws/src/person_movement': PYTHONPATH=/home/dimash/debug_clear_ws/build/person_movement/prefix_override:/usr/lib/python3/dist-packages/colcon_core/task/python/colcon_distutils_commands:/home/dimash/debug_clear_ws/install/person_movement/lib/python3.10/site-packages:${PYTHONPATH} /usr/bin/python3 -W ignore:setup.py install is deprecated -W ignore:easy_install command is deprecated setup.py egg_info --egg-base ../../build/person_movement build --build-base /home/dimash/debug_clear_ws/build/person_movement/build install --record /home/dimash/debug_clear_ws/build/person_movement/install.log --single-version-externally-managed install_data
[2.757s] DEBUG:colcon.colcon_core.event_handler.log_command:Invoking command in '/home/dimash/debug_clear_ws/build/clearpath_nav2_demos': AMENT_PREFIX_PATH=/home/dimash/debug_clear_ws/install/clearpath_config:/home/dimash/debug_clear_ws/install/yolo_bringup:/home/dimash/debug_clear_ws/install/yolo_ros:/home/dimash/debug_clear_ws/install/mpc_low:/home/dimash/debug_clear_ws/install/yolo_msgs:/home/dimash/debug_clear_ws/install/point_cloud_debug:/home/dimash/debug_clear_ws/install/person_movement:/home/dimash/debug_clear_ws/install/move_model_plugin:/home/dimash/debug_clear_ws/install/clearpath_simulator:/home/dimash/debug_clear_ws/install/clearpath_gz:/home/dimash/debug_clear_ws/install/clearpath_generator_gz:/home/dimash/debug_clear_ws/install/clearpath_common:/home/dimash/debug_clear_ws/install/clearpath_generator_common:/home/dimash/debug_clear_ws/install/clearpath_description:/home/dimash/debug_clear_ws/install/clearpath_sensors_description:/home/dimash/debug_clear_ws/install/clearpath_platform:/home/dimash/debug_clear_ws/install/clearpath_msgs:/home/dimash/debug_clear_ws/install/clearpath_platform_msgs:/home/dimash/debug_clear_ws/install/clearpath_platform_description:/home/dimash/debug_clear_ws/install/clearpath_nav2_demos:/home/dimash/debug_clear_ws/install/clearpath_mounts_description:/home/dimash/debug_clear_ws/install/clearpath_manipulators:/home/dimash/debug_clear_ws/install/clearpath_manipulators_description:/home/dimash/debug_clear_ws/install/clearpath_customization:/home/dimash/debug_clear_ws/install/clearpath_control:/opt/ros/humble CMAKE_PREFIX_PATH=${CMAKE_PREFIX_PATH}:/home/dimash/debug_clear_ws/install/yolo_ros:/home/dimash/debug_clear_ws/install/person_movement:/home/dimash/debug_clear_ws/install/clearpath_config:/opt/ros/humble PYTHONPATH=/home/dimash/debug_clear_ws/install/clearpath_config/lib/python3.10/site-packages:/home/dimash/debug_clear_ws/install/yolo_ros/lib/python3.10/site-packages:/home/dimash/debug_clear_ws/install/yolo_msgs/local/lib/python3.10/dist-packages:/home/dimash/debug_clear_ws/install/person_movement/lib/python3.10/site-packages:/home/dimash/debug_clear_ws/install/clearpath_generator_gz/local/lib/python3.10/dist-packages:/home/dimash/debug_clear_ws/install/clearpath_generator_common/local/lib/python3.10/dist-packages:/home/dimash/debug_clear_ws/install/clearpath_platform_msgs/local/lib/python3.10/dist-packages:/opt/ros/humble/lib/python3.10/site-packages:/opt/ros/humble/local/lib/python3.10/dist-packages:/home/dimash/acados/lib /usr/bin/cmake --build /home/dimash/debug_clear_ws/build/clearpath_nav2_demos -- -j8 -l8
[2.759s] DEBUG:colcon.colcon_core.event_handler.log_command:Invoking command in '/home/dimash/debug_clear_ws/build/clearpath_generator_common': AMENT_PREFIX_PATH=/home/dimash/debug_clear_ws/install/clearpath_config:/home/dimash/debug_clear_ws/install/yolo_bringup:/home/dimash/debug_clear_ws/install/yolo_ros:/home/dimash/debug_clear_ws/install/mpc_low:/home/dimash/debug_clear_ws/install/yolo_msgs:/home/dimash/debug_clear_ws/install/point_cloud_debug:/home/dimash/debug_clear_ws/install/person_movement:/home/dimash/debug_clear_ws/install/move_model_plugin:/home/dimash/debug_clear_ws/install/clearpath_simulator:/home/dimash/debug_clear_ws/install/clearpath_gz:/home/dimash/debug_clear_ws/install/clearpath_generator_gz:/home/dimash/debug_clear_ws/install/clearpath_common:/home/dimash/debug_clear_ws/install/clearpath_generator_common:/home/dimash/debug_clear_ws/install/clearpath_description:/home/dimash/debug_clear_ws/install/clearpath_sensors_description:/home/dimash/debug_clear_ws/install/clearpath_platform:/home/dimash/debug_clear_ws/install/clearpath_msgs:/home/dimash/debug_clear_ws/install/clearpath_platform_msgs:/home/dimash/debug_clear_ws/install/clearpath_platform_description:/home/dimash/debug_clear_ws/install/clearpath_nav2_demos:/home/dimash/debug_clear_ws/install/clearpath_mounts_description:/home/dimash/debug_clear_ws/install/clearpath_manipulators:/home/dimash/debug_clear_ws/install/clearpath_manipulators_description:/home/dimash/debug_clear_ws/install/clearpath_customization:/home/dimash/debug_clear_ws/install/clearpath_control:/opt/ros/humble CMAKE_PREFIX_PATH=/home/dimash/debug_clear_ws/install/clearpath_platform:/home/dimash/debug_clear_ws/install/clearpath_manipulators:/home/dimash/debug_clear_ws/install/clearpath_description:/home/dimash/debug_clear_ws/install/clearpath_sensors_description:/home/dimash/debug_clear_ws/install/clearpath_platform_msgs:/home/dimash/debug_clear_ws/install/clearpath_platform_description:/home/dimash/debug_clear_ws/install/clearpath_mounts_description:/home/dimash/debug_clear_ws/install/clearpath_manipulators_description:/home/dimash/debug_clear_ws/install/clearpath_control:/home/dimash/debug_clear_ws/install/yolo_bringup:/home/dimash/debug_clear_ws/install/mpc_low:/home/dimash/debug_clear_ws/install/yolo_msgs:/home/dimash/debug_clear_ws/install/point_cloud_debug:/home/dimash/debug_clear_ws/install/move_model_plugin:/home/dimash/debug_clear_ws/install/clearpath_simulator:/home/dimash/debug_clear_ws/install/clearpath_gz:/home/dimash/debug_clear_ws/install/clearpath_generator_gz:/home/dimash/debug_clear_ws/install/clearpath_common:/home/dimash/debug_clear_ws/install/clearpath_generator_common:/home/dimash/debug_clear_ws/install/clearpath_msgs:/home/dimash/debug_clear_ws/install/clearpath_nav2_demos:/home/dimash/debug_clear_ws/install/clearpath_customization:/home/dimash/debug_clear_ws/install/yolo_ros:/home/dimash/debug_clear_ws/install/person_movement:/home/dimash/debug_clear_ws/install/clearpath_config:/opt/ros/humble LD_LIBRARY_PATH=/home/dimash/debug_clear_ws/install/clearpath_platform/lib:/home/dimash/debug_clear_ws/install/clearpath_platform_msgs/lib:/home/dimash/debug_clear_ws/install/mpc_low/lib:/home/dimash/debug_clear_ws/install/yolo_msgs/lib:/home/dimash/debug_clear_ws/install/move_model_plugin/lib:/opt/ros/humble/opt/rviz_ogre_vendor/lib:/opt/ros/humble/lib/x86_64-linux-gnu:/opt/ros/humble/lib:/home/dimash/acados/lib:/home/dimash/acados/lib PYTHONPATH=/home/dimash/debug_clear_ws/install/clearpath_config/lib/python3.10/site-packages:/home/dimash/debug_clear_ws/install/yolo_ros/lib/python3.10/site-packages:/home/dimash/debug_clear_ws/install/yolo_msgs/local/lib/python3.10/dist-packages:/home/dimash/debug_clear_ws/install/person_movement/lib/python3.10/site-packages:/home/dimash/debug_clear_ws/install/clearpath_generator_gz/local/lib/python3.10/dist-packages:/home/dimash/debug_clear_ws/install/clearpath_generator_common/local/lib/python3.10/dist-packages:/home/dimash/debug_clear_ws/install/clearpath_platform_msgs/local/lib/python3.10/dist-packages:/opt/ros/humble/lib/python3.10/site-packages:/opt/ros/humble/local/lib/python3.10/dist-packages:/home/dimash/acados/lib /usr/bin/cmake --build /home/dimash/debug_clear_ws/build/clearpath_generator_common -- -j8 -l8
[2.829s] DEBUG:colcon.colcon_core.event_handler.log_command:Invoked command in '/home/dimash/debug_clear_ws/build/clearpath_nav2_demos' returned '0': AMENT_PREFIX_PATH=/home/dimash/debug_clear_ws/install/clearpath_config:/home/dimash/debug_clear_ws/install/yolo_bringup:/home/dimash/debug_clear_ws/install/yolo_ros:/home/dimash/debug_clear_ws/install/mpc_low:/home/dimash/debug_clear_ws/install/yolo_msgs:/home/dimash/debug_clear_ws/install/point_cloud_debug:/home/dimash/debug_clear_ws/install/person_movement:/home/dimash/debug_clear_ws/install/move_model_plugin:/home/dimash/debug_clear_ws/install/clearpath_simulator:/home/dimash/debug_clear_ws/install/clearpath_gz:/home/dimash/debug_clear_ws/install/clearpath_generator_gz:/home/dimash/debug_clear_ws/install/clearpath_common:/home/dimash/debug_clear_ws/install/clearpath_generator_common:/home/dimash/debug_clear_ws/install/clearpath_description:/home/dimash/debug_clear_ws/install/clearpath_sensors_description:/home/dimash/debug_clear_ws/install/clearpath_platform:/home/dimash/debug_clear_ws/install/clearpath_msgs:/home/dimash/debug_clear_ws/install/clearpath_platform_msgs:/home/dimash/debug_clear_ws/install/clearpath_platform_description:/home/dimash/debug_clear_ws/install/clearpath_nav2_demos:/home/dimash/debug_clear_ws/install/clearpath_mounts_description:/home/dimash/debug_clear_ws/install/clearpath_manipulators:/home/dimash/debug_clear_ws/install/clearpath_manipulators_description:/home/dimash/debug_clear_ws/install/clearpath_customization:/home/dimash/debug_clear_ws/install/clearpath_control:/opt/ros/humble CMAKE_PREFIX_PATH=${CMAKE_PREFIX_PATH}:/home/dimash/debug_clear_ws/install/yolo_ros:/home/dimash/debug_clear_ws/install/person_movement:/home/dimash/debug_clear_ws/install/clearpath_config:/opt/ros/humble PYTHONPATH=/home/dimash/debug_clear_ws/install/clearpath_config/lib/python3.10/site-packages:/home/dimash/debug_clear_ws/install/yolo_ros/lib/python3.10/site-packages:/home/dimash/debug_clear_ws/install/yolo_msgs/local/lib/python3.10/dist-packages:/home/dimash/debug_clear_ws/install/person_movement/lib/python3.10/site-packages:/home/dimash/debug_clear_ws/install/clearpath_generator_gz/local/lib/python3.10/dist-packages:/home/dimash/debug_clear_ws/install/clearpath_generator_common/local/lib/python3.10/dist-packages:/home/dimash/debug_clear_ws/install/clearpath_platform_msgs/local/lib/python3.10/dist-packages:/opt/ros/humble/lib/python3.10/site-packages:/opt/ros/humble/local/lib/python3.10/dist-packages:/home/dimash/acados/lib /usr/bin/cmake --build /home/dimash/debug_clear_ws/build/clearpath_nav2_demos -- -j8 -l8
[2.830s] DEBUG:colcon.colcon_core.event_handler.log_command:Invoking command in '/home/dimash/debug_clear_ws/build/clearpath_nav2_demos': AMENT_PREFIX_PATH=/home/dimash/debug_clear_ws/install/clearpath_config:/home/dimash/debug_clear_ws/install/yolo_bringup:/home/dimash/debug_clear_ws/install/yolo_ros:/home/dimash/debug_clear_ws/install/mpc_low:/home/dimash/debug_clear_ws/install/yolo_msgs:/home/dimash/debug_clear_ws/install/point_cloud_debug:/home/dimash/debug_clear_ws/install/person_movement:/home/dimash/debug_clear_ws/install/move_model_plugin:/home/dimash/debug_clear_ws/install/clearpath_simulator:/home/dimash/debug_clear_ws/install/clearpath_gz:/home/dimash/debug_clear_ws/install/clearpath_generator_gz:/home/dimash/debug_clear_ws/install/clearpath_common:/home/dimash/debug_clear_ws/install/clearpath_generator_common:/home/dimash/debug_clear_ws/install/clearpath_description:/home/dimash/debug_clear_ws/install/clearpath_sensors_description:/home/dimash/debug_clear_ws/install/clearpath_platform:/home/dimash/debug_clear_ws/install/clearpath_msgs:/home/dimash/debug_clear_ws/install/clearpath_platform_msgs:/home/dimash/debug_clear_ws/install/clearpath_platform_description:/home/dimash/debug_clear_ws/install/clearpath_nav2_demos:/home/dimash/debug_clear_ws/install/clearpath_mounts_description:/home/dimash/debug_clear_ws/install/clearpath_manipulators:/home/dimash/debug_clear_ws/install/clearpath_manipulators_description:/home/dimash/debug_clear_ws/install/clearpath_customization:/home/dimash/debug_clear_ws/install/clearpath_control:/opt/ros/humble CMAKE_PREFIX_PATH=${CMAKE_PREFIX_PATH}:/home/dimash/debug_clear_ws/install/yolo_ros:/home/dimash/debug_clear_ws/install/person_movement:/home/dimash/debug_clear_ws/install/clearpath_config:/opt/ros/humble PYTHONPATH=/home/dimash/debug_clear_ws/install/clearpath_config/lib/python3.10/site-packages:/home/dimash/debug_clear_ws/install/yolo_ros/lib/python3.10/site-packages:/home/dimash/debug_clear_ws/install/yolo_msgs/local/lib/python3.10/dist-packages:/home/dimash/debug_clear_ws/install/person_movement/lib/python3.10/site-packages:/home/dimash/debug_clear_ws/install/clearpath_generator_gz/local/lib/python3.10/dist-packages:/home/dimash/debug_clear_ws/install/clearpath_generator_common/local/lib/python3.10/dist-packages:/home/dimash/debug_clear_ws/install/clearpath_platform_msgs/local/lib/python3.10/dist-packages:/opt/ros/humble/lib/python3.10/site-packages:/opt/ros/humble/local/lib/python3.10/dist-packages:/home/dimash/acados/lib /usr/bin/cmake --install /home/dimash/debug_clear_ws/build/clearpath_nav2_demos
[2.857s] Level 1:colcon.colcon_core.environment:create_environment_scripts_only(clearpath_nav2_demos)
[2.857s] Level 1:colcon.colcon_core.environment:checking '/home/dimash/debug_clear_ws/install/clearpath_nav2_demos' for CMake module files
[2.858s] Level 1:colcon.colcon_core.environment:checking '/home/dimash/debug_clear_ws/install/clearpath_nav2_demos' for CMake config files
[2.868s] Level 1:colcon.colcon_core.shell:create_environment_hook('clearpath_nav2_demos', 'cmake_prefix_path')
[2.869s] INFO:colcon.colcon_core.shell:Creating environment hook '/home/dimash/debug_clear_ws/install/clearpath_nav2_demos/share/clearpath_nav2_demos/hook/cmake_prefix_path.ps1'
[2.869s] INFO:colcon.colcon_core.shell:Creating environment descriptor '/home/dimash/debug_clear_ws/install/clearpath_nav2_demos/share/clearpath_nav2_demos/hook/cmake_prefix_path.dsv'
[2.870s] INFO:colcon.colcon_core.shell:Creating environment hook '/home/dimash/debug_clear_ws/install/clearpath_nav2_demos/share/clearpath_nav2_demos/hook/cmake_prefix_path.sh'
[2.870s] Level 1:colcon.colcon_core.environment:checking '/home/dimash/debug_clear_ws/install/clearpath_nav2_demos/bin'
[2.871s] Level 1:colcon.colcon_core.environment:checking '/home/dimash/debug_clear_ws/install/clearpath_nav2_demos/lib/pkgconfig/clearpath_nav2_demos.pc'
[2.871s] Level 1:colcon.colcon_core.environment:checking '/home/dimash/debug_clear_ws/install/clearpath_nav2_demos/lib/python3.10/site-packages'
[2.871s] Level 1:colcon.colcon_core.environment:checking '/home/dimash/debug_clear_ws/install/clearpath_nav2_demos/bin'
[2.878s] INFO:colcon.colcon_core.shell:Creating package script '/home/dimash/debug_clear_ws/install/clearpath_nav2_demos/share/clearpath_nav2_demos/package.ps1'
[2.877s] DEBUG:colcon.colcon_core.event_handler.log_command:Invoked command in '/home/dimash/debug_clear_ws/build/clearpath_nav2_demos' returned '0': AMENT_PREFIX_PATH=/home/dimash/debug_clear_ws/install/clearpath_config:/home/dimash/debug_clear_ws/install/yolo_bringup:/home/dimash/debug_clear_ws/install/yolo_ros:/home/dimash/debug_clear_ws/install/mpc_low:/home/dimash/debug_clear_ws/install/yolo_msgs:/home/dimash/debug_clear_ws/install/point_cloud_debug:/home/dimash/debug_clear_ws/install/person_movement:/home/dimash/debug_clear_ws/install/move_model_plugin:/home/dimash/debug_clear_ws/install/clearpath_simulator:/home/dimash/debug_clear_ws/install/clearpath_gz:/home/dimash/debug_clear_ws/install/clearpath_generator_gz:/home/dimash/debug_clear_ws/install/clearpath_common:/home/dimash/debug_clear_ws/install/clearpath_generator_common:/home/dimash/debug_clear_ws/install/clearpath_description:/home/dimash/debug_clear_ws/install/clearpath_sensors_description:/home/dimash/debug_clear_ws/install/clearpath_platform:/home/dimash/debug_clear_ws/install/clearpath_msgs:/home/dimash/debug_clear_ws/install/clearpath_platform_msgs:/home/dimash/debug_clear_ws/install/clearpath_platform_description:/home/dimash/debug_clear_ws/install/clearpath_nav2_demos:/home/dimash/debug_clear_ws/install/clearpath_mounts_description:/home/dimash/debug_clear_ws/install/clearpath_manipulators:/home/dimash/debug_clear_ws/install/clearpath_manipulators_description:/home/dimash/debug_clear_ws/install/clearpath_customization:/home/dimash/debug_clear_ws/install/clearpath_control:/opt/ros/humble CMAKE_PREFIX_PATH=${CMAKE_PREFIX_PATH}:/home/dimash/debug_clear_ws/install/yolo_ros:/home/dimash/debug_clear_ws/install/person_movement:/home/dimash/debug_clear_ws/install/clearpath_config:/opt/ros/humble PYTHONPATH=/home/dimash/debug_clear_ws/install/clearpath_config/lib/python3.10/site-packages:/home/dimash/debug_clear_ws/install/yolo_ros/lib/python3.10/site-packages:/home/dimash/debug_clear_ws/install/yolo_msgs/local/lib/python3.10/dist-packages:/home/dimash/debug_clear_ws/install/person_movement/lib/python3.10/site-packages:/home/dimash/debug_clear_ws/install/clearpath_generator_gz/local/lib/python3.10/dist-packages:/home/dimash/debug_clear_ws/install/clearpath_generator_common/local/lib/python3.10/dist-packages:/home/dimash/debug_clear_ws/install/clearpath_platform_msgs/local/lib/python3.10/dist-packages:/opt/ros/humble/lib/python3.10/site-packages:/opt/ros/humble/local/lib/python3.10/dist-packages:/home/dimash/acados/lib /usr/bin/cmake --install /home/dimash/debug_clear_ws/build/clearpath_nav2_demos
[2.879s] INFO:colcon.colcon_core.shell:Creating package descriptor '/home/dimash/debug_clear_ws/install/clearpath_nav2_demos/share/clearpath_nav2_demos/package.dsv'
[2.883s] INFO:colcon.colcon_core.shell:Creating package script '/home/dimash/debug_clear_ws/install/clearpath_nav2_demos/share/clearpath_nav2_demos/package.sh'
[2.884s] INFO:colcon.colcon_core.shell:Creating package script '/home/dimash/debug_clear_ws/install/clearpath_nav2_demos/share/clearpath_nav2_demos/package.bash'
[2.884s] INFO:colcon.colcon_core.shell:Creating package script '/home/dimash/debug_clear_ws/install/clearpath_nav2_demos/share/clearpath_nav2_demos/package.zsh'
[2.885s] Level 1:colcon.colcon_core.environment:create_file_with_runtime_dependencies(/home/dimash/debug_clear_ws/install/clearpath_nav2_demos/share/colcon-core/packages/clearpath_nav2_demos)
[2.889s] Level 1:colcon.colcon_core.environment:create_environment_scripts_only(clearpath_nav2_demos)
[2.889s] Level 1:colcon.colcon_core.environment:checking '/home/dimash/debug_clear_ws/install/clearpath_nav2_demos' for CMake module files
[2.890s] Level 1:colcon.colcon_core.environment:checking '/home/dimash/debug_clear_ws/install/clearpath_nav2_demos' for CMake config files
[2.890s] Level 1:colcon.colcon_core.shell:create_environment_hook('clearpath_nav2_demos', 'cmake_prefix_path')
[2.891s] INFO:colcon.colcon_core.shell:Creating environment hook '/home/dimash/debug_clear_ws/install/clearpath_nav2_demos/share/clearpath_nav2_demos/hook/cmake_prefix_path.ps1'
[2.894s] INFO:colcon.colcon_core.shell:Creating environment descriptor '/home/dimash/debug_clear_ws/install/clearpath_nav2_demos/share/clearpath_nav2_demos/hook/cmake_prefix_path.dsv'
[2.895s] INFO:colcon.colcon_core.shell:Creating environment hook '/home/dimash/debug_clear_ws/install/clearpath_nav2_demos/share/clearpath_nav2_demos/hook/cmake_prefix_path.sh'
[2.896s] Level 1:colcon.colcon_core.environment:checking '/home/dimash/debug_clear_ws/install/clearpath_nav2_demos/bin'
[2.896s] Level 1:colcon.colcon_core.environment:checking '/home/dimash/debug_clear_ws/install/clearpath_nav2_demos/lib/pkgconfig/clearpath_nav2_demos.pc'
[2.902s] Level 1:colcon.colcon_core.environment:checking '/home/dimash/debug_clear_ws/install/clearpath_nav2_demos/lib/python3.10/site-packages'
[2.902s] Level 1:colcon.colcon_core.environment:checking '/home/dimash/debug_clear_ws/install/clearpath_nav2_demos/bin'
[2.903s] INFO:colcon.colcon_core.shell:Creating package script '/home/dimash/debug_clear_ws/install/clearpath_nav2_demos/share/clearpath_nav2_demos/package.ps1'
[2.905s] INFO:colcon.colcon_core.shell:Creating package descriptor '/home/dimash/debug_clear_ws/install/clearpath_nav2_demos/share/clearpath_nav2_demos/package.dsv'
[2.905s] INFO:colcon.colcon_core.shell:Creating package script '/home/dimash/debug_clear_ws/install/clearpath_nav2_demos/share/clearpath_nav2_demos/package.sh'
[2.906s] INFO:colcon.colcon_core.shell:Creating package script '/home/dimash/debug_clear_ws/install/clearpath_nav2_demos/share/clearpath_nav2_demos/package.bash'
[2.907s] INFO:colcon.colcon_core.shell:Creating package script '/home/dimash/debug_clear_ws/install/clearpath_nav2_demos/share/clearpath_nav2_demos/package.zsh'
[2.907s] Level 1:colcon.colcon_core.environment:create_file_with_runtime_dependencies(/home/dimash/debug_clear_ws/install/clearpath_nav2_demos/share/colcon-core/packages/clearpath_nav2_demos)
[3.398s] Level 1:colcon.colcon_core.environment:checking '/home/dimash/debug_clear_ws/install/person_movement' for CMake module files
[3.399s] Level 1:colcon.colcon_core.environment:checking '/home/dimash/debug_clear_ws/install/person_movement' for CMake config files
[3.400s] Level 1:colcon.colcon_core.environment:checking '/home/dimash/debug_clear_ws/install/person_movement/lib'
[3.400s] Level 1:colcon.colcon_core.environment:checking '/home/dimash/debug_clear_ws/install/person_movement/bin'
[3.400s] Level 1:colcon.colcon_core.environment:checking '/home/dimash/debug_clear_ws/install/person_movement/lib/pkgconfig/person_movement.pc'
[3.400s] Level 1:colcon.colcon_core.environment:checking '/home/dimash/debug_clear_ws/install/person_movement/lib/python3.10/site-packages'
[3.401s] Level 1:colcon.colcon_core.shell:create_environment_hook('person_movement', 'pythonpath')
[3.401s] INFO:colcon.colcon_core.shell:Creating environment hook '/home/dimash/debug_clear_ws/install/person_movement/share/person_movement/hook/pythonpath.ps1'
[3.405s] DEBUG:colcon.colcon_core.event_handler.log_command:Invoked command in '/home/dimash/debug_clear_ws/src/person_movement' returned '0': PYTHONPATH=/home/dimash/debug_clear_ws/build/person_movement/prefix_override:/usr/lib/python3/dist-packages/colcon_core/task/python/colcon_distutils_commands:/home/dimash/debug_clear_ws/install/person_movement/lib/python3.10/site-packages:${PYTHONPATH} /usr/bin/python3 -W ignore:setup.py install is deprecated -W ignore:easy_install command is deprecated setup.py egg_info --egg-base ../../build/person_movement build --build-base /home/dimash/debug_clear_ws/build/person_movement/build install --record /home/dimash/debug_clear_ws/build/person_movement/install.log --single-version-externally-managed install_data
[3.405s] INFO:colcon.colcon_core.shell:Creating environment descriptor '/home/dimash/debug_clear_ws/install/person_movement/share/person_movement/hook/pythonpath.dsv'
[3.408s] INFO:colcon.colcon_core.shell:Creating environment hook '/home/dimash/debug_clear_ws/install/person_movement/share/person_movement/hook/pythonpath.sh'
[3.410s] Level 1:colcon.colcon_core.environment:checking '/home/dimash/debug_clear_ws/install/person_movement/bin'
[3.411s] Level 1:colcon.colcon_core.environment:create_environment_scripts_only(person_movement)
[3.411s] INFO:colcon.colcon_core.shell:Creating package script '/home/dimash/debug_clear_ws/install/person_movement/share/person_movement/package.ps1'
[3.414s] INFO:colcon.colcon_core.shell:Creating package descriptor '/home/dimash/debug_clear_ws/install/person_movement/share/person_movement/package.dsv'
[3.416s] INFO:colcon.colcon_core.shell:Creating package script '/home/dimash/debug_clear_ws/install/person_movement/share/person_movement/package.sh'
[3.418s] INFO:colcon.colcon_core.shell:Creating package script '/home/dimash/debug_clear_ws/install/person_movement/share/person_movement/package.bash'
[3.421s] INFO:colcon.colcon_core.shell:Creating package script '/home/dimash/debug_clear_ws/install/person_movement/share/person_movement/package.zsh'
[3.422s] Level 1:colcon.colcon_core.environment:create_file_with_runtime_dependencies(/home/dimash/debug_clear_ws/install/person_movement/share/colcon-core/packages/person_movement)
[3.491s] DEBUG:colcon.colcon_core.event_handler.log_command:Invoked command in '/home/dimash/debug_clear_ws/build/clearpath_generator_common' returned '0': AMENT_PREFIX_PATH=/home/dimash/debug_clear_ws/install/clearpath_config:/home/dimash/debug_clear_ws/install/yolo_bringup:/home/dimash/debug_clear_ws/install/yolo_ros:/home/dimash/debug_clear_ws/install/mpc_low:/home/dimash/debug_clear_ws/install/yolo_msgs:/home/dimash/debug_clear_ws/install/point_cloud_debug:/home/dimash/debug_clear_ws/install/person_movement:/home/dimash/debug_clear_ws/install/move_model_plugin:/home/dimash/debug_clear_ws/install/clearpath_simulator:/home/dimash/debug_clear_ws/install/clearpath_gz:/home/dimash/debug_clear_ws/install/clearpath_generator_gz:/home/dimash/debug_clear_ws/install/clearpath_common:/home/dimash/debug_clear_ws/install/clearpath_generator_common:/home/dimash/debug_clear_ws/install/clearpath_description:/home/dimash/debug_clear_ws/install/clearpath_sensors_description:/home/dimash/debug_clear_ws/install/clearpath_platform:/home/dimash/debug_clear_ws/install/clearpath_msgs:/home/dimash/debug_clear_ws/install/clearpath_platform_msgs:/home/dimash/debug_clear_ws/install/clearpath_platform_description:/home/dimash/debug_clear_ws/install/clearpath_nav2_demos:/home/dimash/debug_clear_ws/install/clearpath_mounts_description:/home/dimash/debug_clear_ws/install/clearpath_manipulators:/home/dimash/debug_clear_ws/install/clearpath_manipulators_description:/home/dimash/debug_clear_ws/install/clearpath_customization:/home/dimash/debug_clear_ws/install/clearpath_control:/opt/ros/humble CMAKE_PREFIX_PATH=/home/dimash/debug_clear_ws/install/clearpath_platform:/home/dimash/debug_clear_ws/install/clearpath_manipulators:/home/dimash/debug_clear_ws/install/clearpath_description:/home/dimash/debug_clear_ws/install/clearpath_sensors_description:/home/dimash/debug_clear_ws/install/clearpath_platform_msgs:/home/dimash/debug_clear_ws/install/clearpath_platform_description:/home/dimash/debug_clear_ws/install/clearpath_mounts_description:/home/dimash/debug_clear_ws/install/clearpath_manipulators_description:/home/dimash/debug_clear_ws/install/clearpath_control:/home/dimash/debug_clear_ws/install/yolo_bringup:/home/dimash/debug_clear_ws/install/mpc_low:/home/dimash/debug_clear_ws/install/yolo_msgs:/home/dimash/debug_clear_ws/install/point_cloud_debug:/home/dimash/debug_clear_ws/install/move_model_plugin:/home/dimash/debug_clear_ws/install/clearpath_simulator:/home/dimash/debug_clear_ws/install/clearpath_gz:/home/dimash/debug_clear_ws/install/clearpath_generator_gz:/home/dimash/debug_clear_ws/install/clearpath_common:/home/dimash/debug_clear_ws/install/clearpath_generator_common:/home/dimash/debug_clear_ws/install/clearpath_msgs:/home/dimash/debug_clear_ws/install/clearpath_nav2_demos:/home/dimash/debug_clear_ws/install/clearpath_customization:/home/dimash/debug_clear_ws/install/yolo_ros:/home/dimash/debug_clear_ws/install/person_movement:/home/dimash/debug_clear_ws/install/clearpath_config:/opt/ros/humble LD_LIBRARY_PATH=/home/dimash/debug_clear_ws/install/clearpath_platform/lib:/home/dimash/debug_clear_ws/install/clearpath_platform_msgs/lib:/home/dimash/debug_clear_ws/install/mpc_low/lib:/home/dimash/debug_clear_ws/install/yolo_msgs/lib:/home/dimash/debug_clear_ws/install/move_model_plugin/lib:/opt/ros/humble/opt/rviz_ogre_vendor/lib:/opt/ros/humble/lib/x86_64-linux-gnu:/opt/ros/humble/lib:/home/dimash/acados/lib:/home/dimash/acados/lib PYTHONPATH=/home/dimash/debug_clear_ws/install/clearpath_config/lib/python3.10/site-packages:/home/dimash/debug_clear_ws/install/yolo_ros/lib/python3.10/site-packages:/home/dimash/debug_clear_ws/install/yolo_msgs/local/lib/python3.10/dist-packages:/home/dimash/debug_clear_ws/install/person_movement/lib/python3.10/site-packages:/home/dimash/debug_clear_ws/install/clearpath_generator_gz/local/lib/python3.10/dist-packages:/home/dimash/debug_clear_ws/install/clearpath_generator_common/local/lib/python3.10/dist-packages:/home/dimash/debug_clear_ws/install/clearpath_platform_msgs/local/lib/python3.10/dist-packages:/opt/ros/humble/lib/python3.10/site-packages:/opt/ros/humble/local/lib/python3.10/dist-packages:/home/dimash/acados/lib /usr/bin/cmake --build /home/dimash/debug_clear_ws/build/clearpath_generator_common -- -j8 -l8
[3.494s] DEBUG:colcon.colcon_core.event_handler.log_command:Invoking command in '/home/dimash/debug_clear_ws/build/clearpath_generator_common': AMENT_PREFIX_PATH=/home/dimash/debug_clear_ws/install/clearpath_config:/home/dimash/debug_clear_ws/install/yolo_bringup:/home/dimash/debug_clear_ws/install/yolo_ros:/home/dimash/debug_clear_ws/install/mpc_low:/home/dimash/debug_clear_ws/install/yolo_msgs:/home/dimash/debug_clear_ws/install/point_cloud_debug:/home/dimash/debug_clear_ws/install/person_movement:/home/dimash/debug_clear_ws/install/move_model_plugin:/home/dimash/debug_clear_ws/install/clearpath_simulator:/home/dimash/debug_clear_ws/install/clearpath_gz:/home/dimash/debug_clear_ws/install/clearpath_generator_gz:/home/dimash/debug_clear_ws/install/clearpath_common:/home/dimash/debug_clear_ws/install/clearpath_generator_common:/home/dimash/debug_clear_ws/install/clearpath_description:/home/dimash/debug_clear_ws/install/clearpath_sensors_description:/home/dimash/debug_clear_ws/install/clearpath_platform:/home/dimash/debug_clear_ws/install/clearpath_msgs:/home/dimash/debug_clear_ws/install/clearpath_platform_msgs:/home/dimash/debug_clear_ws/install/clearpath_platform_description:/home/dimash/debug_clear_ws/install/clearpath_nav2_demos:/home/dimash/debug_clear_ws/install/clearpath_mounts_description:/home/dimash/debug_clear_ws/install/clearpath_manipulators:/home/dimash/debug_clear_ws/install/clearpath_manipulators_description:/home/dimash/debug_clear_ws/install/clearpath_customization:/home/dimash/debug_clear_ws/install/clearpath_control:/opt/ros/humble CMAKE_PREFIX_PATH=/home/dimash/debug_clear_ws/install/clearpath_platform:/home/dimash/debug_clear_ws/install/clearpath_manipulators:/home/dimash/debug_clear_ws/install/clearpath_description:/home/dimash/debug_clear_ws/install/clearpath_sensors_description:/home/dimash/debug_clear_ws/install/clearpath_platform_msgs:/home/dimash/debug_clear_ws/install/clearpath_platform_description:/home/dimash/debug_clear_ws/install/clearpath_mounts_description:/home/dimash/debug_clear_ws/install/clearpath_manipulators_description:/home/dimash/debug_clear_ws/install/clearpath_control:/home/dimash/debug_clear_ws/install/yolo_bringup:/home/dimash/debug_clear_ws/install/mpc_low:/home/dimash/debug_clear_ws/install/yolo_msgs:/home/dimash/debug_clear_ws/install/point_cloud_debug:/home/dimash/debug_clear_ws/install/move_model_plugin:/home/dimash/debug_clear_ws/install/clearpath_simulator:/home/dimash/debug_clear_ws/install/clearpath_gz:/home/dimash/debug_clear_ws/install/clearpath_generator_gz:/home/dimash/debug_clear_ws/install/clearpath_common:/home/dimash/debug_clear_ws/install/clearpath_generator_common:/home/dimash/debug_clear_ws/install/clearpath_msgs:/home/dimash/debug_clear_ws/install/clearpath_nav2_demos:/home/dimash/debug_clear_ws/install/clearpath_customization:/home/dimash/debug_clear_ws/install/yolo_ros:/home/dimash/debug_clear_ws/install/person_movement:/home/dimash/debug_clear_ws/install/clearpath_config:/opt/ros/humble LD_LIBRARY_PATH=/home/dimash/debug_clear_ws/install/clearpath_platform/lib:/home/dimash/debug_clear_ws/install/clearpath_platform_msgs/lib:/home/dimash/debug_clear_ws/install/mpc_low/lib:/home/dimash/debug_clear_ws/install/yolo_msgs/lib:/home/dimash/debug_clear_ws/install/move_model_plugin/lib:/opt/ros/humble/opt/rviz_ogre_vendor/lib:/opt/ros/humble/lib/x86_64-linux-gnu:/opt/ros/humble/lib:/home/dimash/acados/lib:/home/dimash/acados/lib PYTHONPATH=/home/dimash/debug_clear_ws/install/clearpath_config/lib/python3.10/site-packages:/home/dimash/debug_clear_ws/install/yolo_ros/lib/python3.10/site-packages:/home/dimash/debug_clear_ws/install/yolo_msgs/local/lib/python3.10/dist-packages:/home/dimash/debug_clear_ws/install/person_movement/lib/python3.10/site-packages:/home/dimash/debug_clear_ws/install/clearpath_generator_gz/local/lib/python3.10/dist-packages:/home/dimash/debug_clear_ws/install/clearpath_generator_common/local/lib/python3.10/dist-packages:/home/dimash/debug_clear_ws/install/clearpath_platform_msgs/local/lib/python3.10/dist-packages:/opt/ros/humble/lib/python3.10/site-packages:/opt/ros/humble/local/lib/python3.10/dist-packages:/home/dimash/acados/lib /usr/bin/cmake --install /home/dimash/debug_clear_ws/build/clearpath_generator_common
[3.616s] Level 1:colcon.colcon_core.environment:create_environment_scripts_only(clearpath_generator_common)
[3.616s] Level 1:colcon.colcon_core.environment:checking '/home/dimash/debug_clear_ws/install/clearpath_generator_common' for CMake module files
[3.617s] Level 1:colcon.colcon_core.environment:checking '/home/dimash/debug_clear_ws/install/clearpath_generator_common' for CMake config files
[3.617s] Level 1:colcon.colcon_core.shell:create_environment_hook('clearpath_generator_common', 'cmake_prefix_path')
[3.618s] INFO:colcon.colcon_core.shell:Creating environment hook '/home/dimash/debug_clear_ws/install/clearpath_generator_common/share/clearpath_generator_common/hook/cmake_prefix_path.ps1'
[3.619s] DEBUG:colcon.colcon_core.event_handler.log_command:Invoked command in '/home/dimash/debug_clear_ws/build/clearpath_generator_common' returned '0': AMENT_PREFIX_PATH=/home/dimash/debug_clear_ws/install/clearpath_config:/home/dimash/debug_clear_ws/install/yolo_bringup:/home/dimash/debug_clear_ws/install/yolo_ros:/home/dimash/debug_clear_ws/install/mpc_low:/home/dimash/debug_clear_ws/install/yolo_msgs:/home/dimash/debug_clear_ws/install/point_cloud_debug:/home/dimash/debug_clear_ws/install/person_movement:/home/dimash/debug_clear_ws/install/move_model_plugin:/home/dimash/debug_clear_ws/install/clearpath_simulator:/home/dimash/debug_clear_ws/install/clearpath_gz:/home/dimash/debug_clear_ws/install/clearpath_generator_gz:/home/dimash/debug_clear_ws/install/clearpath_common:/home/dimash/debug_clear_ws/install/clearpath_generator_common:/home/dimash/debug_clear_ws/install/clearpath_description:/home/dimash/debug_clear_ws/install/clearpath_sensors_description:/home/dimash/debug_clear_ws/install/clearpath_platform:/home/dimash/debug_clear_ws/install/clearpath_msgs:/home/dimash/debug_clear_ws/install/clearpath_platform_msgs:/home/dimash/debug_clear_ws/install/clearpath_platform_description:/home/dimash/debug_clear_ws/install/clearpath_nav2_demos:/home/dimash/debug_clear_ws/install/clearpath_mounts_description:/home/dimash/debug_clear_ws/install/clearpath_manipulators:/home/dimash/debug_clear_ws/install/clearpath_manipulators_description:/home/dimash/debug_clear_ws/install/clearpath_customization:/home/dimash/debug_clear_ws/install/clearpath_control:/opt/ros/humble CMAKE_PREFIX_PATH=/home/dimash/debug_clear_ws/install/clearpath_platform:/home/dimash/debug_clear_ws/install/clearpath_manipulators:/home/dimash/debug_clear_ws/install/clearpath_description:/home/dimash/debug_clear_ws/install/clearpath_sensors_description:/home/dimash/debug_clear_ws/install/clearpath_platform_msgs:/home/dimash/debug_clear_ws/install/clearpath_platform_description:/home/dimash/debug_clear_ws/install/clearpath_mounts_description:/home/dimash/debug_clear_ws/install/clearpath_manipulators_description:/home/dimash/debug_clear_ws/install/clearpath_control:/home/dimash/debug_clear_ws/install/yolo_bringup:/home/dimash/debug_clear_ws/install/mpc_low:/home/dimash/debug_clear_ws/install/yolo_msgs:/home/dimash/debug_clear_ws/install/point_cloud_debug:/home/dimash/debug_clear_ws/install/move_model_plugin:/home/dimash/debug_clear_ws/install/clearpath_simulator:/home/dimash/debug_clear_ws/install/clearpath_gz:/home/dimash/debug_clear_ws/install/clearpath_generator_gz:/home/dimash/debug_clear_ws/install/clearpath_common:/home/dimash/debug_clear_ws/install/clearpath_generator_common:/home/dimash/debug_clear_ws/install/clearpath_msgs:/home/dimash/debug_clear_ws/install/clearpath_nav2_demos:/home/dimash/debug_clear_ws/install/clearpath_customization:/home/dimash/debug_clear_ws/install/yolo_ros:/home/dimash/debug_clear_ws/install/person_movement:/home/dimash/debug_clear_ws/install/clearpath_config:/opt/ros/humble LD_LIBRARY_PATH=/home/dimash/debug_clear_ws/install/clearpath_platform/lib:/home/dimash/debug_clear_ws/install/clearpath_platform_msgs/lib:/home/dimash/debug_clear_ws/install/mpc_low/lib:/home/dimash/debug_clear_ws/install/yolo_msgs/lib:/home/dimash/debug_clear_ws/install/move_model_plugin/lib:/opt/ros/humble/opt/rviz_ogre_vendor/lib:/opt/ros/humble/lib/x86_64-linux-gnu:/opt/ros/humble/lib:/home/dimash/acados/lib:/home/dimash/acados/lib PYTHONPATH=/home/dimash/debug_clear_ws/install/clearpath_config/lib/python3.10/site-packages:/home/dimash/debug_clear_ws/install/yolo_ros/lib/python3.10/site-packages:/home/dimash/debug_clear_ws/install/yolo_msgs/local/lib/python3.10/dist-packages:/home/dimash/debug_clear_ws/install/person_movement/lib/python3.10/site-packages:/home/dimash/debug_clear_ws/install/clearpath_generator_gz/local/lib/python3.10/dist-packages:/home/dimash/debug_clear_ws/install/clearpath_generator_common/local/lib/python3.10/dist-packages:/home/dimash/debug_clear_ws/install/clearpath_platform_msgs/local/lib/python3.10/dist-packages:/opt/ros/humble/lib/python3.10/site-packages:/opt/ros/humble/local/lib/python3.10/dist-packages:/home/dimash/acados/lib /usr/bin/cmake --install /home/dimash/debug_clear_ws/build/clearpath_generator_common
[3.619s] INFO:colcon.colcon_core.shell:Creating environment descriptor '/home/dimash/debug_clear_ws/install/clearpath_generator_common/share/clearpath_generator_common/hook/cmake_prefix_path.dsv'
[3.620s] INFO:colcon.colcon_core.shell:Creating environment hook '/home/dimash/debug_clear_ws/install/clearpath_generator_common/share/clearpath_generator_common/hook/cmake_prefix_path.sh'
[3.621s] Level 1:colcon.colcon_core.environment:checking '/home/dimash/debug_clear_ws/install/clearpath_generator_common/lib'
[3.621s] Level 1:colcon.colcon_core.environment:checking '/home/dimash/debug_clear_ws/install/clearpath_generator_common/bin'
[3.621s] Level 1:colcon.colcon_core.environment:checking '/home/dimash/debug_clear_ws/install/clearpath_generator_common/lib/pkgconfig/clearpath_generator_common.pc'
[3.621s] Level 1:colcon.colcon_core.environment:checking '/home/dimash/debug_clear_ws/install/clearpath_generator_common/lib/python3.10/site-packages'
[3.622s] Level 1:colcon.colcon_core.environment:checking '/home/dimash/debug_clear_ws/install/clearpath_generator_common/bin'
[3.622s] INFO:colcon.colcon_core.shell:Creating package script '/home/dimash/debug_clear_ws/install/clearpath_generator_common/share/clearpath_generator_common/package.ps1'
[3.623s] INFO:colcon.colcon_core.shell:Creating package descriptor '/home/dimash/debug_clear_ws/install/clearpath_generator_common/share/clearpath_generator_common/package.dsv'
[3.624s] INFO:colcon.colcon_core.shell:Creating package script '/home/dimash/debug_clear_ws/install/clearpath_generator_common/share/clearpath_generator_common/package.sh'
[3.625s] INFO:colcon.colcon_core.shell:Creating package script '/home/dimash/debug_clear_ws/install/clearpath_generator_common/share/clearpath_generator_common/package.bash'
[3.625s] INFO:colcon.colcon_core.shell:Creating package script '/home/dimash/debug_clear_ws/install/clearpath_generator_common/share/clearpath_generator_common/package.zsh'
[3.626s] Level 1:colcon.colcon_core.environment:create_file_with_runtime_dependencies(/home/dimash/debug_clear_ws/install/clearpath_generator_common/share/colcon-core/packages/clearpath_generator_common)
[3.627s] Level 1:colcon.colcon_core.environment:create_environment_scripts_only(clearpath_generator_common)
[3.627s] Level 1:colcon.colcon_core.environment:checking '/home/dimash/debug_clear_ws/install/clearpath_generator_common' for CMake module files
[3.628s] Level 1:colcon.colcon_core.environment:checking '/home/dimash/debug_clear_ws/install/clearpath_generator_common' for CMake config files
[3.628s] Level 1:colcon.colcon_core.shell:create_environment_hook('clearpath_generator_common', 'cmake_prefix_path')
[3.629s] INFO:colcon.colcon_core.shell:Creating environment hook '/home/dimash/debug_clear_ws/install/clearpath_generator_common/share/clearpath_generator_common/hook/cmake_prefix_path.ps1'
[3.629s] INFO:colcon.colcon_core.shell:Creating environment descriptor '/home/dimash/debug_clear_ws/install/clearpath_generator_common/share/clearpath_generator_common/hook/cmake_prefix_path.dsv'
[3.630s] INFO:colcon.colcon_core.shell:Creating environment hook '/home/dimash/debug_clear_ws/install/clearpath_generator_common/share/clearpath_generator_common/hook/cmake_prefix_path.sh'
[3.631s] Level 1:colcon.colcon_core.environment:checking '/home/dimash/debug_clear_ws/install/clearpath_generator_common/lib'
[3.631s] Level 1:colcon.colcon_core.environment:checking '/home/dimash/debug_clear_ws/install/clearpath_generator_common/bin'
[3.631s] Level 1:colcon.colcon_core.environment:checking '/home/dimash/debug_clear_ws/install/clearpath_generator_common/lib/pkgconfig/clearpath_generator_common.pc'
[3.632s] Level 1:colcon.colcon_core.environment:checking '/home/dimash/debug_clear_ws/install/clearpath_generator_common/lib/python3.10/site-packages'
[3.632s] Level 1:colcon.colcon_core.environment:checking '/home/dimash/debug_clear_ws/install/clearpath_generator_common/bin'
[3.632s] INFO:colcon.colcon_core.shell:Creating package script '/home/dimash/debug_clear_ws/install/clearpath_generator_common/share/clearpath_generator_common/package.ps1'
[3.633s] INFO:colcon.colcon_core.shell:Creating package descriptor '/home/dimash/debug_clear_ws/install/clearpath_generator_common/share/clearpath_generator_common/package.dsv'
[3.634s] INFO:colcon.colcon_core.shell:Creating package script '/home/dimash/debug_clear_ws/install/clearpath_generator_common/share/clearpath_generator_common/package.sh'
[3.635s] INFO:colcon.colcon_core.shell:Creating package script '/home/dimash/debug_clear_ws/install/clearpath_generator_common/share/clearpath_generator_common/package.bash'
[3.636s] INFO:colcon.colcon_core.shell:Creating package script '/home/dimash/debug_clear_ws/install/clearpath_generator_common/share/clearpath_generator_common/package.zsh'
[3.637s] Level 1:colcon.colcon_core.environment:create_file_with_runtime_dependencies(/home/dimash/debug_clear_ws/install/clearpath_generator_common/share/colcon-core/packages/clearpath_generator_common)
[3.638s] INFO:colcon.colcon_ros.task.ament_cmake.build:Building ROS package in '/home/dimash/debug_clear_ws/src/clearpath_common/clearpath_common' with build type 'ament_cmake'
[3.638s] INFO:colcon.colcon_cmake.task.cmake.build:Building CMake package in '/home/dimash/debug_clear_ws/src/clearpath_common/clearpath_common'
[3.638s] INFO:colcon.colcon_core.shell:Skip shell extension 'powershell' for command environment: Not usable outside of PowerShell
[3.638s] DEBUG:colcon.colcon_core.shell:Skip shell extension 'dsv' for command environment
[3.650s] INFO:colcon.colcon_ros.task.ament_cmake.build:Building ROS package in '/home/dimash/debug_clear_ws/src/clearpath_simulator/clearpath_generator_gz' with build type 'ament_cmake'
[3.650s] INFO:colcon.colcon_cmake.task.cmake.build:Building CMake package in '/home/dimash/debug_clear_ws/src/clearpath_simulator/clearpath_generator_gz'
[3.651s] INFO:colcon.colcon_core.shell:Skip shell extension 'powershell' for command environment: Not usable outside of PowerShell
[3.651s] DEBUG:colcon.colcon_core.shell:Skip shell extension 'dsv' for command environment
[3.678s] DEBUG:colcon.colcon_core.event_handler.log_command:Invoking command in '/home/dimash/debug_clear_ws/src/yolo_ros/yolo_ros': CMAKE_PREFIX_PATH=/home/dimash/debug_clear_ws/install/yolo_msgs:/home/dimash/debug_clear_ws/install/yolo_bringup:/home/dimash/debug_clear_ws/install/mpc_low:/home/dimash/debug_clear_ws/install/point_cloud_debug:/home/dimash/debug_clear_ws/install/move_model_plugin:/home/dimash/debug_clear_ws/install/clearpath_simulator:/home/dimash/debug_clear_ws/install/clearpath_gz:/home/dimash/debug_clear_ws/install/clearpath_generator_gz:/home/dimash/debug_clear_ws/install/clearpath_common:/home/dimash/debug_clear_ws/install/clearpath_generator_common:/home/dimash/debug_clear_ws/install/clearpath_description:/home/dimash/debug_clear_ws/install/clearpath_sensors_description:/home/dimash/debug_clear_ws/install/clearpath_platform:/home/dimash/debug_clear_ws/install/clearpath_msgs:/home/dimash/debug_clear_ws/install/clearpath_platform_msgs:/home/dimash/debug_clear_ws/install/clearpath_platform_description:/home/dimash/debug_clear_ws/install/clearpath_nav2_demos:/home/dimash/debug_clear_ws/install/clearpath_mounts_description:/home/dimash/debug_clear_ws/install/clearpath_manipulators:/home/dimash/debug_clear_ws/install/clearpath_manipulators_description:/home/dimash/debug_clear_ws/install/clearpath_customization:/home/dimash/debug_clear_ws/install/clearpath_control LD_LIBRARY_PATH=/home/dimash/debug_clear_ws/install/yolo_msgs/lib:/home/dimash/debug_clear_ws/install/mpc_low/lib:/home/dimash/debug_clear_ws/install/move_model_plugin/lib:/home/dimash/debug_clear_ws/install/clearpath_platform/lib:/home/dimash/debug_clear_ws/install/clearpath_platform_msgs/lib:/opt/ros/humble/opt/rviz_ogre_vendor/lib:/opt/ros/humble/lib/x86_64-linux-gnu:/opt/ros/humble/lib:/home/dimash/acados/lib:/home/dimash/acados/lib PYTHONPATH=/home/dimash/debug_clear_ws/build/yolo_ros/prefix_override:/usr/lib/python3/dist-packages/colcon_core/task/python/colcon_distutils_commands:/home/dimash/debug_clear_ws/install/yolo_ros/lib/python3.10/site-packages:${PYTHONPATH} /usr/bin/python3 -W ignore:setup.py install is deprecated -W ignore:easy_install command is deprecated setup.py egg_info --egg-base ../../../build/yolo_ros build --build-base /home/dimash/debug_clear_ws/build/yolo_ros/build install --record /home/dimash/debug_clear_ws/build/yolo_ros/install.log --single-version-externally-managed install_data
[3.685s] DEBUG:colcon.colcon_core.event_handler.log_command:Invoking command in '/home/dimash/debug_clear_ws/build/clearpath_common': AMENT_PREFIX_PATH=/home/dimash/debug_clear_ws/install/clearpath_config:/home/dimash/debug_clear_ws/install/yolo_bringup:/home/dimash/debug_clear_ws/install/yolo_ros:/home/dimash/debug_clear_ws/install/mpc_low:/home/dimash/debug_clear_ws/install/yolo_msgs:/home/dimash/debug_clear_ws/install/point_cloud_debug:/home/dimash/debug_clear_ws/install/person_movement:/home/dimash/debug_clear_ws/install/move_model_plugin:/home/dimash/debug_clear_ws/install/clearpath_simulator:/home/dimash/debug_clear_ws/install/clearpath_gz:/home/dimash/debug_clear_ws/install/clearpath_generator_gz:/home/dimash/debug_clear_ws/install/clearpath_common:/home/dimash/debug_clear_ws/install/clearpath_generator_common:/home/dimash/debug_clear_ws/install/clearpath_description:/home/dimash/debug_clear_ws/install/clearpath_sensors_description:/home/dimash/debug_clear_ws/install/clearpath_platform:/home/dimash/debug_clear_ws/install/clearpath_msgs:/home/dimash/debug_clear_ws/install/clearpath_platform_msgs:/home/dimash/debug_clear_ws/install/clearpath_platform_description:/home/dimash/debug_clear_ws/install/clearpath_nav2_demos:/home/dimash/debug_clear_ws/install/clearpath_mounts_description:/home/dimash/debug_clear_ws/install/clearpath_manipulators:/home/dimash/debug_clear_ws/install/clearpath_manipulators_description:/home/dimash/debug_clear_ws/install/clearpath_customization:/home/dimash/debug_clear_ws/install/clearpath_control:/opt/ros/humble CMAKE_PREFIX_PATH=/home/dimash/debug_clear_ws/install/clearpath_generator_common:/home/dimash/debug_clear_ws/install/clearpath_platform:/home/dimash/debug_clear_ws/install/clearpath_manipulators:/home/dimash/debug_clear_ws/install/clearpath_description:/home/dimash/debug_clear_ws/install/clearpath_sensors_description:/home/dimash/debug_clear_ws/install/clearpath_platform_msgs:/home/dimash/debug_clear_ws/install/clearpath_platform_description:/home/dimash/debug_clear_ws/install/clearpath_mounts_description:/home/dimash/debug_clear_ws/install/clearpath_manipulators_description:/home/dimash/debug_clear_ws/install/clearpath_control:/home/dimash/debug_clear_ws/install/yolo_bringup:/home/dimash/debug_clear_ws/install/mpc_low:/home/dimash/debug_clear_ws/install/yolo_msgs:/home/dimash/debug_clear_ws/install/point_cloud_debug:/home/dimash/debug_clear_ws/install/move_model_plugin:/home/dimash/debug_clear_ws/install/clearpath_simulator:/home/dimash/debug_clear_ws/install/clearpath_gz:/home/dimash/debug_clear_ws/install/clearpath_generator_gz:/home/dimash/debug_clear_ws/install/clearpath_common:/home/dimash/debug_clear_ws/install/clearpath_msgs:/home/dimash/debug_clear_ws/install/clearpath_nav2_demos:/home/dimash/debug_clear_ws/install/clearpath_customization:/home/dimash/debug_clear_ws/install/yolo_ros:/home/dimash/debug_clear_ws/install/person_movement:/home/dimash/debug_clear_ws/install/clearpath_config:/opt/ros/humble LD_LIBRARY_PATH=/home/dimash/debug_clear_ws/install/clearpath_platform/lib:/home/dimash/debug_clear_ws/install/clearpath_platform_msgs/lib:/home/dimash/debug_clear_ws/install/mpc_low/lib:/home/dimash/debug_clear_ws/install/yolo_msgs/lib:/home/dimash/debug_clear_ws/install/move_model_plugin/lib:/opt/ros/humble/opt/rviz_ogre_vendor/lib:/opt/ros/humble/lib/x86_64-linux-gnu:/opt/ros/humble/lib:/home/dimash/acados/lib:/home/dimash/acados/lib PYTHONPATH=/home/dimash/debug_clear_ws/install/clearpath_config/lib/python3.10/site-packages:/home/dimash/debug_clear_ws/install/yolo_ros/lib/python3.10/site-packages:/home/dimash/debug_clear_ws/install/yolo_msgs/local/lib/python3.10/dist-packages:/home/dimash/debug_clear_ws/install/person_movement/lib/python3.10/site-packages:/home/dimash/debug_clear_ws/install/clearpath_generator_gz/local/lib/python3.10/dist-packages:/home/dimash/debug_clear_ws/install/clearpath_generator_common/local/lib/python3.10/dist-packages:/home/dimash/debug_clear_ws/install/clearpath_platform_msgs/local/lib/python3.10/dist-packages:/opt/ros/humble/lib/python3.10/site-packages:/opt/ros/humble/local/lib/python3.10/dist-packages:/home/dimash/acados/lib /usr/bin/cmake --build /home/dimash/debug_clear_ws/build/clearpath_common -- -j8 -l8
[3.711s] DEBUG:colcon.colcon_core.event_handler.log_command:Invoking command in '/home/dimash/debug_clear_ws/build/clearpath_generator_gz': AMENT_PREFIX_PATH=/home/dimash/debug_clear_ws/install/clearpath_config:/home/dimash/debug_clear_ws/install/yolo_bringup:/home/dimash/debug_clear_ws/install/yolo_ros:/home/dimash/debug_clear_ws/install/mpc_low:/home/dimash/debug_clear_ws/install/yolo_msgs:/home/dimash/debug_clear_ws/install/point_cloud_debug:/home/dimash/debug_clear_ws/install/person_movement:/home/dimash/debug_clear_ws/install/move_model_plugin:/home/dimash/debug_clear_ws/install/clearpath_simulator:/home/dimash/debug_clear_ws/install/clearpath_gz:/home/dimash/debug_clear_ws/install/clearpath_generator_gz:/home/dimash/debug_clear_ws/install/clearpath_common:/home/dimash/debug_clear_ws/install/clearpath_generator_common:/home/dimash/debug_clear_ws/install/clearpath_description:/home/dimash/debug_clear_ws/install/clearpath_sensors_description:/home/dimash/debug_clear_ws/install/clearpath_platform:/home/dimash/debug_clear_ws/install/clearpath_msgs:/home/dimash/debug_clear_ws/install/clearpath_platform_msgs:/home/dimash/debug_clear_ws/install/clearpath_platform_description:/home/dimash/debug_clear_ws/install/clearpath_nav2_demos:/home/dimash/debug_clear_ws/install/clearpath_mounts_description:/home/dimash/debug_clear_ws/install/clearpath_manipulators:/home/dimash/debug_clear_ws/install/clearpath_manipulators_description:/home/dimash/debug_clear_ws/install/clearpath_customization:/home/dimash/debug_clear_ws/install/clearpath_control:/opt/ros/humble CMAKE_PREFIX_PATH=/home/dimash/debug_clear_ws/install/clearpath_generator_common:/home/dimash/debug_clear_ws/install/clearpath_platform:/home/dimash/debug_clear_ws/install/clearpath_manipulators:/home/dimash/debug_clear_ws/install/clearpath_description:/home/dimash/debug_clear_ws/install/clearpath_sensors_description:/home/dimash/debug_clear_ws/install/clearpath_platform_msgs:/home/dimash/debug_clear_ws/install/clearpath_platform_description:/home/dimash/debug_clear_ws/install/clearpath_mounts_description:/home/dimash/debug_clear_ws/install/clearpath_manipulators_description:/home/dimash/debug_clear_ws/install/clearpath_control:/home/dimash/debug_clear_ws/install/yolo_bringup:/home/dimash/debug_clear_ws/install/mpc_low:/home/dimash/debug_clear_ws/install/yolo_msgs:/home/dimash/debug_clear_ws/install/point_cloud_debug:/home/dimash/debug_clear_ws/install/move_model_plugin:/home/dimash/debug_clear_ws/install/clearpath_simulator:/home/dimash/debug_clear_ws/install/clearpath_gz:/home/dimash/debug_clear_ws/install/clearpath_generator_gz:/home/dimash/debug_clear_ws/install/clearpath_common:/home/dimash/debug_clear_ws/install/clearpath_msgs:/home/dimash/debug_clear_ws/install/clearpath_nav2_demos:/home/dimash/debug_clear_ws/install/clearpath_customization:/home/dimash/debug_clear_ws/install/yolo_ros:/home/dimash/debug_clear_ws/install/person_movement:/home/dimash/debug_clear_ws/install/clearpath_config:/opt/ros/humble LD_LIBRARY_PATH=/home/dimash/debug_clear_ws/install/clearpath_platform/lib:/home/dimash/debug_clear_ws/install/clearpath_platform_msgs/lib:/home/dimash/debug_clear_ws/install/mpc_low/lib:/home/dimash/debug_clear_ws/install/yolo_msgs/lib:/home/dimash/debug_clear_ws/install/move_model_plugin/lib:/opt/ros/humble/opt/rviz_ogre_vendor/lib:/opt/ros/humble/lib/x86_64-linux-gnu:/opt/ros/humble/lib:/home/dimash/acados/lib:/home/dimash/acados/lib PYTHONPATH=/home/dimash/debug_clear_ws/install/clearpath_config/lib/python3.10/site-packages:/home/dimash/debug_clear_ws/install/yolo_ros/lib/python3.10/site-packages:/home/dimash/debug_clear_ws/install/yolo_msgs/local/lib/python3.10/dist-packages:/home/dimash/debug_clear_ws/install/person_movement/lib/python3.10/site-packages:/home/dimash/debug_clear_ws/install/clearpath_generator_gz/local/lib/python3.10/dist-packages:/home/dimash/debug_clear_ws/install/clearpath_generator_common/local/lib/python3.10/dist-packages:/home/dimash/debug_clear_ws/install/clearpath_platform_msgs/local/lib/python3.10/dist-packages:/opt/ros/humble/lib/python3.10/site-packages:/opt/ros/humble/local/lib/python3.10/dist-packages:/home/dimash/acados/lib /usr/bin/cmake --build /home/dimash/debug_clear_ws/build/clearpath_generator_gz -- -j8 -l8
[3.758s] DEBUG:colcon.colcon_core.event_handler.log_command:Invoked command in '/home/dimash/debug_clear_ws/build/clearpath_common' returned '0': AMENT_PREFIX_PATH=/home/dimash/debug_clear_ws/install/clearpath_config:/home/dimash/debug_clear_ws/install/yolo_bringup:/home/dimash/debug_clear_ws/install/yolo_ros:/home/dimash/debug_clear_ws/install/mpc_low:/home/dimash/debug_clear_ws/install/yolo_msgs:/home/dimash/debug_clear_ws/install/point_cloud_debug:/home/dimash/debug_clear_ws/install/person_movement:/home/dimash/debug_clear_ws/install/move_model_plugin:/home/dimash/debug_clear_ws/install/clearpath_simulator:/home/dimash/debug_clear_ws/install/clearpath_gz:/home/dimash/debug_clear_ws/install/clearpath_generator_gz:/home/dimash/debug_clear_ws/install/clearpath_common:/home/dimash/debug_clear_ws/install/clearpath_generator_common:/home/dimash/debug_clear_ws/install/clearpath_description:/home/dimash/debug_clear_ws/install/clearpath_sensors_description:/home/dimash/debug_clear_ws/install/clearpath_platform:/home/dimash/debug_clear_ws/install/clearpath_msgs:/home/dimash/debug_clear_ws/install/clearpath_platform_msgs:/home/dimash/debug_clear_ws/install/clearpath_platform_description:/home/dimash/debug_clear_ws/install/clearpath_nav2_demos:/home/dimash/debug_clear_ws/install/clearpath_mounts_description:/home/dimash/debug_clear_ws/install/clearpath_manipulators:/home/dimash/debug_clear_ws/install/clearpath_manipulators_description:/home/dimash/debug_clear_ws/install/clearpath_customization:/home/dimash/debug_clear_ws/install/clearpath_control:/opt/ros/humble CMAKE_PREFIX_PATH=/home/dimash/debug_clear_ws/install/clearpath_generator_common:/home/dimash/debug_clear_ws/install/clearpath_platform:/home/dimash/debug_clear_ws/install/clearpath_manipulators:/home/dimash/debug_clear_ws/install/clearpath_description:/home/dimash/debug_clear_ws/install/clearpath_sensors_description:/home/dimash/debug_clear_ws/install/clearpath_platform_msgs:/home/dimash/debug_clear_ws/install/clearpath_platform_description:/home/dimash/debug_clear_ws/install/clearpath_mounts_description:/home/dimash/debug_clear_ws/install/clearpath_manipulators_description:/home/dimash/debug_clear_ws/install/clearpath_control:/home/dimash/debug_clear_ws/install/yolo_bringup:/home/dimash/debug_clear_ws/install/mpc_low:/home/dimash/debug_clear_ws/install/yolo_msgs:/home/dimash/debug_clear_ws/install/point_cloud_debug:/home/dimash/debug_clear_ws/install/move_model_plugin:/home/dimash/debug_clear_ws/install/clearpath_simulator:/home/dimash/debug_clear_ws/install/clearpath_gz:/home/dimash/debug_clear_ws/install/clearpath_generator_gz:/home/dimash/debug_clear_ws/install/clearpath_common:/home/dimash/debug_clear_ws/install/clearpath_msgs:/home/dimash/debug_clear_ws/install/clearpath_nav2_demos:/home/dimash/debug_clear_ws/install/clearpath_customization:/home/dimash/debug_clear_ws/install/yolo_ros:/home/dimash/debug_clear_ws/install/person_movement:/home/dimash/debug_clear_ws/install/clearpath_config:/opt/ros/humble LD_LIBRARY_PATH=/home/dimash/debug_clear_ws/install/clearpath_platform/lib:/home/dimash/debug_clear_ws/install/clearpath_platform_msgs/lib:/home/dimash/debug_clear_ws/install/mpc_low/lib:/home/dimash/debug_clear_ws/install/yolo_msgs/lib:/home/dimash/debug_clear_ws/install/move_model_plugin/lib:/opt/ros/humble/opt/rviz_ogre_vendor/lib:/opt/ros/humble/lib/x86_64-linux-gnu:/opt/ros/humble/lib:/home/dimash/acados/lib:/home/dimash/acados/lib PYTHONPATH=/home/dimash/debug_clear_ws/install/clearpath_config/lib/python3.10/site-packages:/home/dimash/debug_clear_ws/install/yolo_ros/lib/python3.10/site-packages:/home/dimash/debug_clear_ws/install/yolo_msgs/local/lib/python3.10/dist-packages:/home/dimash/debug_clear_ws/install/person_movement/lib/python3.10/site-packages:/home/dimash/debug_clear_ws/install/clearpath_generator_gz/local/lib/python3.10/dist-packages:/home/dimash/debug_clear_ws/install/clearpath_generator_common/local/lib/python3.10/dist-packages:/home/dimash/debug_clear_ws/install/clearpath_platform_msgs/local/lib/python3.10/dist-packages:/opt/ros/humble/lib/python3.10/site-packages:/opt/ros/humble/local/lib/python3.10/dist-packages:/home/dimash/acados/lib /usr/bin/cmake --build /home/dimash/debug_clear_ws/build/clearpath_common -- -j8 -l8
[3.765s] DEBUG:colcon.colcon_core.event_handler.log_command:Invoking command in '/home/dimash/debug_clear_ws/build/clearpath_common': AMENT_PREFIX_PATH=/home/dimash/debug_clear_ws/install/clearpath_config:/home/dimash/debug_clear_ws/install/yolo_bringup:/home/dimash/debug_clear_ws/install/yolo_ros:/home/dimash/debug_clear_ws/install/mpc_low:/home/dimash/debug_clear_ws/install/yolo_msgs:/home/dimash/debug_clear_ws/install/point_cloud_debug:/home/dimash/debug_clear_ws/install/person_movement:/home/dimash/debug_clear_ws/install/move_model_plugin:/home/dimash/debug_clear_ws/install/clearpath_simulator:/home/dimash/debug_clear_ws/install/clearpath_gz:/home/dimash/debug_clear_ws/install/clearpath_generator_gz:/home/dimash/debug_clear_ws/install/clearpath_common:/home/dimash/debug_clear_ws/install/clearpath_generator_common:/home/dimash/debug_clear_ws/install/clearpath_description:/home/dimash/debug_clear_ws/install/clearpath_sensors_description:/home/dimash/debug_clear_ws/install/clearpath_platform:/home/dimash/debug_clear_ws/install/clearpath_msgs:/home/dimash/debug_clear_ws/install/clearpath_platform_msgs:/home/dimash/debug_clear_ws/install/clearpath_platform_description:/home/dimash/debug_clear_ws/install/clearpath_nav2_demos:/home/dimash/debug_clear_ws/install/clearpath_mounts_description:/home/dimash/debug_clear_ws/install/clearpath_manipulators:/home/dimash/debug_clear_ws/install/clearpath_manipulators_description:/home/dimash/debug_clear_ws/install/clearpath_customization:/home/dimash/debug_clear_ws/install/clearpath_control:/opt/ros/humble CMAKE_PREFIX_PATH=/home/dimash/debug_clear_ws/install/clearpath_generator_common:/home/dimash/debug_clear_ws/install/clearpath_platform:/home/dimash/debug_clear_ws/install/clearpath_manipulators:/home/dimash/debug_clear_ws/install/clearpath_description:/home/dimash/debug_clear_ws/install/clearpath_sensors_description:/home/dimash/debug_clear_ws/install/clearpath_platform_msgs:/home/dimash/debug_clear_ws/install/clearpath_platform_description:/home/dimash/debug_clear_ws/install/clearpath_mounts_description:/home/dimash/debug_clear_ws/install/clearpath_manipulators_description:/home/dimash/debug_clear_ws/install/clearpath_control:/home/dimash/debug_clear_ws/install/yolo_bringup:/home/dimash/debug_clear_ws/install/mpc_low:/home/dimash/debug_clear_ws/install/yolo_msgs:/home/dimash/debug_clear_ws/install/point_cloud_debug:/home/dimash/debug_clear_ws/install/move_model_plugin:/home/dimash/debug_clear_ws/install/clearpath_simulator:/home/dimash/debug_clear_ws/install/clearpath_gz:/home/dimash/debug_clear_ws/install/clearpath_generator_gz:/home/dimash/debug_clear_ws/install/clearpath_common:/home/dimash/debug_clear_ws/install/clearpath_msgs:/home/dimash/debug_clear_ws/install/clearpath_nav2_demos:/home/dimash/debug_clear_ws/install/clearpath_customization:/home/dimash/debug_clear_ws/install/yolo_ros:/home/dimash/debug_clear_ws/install/person_movement:/home/dimash/debug_clear_ws/install/clearpath_config:/opt/ros/humble LD_LIBRARY_PATH=/home/dimash/debug_clear_ws/install/clearpath_platform/lib:/home/dimash/debug_clear_ws/install/clearpath_platform_msgs/lib:/home/dimash/debug_clear_ws/install/mpc_low/lib:/home/dimash/debug_clear_ws/install/yolo_msgs/lib:/home/dimash/debug_clear_ws/install/move_model_plugin/lib:/opt/ros/humble/opt/rviz_ogre_vendor/lib:/opt/ros/humble/lib/x86_64-linux-gnu:/opt/ros/humble/lib:/home/dimash/acados/lib:/home/dimash/acados/lib PYTHONPATH=/home/dimash/debug_clear_ws/install/clearpath_config/lib/python3.10/site-packages:/home/dimash/debug_clear_ws/install/yolo_ros/lib/python3.10/site-packages:/home/dimash/debug_clear_ws/install/yolo_msgs/local/lib/python3.10/dist-packages:/home/dimash/debug_clear_ws/install/person_movement/lib/python3.10/site-packages:/home/dimash/debug_clear_ws/install/clearpath_generator_gz/local/lib/python3.10/dist-packages:/home/dimash/debug_clear_ws/install/clearpath_generator_common/local/lib/python3.10/dist-packages:/home/dimash/debug_clear_ws/install/clearpath_platform_msgs/local/lib/python3.10/dist-packages:/opt/ros/humble/lib/python3.10/site-packages:/opt/ros/humble/local/lib/python3.10/dist-packages:/home/dimash/acados/lib /usr/bin/cmake --install /home/dimash/debug_clear_ws/build/clearpath_common
[3.779s] Level 1:colcon.colcon_core.environment:create_environment_scripts_only(clearpath_common)
[3.779s] Level 1:colcon.colcon_core.environment:checking '/home/dimash/debug_clear_ws/install/clearpath_common' for CMake module files
[3.780s] Level 1:colcon.colcon_core.environment:checking '/home/dimash/debug_clear_ws/install/clearpath_common' for CMake config files
[3.780s] Level 1:colcon.colcon_core.shell:create_environment_hook('clearpath_common', 'cmake_prefix_path')
[3.781s] INFO:colcon.colcon_core.shell:Creating environment hook '/home/dimash/debug_clear_ws/install/clearpath_common/share/clearpath_common/hook/cmake_prefix_path.ps1'
[3.782s] INFO:colcon.colcon_core.shell:Creating environment descriptor '/home/dimash/debug_clear_ws/install/clearpath_common/share/clearpath_common/hook/cmake_prefix_path.dsv'
[3.782s] INFO:colcon.colcon_core.shell:Creating environment hook '/home/dimash/debug_clear_ws/install/clearpath_common/share/clearpath_common/hook/cmake_prefix_path.sh'
[3.786s] DEBUG:colcon.colcon_core.event_handler.log_command:Invoked command in '/home/dimash/debug_clear_ws/build/clearpath_common' returned '0': AMENT_PREFIX_PATH=/home/dimash/debug_clear_ws/install/clearpath_config:/home/dimash/debug_clear_ws/install/yolo_bringup:/home/dimash/debug_clear_ws/install/yolo_ros:/home/dimash/debug_clear_ws/install/mpc_low:/home/dimash/debug_clear_ws/install/yolo_msgs:/home/dimash/debug_clear_ws/install/point_cloud_debug:/home/dimash/debug_clear_ws/install/person_movement:/home/dimash/debug_clear_ws/install/move_model_plugin:/home/dimash/debug_clear_ws/install/clearpath_simulator:/home/dimash/debug_clear_ws/install/clearpath_gz:/home/dimash/debug_clear_ws/install/clearpath_generator_gz:/home/dimash/debug_clear_ws/install/clearpath_common:/home/dimash/debug_clear_ws/install/clearpath_generator_common:/home/dimash/debug_clear_ws/install/clearpath_description:/home/dimash/debug_clear_ws/install/clearpath_sensors_description:/home/dimash/debug_clear_ws/install/clearpath_platform:/home/dimash/debug_clear_ws/install/clearpath_msgs:/home/dimash/debug_clear_ws/install/clearpath_platform_msgs:/home/dimash/debug_clear_ws/install/clearpath_platform_description:/home/dimash/debug_clear_ws/install/clearpath_nav2_demos:/home/dimash/debug_clear_ws/install/clearpath_mounts_description:/home/dimash/debug_clear_ws/install/clearpath_manipulators:/home/dimash/debug_clear_ws/install/clearpath_manipulators_description:/home/dimash/debug_clear_ws/install/clearpath_customization:/home/dimash/debug_clear_ws/install/clearpath_control:/opt/ros/humble CMAKE_PREFIX_PATH=/home/dimash/debug_clear_ws/install/clearpath_generator_common:/home/dimash/debug_clear_ws/install/clearpath_platform:/home/dimash/debug_clear_ws/install/clearpath_manipulators:/home/dimash/debug_clear_ws/install/clearpath_description:/home/dimash/debug_clear_ws/install/clearpath_sensors_description:/home/dimash/debug_clear_ws/install/clearpath_platform_msgs:/home/dimash/debug_clear_ws/install/clearpath_platform_description:/home/dimash/debug_clear_ws/install/clearpath_mounts_description:/home/dimash/debug_clear_ws/install/clearpath_manipulators_description:/home/dimash/debug_clear_ws/install/clearpath_control:/home/dimash/debug_clear_ws/install/yolo_bringup:/home/dimash/debug_clear_ws/install/mpc_low:/home/dimash/debug_clear_ws/install/yolo_msgs:/home/dimash/debug_clear_ws/install/point_cloud_debug:/home/dimash/debug_clear_ws/install/move_model_plugin:/home/dimash/debug_clear_ws/install/clearpath_simulator:/home/dimash/debug_clear_ws/install/clearpath_gz:/home/dimash/debug_clear_ws/install/clearpath_generator_gz:/home/dimash/debug_clear_ws/install/clearpath_common:/home/dimash/debug_clear_ws/install/clearpath_msgs:/home/dimash/debug_clear_ws/install/clearpath_nav2_demos:/home/dimash/debug_clear_ws/install/clearpath_customization:/home/dimash/debug_clear_ws/install/yolo_ros:/home/dimash/debug_clear_ws/install/person_movement:/home/dimash/debug_clear_ws/install/clearpath_config:/opt/ros/humble LD_LIBRARY_PATH=/home/dimash/debug_clear_ws/install/clearpath_platform/lib:/home/dimash/debug_clear_ws/install/clearpath_platform_msgs/lib:/home/dimash/debug_clear_ws/install/mpc_low/lib:/home/dimash/debug_clear_ws/install/yolo_msgs/lib:/home/dimash/debug_clear_ws/install/move_model_plugin/lib:/opt/ros/humble/opt/rviz_ogre_vendor/lib:/opt/ros/humble/lib/x86_64-linux-gnu:/opt/ros/humble/lib:/home/dimash/acados/lib:/home/dimash/acados/lib PYTHONPATH=/home/dimash/debug_clear_ws/install/clearpath_config/lib/python3.10/site-packages:/home/dimash/debug_clear_ws/install/yolo_ros/lib/python3.10/site-packages:/home/dimash/debug_clear_ws/install/yolo_msgs/local/lib/python3.10/dist-packages:/home/dimash/debug_clear_ws/install/person_movement/lib/python3.10/site-packages:/home/dimash/debug_clear_ws/install/clearpath_generator_gz/local/lib/python3.10/dist-packages:/home/dimash/debug_clear_ws/install/clearpath_generator_common/local/lib/python3.10/dist-packages:/home/dimash/debug_clear_ws/install/clearpath_platform_msgs/local/lib/python3.10/dist-packages:/opt/ros/humble/lib/python3.10/site-packages:/opt/ros/humble/local/lib/python3.10/dist-packages:/home/dimash/acados/lib /usr/bin/cmake --install /home/dimash/debug_clear_ws/build/clearpath_common
[3.787s] Level 1:colcon.colcon_core.environment:checking '/home/dimash/debug_clear_ws/install/clearpath_common/bin'
[3.787s] Level 1:colcon.colcon_core.environment:checking '/home/dimash/debug_clear_ws/install/clearpath_common/lib/pkgconfig/clearpath_common.pc'
[3.788s] Level 1:colcon.colcon_core.environment:checking '/home/dimash/debug_clear_ws/install/clearpath_common/lib/python3.10/site-packages'
[3.788s] Level 1:colcon.colcon_core.environment:checking '/home/dimash/debug_clear_ws/install/clearpath_common/bin'
[3.789s] INFO:colcon.colcon_core.shell:Creating package script '/home/dimash/debug_clear_ws/install/clearpath_common/share/clearpath_common/package.ps1'
[3.791s] INFO:colcon.colcon_core.shell:Creating package descriptor '/home/dimash/debug_clear_ws/install/clearpath_common/share/clearpath_common/package.dsv'
[3.792s] INFO:colcon.colcon_core.shell:Creating package script '/home/dimash/debug_clear_ws/install/clearpath_common/share/clearpath_common/package.sh'
[3.792s] INFO:colcon.colcon_core.shell:Creating package script '/home/dimash/debug_clear_ws/install/clearpath_common/share/clearpath_common/package.bash'
[3.793s] INFO:colcon.colcon_core.shell:Creating package script '/home/dimash/debug_clear_ws/install/clearpath_common/share/clearpath_common/package.zsh'
[3.793s] Level 1:colcon.colcon_core.environment:create_file_with_runtime_dependencies(/home/dimash/debug_clear_ws/install/clearpath_common/share/colcon-core/packages/clearpath_common)
[3.794s] Level 1:colcon.colcon_core.environment:create_environment_scripts_only(clearpath_common)
[3.795s] Level 1:colcon.colcon_core.environment:checking '/home/dimash/debug_clear_ws/install/clearpath_common' for CMake module files
[3.796s] Level 1:colcon.colcon_core.environment:checking '/home/dimash/debug_clear_ws/install/clearpath_common' for CMake config files
[3.796s] Level 1:colcon.colcon_core.shell:create_environment_hook('clearpath_common', 'cmake_prefix_path')
[3.796s] INFO:colcon.colcon_core.shell:Creating environment hook '/home/dimash/debug_clear_ws/install/clearpath_common/share/clearpath_common/hook/cmake_prefix_path.ps1'
[3.797s] INFO:colcon.colcon_core.shell:Creating environment descriptor '/home/dimash/debug_clear_ws/install/clearpath_common/share/clearpath_common/hook/cmake_prefix_path.dsv'
[3.798s] INFO:colcon.colcon_core.shell:Creating environment hook '/home/dimash/debug_clear_ws/install/clearpath_common/share/clearpath_common/hook/cmake_prefix_path.sh'
[3.798s] Level 1:colcon.colcon_core.environment:checking '/home/dimash/debug_clear_ws/install/clearpath_common/bin'
[3.799s] Level 1:colcon.colcon_core.environment:checking '/home/dimash/debug_clear_ws/install/clearpath_common/lib/pkgconfig/clearpath_common.pc'
[3.799s] Level 1:colcon.colcon_core.environment:checking '/home/dimash/debug_clear_ws/install/clearpath_common/lib/python3.10/site-packages'
[3.799s] Level 1:colcon.colcon_core.environment:checking '/home/dimash/debug_clear_ws/install/clearpath_common/bin'
[3.800s] INFO:colcon.colcon_core.shell:Creating package script '/home/dimash/debug_clear_ws/install/clearpath_common/share/clearpath_common/package.ps1'
[3.801s] INFO:colcon.colcon_core.shell:Creating package descriptor '/home/dimash/debug_clear_ws/install/clearpath_common/share/clearpath_common/package.dsv'
[3.802s] INFO:colcon.colcon_core.shell:Creating package script '/home/dimash/debug_clear_ws/install/clearpath_common/share/clearpath_common/package.sh'
[3.802s] INFO:colcon.colcon_core.shell:Creating package script '/home/dimash/debug_clear_ws/install/clearpath_common/share/clearpath_common/package.bash'
[3.804s] INFO:colcon.colcon_core.shell:Creating package script '/home/dimash/debug_clear_ws/install/clearpath_common/share/clearpath_common/package.zsh'
[3.804s] Level 1:colcon.colcon_core.environment:create_file_with_runtime_dependencies(/home/dimash/debug_clear_ws/install/clearpath_common/share/colcon-core/packages/clearpath_common)
[4.281s] Level 1:colcon.colcon_core.environment:checking '/home/dimash/debug_clear_ws/install/yolo_ros' for CMake module files
[4.282s] Level 1:colcon.colcon_core.environment:checking '/home/dimash/debug_clear_ws/install/yolo_ros' for CMake config files
[4.283s] Level 1:colcon.colcon_core.environment:checking '/home/dimash/debug_clear_ws/install/yolo_ros/lib'
[4.283s] Level 1:colcon.colcon_core.environment:checking '/home/dimash/debug_clear_ws/install/yolo_ros/bin'
[4.283s] Level 1:colcon.colcon_core.environment:checking '/home/dimash/debug_clear_ws/install/yolo_ros/lib/pkgconfig/yolo_ros.pc'
[4.284s] Level 1:colcon.colcon_core.environment:checking '/home/dimash/debug_clear_ws/install/yolo_ros/lib/python3.10/site-packages'
[4.284s] Level 1:colcon.colcon_core.shell:create_environment_hook('yolo_ros', 'pythonpath')
[4.284s] INFO:colcon.colcon_core.shell:Creating environment hook '/home/dimash/debug_clear_ws/install/yolo_ros/share/yolo_ros/hook/pythonpath.ps1'
[4.285s] DEBUG:colcon.colcon_core.event_handler.log_command:Invoked command in '/home/dimash/debug_clear_ws/src/yolo_ros/yolo_ros' returned '0': CMAKE_PREFIX_PATH=/home/dimash/debug_clear_ws/install/yolo_msgs:/home/dimash/debug_clear_ws/install/yolo_bringup:/home/dimash/debug_clear_ws/install/mpc_low:/home/dimash/debug_clear_ws/install/point_cloud_debug:/home/dimash/debug_clear_ws/install/move_model_plugin:/home/dimash/debug_clear_ws/install/clearpath_simulator:/home/dimash/debug_clear_ws/install/clearpath_gz:/home/dimash/debug_clear_ws/install/clearpath_generator_gz:/home/dimash/debug_clear_ws/install/clearpath_common:/home/dimash/debug_clear_ws/install/clearpath_generator_common:/home/dimash/debug_clear_ws/install/clearpath_description:/home/dimash/debug_clear_ws/install/clearpath_sensors_description:/home/dimash/debug_clear_ws/install/clearpath_platform:/home/dimash/debug_clear_ws/install/clearpath_msgs:/home/dimash/debug_clear_ws/install/clearpath_platform_msgs:/home/dimash/debug_clear_ws/install/clearpath_platform_description:/home/dimash/debug_clear_ws/install/clearpath_nav2_demos:/home/dimash/debug_clear_ws/install/clearpath_mounts_description:/home/dimash/debug_clear_ws/install/clearpath_manipulators:/home/dimash/debug_clear_ws/install/clearpath_manipulators_description:/home/dimash/debug_clear_ws/install/clearpath_customization:/home/dimash/debug_clear_ws/install/clearpath_control LD_LIBRARY_PATH=/home/dimash/debug_clear_ws/install/yolo_msgs/lib:/home/dimash/debug_clear_ws/install/mpc_low/lib:/home/dimash/debug_clear_ws/install/move_model_plugin/lib:/home/dimash/debug_clear_ws/install/clearpath_platform/lib:/home/dimash/debug_clear_ws/install/clearpath_platform_msgs/lib:/opt/ros/humble/opt/rviz_ogre_vendor/lib:/opt/ros/humble/lib/x86_64-linux-gnu:/opt/ros/humble/lib:/home/dimash/acados/lib:/home/dimash/acados/lib PYTHONPATH=/home/dimash/debug_clear_ws/build/yolo_ros/prefix_override:/usr/lib/python3/dist-packages/colcon_core/task/python/colcon_distutils_commands:/home/dimash/debug_clear_ws/install/yolo_ros/lib/python3.10/site-packages:${PYTHONPATH} /usr/bin/python3 -W ignore:setup.py install is deprecated -W ignore:easy_install command is deprecated setup.py egg_info --egg-base ../../../build/yolo_ros build --build-base /home/dimash/debug_clear_ws/build/yolo_ros/build install --record /home/dimash/debug_clear_ws/build/yolo_ros/install.log --single-version-externally-managed install_data
[4.285s] INFO:colcon.colcon_core.shell:Creating environment descriptor '/home/dimash/debug_clear_ws/install/yolo_ros/share/yolo_ros/hook/pythonpath.dsv'
[4.286s] INFO:colcon.colcon_core.shell:Creating environment hook '/home/dimash/debug_clear_ws/install/yolo_ros/share/yolo_ros/hook/pythonpath.sh'
[4.287s] Level 1:colcon.colcon_core.environment:checking '/home/dimash/debug_clear_ws/install/yolo_ros/bin'
[4.287s] Level 1:colcon.colcon_core.environment:create_environment_scripts_only(yolo_ros)
[4.287s] INFO:colcon.colcon_core.shell:Creating package script '/home/dimash/debug_clear_ws/install/yolo_ros/share/yolo_ros/package.ps1'
[4.288s] INFO:colcon.colcon_core.shell:Creating package descriptor '/home/dimash/debug_clear_ws/install/yolo_ros/share/yolo_ros/package.dsv'
[4.289s] INFO:colcon.colcon_core.shell:Creating package script '/home/dimash/debug_clear_ws/install/yolo_ros/share/yolo_ros/package.sh'
[4.290s] INFO:colcon.colcon_core.shell:Creating package script '/home/dimash/debug_clear_ws/install/yolo_ros/share/yolo_ros/package.bash'
[4.290s] INFO:colcon.colcon_core.shell:Creating package script '/home/dimash/debug_clear_ws/install/yolo_ros/share/yolo_ros/package.zsh'
[4.291s] Level 1:colcon.colcon_core.environment:create_file_with_runtime_dependencies(/home/dimash/debug_clear_ws/install/yolo_ros/share/colcon-core/packages/yolo_ros)
[4.292s] INFO:colcon.colcon_ros.task.ament_cmake.build:Building ROS package in '/home/dimash/debug_clear_ws/src/yolo_ros/yolo_bringup' with build type 'ament_cmake'
[4.293s] INFO:colcon.colcon_cmake.task.cmake.build:Building CMake package in '/home/dimash/debug_clear_ws/src/yolo_ros/yolo_bringup'
[4.293s] INFO:colcon.colcon_core.shell:Skip shell extension 'powershell' for command environment: Not usable outside of PowerShell
[4.293s] DEBUG:colcon.colcon_core.shell:Skip shell extension 'dsv' for command environment
[4.304s] DEBUG:colcon.colcon_core.event_handler.log_command:Invoked command in '/home/dimash/debug_clear_ws/build/clearpath_generator_gz' returned '0': AMENT_PREFIX_PATH=/home/dimash/debug_clear_ws/install/clearpath_config:/home/dimash/debug_clear_ws/install/yolo_bringup:/home/dimash/debug_clear_ws/install/yolo_ros:/home/dimash/debug_clear_ws/install/mpc_low:/home/dimash/debug_clear_ws/install/yolo_msgs:/home/dimash/debug_clear_ws/install/point_cloud_debug:/home/dimash/debug_clear_ws/install/person_movement:/home/dimash/debug_clear_ws/install/move_model_plugin:/home/dimash/debug_clear_ws/install/clearpath_simulator:/home/dimash/debug_clear_ws/install/clearpath_gz:/home/dimash/debug_clear_ws/install/clearpath_generator_gz:/home/dimash/debug_clear_ws/install/clearpath_common:/home/dimash/debug_clear_ws/install/clearpath_generator_common:/home/dimash/debug_clear_ws/install/clearpath_description:/home/dimash/debug_clear_ws/install/clearpath_sensors_description:/home/dimash/debug_clear_ws/install/clearpath_platform:/home/dimash/debug_clear_ws/install/clearpath_msgs:/home/dimash/debug_clear_ws/install/clearpath_platform_msgs:/home/dimash/debug_clear_ws/install/clearpath_platform_description:/home/dimash/debug_clear_ws/install/clearpath_nav2_demos:/home/dimash/debug_clear_ws/install/clearpath_mounts_description:/home/dimash/debug_clear_ws/install/clearpath_manipulators:/home/dimash/debug_clear_ws/install/clearpath_manipulators_description:/home/dimash/debug_clear_ws/install/clearpath_customization:/home/dimash/debug_clear_ws/install/clearpath_control:/opt/ros/humble CMAKE_PREFIX_PATH=/home/dimash/debug_clear_ws/install/clearpath_generator_common:/home/dimash/debug_clear_ws/install/clearpath_platform:/home/dimash/debug_clear_ws/install/clearpath_manipulators:/home/dimash/debug_clear_ws/install/clearpath_description:/home/dimash/debug_clear_ws/install/clearpath_sensors_description:/home/dimash/debug_clear_ws/install/clearpath_platform_msgs:/home/dimash/debug_clear_ws/install/clearpath_platform_description:/home/dimash/debug_clear_ws/install/clearpath_mounts_description:/home/dimash/debug_clear_ws/install/clearpath_manipulators_description:/home/dimash/debug_clear_ws/install/clearpath_control:/home/dimash/debug_clear_ws/install/yolo_bringup:/home/dimash/debug_clear_ws/install/mpc_low:/home/dimash/debug_clear_ws/install/yolo_msgs:/home/dimash/debug_clear_ws/install/point_cloud_debug:/home/dimash/debug_clear_ws/install/move_model_plugin:/home/dimash/debug_clear_ws/install/clearpath_simulator:/home/dimash/debug_clear_ws/install/clearpath_gz:/home/dimash/debug_clear_ws/install/clearpath_generator_gz:/home/dimash/debug_clear_ws/install/clearpath_common:/home/dimash/debug_clear_ws/install/clearpath_msgs:/home/dimash/debug_clear_ws/install/clearpath_nav2_demos:/home/dimash/debug_clear_ws/install/clearpath_customization:/home/dimash/debug_clear_ws/install/yolo_ros:/home/dimash/debug_clear_ws/install/person_movement:/home/dimash/debug_clear_ws/install/clearpath_config:/opt/ros/humble LD_LIBRARY_PATH=/home/dimash/debug_clear_ws/install/clearpath_platform/lib:/home/dimash/debug_clear_ws/install/clearpath_platform_msgs/lib:/home/dimash/debug_clear_ws/install/mpc_low/lib:/home/dimash/debug_clear_ws/install/yolo_msgs/lib:/home/dimash/debug_clear_ws/install/move_model_plugin/lib:/opt/ros/humble/opt/rviz_ogre_vendor/lib:/opt/ros/humble/lib/x86_64-linux-gnu:/opt/ros/humble/lib:/home/dimash/acados/lib:/home/dimash/acados/lib PYTHONPATH=/home/dimash/debug_clear_ws/install/clearpath_config/lib/python3.10/site-packages:/home/dimash/debug_clear_ws/install/yolo_ros/lib/python3.10/site-packages:/home/dimash/debug_clear_ws/install/yolo_msgs/local/lib/python3.10/dist-packages:/home/dimash/debug_clear_ws/install/person_movement/lib/python3.10/site-packages:/home/dimash/debug_clear_ws/install/clearpath_generator_gz/local/lib/python3.10/dist-packages:/home/dimash/debug_clear_ws/install/clearpath_generator_common/local/lib/python3.10/dist-packages:/home/dimash/debug_clear_ws/install/clearpath_platform_msgs/local/lib/python3.10/dist-packages:/opt/ros/humble/lib/python3.10/site-packages:/opt/ros/humble/local/lib/python3.10/dist-packages:/home/dimash/acados/lib /usr/bin/cmake --build /home/dimash/debug_clear_ws/build/clearpath_generator_gz -- -j8 -l8
[4.305s] DEBUG:colcon.colcon_core.event_handler.log_command:Invoking command in '/home/dimash/debug_clear_ws/build/clearpath_generator_gz': AMENT_PREFIX_PATH=/home/dimash/debug_clear_ws/install/clearpath_config:/home/dimash/debug_clear_ws/install/yolo_bringup:/home/dimash/debug_clear_ws/install/yolo_ros:/home/dimash/debug_clear_ws/install/mpc_low:/home/dimash/debug_clear_ws/install/yolo_msgs:/home/dimash/debug_clear_ws/install/point_cloud_debug:/home/dimash/debug_clear_ws/install/person_movement:/home/dimash/debug_clear_ws/install/move_model_plugin:/home/dimash/debug_clear_ws/install/clearpath_simulator:/home/dimash/debug_clear_ws/install/clearpath_gz:/home/dimash/debug_clear_ws/install/clearpath_generator_gz:/home/dimash/debug_clear_ws/install/clearpath_common:/home/dimash/debug_clear_ws/install/clearpath_generator_common:/home/dimash/debug_clear_ws/install/clearpath_description:/home/dimash/debug_clear_ws/install/clearpath_sensors_description:/home/dimash/debug_clear_ws/install/clearpath_platform:/home/dimash/debug_clear_ws/install/clearpath_msgs:/home/dimash/debug_clear_ws/install/clearpath_platform_msgs:/home/dimash/debug_clear_ws/install/clearpath_platform_description:/home/dimash/debug_clear_ws/install/clearpath_nav2_demos:/home/dimash/debug_clear_ws/install/clearpath_mounts_description:/home/dimash/debug_clear_ws/install/clearpath_manipulators:/home/dimash/debug_clear_ws/install/clearpath_manipulators_description:/home/dimash/debug_clear_ws/install/clearpath_customization:/home/dimash/debug_clear_ws/install/clearpath_control:/opt/ros/humble CMAKE_PREFIX_PATH=/home/dimash/debug_clear_ws/install/clearpath_generator_common:/home/dimash/debug_clear_ws/install/clearpath_platform:/home/dimash/debug_clear_ws/install/clearpath_manipulators:/home/dimash/debug_clear_ws/install/clearpath_description:/home/dimash/debug_clear_ws/install/clearpath_sensors_description:/home/dimash/debug_clear_ws/install/clearpath_platform_msgs:/home/dimash/debug_clear_ws/install/clearpath_platform_description:/home/dimash/debug_clear_ws/install/clearpath_mounts_description:/home/dimash/debug_clear_ws/install/clearpath_manipulators_description:/home/dimash/debug_clear_ws/install/clearpath_control:/home/dimash/debug_clear_ws/install/yolo_bringup:/home/dimash/debug_clear_ws/install/mpc_low:/home/dimash/debug_clear_ws/install/yolo_msgs:/home/dimash/debug_clear_ws/install/point_cloud_debug:/home/dimash/debug_clear_ws/install/move_model_plugin:/home/dimash/debug_clear_ws/install/clearpath_simulator:/home/dimash/debug_clear_ws/install/clearpath_gz:/home/dimash/debug_clear_ws/install/clearpath_generator_gz:/home/dimash/debug_clear_ws/install/clearpath_common:/home/dimash/debug_clear_ws/install/clearpath_msgs:/home/dimash/debug_clear_ws/install/clearpath_nav2_demos:/home/dimash/debug_clear_ws/install/clearpath_customization:/home/dimash/debug_clear_ws/install/yolo_ros:/home/dimash/debug_clear_ws/install/person_movement:/home/dimash/debug_clear_ws/install/clearpath_config:/opt/ros/humble LD_LIBRARY_PATH=/home/dimash/debug_clear_ws/install/clearpath_platform/lib:/home/dimash/debug_clear_ws/install/clearpath_platform_msgs/lib:/home/dimash/debug_clear_ws/install/mpc_low/lib:/home/dimash/debug_clear_ws/install/yolo_msgs/lib:/home/dimash/debug_clear_ws/install/move_model_plugin/lib:/opt/ros/humble/opt/rviz_ogre_vendor/lib:/opt/ros/humble/lib/x86_64-linux-gnu:/opt/ros/humble/lib:/home/dimash/acados/lib:/home/dimash/acados/lib PYTHONPATH=/home/dimash/debug_clear_ws/install/clearpath_config/lib/python3.10/site-packages:/home/dimash/debug_clear_ws/install/yolo_ros/lib/python3.10/site-packages:/home/dimash/debug_clear_ws/install/yolo_msgs/local/lib/python3.10/dist-packages:/home/dimash/debug_clear_ws/install/person_movement/lib/python3.10/site-packages:/home/dimash/debug_clear_ws/install/clearpath_generator_gz/local/lib/python3.10/dist-packages:/home/dimash/debug_clear_ws/install/clearpath_generator_common/local/lib/python3.10/dist-packages:/home/dimash/debug_clear_ws/install/clearpath_platform_msgs/local/lib/python3.10/dist-packages:/opt/ros/humble/lib/python3.10/site-packages:/opt/ros/humble/local/lib/python3.10/dist-packages:/home/dimash/acados/lib /usr/bin/cmake --install /home/dimash/debug_clear_ws/build/clearpath_generator_gz
[4.311s] DEBUG:colcon.colcon_core.event_handler.log_command:Invoking command in '/home/dimash/debug_clear_ws/build/yolo_bringup': AMENT_PREFIX_PATH=/home/dimash/debug_clear_ws/install/yolo_ros:/home/dimash/debug_clear_ws/install/yolo_bringup:/home/dimash/debug_clear_ws/install/mpc_low:/home/dimash/debug_clear_ws/install/yolo_msgs:/home/dimash/debug_clear_ws/install/point_cloud_debug:/home/dimash/debug_clear_ws/install/person_movement:/home/dimash/debug_clear_ws/install/move_model_plugin:/home/dimash/debug_clear_ws/install/clearpath_simulator:/home/dimash/debug_clear_ws/install/clearpath_gz:/home/dimash/debug_clear_ws/install/clearpath_generator_gz:/home/dimash/debug_clear_ws/install/clearpath_common:/home/dimash/debug_clear_ws/install/clearpath_generator_common:/home/dimash/debug_clear_ws/install/clearpath_description:/home/dimash/debug_clear_ws/install/clearpath_sensors_description:/home/dimash/debug_clear_ws/install/clearpath_platform:/home/dimash/debug_clear_ws/install/clearpath_msgs:/home/dimash/debug_clear_ws/install/clearpath_platform_msgs:/home/dimash/debug_clear_ws/install/clearpath_platform_description:/home/dimash/debug_clear_ws/install/clearpath_nav2_demos:/home/dimash/debug_clear_ws/install/clearpath_mounts_description:/home/dimash/debug_clear_ws/install/clearpath_manipulators:/home/dimash/debug_clear_ws/install/clearpath_manipulators_description:/home/dimash/debug_clear_ws/install/clearpath_customization:/home/dimash/debug_clear_ws/install/clearpath_control:/home/dimash/debug_clear_ws/install/clearpath_config:/opt/ros/humble CMAKE_PREFIX_PATH=/home/dimash/debug_clear_ws/install/yolo_msgs:/home/dimash/debug_clear_ws/install/yolo_bringup:/home/dimash/debug_clear_ws/install/mpc_low:/home/dimash/debug_clear_ws/install/point_cloud_debug:/home/dimash/debug_clear_ws/install/move_model_plugin:/home/dimash/debug_clear_ws/install/clearpath_simulator:/home/dimash/debug_clear_ws/install/clearpath_gz:/home/dimash/debug_clear_ws/install/clearpath_generator_gz:/home/dimash/debug_clear_ws/install/clearpath_common:/home/dimash/debug_clear_ws/install/clearpath_generator_common:/home/dimash/debug_clear_ws/install/clearpath_description:/home/dimash/debug_clear_ws/install/clearpath_sensors_description:/home/dimash/debug_clear_ws/install/clearpath_platform:/home/dimash/debug_clear_ws/install/clearpath_msgs:/home/dimash/debug_clear_ws/install/clearpath_platform_msgs:/home/dimash/debug_clear_ws/install/clearpath_platform_description:/home/dimash/debug_clear_ws/install/clearpath_nav2_demos:/home/dimash/debug_clear_ws/install/clearpath_mounts_description:/home/dimash/debug_clear_ws/install/clearpath_manipulators:/home/dimash/debug_clear_ws/install/clearpath_manipulators_description:/home/dimash/debug_clear_ws/install/clearpath_customization:/home/dimash/debug_clear_ws/install/clearpath_control:/home/dimash/debug_clear_ws/install/yolo_ros:/home/dimash/debug_clear_ws/install/person_movement:/home/dimash/debug_clear_ws/install/clearpath_config:/opt/ros/humble LD_LIBRARY_PATH=/home/dimash/debug_clear_ws/install/yolo_msgs/lib:/home/dimash/debug_clear_ws/install/mpc_low/lib:/home/dimash/debug_clear_ws/install/move_model_plugin/lib:/home/dimash/debug_clear_ws/install/clearpath_platform/lib:/home/dimash/debug_clear_ws/install/clearpath_platform_msgs/lib:/opt/ros/humble/opt/rviz_ogre_vendor/lib:/opt/ros/humble/lib/x86_64-linux-gnu:/opt/ros/humble/lib:/home/dimash/acados/lib:/home/dimash/acados/lib /usr/bin/cmake --build /home/dimash/debug_clear_ws/build/yolo_bringup -- -j8 -l8
[4.357s] DEBUG:colcon.colcon_core.event_handler.log_command:Invoked command in '/home/dimash/debug_clear_ws/build/yolo_bringup' returned '0': AMENT_PREFIX_PATH=/home/dimash/debug_clear_ws/install/yolo_ros:/home/dimash/debug_clear_ws/install/yolo_bringup:/home/dimash/debug_clear_ws/install/mpc_low:/home/dimash/debug_clear_ws/install/yolo_msgs:/home/dimash/debug_clear_ws/install/point_cloud_debug:/home/dimash/debug_clear_ws/install/person_movement:/home/dimash/debug_clear_ws/install/move_model_plugin:/home/dimash/debug_clear_ws/install/clearpath_simulator:/home/dimash/debug_clear_ws/install/clearpath_gz:/home/dimash/debug_clear_ws/install/clearpath_generator_gz:/home/dimash/debug_clear_ws/install/clearpath_common:/home/dimash/debug_clear_ws/install/clearpath_generator_common:/home/dimash/debug_clear_ws/install/clearpath_description:/home/dimash/debug_clear_ws/install/clearpath_sensors_description:/home/dimash/debug_clear_ws/install/clearpath_platform:/home/dimash/debug_clear_ws/install/clearpath_msgs:/home/dimash/debug_clear_ws/install/clearpath_platform_msgs:/home/dimash/debug_clear_ws/install/clearpath_platform_description:/home/dimash/debug_clear_ws/install/clearpath_nav2_demos:/home/dimash/debug_clear_ws/install/clearpath_mounts_description:/home/dimash/debug_clear_ws/install/clearpath_manipulators:/home/dimash/debug_clear_ws/install/clearpath_manipulators_description:/home/dimash/debug_clear_ws/install/clearpath_customization:/home/dimash/debug_clear_ws/install/clearpath_control:/home/dimash/debug_clear_ws/install/clearpath_config:/opt/ros/humble CMAKE_PREFIX_PATH=/home/dimash/debug_clear_ws/install/yolo_msgs:/home/dimash/debug_clear_ws/install/yolo_bringup:/home/dimash/debug_clear_ws/install/mpc_low:/home/dimash/debug_clear_ws/install/point_cloud_debug:/home/dimash/debug_clear_ws/install/move_model_plugin:/home/dimash/debug_clear_ws/install/clearpath_simulator:/home/dimash/debug_clear_ws/install/clearpath_gz:/home/dimash/debug_clear_ws/install/clearpath_generator_gz:/home/dimash/debug_clear_ws/install/clearpath_common:/home/dimash/debug_clear_ws/install/clearpath_generator_common:/home/dimash/debug_clear_ws/install/clearpath_description:/home/dimash/debug_clear_ws/install/clearpath_sensors_description:/home/dimash/debug_clear_ws/install/clearpath_platform:/home/dimash/debug_clear_ws/install/clearpath_msgs:/home/dimash/debug_clear_ws/install/clearpath_platform_msgs:/home/dimash/debug_clear_ws/install/clearpath_platform_description:/home/dimash/debug_clear_ws/install/clearpath_nav2_demos:/home/dimash/debug_clear_ws/install/clearpath_mounts_description:/home/dimash/debug_clear_ws/install/clearpath_manipulators:/home/dimash/debug_clear_ws/install/clearpath_manipulators_description:/home/dimash/debug_clear_ws/install/clearpath_customization:/home/dimash/debug_clear_ws/install/clearpath_control:/home/dimash/debug_clear_ws/install/yolo_ros:/home/dimash/debug_clear_ws/install/person_movement:/home/dimash/debug_clear_ws/install/clearpath_config:/opt/ros/humble LD_LIBRARY_PATH=/home/dimash/debug_clear_ws/install/yolo_msgs/lib:/home/dimash/debug_clear_ws/install/mpc_low/lib:/home/dimash/debug_clear_ws/install/move_model_plugin/lib:/home/dimash/debug_clear_ws/install/clearpath_platform/lib:/home/dimash/debug_clear_ws/install/clearpath_platform_msgs/lib:/opt/ros/humble/opt/rviz_ogre_vendor/lib:/opt/ros/humble/lib/x86_64-linux-gnu:/opt/ros/humble/lib:/home/dimash/acados/lib:/home/dimash/acados/lib /usr/bin/cmake --build /home/dimash/debug_clear_ws/build/yolo_bringup -- -j8 -l8
[4.359s] DEBUG:colcon.colcon_core.event_handler.log_command:Invoking command in '/home/dimash/debug_clear_ws/build/yolo_bringup': AMENT_PREFIX_PATH=/home/dimash/debug_clear_ws/install/yolo_ros:/home/dimash/debug_clear_ws/install/yolo_bringup:/home/dimash/debug_clear_ws/install/mpc_low:/home/dimash/debug_clear_ws/install/yolo_msgs:/home/dimash/debug_clear_ws/install/point_cloud_debug:/home/dimash/debug_clear_ws/install/person_movement:/home/dimash/debug_clear_ws/install/move_model_plugin:/home/dimash/debug_clear_ws/install/clearpath_simulator:/home/dimash/debug_clear_ws/install/clearpath_gz:/home/dimash/debug_clear_ws/install/clearpath_generator_gz:/home/dimash/debug_clear_ws/install/clearpath_common:/home/dimash/debug_clear_ws/install/clearpath_generator_common:/home/dimash/debug_clear_ws/install/clearpath_description:/home/dimash/debug_clear_ws/install/clearpath_sensors_description:/home/dimash/debug_clear_ws/install/clearpath_platform:/home/dimash/debug_clear_ws/install/clearpath_msgs:/home/dimash/debug_clear_ws/install/clearpath_platform_msgs:/home/dimash/debug_clear_ws/install/clearpath_platform_description:/home/dimash/debug_clear_ws/install/clearpath_nav2_demos:/home/dimash/debug_clear_ws/install/clearpath_mounts_description:/home/dimash/debug_clear_ws/install/clearpath_manipulators:/home/dimash/debug_clear_ws/install/clearpath_manipulators_description:/home/dimash/debug_clear_ws/install/clearpath_customization:/home/dimash/debug_clear_ws/install/clearpath_control:/home/dimash/debug_clear_ws/install/clearpath_config:/opt/ros/humble CMAKE_PREFIX_PATH=/home/dimash/debug_clear_ws/install/yolo_msgs:/home/dimash/debug_clear_ws/install/yolo_bringup:/home/dimash/debug_clear_ws/install/mpc_low:/home/dimash/debug_clear_ws/install/point_cloud_debug:/home/dimash/debug_clear_ws/install/move_model_plugin:/home/dimash/debug_clear_ws/install/clearpath_simulator:/home/dimash/debug_clear_ws/install/clearpath_gz:/home/dimash/debug_clear_ws/install/clearpath_generator_gz:/home/dimash/debug_clear_ws/install/clearpath_common:/home/dimash/debug_clear_ws/install/clearpath_generator_common:/home/dimash/debug_clear_ws/install/clearpath_description:/home/dimash/debug_clear_ws/install/clearpath_sensors_description:/home/dimash/debug_clear_ws/install/clearpath_platform:/home/dimash/debug_clear_ws/install/clearpath_msgs:/home/dimash/debug_clear_ws/install/clearpath_platform_msgs:/home/dimash/debug_clear_ws/install/clearpath_platform_description:/home/dimash/debug_clear_ws/install/clearpath_nav2_demos:/home/dimash/debug_clear_ws/install/clearpath_mounts_description:/home/dimash/debug_clear_ws/install/clearpath_manipulators:/home/dimash/debug_clear_ws/install/clearpath_manipulators_description:/home/dimash/debug_clear_ws/install/clearpath_customization:/home/dimash/debug_clear_ws/install/clearpath_control:/home/dimash/debug_clear_ws/install/yolo_ros:/home/dimash/debug_clear_ws/install/person_movement:/home/dimash/debug_clear_ws/install/clearpath_config:/opt/ros/humble LD_LIBRARY_PATH=/home/dimash/debug_clear_ws/install/yolo_msgs/lib:/home/dimash/debug_clear_ws/install/mpc_low/lib:/home/dimash/debug_clear_ws/install/move_model_plugin/lib:/home/dimash/debug_clear_ws/install/clearpath_platform/lib:/home/dimash/debug_clear_ws/install/clearpath_platform_msgs/lib:/opt/ros/humble/opt/rviz_ogre_vendor/lib:/opt/ros/humble/lib/x86_64-linux-gnu:/opt/ros/humble/lib:/home/dimash/acados/lib:/home/dimash/acados/lib /usr/bin/cmake --install /home/dimash/debug_clear_ws/build/yolo_bringup
[4.375s] Level 1:colcon.colcon_core.environment:create_environment_scripts_only(clearpath_generator_gz)
[4.376s] Level 1:colcon.colcon_core.environment:checking '/home/dimash/debug_clear_ws/install/clearpath_generator_gz' for CMake module files
[4.377s] Level 1:colcon.colcon_core.environment:checking '/home/dimash/debug_clear_ws/install/clearpath_generator_gz' for CMake config files
[4.378s] Level 1:colcon.colcon_core.shell:create_environment_hook('clearpath_generator_gz', 'cmake_prefix_path')
[4.379s] INFO:colcon.colcon_core.shell:Creating environment hook '/home/dimash/debug_clear_ws/install/clearpath_generator_gz/share/clearpath_generator_gz/hook/cmake_prefix_path.ps1'
[4.379s] INFO:colcon.colcon_core.shell:Creating environment descriptor '/home/dimash/debug_clear_ws/install/clearpath_generator_gz/share/clearpath_generator_gz/hook/cmake_prefix_path.dsv'
[4.380s] INFO:colcon.colcon_core.shell:Creating environment hook '/home/dimash/debug_clear_ws/install/clearpath_generator_gz/share/clearpath_generator_gz/hook/cmake_prefix_path.sh'
[4.381s] Level 1:colcon.colcon_core.environment:checking '/home/dimash/debug_clear_ws/install/clearpath_generator_gz/lib'
[4.381s] Level 1:colcon.colcon_core.environment:checking '/home/dimash/debug_clear_ws/install/clearpath_generator_gz/bin'
[4.381s] Level 1:colcon.colcon_core.environment:checking '/home/dimash/debug_clear_ws/install/clearpath_generator_gz/lib/pkgconfig/clearpath_generator_gz.pc'
[4.381s] Level 1:colcon.colcon_core.environment:checking '/home/dimash/debug_clear_ws/install/clearpath_generator_gz/lib/python3.10/site-packages'
[4.382s] Level 1:colcon.colcon_core.environment:checking '/home/dimash/debug_clear_ws/install/clearpath_generator_gz/bin'
[4.382s] INFO:colcon.colcon_core.shell:Creating package script '/home/dimash/debug_clear_ws/install/clearpath_generator_gz/share/clearpath_generator_gz/package.ps1'
[4.383s] DEBUG:colcon.colcon_core.event_handler.log_command:Invoked command in '/home/dimash/debug_clear_ws/build/clearpath_generator_gz' returned '0': AMENT_PREFIX_PATH=/home/dimash/debug_clear_ws/install/clearpath_config:/home/dimash/debug_clear_ws/install/yolo_bringup:/home/dimash/debug_clear_ws/install/yolo_ros:/home/dimash/debug_clear_ws/install/mpc_low:/home/dimash/debug_clear_ws/install/yolo_msgs:/home/dimash/debug_clear_ws/install/point_cloud_debug:/home/dimash/debug_clear_ws/install/person_movement:/home/dimash/debug_clear_ws/install/move_model_plugin:/home/dimash/debug_clear_ws/install/clearpath_simulator:/home/dimash/debug_clear_ws/install/clearpath_gz:/home/dimash/debug_clear_ws/install/clearpath_generator_gz:/home/dimash/debug_clear_ws/install/clearpath_common:/home/dimash/debug_clear_ws/install/clearpath_generator_common:/home/dimash/debug_clear_ws/install/clearpath_description:/home/dimash/debug_clear_ws/install/clearpath_sensors_description:/home/dimash/debug_clear_ws/install/clearpath_platform:/home/dimash/debug_clear_ws/install/clearpath_msgs:/home/dimash/debug_clear_ws/install/clearpath_platform_msgs:/home/dimash/debug_clear_ws/install/clearpath_platform_description:/home/dimash/debug_clear_ws/install/clearpath_nav2_demos:/home/dimash/debug_clear_ws/install/clearpath_mounts_description:/home/dimash/debug_clear_ws/install/clearpath_manipulators:/home/dimash/debug_clear_ws/install/clearpath_manipulators_description:/home/dimash/debug_clear_ws/install/clearpath_customization:/home/dimash/debug_clear_ws/install/clearpath_control:/opt/ros/humble CMAKE_PREFIX_PATH=/home/dimash/debug_clear_ws/install/clearpath_generator_common:/home/dimash/debug_clear_ws/install/clearpath_platform:/home/dimash/debug_clear_ws/install/clearpath_manipulators:/home/dimash/debug_clear_ws/install/clearpath_description:/home/dimash/debug_clear_ws/install/clearpath_sensors_description:/home/dimash/debug_clear_ws/install/clearpath_platform_msgs:/home/dimash/debug_clear_ws/install/clearpath_platform_description:/home/dimash/debug_clear_ws/install/clearpath_mounts_description:/home/dimash/debug_clear_ws/install/clearpath_manipulators_description:/home/dimash/debug_clear_ws/install/clearpath_control:/home/dimash/debug_clear_ws/install/yolo_bringup:/home/dimash/debug_clear_ws/install/mpc_low:/home/dimash/debug_clear_ws/install/yolo_msgs:/home/dimash/debug_clear_ws/install/point_cloud_debug:/home/dimash/debug_clear_ws/install/move_model_plugin:/home/dimash/debug_clear_ws/install/clearpath_simulator:/home/dimash/debug_clear_ws/install/clearpath_gz:/home/dimash/debug_clear_ws/install/clearpath_generator_gz:/home/dimash/debug_clear_ws/install/clearpath_common:/home/dimash/debug_clear_ws/install/clearpath_msgs:/home/dimash/debug_clear_ws/install/clearpath_nav2_demos:/home/dimash/debug_clear_ws/install/clearpath_customization:/home/dimash/debug_clear_ws/install/yolo_ros:/home/dimash/debug_clear_ws/install/person_movement:/home/dimash/debug_clear_ws/install/clearpath_config:/opt/ros/humble LD_LIBRARY_PATH=/home/dimash/debug_clear_ws/install/clearpath_platform/lib:/home/dimash/debug_clear_ws/install/clearpath_platform_msgs/lib:/home/dimash/debug_clear_ws/install/mpc_low/lib:/home/dimash/debug_clear_ws/install/yolo_msgs/lib:/home/dimash/debug_clear_ws/install/move_model_plugin/lib:/opt/ros/humble/opt/rviz_ogre_vendor/lib:/opt/ros/humble/lib/x86_64-linux-gnu:/opt/ros/humble/lib:/home/dimash/acados/lib:/home/dimash/acados/lib PYTHONPATH=/home/dimash/debug_clear_ws/install/clearpath_config/lib/python3.10/site-packages:/home/dimash/debug_clear_ws/install/yolo_ros/lib/python3.10/site-packages:/home/dimash/debug_clear_ws/install/yolo_msgs/local/lib/python3.10/dist-packages:/home/dimash/debug_clear_ws/install/person_movement/lib/python3.10/site-packages:/home/dimash/debug_clear_ws/install/clearpath_generator_gz/local/lib/python3.10/dist-packages:/home/dimash/debug_clear_ws/install/clearpath_generator_common/local/lib/python3.10/dist-packages:/home/dimash/debug_clear_ws/install/clearpath_platform_msgs/local/lib/python3.10/dist-packages:/opt/ros/humble/lib/python3.10/site-packages:/opt/ros/humble/local/lib/python3.10/dist-packages:/home/dimash/acados/lib /usr/bin/cmake --install /home/dimash/debug_clear_ws/build/clearpath_generator_gz
[4.384s] INFO:colcon.colcon_core.shell:Creating package descriptor '/home/dimash/debug_clear_ws/install/clearpath_generator_gz/share/clearpath_generator_gz/package.dsv'
[4.384s] INFO:colcon.colcon_core.shell:Creating package script '/home/dimash/debug_clear_ws/install/clearpath_generator_gz/share/clearpath_generator_gz/package.sh'
[4.385s] INFO:colcon.colcon_core.shell:Creating package script '/home/dimash/debug_clear_ws/install/clearpath_generator_gz/share/clearpath_generator_gz/package.bash'
[4.385s] INFO:colcon.colcon_core.shell:Creating package script '/home/dimash/debug_clear_ws/install/clearpath_generator_gz/share/clearpath_generator_gz/package.zsh'
[4.386s] Level 1:colcon.colcon_core.environment:create_file_with_runtime_dependencies(/home/dimash/debug_clear_ws/install/clearpath_generator_gz/share/colcon-core/packages/clearpath_generator_gz)
[4.387s] Level 1:colcon.colcon_core.environment:create_environment_scripts_only(clearpath_generator_gz)
[4.387s] Level 1:colcon.colcon_core.environment:checking '/home/dimash/debug_clear_ws/install/clearpath_generator_gz' for CMake module files
[4.388s] Level 1:colcon.colcon_core.environment:checking '/home/dimash/debug_clear_ws/install/clearpath_generator_gz' for CMake config files
[4.388s] Level 1:colcon.colcon_core.shell:create_environment_hook('clearpath_generator_gz', 'cmake_prefix_path')
[4.388s] INFO:colcon.colcon_core.shell:Creating environment hook '/home/dimash/debug_clear_ws/install/clearpath_generator_gz/share/clearpath_generator_gz/hook/cmake_prefix_path.ps1'
[4.389s] INFO:colcon.colcon_core.shell:Creating environment descriptor '/home/dimash/debug_clear_ws/install/clearpath_generator_gz/share/clearpath_generator_gz/hook/cmake_prefix_path.dsv'
[4.389s] INFO:colcon.colcon_core.shell:Creating environment hook '/home/dimash/debug_clear_ws/install/clearpath_generator_gz/share/clearpath_generator_gz/hook/cmake_prefix_path.sh'
[4.390s] Level 1:colcon.colcon_core.environment:checking '/home/dimash/debug_clear_ws/install/clearpath_generator_gz/lib'
[4.390s] Level 1:colcon.colcon_core.environment:checking '/home/dimash/debug_clear_ws/install/clearpath_generator_gz/bin'
[4.390s] Level 1:colcon.colcon_core.environment:checking '/home/dimash/debug_clear_ws/install/clearpath_generator_gz/lib/pkgconfig/clearpath_generator_gz.pc'
[4.390s] Level 1:colcon.colcon_core.environment:checking '/home/dimash/debug_clear_ws/install/clearpath_generator_gz/lib/python3.10/site-packages'
[4.390s] Level 1:colcon.colcon_core.environment:checking '/home/dimash/debug_clear_ws/install/clearpath_generator_gz/bin'
[4.391s] INFO:colcon.colcon_core.shell:Creating package script '/home/dimash/debug_clear_ws/install/clearpath_generator_gz/share/clearpath_generator_gz/package.ps1'
[4.391s] INFO:colcon.colcon_core.shell:Creating package descriptor '/home/dimash/debug_clear_ws/install/clearpath_generator_gz/share/clearpath_generator_gz/package.dsv'
[4.392s] INFO:colcon.colcon_core.shell:Creating package script '/home/dimash/debug_clear_ws/install/clearpath_generator_gz/share/clearpath_generator_gz/package.sh'
[4.392s] INFO:colcon.colcon_core.shell:Creating package script '/home/dimash/debug_clear_ws/install/clearpath_generator_gz/share/clearpath_generator_gz/package.bash'
[4.393s] INFO:colcon.colcon_core.shell:Creating package script '/home/dimash/debug_clear_ws/install/clearpath_generator_gz/share/clearpath_generator_gz/package.zsh'
[4.393s] Level 1:colcon.colcon_core.environment:create_file_with_runtime_dependencies(/home/dimash/debug_clear_ws/install/clearpath_generator_gz/share/colcon-core/packages/clearpath_generator_gz)
[4.394s] INFO:colcon.colcon_ros.task.ament_cmake.build:Building ROS package in '/home/dimash/debug_clear_ws/src/clearpath_simulator/clearpath_gz' with build type 'ament_cmake'
[4.394s] INFO:colcon.colcon_cmake.task.cmake.build:Building CMake package in '/home/dimash/debug_clear_ws/src/clearpath_simulator/clearpath_gz'
[4.394s] INFO:colcon.colcon_core.shell:Skip shell extension 'powershell' for command environment: Not usable outside of PowerShell
[4.394s] DEBUG:colcon.colcon_core.shell:Skip shell extension 'dsv' for command environment
[4.405s] Level 1:colcon.colcon_core.environment:create_environment_scripts_only(yolo_bringup)
[4.406s] Level 1:colcon.colcon_core.environment:checking '/home/dimash/debug_clear_ws/install/yolo_bringup' for CMake module files
[4.407s] Level 1:colcon.colcon_core.environment:checking '/home/dimash/debug_clear_ws/install/yolo_bringup' for CMake config files
[4.407s] Level 1:colcon.colcon_core.shell:create_environment_hook('yolo_bringup', 'cmake_prefix_path')
[4.405s] DEBUG:colcon.colcon_core.event_handler.log_command:Invoked command in '/home/dimash/debug_clear_ws/build/yolo_bringup' returned '0': AMENT_PREFIX_PATH=/home/dimash/debug_clear_ws/install/yolo_ros:/home/dimash/debug_clear_ws/install/yolo_bringup:/home/dimash/debug_clear_ws/install/mpc_low:/home/dimash/debug_clear_ws/install/yolo_msgs:/home/dimash/debug_clear_ws/install/point_cloud_debug:/home/dimash/debug_clear_ws/install/person_movement:/home/dimash/debug_clear_ws/install/move_model_plugin:/home/dimash/debug_clear_ws/install/clearpath_simulator:/home/dimash/debug_clear_ws/install/clearpath_gz:/home/dimash/debug_clear_ws/install/clearpath_generator_gz:/home/dimash/debug_clear_ws/install/clearpath_common:/home/dimash/debug_clear_ws/install/clearpath_generator_common:/home/dimash/debug_clear_ws/install/clearpath_description:/home/dimash/debug_clear_ws/install/clearpath_sensors_description:/home/dimash/debug_clear_ws/install/clearpath_platform:/home/dimash/debug_clear_ws/install/clearpath_msgs:/home/dimash/debug_clear_ws/install/clearpath_platform_msgs:/home/dimash/debug_clear_ws/install/clearpath_platform_description:/home/dimash/debug_clear_ws/install/clearpath_nav2_demos:/home/dimash/debug_clear_ws/install/clearpath_mounts_description:/home/dimash/debug_clear_ws/install/clearpath_manipulators:/home/dimash/debug_clear_ws/install/clearpath_manipulators_description:/home/dimash/debug_clear_ws/install/clearpath_customization:/home/dimash/debug_clear_ws/install/clearpath_control:/home/dimash/debug_clear_ws/install/clearpath_config:/opt/ros/humble CMAKE_PREFIX_PATH=/home/dimash/debug_clear_ws/install/yolo_msgs:/home/dimash/debug_clear_ws/install/yolo_bringup:/home/dimash/debug_clear_ws/install/mpc_low:/home/dimash/debug_clear_ws/install/point_cloud_debug:/home/dimash/debug_clear_ws/install/move_model_plugin:/home/dimash/debug_clear_ws/install/clearpath_simulator:/home/dimash/debug_clear_ws/install/clearpath_gz:/home/dimash/debug_clear_ws/install/clearpath_generator_gz:/home/dimash/debug_clear_ws/install/clearpath_common:/home/dimash/debug_clear_ws/install/clearpath_generator_common:/home/dimash/debug_clear_ws/install/clearpath_description:/home/dimash/debug_clear_ws/install/clearpath_sensors_description:/home/dimash/debug_clear_ws/install/clearpath_platform:/home/dimash/debug_clear_ws/install/clearpath_msgs:/home/dimash/debug_clear_ws/install/clearpath_platform_msgs:/home/dimash/debug_clear_ws/install/clearpath_platform_description:/home/dimash/debug_clear_ws/install/clearpath_nav2_demos:/home/dimash/debug_clear_ws/install/clearpath_mounts_description:/home/dimash/debug_clear_ws/install/clearpath_manipulators:/home/dimash/debug_clear_ws/install/clearpath_manipulators_description:/home/dimash/debug_clear_ws/install/clearpath_customization:/home/dimash/debug_clear_ws/install/clearpath_control:/home/dimash/debug_clear_ws/install/yolo_ros:/home/dimash/debug_clear_ws/install/person_movement:/home/dimash/debug_clear_ws/install/clearpath_config:/opt/ros/humble LD_LIBRARY_PATH=/home/dimash/debug_clear_ws/install/yolo_msgs/lib:/home/dimash/debug_clear_ws/install/mpc_low/lib:/home/dimash/debug_clear_ws/install/move_model_plugin/lib:/home/dimash/debug_clear_ws/install/clearpath_platform/lib:/home/dimash/debug_clear_ws/install/clearpath_platform_msgs/lib:/opt/ros/humble/opt/rviz_ogre_vendor/lib:/opt/ros/humble/lib/x86_64-linux-gnu:/opt/ros/humble/lib:/home/dimash/acados/lib:/home/dimash/acados/lib /usr/bin/cmake --install /home/dimash/debug_clear_ws/build/yolo_bringup
[4.408s] INFO:colcon.colcon_core.shell:Creating environment hook '/home/dimash/debug_clear_ws/install/yolo_bringup/share/yolo_bringup/hook/cmake_prefix_path.ps1'
[4.408s] INFO:colcon.colcon_core.shell:Creating environment descriptor '/home/dimash/debug_clear_ws/install/yolo_bringup/share/yolo_bringup/hook/cmake_prefix_path.dsv'
[4.409s] INFO:colcon.colcon_core.shell:Creating environment hook '/home/dimash/debug_clear_ws/install/yolo_bringup/share/yolo_bringup/hook/cmake_prefix_path.sh'
[4.410s] Level 1:colcon.colcon_core.environment:checking '/home/dimash/debug_clear_ws/install/yolo_bringup/bin'
[4.410s] Level 1:colcon.colcon_core.environment:checking '/home/dimash/debug_clear_ws/install/yolo_bringup/lib/pkgconfig/yolo_bringup.pc'
[4.410s] Level 1:colcon.colcon_core.environment:checking '/home/dimash/debug_clear_ws/install/yolo_bringup/lib/python3.10/site-packages'
[4.410s] Level 1:colcon.colcon_core.environment:checking '/home/dimash/debug_clear_ws/install/yolo_bringup/bin'
[4.411s] INFO:colcon.colcon_core.shell:Creating package script '/home/dimash/debug_clear_ws/install/yolo_bringup/share/yolo_bringup/package.ps1'
[4.412s] INFO:colcon.colcon_core.shell:Creating package descriptor '/home/dimash/debug_clear_ws/install/yolo_bringup/share/yolo_bringup/package.dsv'
[4.412s] INFO:colcon.colcon_core.shell:Creating package script '/home/dimash/debug_clear_ws/install/yolo_bringup/share/yolo_bringup/package.sh'
[4.413s] INFO:colcon.colcon_core.shell:Creating package script '/home/dimash/debug_clear_ws/install/yolo_bringup/share/yolo_bringup/package.bash'
[4.414s] INFO:colcon.colcon_core.shell:Creating package script '/home/dimash/debug_clear_ws/install/yolo_bringup/share/yolo_bringup/package.zsh'
[4.415s] Level 1:colcon.colcon_core.environment:create_file_with_runtime_dependencies(/home/dimash/debug_clear_ws/install/yolo_bringup/share/colcon-core/packages/yolo_bringup)
[4.415s] Level 1:colcon.colcon_core.environment:create_environment_scripts_only(yolo_bringup)
[4.416s] Level 1:colcon.colcon_core.environment:checking '/home/dimash/debug_clear_ws/install/yolo_bringup' for CMake module files
[4.416s] Level 1:colcon.colcon_core.environment:checking '/home/dimash/debug_clear_ws/install/yolo_bringup' for CMake config files
[4.416s] Level 1:colcon.colcon_core.shell:create_environment_hook('yolo_bringup', 'cmake_prefix_path')
[4.417s] INFO:colcon.colcon_core.shell:Creating environment hook '/home/dimash/debug_clear_ws/install/yolo_bringup/share/yolo_bringup/hook/cmake_prefix_path.ps1'
[4.417s] INFO:colcon.colcon_core.shell:Creating environment descriptor '/home/dimash/debug_clear_ws/install/yolo_bringup/share/yolo_bringup/hook/cmake_prefix_path.dsv'
[4.418s] INFO:colcon.colcon_core.shell:Creating environment hook '/home/dimash/debug_clear_ws/install/yolo_bringup/share/yolo_bringup/hook/cmake_prefix_path.sh'
[4.418s] Level 1:colcon.colcon_core.environment:checking '/home/dimash/debug_clear_ws/install/yolo_bringup/bin'
[4.418s] Level 1:colcon.colcon_core.environment:checking '/home/dimash/debug_clear_ws/install/yolo_bringup/lib/pkgconfig/yolo_bringup.pc'
[4.419s] Level 1:colcon.colcon_core.environment:checking '/home/dimash/debug_clear_ws/install/yolo_bringup/lib/python3.10/site-packages'
[4.419s] Level 1:colcon.colcon_core.environment:checking '/home/dimash/debug_clear_ws/install/yolo_bringup/bin'
[4.419s] INFO:colcon.colcon_core.shell:Creating package script '/home/dimash/debug_clear_ws/install/yolo_bringup/share/yolo_bringup/package.ps1'
[4.420s] INFO:colcon.colcon_core.shell:Creating package descriptor '/home/dimash/debug_clear_ws/install/yolo_bringup/share/yolo_bringup/package.dsv'
[4.421s] INFO:colcon.colcon_core.shell:Creating package script '/home/dimash/debug_clear_ws/install/yolo_bringup/share/yolo_bringup/package.sh'
[4.422s] INFO:colcon.colcon_core.shell:Creating package script '/home/dimash/debug_clear_ws/install/yolo_bringup/share/yolo_bringup/package.bash'
[4.423s] INFO:colcon.colcon_core.shell:Creating package script '/home/dimash/debug_clear_ws/install/yolo_bringup/share/yolo_bringup/package.zsh'
[4.423s] Level 1:colcon.colcon_core.environment:create_file_with_runtime_dependencies(/home/dimash/debug_clear_ws/install/yolo_bringup/share/colcon-core/packages/yolo_bringup)
[4.432s] DEBUG:colcon.colcon_core.event_handler.log_command:Invoking command in '/home/dimash/debug_clear_ws/build/clearpath_gz': AMENT_PREFIX_PATH=/home/dimash/debug_clear_ws/install/clearpath_config:/home/dimash/debug_clear_ws/install/yolo_bringup:/home/dimash/debug_clear_ws/install/yolo_ros:/home/dimash/debug_clear_ws/install/mpc_low:/home/dimash/debug_clear_ws/install/yolo_msgs:/home/dimash/debug_clear_ws/install/point_cloud_debug:/home/dimash/debug_clear_ws/install/person_movement:/home/dimash/debug_clear_ws/install/move_model_plugin:/home/dimash/debug_clear_ws/install/clearpath_simulator:/home/dimash/debug_clear_ws/install/clearpath_gz:/home/dimash/debug_clear_ws/install/clearpath_generator_gz:/home/dimash/debug_clear_ws/install/clearpath_common:/home/dimash/debug_clear_ws/install/clearpath_generator_common:/home/dimash/debug_clear_ws/install/clearpath_description:/home/dimash/debug_clear_ws/install/clearpath_sensors_description:/home/dimash/debug_clear_ws/install/clearpath_platform:/home/dimash/debug_clear_ws/install/clearpath_msgs:/home/dimash/debug_clear_ws/install/clearpath_platform_msgs:/home/dimash/debug_clear_ws/install/clearpath_platform_description:/home/dimash/debug_clear_ws/install/clearpath_nav2_demos:/home/dimash/debug_clear_ws/install/clearpath_mounts_description:/home/dimash/debug_clear_ws/install/clearpath_manipulators:/home/dimash/debug_clear_ws/install/clearpath_manipulators_description:/home/dimash/debug_clear_ws/install/clearpath_customization:/home/dimash/debug_clear_ws/install/clearpath_control:/opt/ros/humble CMAKE_PREFIX_PATH=/home/dimash/debug_clear_ws/install/clearpath_generator_gz:/home/dimash/debug_clear_ws/install/clearpath_common:/home/dimash/debug_clear_ws/install/clearpath_generator_common:/home/dimash/debug_clear_ws/install/clearpath_platform:/home/dimash/debug_clear_ws/install/clearpath_manipulators:/home/dimash/debug_clear_ws/install/clearpath_description:/home/dimash/debug_clear_ws/install/clearpath_sensors_description:/home/dimash/debug_clear_ws/install/clearpath_platform_msgs:/home/dimash/debug_clear_ws/install/clearpath_platform_description:/home/dimash/debug_clear_ws/install/clearpath_mounts_description:/home/dimash/debug_clear_ws/install/clearpath_manipulators_description:/home/dimash/debug_clear_ws/install/clearpath_control:/home/dimash/debug_clear_ws/install/yolo_bringup:/home/dimash/debug_clear_ws/install/mpc_low:/home/dimash/debug_clear_ws/install/yolo_msgs:/home/dimash/debug_clear_ws/install/point_cloud_debug:/home/dimash/debug_clear_ws/install/move_model_plugin:/home/dimash/debug_clear_ws/install/clearpath_simulator:/home/dimash/debug_clear_ws/install/clearpath_gz:/home/dimash/debug_clear_ws/install/clearpath_msgs:/home/dimash/debug_clear_ws/install/clearpath_nav2_demos:/home/dimash/debug_clear_ws/install/clearpath_customization:/home/dimash/debug_clear_ws/install/yolo_ros:/home/dimash/debug_clear_ws/install/person_movement:/home/dimash/debug_clear_ws/install/clearpath_config:/opt/ros/humble LD_LIBRARY_PATH=/home/dimash/debug_clear_ws/install/clearpath_platform/lib:/home/dimash/debug_clear_ws/install/clearpath_platform_msgs/lib:/home/dimash/debug_clear_ws/install/mpc_low/lib:/home/dimash/debug_clear_ws/install/yolo_msgs/lib:/home/dimash/debug_clear_ws/install/move_model_plugin/lib:/opt/ros/humble/opt/rviz_ogre_vendor/lib:/opt/ros/humble/lib/x86_64-linux-gnu:/opt/ros/humble/lib:/home/dimash/acados/lib:/home/dimash/acados/lib PYTHONPATH=/home/dimash/debug_clear_ws/install/clearpath_config/lib/python3.10/site-packages:/home/dimash/debug_clear_ws/install/yolo_ros/lib/python3.10/site-packages:/home/dimash/debug_clear_ws/install/yolo_msgs/local/lib/python3.10/dist-packages:/home/dimash/debug_clear_ws/install/person_movement/lib/python3.10/site-packages:/home/dimash/debug_clear_ws/install/clearpath_generator_gz/local/lib/python3.10/dist-packages:/home/dimash/debug_clear_ws/install/clearpath_generator_common/local/lib/python3.10/dist-packages:/home/dimash/debug_clear_ws/install/clearpath_platform_msgs/local/lib/python3.10/dist-packages:/opt/ros/humble/lib/python3.10/site-packages:/opt/ros/humble/local/lib/python3.10/dist-packages:/home/dimash/acados/lib /usr/bin/cmake --build /home/dimash/debug_clear_ws/build/clearpath_gz -- -j8 -l8
[4.480s] DEBUG:colcon.colcon_core.event_handler.log_command:Invoked command in '/home/dimash/debug_clear_ws/build/clearpath_gz' returned '0': AMENT_PREFIX_PATH=/home/dimash/debug_clear_ws/install/clearpath_config:/home/dimash/debug_clear_ws/install/yolo_bringup:/home/dimash/debug_clear_ws/install/yolo_ros:/home/dimash/debug_clear_ws/install/mpc_low:/home/dimash/debug_clear_ws/install/yolo_msgs:/home/dimash/debug_clear_ws/install/point_cloud_debug:/home/dimash/debug_clear_ws/install/person_movement:/home/dimash/debug_clear_ws/install/move_model_plugin:/home/dimash/debug_clear_ws/install/clearpath_simulator:/home/dimash/debug_clear_ws/install/clearpath_gz:/home/dimash/debug_clear_ws/install/clearpath_generator_gz:/home/dimash/debug_clear_ws/install/clearpath_common:/home/dimash/debug_clear_ws/install/clearpath_generator_common:/home/dimash/debug_clear_ws/install/clearpath_description:/home/dimash/debug_clear_ws/install/clearpath_sensors_description:/home/dimash/debug_clear_ws/install/clearpath_platform:/home/dimash/debug_clear_ws/install/clearpath_msgs:/home/dimash/debug_clear_ws/install/clearpath_platform_msgs:/home/dimash/debug_clear_ws/install/clearpath_platform_description:/home/dimash/debug_clear_ws/install/clearpath_nav2_demos:/home/dimash/debug_clear_ws/install/clearpath_mounts_description:/home/dimash/debug_clear_ws/install/clearpath_manipulators:/home/dimash/debug_clear_ws/install/clearpath_manipulators_description:/home/dimash/debug_clear_ws/install/clearpath_customization:/home/dimash/debug_clear_ws/install/clearpath_control:/opt/ros/humble CMAKE_PREFIX_PATH=/home/dimash/debug_clear_ws/install/clearpath_generator_gz:/home/dimash/debug_clear_ws/install/clearpath_common:/home/dimash/debug_clear_ws/install/clearpath_generator_common:/home/dimash/debug_clear_ws/install/clearpath_platform:/home/dimash/debug_clear_ws/install/clearpath_manipulators:/home/dimash/debug_clear_ws/install/clearpath_description:/home/dimash/debug_clear_ws/install/clearpath_sensors_description:/home/dimash/debug_clear_ws/install/clearpath_platform_msgs:/home/dimash/debug_clear_ws/install/clearpath_platform_description:/home/dimash/debug_clear_ws/install/clearpath_mounts_description:/home/dimash/debug_clear_ws/install/clearpath_manipulators_description:/home/dimash/debug_clear_ws/install/clearpath_control:/home/dimash/debug_clear_ws/install/yolo_bringup:/home/dimash/debug_clear_ws/install/mpc_low:/home/dimash/debug_clear_ws/install/yolo_msgs:/home/dimash/debug_clear_ws/install/point_cloud_debug:/home/dimash/debug_clear_ws/install/move_model_plugin:/home/dimash/debug_clear_ws/install/clearpath_simulator:/home/dimash/debug_clear_ws/install/clearpath_gz:/home/dimash/debug_clear_ws/install/clearpath_msgs:/home/dimash/debug_clear_ws/install/clearpath_nav2_demos:/home/dimash/debug_clear_ws/install/clearpath_customization:/home/dimash/debug_clear_ws/install/yolo_ros:/home/dimash/debug_clear_ws/install/person_movement:/home/dimash/debug_clear_ws/install/clearpath_config:/opt/ros/humble LD_LIBRARY_PATH=/home/dimash/debug_clear_ws/install/clearpath_platform/lib:/home/dimash/debug_clear_ws/install/clearpath_platform_msgs/lib:/home/dimash/debug_clear_ws/install/mpc_low/lib:/home/dimash/debug_clear_ws/install/yolo_msgs/lib:/home/dimash/debug_clear_ws/install/move_model_plugin/lib:/opt/ros/humble/opt/rviz_ogre_vendor/lib:/opt/ros/humble/lib/x86_64-linux-gnu:/opt/ros/humble/lib:/home/dimash/acados/lib:/home/dimash/acados/lib PYTHONPATH=/home/dimash/debug_clear_ws/install/clearpath_config/lib/python3.10/site-packages:/home/dimash/debug_clear_ws/install/yolo_ros/lib/python3.10/site-packages:/home/dimash/debug_clear_ws/install/yolo_msgs/local/lib/python3.10/dist-packages:/home/dimash/debug_clear_ws/install/person_movement/lib/python3.10/site-packages:/home/dimash/debug_clear_ws/install/clearpath_generator_gz/local/lib/python3.10/dist-packages:/home/dimash/debug_clear_ws/install/clearpath_generator_common/local/lib/python3.10/dist-packages:/home/dimash/debug_clear_ws/install/clearpath_platform_msgs/local/lib/python3.10/dist-packages:/opt/ros/humble/lib/python3.10/site-packages:/opt/ros/humble/local/lib/python3.10/dist-packages:/home/dimash/acados/lib /usr/bin/cmake --build /home/dimash/debug_clear_ws/build/clearpath_gz -- -j8 -l8
[4.481s] DEBUG:colcon.colcon_core.event_handler.log_command:Invoking command in '/home/dimash/debug_clear_ws/build/clearpath_gz': AMENT_PREFIX_PATH=/home/dimash/debug_clear_ws/install/clearpath_config:/home/dimash/debug_clear_ws/install/yolo_bringup:/home/dimash/debug_clear_ws/install/yolo_ros:/home/dimash/debug_clear_ws/install/mpc_low:/home/dimash/debug_clear_ws/install/yolo_msgs:/home/dimash/debug_clear_ws/install/point_cloud_debug:/home/dimash/debug_clear_ws/install/person_movement:/home/dimash/debug_clear_ws/install/move_model_plugin:/home/dimash/debug_clear_ws/install/clearpath_simulator:/home/dimash/debug_clear_ws/install/clearpath_gz:/home/dimash/debug_clear_ws/install/clearpath_generator_gz:/home/dimash/debug_clear_ws/install/clearpath_common:/home/dimash/debug_clear_ws/install/clearpath_generator_common:/home/dimash/debug_clear_ws/install/clearpath_description:/home/dimash/debug_clear_ws/install/clearpath_sensors_description:/home/dimash/debug_clear_ws/install/clearpath_platform:/home/dimash/debug_clear_ws/install/clearpath_msgs:/home/dimash/debug_clear_ws/install/clearpath_platform_msgs:/home/dimash/debug_clear_ws/install/clearpath_platform_description:/home/dimash/debug_clear_ws/install/clearpath_nav2_demos:/home/dimash/debug_clear_ws/install/clearpath_mounts_description:/home/dimash/debug_clear_ws/install/clearpath_manipulators:/home/dimash/debug_clear_ws/install/clearpath_manipulators_description:/home/dimash/debug_clear_ws/install/clearpath_customization:/home/dimash/debug_clear_ws/install/clearpath_control:/opt/ros/humble CMAKE_PREFIX_PATH=/home/dimash/debug_clear_ws/install/clearpath_generator_gz:/home/dimash/debug_clear_ws/install/clearpath_common:/home/dimash/debug_clear_ws/install/clearpath_generator_common:/home/dimash/debug_clear_ws/install/clearpath_platform:/home/dimash/debug_clear_ws/install/clearpath_manipulators:/home/dimash/debug_clear_ws/install/clearpath_description:/home/dimash/debug_clear_ws/install/clearpath_sensors_description:/home/dimash/debug_clear_ws/install/clearpath_platform_msgs:/home/dimash/debug_clear_ws/install/clearpath_platform_description:/home/dimash/debug_clear_ws/install/clearpath_mounts_description:/home/dimash/debug_clear_ws/install/clearpath_manipulators_description:/home/dimash/debug_clear_ws/install/clearpath_control:/home/dimash/debug_clear_ws/install/yolo_bringup:/home/dimash/debug_clear_ws/install/mpc_low:/home/dimash/debug_clear_ws/install/yolo_msgs:/home/dimash/debug_clear_ws/install/point_cloud_debug:/home/dimash/debug_clear_ws/install/move_model_plugin:/home/dimash/debug_clear_ws/install/clearpath_simulator:/home/dimash/debug_clear_ws/install/clearpath_gz:/home/dimash/debug_clear_ws/install/clearpath_msgs:/home/dimash/debug_clear_ws/install/clearpath_nav2_demos:/home/dimash/debug_clear_ws/install/clearpath_customization:/home/dimash/debug_clear_ws/install/yolo_ros:/home/dimash/debug_clear_ws/install/person_movement:/home/dimash/debug_clear_ws/install/clearpath_config:/opt/ros/humble LD_LIBRARY_PATH=/home/dimash/debug_clear_ws/install/clearpath_platform/lib:/home/dimash/debug_clear_ws/install/clearpath_platform_msgs/lib:/home/dimash/debug_clear_ws/install/mpc_low/lib:/home/dimash/debug_clear_ws/install/yolo_msgs/lib:/home/dimash/debug_clear_ws/install/move_model_plugin/lib:/opt/ros/humble/opt/rviz_ogre_vendor/lib:/opt/ros/humble/lib/x86_64-linux-gnu:/opt/ros/humble/lib:/home/dimash/acados/lib:/home/dimash/acados/lib PYTHONPATH=/home/dimash/debug_clear_ws/install/clearpath_config/lib/python3.10/site-packages:/home/dimash/debug_clear_ws/install/yolo_ros/lib/python3.10/site-packages:/home/dimash/debug_clear_ws/install/yolo_msgs/local/lib/python3.10/dist-packages:/home/dimash/debug_clear_ws/install/person_movement/lib/python3.10/site-packages:/home/dimash/debug_clear_ws/install/clearpath_generator_gz/local/lib/python3.10/dist-packages:/home/dimash/debug_clear_ws/install/clearpath_generator_common/local/lib/python3.10/dist-packages:/home/dimash/debug_clear_ws/install/clearpath_platform_msgs/local/lib/python3.10/dist-packages:/opt/ros/humble/lib/python3.10/site-packages:/opt/ros/humble/local/lib/python3.10/dist-packages:/home/dimash/acados/lib /usr/bin/cmake --install /home/dimash/debug_clear_ws/build/clearpath_gz
[4.490s] Level 1:colcon.colcon_core.environment:create_environment_scripts_only(clearpath_gz)
[4.491s] Level 1:colcon.colcon_core.environment:checking '/home/dimash/debug_clear_ws/install/clearpath_gz' for CMake module files
[4.491s] DEBUG:colcon.colcon_core.event_handler.log_command:Invoked command in '/home/dimash/debug_clear_ws/build/clearpath_gz' returned '0': AMENT_PREFIX_PATH=/home/dimash/debug_clear_ws/install/clearpath_config:/home/dimash/debug_clear_ws/install/yolo_bringup:/home/dimash/debug_clear_ws/install/yolo_ros:/home/dimash/debug_clear_ws/install/mpc_low:/home/dimash/debug_clear_ws/install/yolo_msgs:/home/dimash/debug_clear_ws/install/point_cloud_debug:/home/dimash/debug_clear_ws/install/person_movement:/home/dimash/debug_clear_ws/install/move_model_plugin:/home/dimash/debug_clear_ws/install/clearpath_simulator:/home/dimash/debug_clear_ws/install/clearpath_gz:/home/dimash/debug_clear_ws/install/clearpath_generator_gz:/home/dimash/debug_clear_ws/install/clearpath_common:/home/dimash/debug_clear_ws/install/clearpath_generator_common:/home/dimash/debug_clear_ws/install/clearpath_description:/home/dimash/debug_clear_ws/install/clearpath_sensors_description:/home/dimash/debug_clear_ws/install/clearpath_platform:/home/dimash/debug_clear_ws/install/clearpath_msgs:/home/dimash/debug_clear_ws/install/clearpath_platform_msgs:/home/dimash/debug_clear_ws/install/clearpath_platform_description:/home/dimash/debug_clear_ws/install/clearpath_nav2_demos:/home/dimash/debug_clear_ws/install/clearpath_mounts_description:/home/dimash/debug_clear_ws/install/clearpath_manipulators:/home/dimash/debug_clear_ws/install/clearpath_manipulators_description:/home/dimash/debug_clear_ws/install/clearpath_customization:/home/dimash/debug_clear_ws/install/clearpath_control:/opt/ros/humble CMAKE_PREFIX_PATH=/home/dimash/debug_clear_ws/install/clearpath_generator_gz:/home/dimash/debug_clear_ws/install/clearpath_common:/home/dimash/debug_clear_ws/install/clearpath_generator_common:/home/dimash/debug_clear_ws/install/clearpath_platform:/home/dimash/debug_clear_ws/install/clearpath_manipulators:/home/dimash/debug_clear_ws/install/clearpath_description:/home/dimash/debug_clear_ws/install/clearpath_sensors_description:/home/dimash/debug_clear_ws/install/clearpath_platform_msgs:/home/dimash/debug_clear_ws/install/clearpath_platform_description:/home/dimash/debug_clear_ws/install/clearpath_mounts_description:/home/dimash/debug_clear_ws/install/clearpath_manipulators_description:/home/dimash/debug_clear_ws/install/clearpath_control:/home/dimash/debug_clear_ws/install/yolo_bringup:/home/dimash/debug_clear_ws/install/mpc_low:/home/dimash/debug_clear_ws/install/yolo_msgs:/home/dimash/debug_clear_ws/install/point_cloud_debug:/home/dimash/debug_clear_ws/install/move_model_plugin:/home/dimash/debug_clear_ws/install/clearpath_simulator:/home/dimash/debug_clear_ws/install/clearpath_gz:/home/dimash/debug_clear_ws/install/clearpath_msgs:/home/dimash/debug_clear_ws/install/clearpath_nav2_demos:/home/dimash/debug_clear_ws/install/clearpath_customization:/home/dimash/debug_clear_ws/install/yolo_ros:/home/dimash/debug_clear_ws/install/person_movement:/home/dimash/debug_clear_ws/install/clearpath_config:/opt/ros/humble LD_LIBRARY_PATH=/home/dimash/debug_clear_ws/install/clearpath_platform/lib:/home/dimash/debug_clear_ws/install/clearpath_platform_msgs/lib:/home/dimash/debug_clear_ws/install/mpc_low/lib:/home/dimash/debug_clear_ws/install/yolo_msgs/lib:/home/dimash/debug_clear_ws/install/move_model_plugin/lib:/opt/ros/humble/opt/rviz_ogre_vendor/lib:/opt/ros/humble/lib/x86_64-linux-gnu:/opt/ros/humble/lib:/home/dimash/acados/lib:/home/dimash/acados/lib PYTHONPATH=/home/dimash/debug_clear_ws/install/clearpath_config/lib/python3.10/site-packages:/home/dimash/debug_clear_ws/install/yolo_ros/lib/python3.10/site-packages:/home/dimash/debug_clear_ws/install/yolo_msgs/local/lib/python3.10/dist-packages:/home/dimash/debug_clear_ws/install/person_movement/lib/python3.10/site-packages:/home/dimash/debug_clear_ws/install/clearpath_generator_gz/local/lib/python3.10/dist-packages:/home/dimash/debug_clear_ws/install/clearpath_generator_common/local/lib/python3.10/dist-packages:/home/dimash/debug_clear_ws/install/clearpath_platform_msgs/local/lib/python3.10/dist-packages:/opt/ros/humble/lib/python3.10/site-packages:/opt/ros/humble/local/lib/python3.10/dist-packages:/home/dimash/acados/lib /usr/bin/cmake --install /home/dimash/debug_clear_ws/build/clearpath_gz
[4.492s] Level 1:colcon.colcon_core.environment:checking '/home/dimash/debug_clear_ws/install/clearpath_gz' for CMake config files
[4.493s] Level 1:colcon.colcon_core.shell:create_environment_hook('clearpath_gz', 'cmake_prefix_path')
[4.493s] INFO:colcon.colcon_core.shell:Creating environment hook '/home/dimash/debug_clear_ws/install/clearpath_gz/share/clearpath_gz/hook/cmake_prefix_path.ps1'
[4.494s] INFO:colcon.colcon_core.shell:Creating environment descriptor '/home/dimash/debug_clear_ws/install/clearpath_gz/share/clearpath_gz/hook/cmake_prefix_path.dsv'
[4.494s] INFO:colcon.colcon_core.shell:Creating environment hook '/home/dimash/debug_clear_ws/install/clearpath_gz/share/clearpath_gz/hook/cmake_prefix_path.sh'
[4.495s] Level 1:colcon.colcon_core.environment:checking '/home/dimash/debug_clear_ws/install/clearpath_gz/bin'
[4.495s] Level 1:colcon.colcon_core.environment:checking '/home/dimash/debug_clear_ws/install/clearpath_gz/lib/pkgconfig/clearpath_gz.pc'
[4.496s] Level 1:colcon.colcon_core.environment:checking '/home/dimash/debug_clear_ws/install/clearpath_gz/lib/python3.10/site-packages'
[4.496s] Level 1:colcon.colcon_core.environment:checking '/home/dimash/debug_clear_ws/install/clearpath_gz/bin'
[4.496s] INFO:colcon.colcon_core.shell:Creating package script '/home/dimash/debug_clear_ws/install/clearpath_gz/share/clearpath_gz/package.ps1'
[4.497s] INFO:colcon.colcon_core.shell:Creating package descriptor '/home/dimash/debug_clear_ws/install/clearpath_gz/share/clearpath_gz/package.dsv'
[4.498s] INFO:colcon.colcon_core.shell:Creating package script '/home/dimash/debug_clear_ws/install/clearpath_gz/share/clearpath_gz/package.sh'
[4.499s] INFO:colcon.colcon_core.shell:Creating package script '/home/dimash/debug_clear_ws/install/clearpath_gz/share/clearpath_gz/package.bash'
[4.499s] INFO:colcon.colcon_core.shell:Creating package script '/home/dimash/debug_clear_ws/install/clearpath_gz/share/clearpath_gz/package.zsh'
[4.500s] Level 1:colcon.colcon_core.environment:create_file_with_runtime_dependencies(/home/dimash/debug_clear_ws/install/clearpath_gz/share/colcon-core/packages/clearpath_gz)
[4.500s] Level 1:colcon.colcon_core.environment:create_environment_scripts_only(clearpath_gz)
[4.501s] Level 1:colcon.colcon_core.environment:checking '/home/dimash/debug_clear_ws/install/clearpath_gz' for CMake module files
[4.502s] Level 1:colcon.colcon_core.environment:checking '/home/dimash/debug_clear_ws/install/clearpath_gz' for CMake config files
[4.502s] Level 1:colcon.colcon_core.shell:create_environment_hook('clearpath_gz', 'cmake_prefix_path')
[4.503s] INFO:colcon.colcon_core.shell:Creating environment hook '/home/dimash/debug_clear_ws/install/clearpath_gz/share/clearpath_gz/hook/cmake_prefix_path.ps1'
[4.504s] INFO:colcon.colcon_core.shell:Creating environment descriptor '/home/dimash/debug_clear_ws/install/clearpath_gz/share/clearpath_gz/hook/cmake_prefix_path.dsv'
[4.504s] INFO:colcon.colcon_core.shell:Creating environment hook '/home/dimash/debug_clear_ws/install/clearpath_gz/share/clearpath_gz/hook/cmake_prefix_path.sh'
[4.505s] Level 1:colcon.colcon_core.environment:checking '/home/dimash/debug_clear_ws/install/clearpath_gz/bin'
[4.505s] Level 1:colcon.colcon_core.environment:checking '/home/dimash/debug_clear_ws/install/clearpath_gz/lib/pkgconfig/clearpath_gz.pc'
[4.505s] Level 1:colcon.colcon_core.environment:checking '/home/dimash/debug_clear_ws/install/clearpath_gz/lib/python3.10/site-packages'
[4.506s] Level 1:colcon.colcon_core.environment:checking '/home/dimash/debug_clear_ws/install/clearpath_gz/bin'
[4.506s] INFO:colcon.colcon_core.shell:Creating package script '/home/dimash/debug_clear_ws/install/clearpath_gz/share/clearpath_gz/package.ps1'
[4.507s] INFO:colcon.colcon_core.shell:Creating package descriptor '/home/dimash/debug_clear_ws/install/clearpath_gz/share/clearpath_gz/package.dsv'
[4.508s] INFO:colcon.colcon_core.shell:Creating package script '/home/dimash/debug_clear_ws/install/clearpath_gz/share/clearpath_gz/package.sh'
[4.509s] INFO:colcon.colcon_core.shell:Creating package script '/home/dimash/debug_clear_ws/install/clearpath_gz/share/clearpath_gz/package.bash'
[4.509s] INFO:colcon.colcon_core.shell:Creating package script '/home/dimash/debug_clear_ws/install/clearpath_gz/share/clearpath_gz/package.zsh'
[4.510s] Level 1:colcon.colcon_core.environment:create_file_with_runtime_dependencies(/home/dimash/debug_clear_ws/install/clearpath_gz/share/colcon-core/packages/clearpath_gz)
[4.510s] INFO:colcon.colcon_ros.task.ament_cmake.build:Building ROS package in '/home/dimash/debug_clear_ws/src/clearpath_simulator/clearpath_simulator' with build type 'ament_cmake'
[4.510s] INFO:colcon.colcon_cmake.task.cmake.build:Building CMake package in '/home/dimash/debug_clear_ws/src/clearpath_simulator/clearpath_simulator'
[4.511s] INFO:colcon.colcon_core.shell:Skip shell extension 'powershell' for command environment: Not usable outside of PowerShell
[4.511s] DEBUG:colcon.colcon_core.shell:Skip shell extension 'dsv' for command environment
[4.546s] DEBUG:colcon.colcon_core.event_handler.log_command:Invoking command in '/home/dimash/debug_clear_ws/build/clearpath_simulator': AMENT_PREFIX_PATH=/home/dimash/debug_clear_ws/install/clearpath_config:/home/dimash/debug_clear_ws/install/yolo_bringup:/home/dimash/debug_clear_ws/install/yolo_ros:/home/dimash/debug_clear_ws/install/mpc_low:/home/dimash/debug_clear_ws/install/yolo_msgs:/home/dimash/debug_clear_ws/install/point_cloud_debug:/home/dimash/debug_clear_ws/install/person_movement:/home/dimash/debug_clear_ws/install/move_model_plugin:/home/dimash/debug_clear_ws/install/clearpath_simulator:/home/dimash/debug_clear_ws/install/clearpath_gz:/home/dimash/debug_clear_ws/install/clearpath_generator_gz:/home/dimash/debug_clear_ws/install/clearpath_common:/home/dimash/debug_clear_ws/install/clearpath_generator_common:/home/dimash/debug_clear_ws/install/clearpath_description:/home/dimash/debug_clear_ws/install/clearpath_sensors_description:/home/dimash/debug_clear_ws/install/clearpath_platform:/home/dimash/debug_clear_ws/install/clearpath_msgs:/home/dimash/debug_clear_ws/install/clearpath_platform_msgs:/home/dimash/debug_clear_ws/install/clearpath_platform_description:/home/dimash/debug_clear_ws/install/clearpath_nav2_demos:/home/dimash/debug_clear_ws/install/clearpath_mounts_description:/home/dimash/debug_clear_ws/install/clearpath_manipulators:/home/dimash/debug_clear_ws/install/clearpath_manipulators_description:/home/dimash/debug_clear_ws/install/clearpath_customization:/home/dimash/debug_clear_ws/install/clearpath_control:/opt/ros/humble CMAKE_PREFIX_PATH=/home/dimash/debug_clear_ws/install/clearpath_gz:/home/dimash/debug_clear_ws/install/clearpath_generator_gz:/home/dimash/debug_clear_ws/install/clearpath_common:/home/dimash/debug_clear_ws/install/clearpath_generator_common:/home/dimash/debug_clear_ws/install/clearpath_platform:/home/dimash/debug_clear_ws/install/clearpath_manipulators:/home/dimash/debug_clear_ws/install/clearpath_description:/home/dimash/debug_clear_ws/install/clearpath_sensors_description:/home/dimash/debug_clear_ws/install/clearpath_platform_msgs:/home/dimash/debug_clear_ws/install/clearpath_platform_description:/home/dimash/debug_clear_ws/install/clearpath_mounts_description:/home/dimash/debug_clear_ws/install/clearpath_manipulators_description:/home/dimash/debug_clear_ws/install/clearpath_control:/home/dimash/debug_clear_ws/install/yolo_bringup:/home/dimash/debug_clear_ws/install/mpc_low:/home/dimash/debug_clear_ws/install/yolo_msgs:/home/dimash/debug_clear_ws/install/point_cloud_debug:/home/dimash/debug_clear_ws/install/move_model_plugin:/home/dimash/debug_clear_ws/install/clearpath_simulator:/home/dimash/debug_clear_ws/install/clearpath_msgs:/home/dimash/debug_clear_ws/install/clearpath_nav2_demos:/home/dimash/debug_clear_ws/install/clearpath_customization:/home/dimash/debug_clear_ws/install/yolo_ros:/home/dimash/debug_clear_ws/install/person_movement:/home/dimash/debug_clear_ws/install/clearpath_config:/opt/ros/humble LD_LIBRARY_PATH=/home/dimash/debug_clear_ws/install/clearpath_platform/lib:/home/dimash/debug_clear_ws/install/clearpath_platform_msgs/lib:/home/dimash/debug_clear_ws/install/mpc_low/lib:/home/dimash/debug_clear_ws/install/yolo_msgs/lib:/home/dimash/debug_clear_ws/install/move_model_plugin/lib:/opt/ros/humble/opt/rviz_ogre_vendor/lib:/opt/ros/humble/lib/x86_64-linux-gnu:/opt/ros/humble/lib:/home/dimash/acados/lib:/home/dimash/acados/lib PYTHONPATH=/home/dimash/debug_clear_ws/install/clearpath_config/lib/python3.10/site-packages:/home/dimash/debug_clear_ws/install/yolo_ros/lib/python3.10/site-packages:/home/dimash/debug_clear_ws/install/yolo_msgs/local/lib/python3.10/dist-packages:/home/dimash/debug_clear_ws/install/person_movement/lib/python3.10/site-packages:/home/dimash/debug_clear_ws/install/clearpath_generator_gz/local/lib/python3.10/dist-packages:/home/dimash/debug_clear_ws/install/clearpath_generator_common/local/lib/python3.10/dist-packages:/home/dimash/debug_clear_ws/install/clearpath_platform_msgs/local/lib/python3.10/dist-packages:/opt/ros/humble/lib/python3.10/site-packages:/opt/ros/humble/local/lib/python3.10/dist-packages:/home/dimash/acados/lib /usr/bin/cmake --build /home/dimash/debug_clear_ws/build/clearpath_simulator -- -j8 -l8
[4.585s] DEBUG:colcon.colcon_core.event_handler.log_command:Invoked command in '/home/dimash/debug_clear_ws/build/clearpath_simulator' returned '0': AMENT_PREFIX_PATH=/home/dimash/debug_clear_ws/install/clearpath_config:/home/dimash/debug_clear_ws/install/yolo_bringup:/home/dimash/debug_clear_ws/install/yolo_ros:/home/dimash/debug_clear_ws/install/mpc_low:/home/dimash/debug_clear_ws/install/yolo_msgs:/home/dimash/debug_clear_ws/install/point_cloud_debug:/home/dimash/debug_clear_ws/install/person_movement:/home/dimash/debug_clear_ws/install/move_model_plugin:/home/dimash/debug_clear_ws/install/clearpath_simulator:/home/dimash/debug_clear_ws/install/clearpath_gz:/home/dimash/debug_clear_ws/install/clearpath_generator_gz:/home/dimash/debug_clear_ws/install/clearpath_common:/home/dimash/debug_clear_ws/install/clearpath_generator_common:/home/dimash/debug_clear_ws/install/clearpath_description:/home/dimash/debug_clear_ws/install/clearpath_sensors_description:/home/dimash/debug_clear_ws/install/clearpath_platform:/home/dimash/debug_clear_ws/install/clearpath_msgs:/home/dimash/debug_clear_ws/install/clearpath_platform_msgs:/home/dimash/debug_clear_ws/install/clearpath_platform_description:/home/dimash/debug_clear_ws/install/clearpath_nav2_demos:/home/dimash/debug_clear_ws/install/clearpath_mounts_description:/home/dimash/debug_clear_ws/install/clearpath_manipulators:/home/dimash/debug_clear_ws/install/clearpath_manipulators_description:/home/dimash/debug_clear_ws/install/clearpath_customization:/home/dimash/debug_clear_ws/install/clearpath_control:/opt/ros/humble CMAKE_PREFIX_PATH=/home/dimash/debug_clear_ws/install/clearpath_gz:/home/dimash/debug_clear_ws/install/clearpath_generator_gz:/home/dimash/debug_clear_ws/install/clearpath_common:/home/dimash/debug_clear_ws/install/clearpath_generator_common:/home/dimash/debug_clear_ws/install/clearpath_platform:/home/dimash/debug_clear_ws/install/clearpath_manipulators:/home/dimash/debug_clear_ws/install/clearpath_description:/home/dimash/debug_clear_ws/install/clearpath_sensors_description:/home/dimash/debug_clear_ws/install/clearpath_platform_msgs:/home/dimash/debug_clear_ws/install/clearpath_platform_description:/home/dimash/debug_clear_ws/install/clearpath_mounts_description:/home/dimash/debug_clear_ws/install/clearpath_manipulators_description:/home/dimash/debug_clear_ws/install/clearpath_control:/home/dimash/debug_clear_ws/install/yolo_bringup:/home/dimash/debug_clear_ws/install/mpc_low:/home/dimash/debug_clear_ws/install/yolo_msgs:/home/dimash/debug_clear_ws/install/point_cloud_debug:/home/dimash/debug_clear_ws/install/move_model_plugin:/home/dimash/debug_clear_ws/install/clearpath_simulator:/home/dimash/debug_clear_ws/install/clearpath_msgs:/home/dimash/debug_clear_ws/install/clearpath_nav2_demos:/home/dimash/debug_clear_ws/install/clearpath_customization:/home/dimash/debug_clear_ws/install/yolo_ros:/home/dimash/debug_clear_ws/install/person_movement:/home/dimash/debug_clear_ws/install/clearpath_config:/opt/ros/humble LD_LIBRARY_PATH=/home/dimash/debug_clear_ws/install/clearpath_platform/lib:/home/dimash/debug_clear_ws/install/clearpath_platform_msgs/lib:/home/dimash/debug_clear_ws/install/mpc_low/lib:/home/dimash/debug_clear_ws/install/yolo_msgs/lib:/home/dimash/debug_clear_ws/install/move_model_plugin/lib:/opt/ros/humble/opt/rviz_ogre_vendor/lib:/opt/ros/humble/lib/x86_64-linux-gnu:/opt/ros/humble/lib:/home/dimash/acados/lib:/home/dimash/acados/lib PYTHONPATH=/home/dimash/debug_clear_ws/install/clearpath_config/lib/python3.10/site-packages:/home/dimash/debug_clear_ws/install/yolo_ros/lib/python3.10/site-packages:/home/dimash/debug_clear_ws/install/yolo_msgs/local/lib/python3.10/dist-packages:/home/dimash/debug_clear_ws/install/person_movement/lib/python3.10/site-packages:/home/dimash/debug_clear_ws/install/clearpath_generator_gz/local/lib/python3.10/dist-packages:/home/dimash/debug_clear_ws/install/clearpath_generator_common/local/lib/python3.10/dist-packages:/home/dimash/debug_clear_ws/install/clearpath_platform_msgs/local/lib/python3.10/dist-packages:/opt/ros/humble/lib/python3.10/site-packages:/opt/ros/humble/local/lib/python3.10/dist-packages:/home/dimash/acados/lib /usr/bin/cmake --build /home/dimash/debug_clear_ws/build/clearpath_simulator -- -j8 -l8
[4.587s] DEBUG:colcon.colcon_core.event_handler.log_command:Invoking command in '/home/dimash/debug_clear_ws/build/clearpath_simulator': AMENT_PREFIX_PATH=/home/dimash/debug_clear_ws/install/clearpath_config:/home/dimash/debug_clear_ws/install/yolo_bringup:/home/dimash/debug_clear_ws/install/yolo_ros:/home/dimash/debug_clear_ws/install/mpc_low:/home/dimash/debug_clear_ws/install/yolo_msgs:/home/dimash/debug_clear_ws/install/point_cloud_debug:/home/dimash/debug_clear_ws/install/person_movement:/home/dimash/debug_clear_ws/install/move_model_plugin:/home/dimash/debug_clear_ws/install/clearpath_simulator:/home/dimash/debug_clear_ws/install/clearpath_gz:/home/dimash/debug_clear_ws/install/clearpath_generator_gz:/home/dimash/debug_clear_ws/install/clearpath_common:/home/dimash/debug_clear_ws/install/clearpath_generator_common:/home/dimash/debug_clear_ws/install/clearpath_description:/home/dimash/debug_clear_ws/install/clearpath_sensors_description:/home/dimash/debug_clear_ws/install/clearpath_platform:/home/dimash/debug_clear_ws/install/clearpath_msgs:/home/dimash/debug_clear_ws/install/clearpath_platform_msgs:/home/dimash/debug_clear_ws/install/clearpath_platform_description:/home/dimash/debug_clear_ws/install/clearpath_nav2_demos:/home/dimash/debug_clear_ws/install/clearpath_mounts_description:/home/dimash/debug_clear_ws/install/clearpath_manipulators:/home/dimash/debug_clear_ws/install/clearpath_manipulators_description:/home/dimash/debug_clear_ws/install/clearpath_customization:/home/dimash/debug_clear_ws/install/clearpath_control:/opt/ros/humble CMAKE_PREFIX_PATH=/home/dimash/debug_clear_ws/install/clearpath_gz:/home/dimash/debug_clear_ws/install/clearpath_generator_gz:/home/dimash/debug_clear_ws/install/clearpath_common:/home/dimash/debug_clear_ws/install/clearpath_generator_common:/home/dimash/debug_clear_ws/install/clearpath_platform:/home/dimash/debug_clear_ws/install/clearpath_manipulators:/home/dimash/debug_clear_ws/install/clearpath_description:/home/dimash/debug_clear_ws/install/clearpath_sensors_description:/home/dimash/debug_clear_ws/install/clearpath_platform_msgs:/home/dimash/debug_clear_ws/install/clearpath_platform_description:/home/dimash/debug_clear_ws/install/clearpath_mounts_description:/home/dimash/debug_clear_ws/install/clearpath_manipulators_description:/home/dimash/debug_clear_ws/install/clearpath_control:/home/dimash/debug_clear_ws/install/yolo_bringup:/home/dimash/debug_clear_ws/install/mpc_low:/home/dimash/debug_clear_ws/install/yolo_msgs:/home/dimash/debug_clear_ws/install/point_cloud_debug:/home/dimash/debug_clear_ws/install/move_model_plugin:/home/dimash/debug_clear_ws/install/clearpath_simulator:/home/dimash/debug_clear_ws/install/clearpath_msgs:/home/dimash/debug_clear_ws/install/clearpath_nav2_demos:/home/dimash/debug_clear_ws/install/clearpath_customization:/home/dimash/debug_clear_ws/install/yolo_ros:/home/dimash/debug_clear_ws/install/person_movement:/home/dimash/debug_clear_ws/install/clearpath_config:/opt/ros/humble LD_LIBRARY_PATH=/home/dimash/debug_clear_ws/install/clearpath_platform/lib:/home/dimash/debug_clear_ws/install/clearpath_platform_msgs/lib:/home/dimash/debug_clear_ws/install/mpc_low/lib:/home/dimash/debug_clear_ws/install/yolo_msgs/lib:/home/dimash/debug_clear_ws/install/move_model_plugin/lib:/opt/ros/humble/opt/rviz_ogre_vendor/lib:/opt/ros/humble/lib/x86_64-linux-gnu:/opt/ros/humble/lib:/home/dimash/acados/lib:/home/dimash/acados/lib PYTHONPATH=/home/dimash/debug_clear_ws/install/clearpath_config/lib/python3.10/site-packages:/home/dimash/debug_clear_ws/install/yolo_ros/lib/python3.10/site-packages:/home/dimash/debug_clear_ws/install/yolo_msgs/local/lib/python3.10/dist-packages:/home/dimash/debug_clear_ws/install/person_movement/lib/python3.10/site-packages:/home/dimash/debug_clear_ws/install/clearpath_generator_gz/local/lib/python3.10/dist-packages:/home/dimash/debug_clear_ws/install/clearpath_generator_common/local/lib/python3.10/dist-packages:/home/dimash/debug_clear_ws/install/clearpath_platform_msgs/local/lib/python3.10/dist-packages:/opt/ros/humble/lib/python3.10/site-packages:/opt/ros/humble/local/lib/python3.10/dist-packages:/home/dimash/acados/lib /usr/bin/cmake --install /home/dimash/debug_clear_ws/build/clearpath_simulator
[4.596s] Level 1:colcon.colcon_core.environment:create_environment_scripts_only(clearpath_simulator)
[4.597s] Level 1:colcon.colcon_core.environment:checking '/home/dimash/debug_clear_ws/install/clearpath_simulator' for CMake module files
[4.597s] Level 1:colcon.colcon_core.environment:checking '/home/dimash/debug_clear_ws/install/clearpath_simulator' for CMake config files
[4.598s] Level 1:colcon.colcon_core.shell:create_environment_hook('clearpath_simulator', 'cmake_prefix_path')
[4.598s] INFO:colcon.colcon_core.shell:Creating environment hook '/home/dimash/debug_clear_ws/install/clearpath_simulator/share/clearpath_simulator/hook/cmake_prefix_path.ps1'
[4.599s] INFO:colcon.colcon_core.shell:Creating environment descriptor '/home/dimash/debug_clear_ws/install/clearpath_simulator/share/clearpath_simulator/hook/cmake_prefix_path.dsv'
[4.599s] INFO:colcon.colcon_core.shell:Creating environment hook '/home/dimash/debug_clear_ws/install/clearpath_simulator/share/clearpath_simulator/hook/cmake_prefix_path.sh'
[4.600s] Level 1:colcon.colcon_core.environment:checking '/home/dimash/debug_clear_ws/install/clearpath_simulator/bin'
[4.600s] Level 1:colcon.colcon_core.environment:checking '/home/dimash/debug_clear_ws/install/clearpath_simulator/lib/pkgconfig/clearpath_simulator.pc'
[4.601s] Level 1:colcon.colcon_core.environment:checking '/home/dimash/debug_clear_ws/install/clearpath_simulator/lib/python3.10/site-packages'
[4.601s] Level 1:colcon.colcon_core.environment:checking '/home/dimash/debug_clear_ws/install/clearpath_simulator/bin'
[4.601s] INFO:colcon.colcon_core.shell:Creating package script '/home/dimash/debug_clear_ws/install/clearpath_simulator/share/clearpath_simulator/package.ps1'
[4.603s] DEBUG:colcon.colcon_core.event_handler.log_command:Invoked command in '/home/dimash/debug_clear_ws/build/clearpath_simulator' returned '0': AMENT_PREFIX_PATH=/home/dimash/debug_clear_ws/install/clearpath_config:/home/dimash/debug_clear_ws/install/yolo_bringup:/home/dimash/debug_clear_ws/install/yolo_ros:/home/dimash/debug_clear_ws/install/mpc_low:/home/dimash/debug_clear_ws/install/yolo_msgs:/home/dimash/debug_clear_ws/install/point_cloud_debug:/home/dimash/debug_clear_ws/install/person_movement:/home/dimash/debug_clear_ws/install/move_model_plugin:/home/dimash/debug_clear_ws/install/clearpath_simulator:/home/dimash/debug_clear_ws/install/clearpath_gz:/home/dimash/debug_clear_ws/install/clearpath_generator_gz:/home/dimash/debug_clear_ws/install/clearpath_common:/home/dimash/debug_clear_ws/install/clearpath_generator_common:/home/dimash/debug_clear_ws/install/clearpath_description:/home/dimash/debug_clear_ws/install/clearpath_sensors_description:/home/dimash/debug_clear_ws/install/clearpath_platform:/home/dimash/debug_clear_ws/install/clearpath_msgs:/home/dimash/debug_clear_ws/install/clearpath_platform_msgs:/home/dimash/debug_clear_ws/install/clearpath_platform_description:/home/dimash/debug_clear_ws/install/clearpath_nav2_demos:/home/dimash/debug_clear_ws/install/clearpath_mounts_description:/home/dimash/debug_clear_ws/install/clearpath_manipulators:/home/dimash/debug_clear_ws/install/clearpath_manipulators_description:/home/dimash/debug_clear_ws/install/clearpath_customization:/home/dimash/debug_clear_ws/install/clearpath_control:/opt/ros/humble CMAKE_PREFIX_PATH=/home/dimash/debug_clear_ws/install/clearpath_gz:/home/dimash/debug_clear_ws/install/clearpath_generator_gz:/home/dimash/debug_clear_ws/install/clearpath_common:/home/dimash/debug_clear_ws/install/clearpath_generator_common:/home/dimash/debug_clear_ws/install/clearpath_platform:/home/dimash/debug_clear_ws/install/clearpath_manipulators:/home/dimash/debug_clear_ws/install/clearpath_description:/home/dimash/debug_clear_ws/install/clearpath_sensors_description:/home/dimash/debug_clear_ws/install/clearpath_platform_msgs:/home/dimash/debug_clear_ws/install/clearpath_platform_description:/home/dimash/debug_clear_ws/install/clearpath_mounts_description:/home/dimash/debug_clear_ws/install/clearpath_manipulators_description:/home/dimash/debug_clear_ws/install/clearpath_control:/home/dimash/debug_clear_ws/install/yolo_bringup:/home/dimash/debug_clear_ws/install/mpc_low:/home/dimash/debug_clear_ws/install/yolo_msgs:/home/dimash/debug_clear_ws/install/point_cloud_debug:/home/dimash/debug_clear_ws/install/move_model_plugin:/home/dimash/debug_clear_ws/install/clearpath_simulator:/home/dimash/debug_clear_ws/install/clearpath_msgs:/home/dimash/debug_clear_ws/install/clearpath_nav2_demos:/home/dimash/debug_clear_ws/install/clearpath_customization:/home/dimash/debug_clear_ws/install/yolo_ros:/home/dimash/debug_clear_ws/install/person_movement:/home/dimash/debug_clear_ws/install/clearpath_config:/opt/ros/humble LD_LIBRARY_PATH=/home/dimash/debug_clear_ws/install/clearpath_platform/lib:/home/dimash/debug_clear_ws/install/clearpath_platform_msgs/lib:/home/dimash/debug_clear_ws/install/mpc_low/lib:/home/dimash/debug_clear_ws/install/yolo_msgs/lib:/home/dimash/debug_clear_ws/install/move_model_plugin/lib:/opt/ros/humble/opt/rviz_ogre_vendor/lib:/opt/ros/humble/lib/x86_64-linux-gnu:/opt/ros/humble/lib:/home/dimash/acados/lib:/home/dimash/acados/lib PYTHONPATH=/home/dimash/debug_clear_ws/install/clearpath_config/lib/python3.10/site-packages:/home/dimash/debug_clear_ws/install/yolo_ros/lib/python3.10/site-packages:/home/dimash/debug_clear_ws/install/yolo_msgs/local/lib/python3.10/dist-packages:/home/dimash/debug_clear_ws/install/person_movement/lib/python3.10/site-packages:/home/dimash/debug_clear_ws/install/clearpath_generator_gz/local/lib/python3.10/dist-packages:/home/dimash/debug_clear_ws/install/clearpath_generator_common/local/lib/python3.10/dist-packages:/home/dimash/debug_clear_ws/install/clearpath_platform_msgs/local/lib/python3.10/dist-packages:/opt/ros/humble/lib/python3.10/site-packages:/opt/ros/humble/local/lib/python3.10/dist-packages:/home/dimash/acados/lib /usr/bin/cmake --install /home/dimash/debug_clear_ws/build/clearpath_simulator
[4.603s] INFO:colcon.colcon_core.shell:Creating package descriptor '/home/dimash/debug_clear_ws/install/clearpath_simulator/share/clearpath_simulator/package.dsv'
[4.604s] INFO:colcon.colcon_core.shell:Creating package script '/home/dimash/debug_clear_ws/install/clearpath_simulator/share/clearpath_simulator/package.sh'
[4.605s] INFO:colcon.colcon_core.shell:Creating package script '/home/dimash/debug_clear_ws/install/clearpath_simulator/share/clearpath_simulator/package.bash'
[4.605s] INFO:colcon.colcon_core.shell:Creating package script '/home/dimash/debug_clear_ws/install/clearpath_simulator/share/clearpath_simulator/package.zsh'
[4.606s] Level 1:colcon.colcon_core.environment:create_file_with_runtime_dependencies(/home/dimash/debug_clear_ws/install/clearpath_simulator/share/colcon-core/packages/clearpath_simulator)
[4.607s] Level 1:colcon.colcon_core.environment:create_environment_scripts_only(clearpath_simulator)
[4.607s] Level 1:colcon.colcon_core.environment:checking '/home/dimash/debug_clear_ws/install/clearpath_simulator' for CMake module files
[4.608s] Level 1:colcon.colcon_core.environment:checking '/home/dimash/debug_clear_ws/install/clearpath_simulator' for CMake config files
[4.608s] Level 1:colcon.colcon_core.shell:create_environment_hook('clearpath_simulator', 'cmake_prefix_path')
[4.609s] INFO:colcon.colcon_core.shell:Creating environment hook '/home/dimash/debug_clear_ws/install/clearpath_simulator/share/clearpath_simulator/hook/cmake_prefix_path.ps1'
[4.609s] INFO:colcon.colcon_core.shell:Creating environment descriptor '/home/dimash/debug_clear_ws/install/clearpath_simulator/share/clearpath_simulator/hook/cmake_prefix_path.dsv'
[4.610s] INFO:colcon.colcon_core.shell:Creating environment hook '/home/dimash/debug_clear_ws/install/clearpath_simulator/share/clearpath_simulator/hook/cmake_prefix_path.sh'
[4.611s] Level 1:colcon.colcon_core.environment:checking '/home/dimash/debug_clear_ws/install/clearpath_simulator/bin'
[4.611s] Level 1:colcon.colcon_core.environment:checking '/home/dimash/debug_clear_ws/install/clearpath_simulator/lib/pkgconfig/clearpath_simulator.pc'
[4.611s] Level 1:colcon.colcon_core.environment:checking '/home/dimash/debug_clear_ws/install/clearpath_simulator/lib/python3.10/site-packages'
[4.611s] Level 1:colcon.colcon_core.environment:checking '/home/dimash/debug_clear_ws/install/clearpath_simulator/bin'
[4.612s] INFO:colcon.colcon_core.shell:Creating package script '/home/dimash/debug_clear_ws/install/clearpath_simulator/share/clearpath_simulator/package.ps1'
[4.613s] INFO:colcon.colcon_core.shell:Creating package descriptor '/home/dimash/debug_clear_ws/install/clearpath_simulator/share/clearpath_simulator/package.dsv'
[4.614s] INFO:colcon.colcon_core.shell:Creating package script '/home/dimash/debug_clear_ws/install/clearpath_simulator/share/clearpath_simulator/package.sh'
[4.614s] INFO:colcon.colcon_core.shell:Creating package script '/home/dimash/debug_clear_ws/install/clearpath_simulator/share/clearpath_simulator/package.bash'
[4.615s] INFO:colcon.colcon_core.shell:Creating package script '/home/dimash/debug_clear_ws/install/clearpath_simulator/share/clearpath_simulator/package.zsh'
[4.616s] Level 1:colcon.colcon_core.environment:create_file_with_runtime_dependencies(/home/dimash/debug_clear_ws/install/clearpath_simulator/share/colcon-core/packages/clearpath_simulator)
[12.337s] DEBUG:colcon.colcon_core.event_handler.log_command:Invoked command in '/home/dimash/debug_clear_ws/build/mpc_low' returned '0': CMAKE_PREFIX_PATH=/home/dimash/debug_clear_ws/install/yolo_msgs:/home/dimash/debug_clear_ws/install/yolo_bringup:/home/dimash/debug_clear_ws/install/mpc_low:/home/dimash/debug_clear_ws/install/point_cloud_debug:/home/dimash/debug_clear_ws/install/move_model_plugin:/home/dimash/debug_clear_ws/install/clearpath_simulator:/home/dimash/debug_clear_ws/install/clearpath_gz:/home/dimash/debug_clear_ws/install/clearpath_generator_gz:/home/dimash/debug_clear_ws/install/clearpath_common:/home/dimash/debug_clear_ws/install/clearpath_generator_common:/home/dimash/debug_clear_ws/install/clearpath_description:/home/dimash/debug_clear_ws/install/clearpath_sensors_description:/home/dimash/debug_clear_ws/install/clearpath_platform:/home/dimash/debug_clear_ws/install/clearpath_msgs:/home/dimash/debug_clear_ws/install/clearpath_platform_msgs:/home/dimash/debug_clear_ws/install/clearpath_platform_description:/home/dimash/debug_clear_ws/install/clearpath_nav2_demos:/home/dimash/debug_clear_ws/install/clearpath_mounts_description:/home/dimash/debug_clear_ws/install/clearpath_manipulators:/home/dimash/debug_clear_ws/install/clearpath_manipulators_description:/home/dimash/debug_clear_ws/install/clearpath_customization:/home/dimash/debug_clear_ws/install/clearpath_control:/home/dimash/debug_clear_ws/install/yolo_ros:/home/dimash/debug_clear_ws/install/person_movement:/home/dimash/debug_clear_ws/install/clearpath_config:/opt/ros/humble LD_LIBRARY_PATH=/home/dimash/debug_clear_ws/install/yolo_msgs/lib:/home/dimash/debug_clear_ws/install/mpc_low/lib:/home/dimash/debug_clear_ws/install/move_model_plugin/lib:/home/dimash/debug_clear_ws/install/clearpath_platform/lib:/home/dimash/debug_clear_ws/install/clearpath_platform_msgs/lib:/opt/ros/humble/opt/rviz_ogre_vendor/lib:/opt/ros/humble/lib/x86_64-linux-gnu:/opt/ros/humble/lib:/home/dimash/acados/lib:/home/dimash/acados/lib /usr/bin/cmake --build /home/dimash/debug_clear_ws/build/mpc_low -- -j8 -l8
[12.339s] DEBUG:colcon.colcon_core.event_handler.log_command:Invoking command in '/home/dimash/debug_clear_ws/build/mpc_low': CMAKE_PREFIX_PATH=/home/dimash/debug_clear_ws/install/yolo_msgs:/home/dimash/debug_clear_ws/install/yolo_bringup:/home/dimash/debug_clear_ws/install/mpc_low:/home/dimash/debug_clear_ws/install/point_cloud_debug:/home/dimash/debug_clear_ws/install/move_model_plugin:/home/dimash/debug_clear_ws/install/clearpath_simulator:/home/dimash/debug_clear_ws/install/clearpath_gz:/home/dimash/debug_clear_ws/install/clearpath_generator_gz:/home/dimash/debug_clear_ws/install/clearpath_common:/home/dimash/debug_clear_ws/install/clearpath_generator_common:/home/dimash/debug_clear_ws/install/clearpath_description:/home/dimash/debug_clear_ws/install/clearpath_sensors_description:/home/dimash/debug_clear_ws/install/clearpath_platform:/home/dimash/debug_clear_ws/install/clearpath_msgs:/home/dimash/debug_clear_ws/install/clearpath_platform_msgs:/home/dimash/debug_clear_ws/install/clearpath_platform_description:/home/dimash/debug_clear_ws/install/clearpath_nav2_demos:/home/dimash/debug_clear_ws/install/clearpath_mounts_description:/home/dimash/debug_clear_ws/install/clearpath_manipulators:/home/dimash/debug_clear_ws/install/clearpath_manipulators_description:/home/dimash/debug_clear_ws/install/clearpath_customization:/home/dimash/debug_clear_ws/install/clearpath_control:/home/dimash/debug_clear_ws/install/yolo_ros:/home/dimash/debug_clear_ws/install/person_movement:/home/dimash/debug_clear_ws/install/clearpath_config:/opt/ros/humble LD_LIBRARY_PATH=/home/dimash/debug_clear_ws/install/yolo_msgs/lib:/home/dimash/debug_clear_ws/install/mpc_low/lib:/home/dimash/debug_clear_ws/install/move_model_plugin/lib:/home/dimash/debug_clear_ws/install/clearpath_platform/lib:/home/dimash/debug_clear_ws/install/clearpath_platform_msgs/lib:/opt/ros/humble/opt/rviz_ogre_vendor/lib:/opt/ros/humble/lib/x86_64-linux-gnu:/opt/ros/humble/lib:/home/dimash/acados/lib:/home/dimash/acados/lib /usr/bin/cmake --install /home/dimash/debug_clear_ws/build/mpc_low
[12.351s] Level 1:colcon.colcon_core.environment:create_environment_scripts_only(mpc_low)
[12.352s] Level 1:colcon.colcon_core.environment:checking '/home/dimash/debug_clear_ws/install/mpc_low' for CMake module files
[12.353s] DEBUG:colcon.colcon_core.event_handler.log_command:Invoked command in '/home/dimash/debug_clear_ws/build/mpc_low' returned '0': CMAKE_PREFIX_PATH=/home/dimash/debug_clear_ws/install/yolo_msgs:/home/dimash/debug_clear_ws/install/yolo_bringup:/home/dimash/debug_clear_ws/install/mpc_low:/home/dimash/debug_clear_ws/install/point_cloud_debug:/home/dimash/debug_clear_ws/install/move_model_plugin:/home/dimash/debug_clear_ws/install/clearpath_simulator:/home/dimash/debug_clear_ws/install/clearpath_gz:/home/dimash/debug_clear_ws/install/clearpath_generator_gz:/home/dimash/debug_clear_ws/install/clearpath_common:/home/dimash/debug_clear_ws/install/clearpath_generator_common:/home/dimash/debug_clear_ws/install/clearpath_description:/home/dimash/debug_clear_ws/install/clearpath_sensors_description:/home/dimash/debug_clear_ws/install/clearpath_platform:/home/dimash/debug_clear_ws/install/clearpath_msgs:/home/dimash/debug_clear_ws/install/clearpath_platform_msgs:/home/dimash/debug_clear_ws/install/clearpath_platform_description:/home/dimash/debug_clear_ws/install/clearpath_nav2_demos:/home/dimash/debug_clear_ws/install/clearpath_mounts_description:/home/dimash/debug_clear_ws/install/clearpath_manipulators:/home/dimash/debug_clear_ws/install/clearpath_manipulators_description:/home/dimash/debug_clear_ws/install/clearpath_customization:/home/dimash/debug_clear_ws/install/clearpath_control:/home/dimash/debug_clear_ws/install/yolo_ros:/home/dimash/debug_clear_ws/install/person_movement:/home/dimash/debug_clear_ws/install/clearpath_config:/opt/ros/humble LD_LIBRARY_PATH=/home/dimash/debug_clear_ws/install/yolo_msgs/lib:/home/dimash/debug_clear_ws/install/mpc_low/lib:/home/dimash/debug_clear_ws/install/move_model_plugin/lib:/home/dimash/debug_clear_ws/install/clearpath_platform/lib:/home/dimash/debug_clear_ws/install/clearpath_platform_msgs/lib:/opt/ros/humble/opt/rviz_ogre_vendor/lib:/opt/ros/humble/lib/x86_64-linux-gnu:/opt/ros/humble/lib:/home/dimash/acados/lib:/home/dimash/acados/lib /usr/bin/cmake --install /home/dimash/debug_clear_ws/build/mpc_low
[12.353s] Level 1:colcon.colcon_core.environment:checking '/home/dimash/debug_clear_ws/install/mpc_low' for CMake config files
[12.353s] Level 1:colcon.colcon_core.shell:create_environment_hook('mpc_low', 'cmake_prefix_path')
[12.354s] INFO:colcon.colcon_core.shell:Creating environment hook '/home/dimash/debug_clear_ws/install/mpc_low/share/mpc_low/hook/cmake_prefix_path.ps1'
[12.354s] INFO:colcon.colcon_core.shell:Creating environment descriptor '/home/dimash/debug_clear_ws/install/mpc_low/share/mpc_low/hook/cmake_prefix_path.dsv'
[12.355s] INFO:colcon.colcon_core.shell:Creating environment hook '/home/dimash/debug_clear_ws/install/mpc_low/share/mpc_low/hook/cmake_prefix_path.sh'
[12.355s] Level 1:colcon.colcon_core.environment:checking '/home/dimash/debug_clear_ws/install/mpc_low/lib'
[12.355s] Level 1:colcon.colcon_core.shell:create_environment_hook('mpc_low', 'ld_library_path_lib')
[12.356s] INFO:colcon.colcon_core.shell:Creating environment hook '/home/dimash/debug_clear_ws/install/mpc_low/share/mpc_low/hook/ld_library_path_lib.ps1'
[12.356s] INFO:colcon.colcon_core.shell:Creating environment descriptor '/home/dimash/debug_clear_ws/install/mpc_low/share/mpc_low/hook/ld_library_path_lib.dsv'
[12.356s] INFO:colcon.colcon_core.shell:Creating environment hook '/home/dimash/debug_clear_ws/install/mpc_low/share/mpc_low/hook/ld_library_path_lib.sh'
[12.357s] Level 1:colcon.colcon_core.environment:checking '/home/dimash/debug_clear_ws/install/mpc_low/bin'
[12.357s] Level 1:colcon.colcon_core.environment:checking '/home/dimash/debug_clear_ws/install/mpc_low/lib/pkgconfig/mpc_low.pc'
[12.357s] Level 1:colcon.colcon_core.environment:checking '/home/dimash/debug_clear_ws/install/mpc_low/lib/python3.10/site-packages'
[12.358s] Level 1:colcon.colcon_core.environment:checking '/home/dimash/debug_clear_ws/install/mpc_low/bin'
[12.358s] INFO:colcon.colcon_core.shell:Creating package script '/home/dimash/debug_clear_ws/install/mpc_low/share/mpc_low/package.ps1'
[12.359s] INFO:colcon.colcon_core.shell:Creating package descriptor '/home/dimash/debug_clear_ws/install/mpc_low/share/mpc_low/package.dsv'
[12.359s] INFO:colcon.colcon_core.shell:Creating package script '/home/dimash/debug_clear_ws/install/mpc_low/share/mpc_low/package.sh'
[12.360s] INFO:colcon.colcon_core.shell:Creating package script '/home/dimash/debug_clear_ws/install/mpc_low/share/mpc_low/package.bash'
[12.360s] INFO:colcon.colcon_core.shell:Creating package script '/home/dimash/debug_clear_ws/install/mpc_low/share/mpc_low/package.zsh'
[12.360s] Level 1:colcon.colcon_core.environment:create_file_with_runtime_dependencies(/home/dimash/debug_clear_ws/install/mpc_low/share/colcon-core/packages/mpc_low)
[12.361s] Level 1:colcon.colcon_core.environment:create_environment_scripts_only(mpc_low)
[12.361s] Level 1:colcon.colcon_core.environment:checking '/home/dimash/debug_clear_ws/install/mpc_low' for CMake module files
[12.362s] Level 1:colcon.colcon_core.environment:checking '/home/dimash/debug_clear_ws/install/mpc_low' for CMake config files
[12.363s] Level 1:colcon.colcon_core.shell:create_environment_hook('mpc_low', 'cmake_prefix_path')
[12.363s] INFO:colcon.colcon_core.shell:Creating environment hook '/home/dimash/debug_clear_ws/install/mpc_low/share/mpc_low/hook/cmake_prefix_path.ps1'
[12.363s] INFO:colcon.colcon_core.shell:Creating environment descriptor '/home/dimash/debug_clear_ws/install/mpc_low/share/mpc_low/hook/cmake_prefix_path.dsv'
[12.364s] INFO:colcon.colcon_core.shell:Creating environment hook '/home/dimash/debug_clear_ws/install/mpc_low/share/mpc_low/hook/cmake_prefix_path.sh'
[12.364s] Level 1:colcon.colcon_core.environment:checking '/home/dimash/debug_clear_ws/install/mpc_low/lib'
[12.364s] Level 1:colcon.colcon_core.shell:create_environment_hook('mpc_low', 'ld_library_path_lib')
[12.365s] INFO:colcon.colcon_core.shell:Creating environment hook '/home/dimash/debug_clear_ws/install/mpc_low/share/mpc_low/hook/ld_library_path_lib.ps1'
[12.365s] INFO:colcon.colcon_core.shell:Creating environment descriptor '/home/dimash/debug_clear_ws/install/mpc_low/share/mpc_low/hook/ld_library_path_lib.dsv'
[12.366s] INFO:colcon.colcon_core.shell:Creating environment hook '/home/dimash/debug_clear_ws/install/mpc_low/share/mpc_low/hook/ld_library_path_lib.sh'
[12.366s] Level 1:colcon.colcon_core.environment:checking '/home/dimash/debug_clear_ws/install/mpc_low/bin'
[12.366s] Level 1:colcon.colcon_core.environment:checking '/home/dimash/debug_clear_ws/install/mpc_low/lib/pkgconfig/mpc_low.pc'
[12.367s] Level 1:colcon.colcon_core.environment:checking '/home/dimash/debug_clear_ws/install/mpc_low/lib/python3.10/site-packages'
[12.367s] Level 1:colcon.colcon_core.environment:checking '/home/dimash/debug_clear_ws/install/mpc_low/bin'
[12.367s] INFO:colcon.colcon_core.shell:Creating package script '/home/dimash/debug_clear_ws/install/mpc_low/share/mpc_low/package.ps1'
[12.368s] INFO:colcon.colcon_core.shell:Creating package descriptor '/home/dimash/debug_clear_ws/install/mpc_low/share/mpc_low/package.dsv'
[12.369s] INFO:colcon.colcon_core.shell:Creating package script '/home/dimash/debug_clear_ws/install/mpc_low/share/mpc_low/package.sh'
[12.369s] INFO:colcon.colcon_core.shell:Creating package script '/home/dimash/debug_clear_ws/install/mpc_low/share/mpc_low/package.bash'
[12.370s] INFO:colcon.colcon_core.shell:Creating package script '/home/dimash/debug_clear_ws/install/mpc_low/share/mpc_low/package.zsh'
[12.370s] Level 1:colcon.colcon_core.environment:create_file_with_runtime_dependencies(/home/dimash/debug_clear_ws/install/mpc_low/share/colcon-core/packages/mpc_low)
[12.370s] DEBUG:colcon.colcon_parallel_executor.executor.parallel:closing loop
[12.370s] DEBUG:colcon.colcon_parallel_executor.executor.parallel:loop closed
[12.370s] DEBUG:colcon.colcon_parallel_executor.executor.parallel:run_until_complete finished with '0'
[12.371s] DEBUG:colcon.colcon_core.event_reactor:joining thread
[12.376s] INFO:colcon.colcon_core.plugin_system:Skipping extension 'colcon_notification.desktop_notification.terminal_notifier': Not used on non-Darwin systems
[12.376s] INFO:colcon.colcon_core.plugin_system:Skipping extension 'colcon_notification.desktop_notification.win32': Not used on non-Windows systems
[12.376s] INFO:colcon.colcon_notification.desktop_notification:Sending desktop notification using 'notify2'
[12.387s] DEBUG:colcon.colcon_core.event_reactor:joined thread
[12.387s] INFO:colcon.colcon_core.shell:Creating prefix script '/home/dimash/debug_clear_ws/install/local_setup.ps1'
[12.388s] INFO:colcon.colcon_core.shell:Creating prefix util module '/home/dimash/debug_clear_ws/install/_local_setup_util_ps1.py'
[12.389s] INFO:colcon.colcon_core.shell:Creating prefix chain script '/home/dimash/debug_clear_ws/install/setup.ps1'
[12.391s] INFO:colcon.colcon_core.shell:Creating prefix script '/home/dimash/debug_clear_ws/install/local_setup.sh'
[12.391s] INFO:colcon.colcon_core.shell:Creating prefix util module '/home/dimash/debug_clear_ws/install/_local_setup_util_sh.py'
[12.392s] INFO:colcon.colcon_core.shell:Creating prefix chain script '/home/dimash/debug_clear_ws/install/setup.sh'
[12.394s] INFO:colcon.colcon_core.shell:Creating prefix script '/home/dimash/debug_clear_ws/install/local_setup.bash'
[12.394s] INFO:colcon.colcon_core.shell:Creating prefix chain script '/home/dimash/debug_clear_ws/install/setup.bash'
[12.396s] INFO:colcon.colcon_core.shell:Creating prefix script '/home/dimash/debug_clear_ws/install/local_setup.zsh'
[12.397s] INFO:colcon.colcon_core.shell:Creating prefix chain script '/home/dimash/debug_clear_ws/install/setup.zsh'
