[0.105s] DEBUG:colcon:Command line arguments: ['/usr/bin/colcon', 'build']
[0.105s] DEBUG:colcon:Parsed command line arguments: Namespace(log_base=None, log_level=None, verb_name='build', build_base='build', install_base='install', merge_install=False, symlink_install=False, test_result_base=None, continue_on_error=False, executor='parallel', parallel_workers=8, event_handlers=None, ignore_user_meta=False, metas=['./colcon.meta'], base_paths=['.'], packages_ignore=None, packages_ignore_regex=None, paths=None, packages_up_to=None, packages_up_to_regex=None, packages_above=None, packages_above_and_dependencies=None, packages_above_depth=None, packages_select_by_dep=None, packages_skip_by_dep=None, packages_skip_up_to=None, packages_select_build_failed=False, packages_skip_build_finished=False, packages_select_test_failures=False, packages_skip_test_passed=False, packages_select=None, packages_skip=None, packages_select_regex=None, packages_skip_regex=None, packages_start=None, packages_end=None, allow_overriding=[], cmake_args=None, cmake_target=None, cmake_target_skip_unavailable=False, cmake_clean_cache=False, cmake_clean_first=False, cmake_force_configure=False, ament_cmake_args=None, catkin_cmake_args=None, catkin_skip_building_tests=False, mixin_files=None, mixin=None, verb_parser=<colcon_mixin.mixin.mixin_argument.MixinArgumentDecorator object at 0x7561d1495450>, verb_extension=<colcon_core.verb.build.BuildVerb object at 0x7561d15a69b0>, main=<bound method BuildVerb.main of <colcon_core.verb.build.BuildVerb object at 0x7561d15a69b0>>, mixin_verb=('build',))
[0.288s] Level 1:colcon.colcon_core.package_discovery:discover_packages(colcon_meta) check parameters
[0.288s] Level 1:colcon.colcon_core.package_discovery:discover_packages(recursive) check parameters
[0.288s] Level 1:colcon.colcon_core.package_discovery:discover_packages(ignore) check parameters
[0.288s] Level 1:colcon.colcon_core.package_discovery:discover_packages(path) check parameters
[0.288s] Level 1:colcon.colcon_core.package_discovery:discover_packages(colcon_meta) discover
[0.288s] Level 1:colcon.colcon_core.package_discovery:discover_packages(recursive) discover
[0.288s] INFO:colcon.colcon_core.package_discovery:Crawling recursively for packages in '/home/dimash/debug_clear_ws'
[0.288s] Level 1:colcon.colcon_core.package_identification:_identify(.) by extensions ['ignore', 'ignore_ament_install']
[0.288s] Level 1:colcon.colcon_core.package_identification:_identify(.) by extension 'ignore'
[0.289s] Level 1:colcon.colcon_core.package_identification:_identify(.) by extension 'ignore_ament_install'
[0.289s] Level 1:colcon.colcon_core.package_identification:_identify(.) by extensions ['colcon_pkg']
[0.289s] Level 1:colcon.colcon_core.package_identification:_identify(.) by extension 'colcon_pkg'
[0.289s] Level 1:colcon.colcon_core.package_identification:_identify(.) by extensions ['colcon_meta']
[0.289s] Level 1:colcon.colcon_core.package_identification:_identify(.) by extension 'colcon_meta'
[0.289s] Level 1:colcon.colcon_core.package_identification:_identify(.) by extensions ['ros']
[0.289s] Level 1:colcon.colcon_core.package_identification:_identify(.) by extension 'ros'
[0.305s] Level 1:colcon.colcon_core.package_identification:_identify(.) by extensions ['cmake', 'python']
[0.305s] Level 1:colcon.colcon_core.package_identification:_identify(.) by extension 'cmake'
[0.305s] Level 1:colcon.colcon_core.package_identification:_identify(.) by extension 'python'
[0.305s] Level 1:colcon.colcon_core.package_identification:_identify(.) by extensions ['python_setup_py']
[0.305s] Level 1:colcon.colcon_core.package_identification:_identify(.) by extension 'python_setup_py'
[0.305s] Level 1:colcon.colcon_core.package_identification:_identify(build) by extensions ['ignore', 'ignore_ament_install']
[0.306s] Level 1:colcon.colcon_core.package_identification:_identify(build) by extension 'ignore'
[0.306s] Level 1:colcon.colcon_core.package_identification:_identify(build) ignored
[0.306s] Level 1:colcon.colcon_core.package_identification:_identify(install) by extensions ['ignore', 'ignore_ament_install']
[0.306s] Level 1:colcon.colcon_core.package_identification:_identify(install) by extension 'ignore'
[0.306s] Level 1:colcon.colcon_core.package_identification:_identify(install) ignored
[0.306s] Level 1:colcon.colcon_core.package_identification:_identify(log) by extensions ['ignore', 'ignore_ament_install']
[0.306s] Level 1:colcon.colcon_core.package_identification:_identify(log) by extension 'ignore'
[0.306s] Level 1:colcon.colcon_core.package_identification:_identify(log) ignored
[0.306s] Level 1:colcon.colcon_core.package_identification:_identify(manipulators) by extensions ['ignore', 'ignore_ament_install']
[0.306s] Level 1:colcon.colcon_core.package_identification:_identify(manipulators) by extension 'ignore'
[0.306s] Level 1:colcon.colcon_core.package_identification:_identify(manipulators) by extension 'ignore_ament_install'
[0.306s] Level 1:colcon.colcon_core.package_identification:_identify(manipulators) by extensions ['colcon_pkg']
[0.306s] Level 1:colcon.colcon_core.package_identification:_identify(manipulators) by extension 'colcon_pkg'
[0.306s] Level 1:colcon.colcon_core.package_identification:_identify(manipulators) by extensions ['colcon_meta']
[0.306s] Level 1:colcon.colcon_core.package_identification:_identify(manipulators) by extension 'colcon_meta'
[0.307s] Level 1:colcon.colcon_core.package_identification:_identify(manipulators) by extensions ['ros']
[0.307s] Level 1:colcon.colcon_core.package_identification:_identify(manipulators) by extension 'ros'
[0.307s] Level 1:colcon.colcon_core.package_identification:_identify(manipulators) by extensions ['cmake', 'python']
[0.307s] Level 1:colcon.colcon_core.package_identification:_identify(manipulators) by extension 'cmake'
[0.307s] Level 1:colcon.colcon_core.package_identification:_identify(manipulators) by extension 'python'
[0.307s] Level 1:colcon.colcon_core.package_identification:_identify(manipulators) by extensions ['python_setup_py']
[0.307s] Level 1:colcon.colcon_core.package_identification:_identify(manipulators) by extension 'python_setup_py'
[0.307s] Level 1:colcon.colcon_core.package_identification:_identify(manipulators/config) by extensions ['ignore', 'ignore_ament_install']
[0.307s] Level 1:colcon.colcon_core.package_identification:_identify(manipulators/config) by extension 'ignore'
[0.307s] Level 1:colcon.colcon_core.package_identification:_identify(manipulators/config) by extension 'ignore_ament_install'
[0.307s] Level 1:colcon.colcon_core.package_identification:_identify(manipulators/config) by extensions ['colcon_pkg']
[0.307s] Level 1:colcon.colcon_core.package_identification:_identify(manipulators/config) by extension 'colcon_pkg'
[0.307s] Level 1:colcon.colcon_core.package_identification:_identify(manipulators/config) by extensions ['colcon_meta']
[0.307s] Level 1:colcon.colcon_core.package_identification:_identify(manipulators/config) by extension 'colcon_meta'
[0.307s] Level 1:colcon.colcon_core.package_identification:_identify(manipulators/config) by extensions ['ros']
[0.307s] Level 1:colcon.colcon_core.package_identification:_identify(manipulators/config) by extension 'ros'
[0.307s] Level 1:colcon.colcon_core.package_identification:_identify(manipulators/config) by extensions ['cmake', 'python']
[0.307s] Level 1:colcon.colcon_core.package_identification:_identify(manipulators/config) by extension 'cmake'
[0.307s] Level 1:colcon.colcon_core.package_identification:_identify(manipulators/config) by extension 'python'
[0.307s] Level 1:colcon.colcon_core.package_identification:_identify(manipulators/config) by extensions ['python_setup_py']
[0.307s] Level 1:colcon.colcon_core.package_identification:_identify(manipulators/config) by extension 'python_setup_py'
[0.308s] Level 1:colcon.colcon_core.package_identification:_identify(manipulators/launch) by extensions ['ignore', 'ignore_ament_install']
[0.308s] Level 1:colcon.colcon_core.package_identification:_identify(manipulators/launch) by extension 'ignore'
[0.308s] Level 1:colcon.colcon_core.package_identification:_identify(manipulators/launch) by extension 'ignore_ament_install'
[0.308s] Level 1:colcon.colcon_core.package_identification:_identify(manipulators/launch) by extensions ['colcon_pkg']
[0.308s] Level 1:colcon.colcon_core.package_identification:_identify(manipulators/launch) by extension 'colcon_pkg'
[0.308s] Level 1:colcon.colcon_core.package_identification:_identify(manipulators/launch) by extensions ['colcon_meta']
[0.308s] Level 1:colcon.colcon_core.package_identification:_identify(manipulators/launch) by extension 'colcon_meta'
[0.308s] Level 1:colcon.colcon_core.package_identification:_identify(manipulators/launch) by extensions ['ros']
[0.308s] Level 1:colcon.colcon_core.package_identification:_identify(manipulators/launch) by extension 'ros'
[0.308s] Level 1:colcon.colcon_core.package_identification:_identify(manipulators/launch) by extensions ['cmake', 'python']
[0.308s] Level 1:colcon.colcon_core.package_identification:_identify(manipulators/launch) by extension 'cmake'
[0.308s] Level 1:colcon.colcon_core.package_identification:_identify(manipulators/launch) by extension 'python'
[0.308s] Level 1:colcon.colcon_core.package_identification:_identify(manipulators/launch) by extensions ['python_setup_py']
[0.308s] Level 1:colcon.colcon_core.package_identification:_identify(manipulators/launch) by extension 'python_setup_py'
[0.308s] Level 1:colcon.colcon_core.package_identification:_identify(platform) by extensions ['ignore', 'ignore_ament_install']
[0.308s] Level 1:colcon.colcon_core.package_identification:_identify(platform) by extension 'ignore'
[0.308s] Level 1:colcon.colcon_core.package_identification:_identify(platform) by extension 'ignore_ament_install'
[0.308s] Level 1:colcon.colcon_core.package_identification:_identify(platform) by extensions ['colcon_pkg']
[0.308s] Level 1:colcon.colcon_core.package_identification:_identify(platform) by extension 'colcon_pkg'
[0.308s] Level 1:colcon.colcon_core.package_identification:_identify(platform) by extensions ['colcon_meta']
[0.308s] Level 1:colcon.colcon_core.package_identification:_identify(platform) by extension 'colcon_meta'
[0.308s] Level 1:colcon.colcon_core.package_identification:_identify(platform) by extensions ['ros']
[0.308s] Level 1:colcon.colcon_core.package_identification:_identify(platform) by extension 'ros'
[0.309s] Level 1:colcon.colcon_core.package_identification:_identify(platform) by extensions ['cmake', 'python']
[0.309s] Level 1:colcon.colcon_core.package_identification:_identify(platform) by extension 'cmake'
[0.309s] Level 1:colcon.colcon_core.package_identification:_identify(platform) by extension 'python'
[0.309s] Level 1:colcon.colcon_core.package_identification:_identify(platform) by extensions ['python_setup_py']
[0.309s] Level 1:colcon.colcon_core.package_identification:_identify(platform) by extension 'python_setup_py'
[0.309s] Level 1:colcon.colcon_core.package_identification:_identify(platform/config) by extensions ['ignore', 'ignore_ament_install']
[0.309s] Level 1:colcon.colcon_core.package_identification:_identify(platform/config) by extension 'ignore'
[0.309s] Level 1:colcon.colcon_core.package_identification:_identify(platform/config) by extension 'ignore_ament_install'
[0.309s] Level 1:colcon.colcon_core.package_identification:_identify(platform/config) by extensions ['colcon_pkg']
[0.309s] Level 1:colcon.colcon_core.package_identification:_identify(platform/config) by extension 'colcon_pkg'
[0.309s] Level 1:colcon.colcon_core.package_identification:_identify(platform/config) by extensions ['colcon_meta']
[0.309s] Level 1:colcon.colcon_core.package_identification:_identify(platform/config) by extension 'colcon_meta'
[0.309s] Level 1:colcon.colcon_core.package_identification:_identify(platform/config) by extensions ['ros']
[0.309s] Level 1:colcon.colcon_core.package_identification:_identify(platform/config) by extension 'ros'
[0.309s] Level 1:colcon.colcon_core.package_identification:_identify(platform/config) by extensions ['cmake', 'python']
[0.309s] Level 1:colcon.colcon_core.package_identification:_identify(platform/config) by extension 'cmake'
[0.309s] Level 1:colcon.colcon_core.package_identification:_identify(platform/config) by extension 'python'
[0.309s] Level 1:colcon.colcon_core.package_identification:_identify(platform/config) by extensions ['python_setup_py']
[0.309s] Level 1:colcon.colcon_core.package_identification:_identify(platform/config) by extension 'python_setup_py'
[0.309s] Level 1:colcon.colcon_core.package_identification:_identify(platform/launch) by extensions ['ignore', 'ignore_ament_install']
[0.309s] Level 1:colcon.colcon_core.package_identification:_identify(platform/launch) by extension 'ignore'
[0.309s] Level 1:colcon.colcon_core.package_identification:_identify(platform/launch) by extension 'ignore_ament_install'
[0.310s] Level 1:colcon.colcon_core.package_identification:_identify(platform/launch) by extensions ['colcon_pkg']
[0.310s] Level 1:colcon.colcon_core.package_identification:_identify(platform/launch) by extension 'colcon_pkg'
[0.310s] Level 1:colcon.colcon_core.package_identification:_identify(platform/launch) by extensions ['colcon_meta']
[0.310s] Level 1:colcon.colcon_core.package_identification:_identify(platform/launch) by extension 'colcon_meta'
[0.310s] Level 1:colcon.colcon_core.package_identification:_identify(platform/launch) by extensions ['ros']
[0.310s] Level 1:colcon.colcon_core.package_identification:_identify(platform/launch) by extension 'ros'
[0.310s] Level 1:colcon.colcon_core.package_identification:_identify(platform/launch) by extensions ['cmake', 'python']
[0.310s] Level 1:colcon.colcon_core.package_identification:_identify(platform/launch) by extension 'cmake'
[0.310s] Level 1:colcon.colcon_core.package_identification:_identify(platform/launch) by extension 'python'
[0.310s] Level 1:colcon.colcon_core.package_identification:_identify(platform/launch) by extensions ['python_setup_py']
[0.310s] Level 1:colcon.colcon_core.package_identification:_identify(platform/launch) by extension 'python_setup_py'
[0.310s] Level 1:colcon.colcon_core.package_identification:_identify(platform/launch/__pycache__) by extensions ['ignore', 'ignore_ament_install']
[0.310s] Level 1:colcon.colcon_core.package_identification:_identify(platform/launch/__pycache__) by extension 'ignore'
[0.310s] Level 1:colcon.colcon_core.package_identification:_identify(platform/launch/__pycache__) by extension 'ignore_ament_install'
[0.310s] Level 1:colcon.colcon_core.package_identification:_identify(platform/launch/__pycache__) by extensions ['colcon_pkg']
[0.310s] Level 1:colcon.colcon_core.package_identification:_identify(platform/launch/__pycache__) by extension 'colcon_pkg'
[0.310s] Level 1:colcon.colcon_core.package_identification:_identify(platform/launch/__pycache__) by extensions ['colcon_meta']
[0.310s] Level 1:colcon.colcon_core.package_identification:_identify(platform/launch/__pycache__) by extension 'colcon_meta'
[0.310s] Level 1:colcon.colcon_core.package_identification:_identify(platform/launch/__pycache__) by extensions ['ros']
[0.310s] Level 1:colcon.colcon_core.package_identification:_identify(platform/launch/__pycache__) by extension 'ros'
[0.310s] Level 1:colcon.colcon_core.package_identification:_identify(platform/launch/__pycache__) by extensions ['cmake', 'python']
[0.310s] Level 1:colcon.colcon_core.package_identification:_identify(platform/launch/__pycache__) by extension 'cmake'
[0.310s] Level 1:colcon.colcon_core.package_identification:_identify(platform/launch/__pycache__) by extension 'python'
[0.310s] Level 1:colcon.colcon_core.package_identification:_identify(platform/launch/__pycache__) by extensions ['python_setup_py']
[0.310s] Level 1:colcon.colcon_core.package_identification:_identify(platform/launch/__pycache__) by extension 'python_setup_py'
[0.311s] Level 1:colcon.colcon_core.package_identification:_identify(sensors) by extensions ['ignore', 'ignore_ament_install']
[0.311s] Level 1:colcon.colcon_core.package_identification:_identify(sensors) by extension 'ignore'
[0.311s] Level 1:colcon.colcon_core.package_identification:_identify(sensors) by extension 'ignore_ament_install'
[0.311s] Level 1:colcon.colcon_core.package_identification:_identify(sensors) by extensions ['colcon_pkg']
[0.311s] Level 1:colcon.colcon_core.package_identification:_identify(sensors) by extension 'colcon_pkg'
[0.311s] Level 1:colcon.colcon_core.package_identification:_identify(sensors) by extensions ['colcon_meta']
[0.311s] Level 1:colcon.colcon_core.package_identification:_identify(sensors) by extension 'colcon_meta'
[0.311s] Level 1:colcon.colcon_core.package_identification:_identify(sensors) by extensions ['ros']
[0.311s] Level 1:colcon.colcon_core.package_identification:_identify(sensors) by extension 'ros'
[0.311s] Level 1:colcon.colcon_core.package_identification:_identify(sensors) by extensions ['cmake', 'python']
[0.311s] Level 1:colcon.colcon_core.package_identification:_identify(sensors) by extension 'cmake'
[0.311s] Level 1:colcon.colcon_core.package_identification:_identify(sensors) by extension 'python'
[0.311s] Level 1:colcon.colcon_core.package_identification:_identify(sensors) by extensions ['python_setup_py']
[0.311s] Level 1:colcon.colcon_core.package_identification:_identify(sensors) by extension 'python_setup_py'
[0.311s] Level 1:colcon.colcon_core.package_identification:_identify(sensors/config) by extensions ['ignore', 'ignore_ament_install']
[0.311s] Level 1:colcon.colcon_core.package_identification:_identify(sensors/config) by extension 'ignore'
[0.311s] Level 1:colcon.colcon_core.package_identification:_identify(sensors/config) by extension 'ignore_ament_install'
[0.311s] Level 1:colcon.colcon_core.package_identification:_identify(sensors/config) by extensions ['colcon_pkg']
[0.311s] Level 1:colcon.colcon_core.package_identification:_identify(sensors/config) by extension 'colcon_pkg'
[0.311s] Level 1:colcon.colcon_core.package_identification:_identify(sensors/config) by extensions ['colcon_meta']
[0.311s] Level 1:colcon.colcon_core.package_identification:_identify(sensors/config) by extension 'colcon_meta'
[0.311s] Level 1:colcon.colcon_core.package_identification:_identify(sensors/config) by extensions ['ros']
[0.311s] Level 1:colcon.colcon_core.package_identification:_identify(sensors/config) by extension 'ros'
[0.312s] Level 1:colcon.colcon_core.package_identification:_identify(sensors/config) by extensions ['cmake', 'python']
[0.312s] Level 1:colcon.colcon_core.package_identification:_identify(sensors/config) by extension 'cmake'
[0.312s] Level 1:colcon.colcon_core.package_identification:_identify(sensors/config) by extension 'python'
[0.312s] Level 1:colcon.colcon_core.package_identification:_identify(sensors/config) by extensions ['python_setup_py']
[0.312s] Level 1:colcon.colcon_core.package_identification:_identify(sensors/config) by extension 'python_setup_py'
[0.312s] Level 1:colcon.colcon_core.package_identification:_identify(sensors/launch) by extensions ['ignore', 'ignore_ament_install']
[0.312s] Level 1:colcon.colcon_core.package_identification:_identify(sensors/launch) by extension 'ignore'
[0.312s] Level 1:colcon.colcon_core.package_identification:_identify(sensors/launch) by extension 'ignore_ament_install'
[0.312s] Level 1:colcon.colcon_core.package_identification:_identify(sensors/launch) by extensions ['colcon_pkg']
[0.312s] Level 1:colcon.colcon_core.package_identification:_identify(sensors/launch) by extension 'colcon_pkg'
[0.312s] Level 1:colcon.colcon_core.package_identification:_identify(sensors/launch) by extensions ['colcon_meta']
[0.312s] Level 1:colcon.colcon_core.package_identification:_identify(sensors/launch) by extension 'colcon_meta'
[0.312s] Level 1:colcon.colcon_core.package_identification:_identify(sensors/launch) by extensions ['ros']
[0.312s] Level 1:colcon.colcon_core.package_identification:_identify(sensors/launch) by extension 'ros'
[0.312s] Level 1:colcon.colcon_core.package_identification:_identify(sensors/launch) by extensions ['cmake', 'python']
[0.312s] Level 1:colcon.colcon_core.package_identification:_identify(sensors/launch) by extension 'cmake'
[0.312s] Level 1:colcon.colcon_core.package_identification:_identify(sensors/launch) by extension 'python'
[0.312s] Level 1:colcon.colcon_core.package_identification:_identify(sensors/launch) by extensions ['python_setup_py']
[0.312s] Level 1:colcon.colcon_core.package_identification:_identify(sensors/launch) by extension 'python_setup_py'
[0.312s] Level 1:colcon.colcon_core.package_identification:_identify(sensors/launch/__pycache__) by extensions ['ignore', 'ignore_ament_install']
[0.312s] Level 1:colcon.colcon_core.package_identification:_identify(sensors/launch/__pycache__) by extension 'ignore'
[0.312s] Level 1:colcon.colcon_core.package_identification:_identify(sensors/launch/__pycache__) by extension 'ignore_ament_install'
[0.313s] Level 1:colcon.colcon_core.package_identification:_identify(sensors/launch/__pycache__) by extensions ['colcon_pkg']
[0.313s] Level 1:colcon.colcon_core.package_identification:_identify(sensors/launch/__pycache__) by extension 'colcon_pkg'
[0.313s] Level 1:colcon.colcon_core.package_identification:_identify(sensors/launch/__pycache__) by extensions ['colcon_meta']
[0.313s] Level 1:colcon.colcon_core.package_identification:_identify(sensors/launch/__pycache__) by extension 'colcon_meta'
[0.313s] Level 1:colcon.colcon_core.package_identification:_identify(sensors/launch/__pycache__) by extensions ['ros']
[0.313s] Level 1:colcon.colcon_core.package_identification:_identify(sensors/launch/__pycache__) by extension 'ros'
[0.313s] Level 1:colcon.colcon_core.package_identification:_identify(sensors/launch/__pycache__) by extensions ['cmake', 'python']
[0.313s] Level 1:colcon.colcon_core.package_identification:_identify(sensors/launch/__pycache__) by extension 'cmake'
[0.313s] Level 1:colcon.colcon_core.package_identification:_identify(sensors/launch/__pycache__) by extension 'python'
[0.313s] Level 1:colcon.colcon_core.package_identification:_identify(sensors/launch/__pycache__) by extensions ['python_setup_py']
[0.313s] Level 1:colcon.colcon_core.package_identification:_identify(sensors/launch/__pycache__) by extension 'python_setup_py'
[0.313s] Level 1:colcon.colcon_core.package_identification:_identify(src) by extensions ['ignore', 'ignore_ament_install']
[0.313s] Level 1:colcon.colcon_core.package_identification:_identify(src) by extension 'ignore'
[0.313s] Level 1:colcon.colcon_core.package_identification:_identify(src) by extension 'ignore_ament_install'
[0.313s] Level 1:colcon.colcon_core.package_identification:_identify(src) by extensions ['colcon_pkg']
[0.313s] Level 1:colcon.colcon_core.package_identification:_identify(src) by extension 'colcon_pkg'
[0.313s] Level 1:colcon.colcon_core.package_identification:_identify(src) by extensions ['colcon_meta']
[0.313s] Level 1:colcon.colcon_core.package_identification:_identify(src) by extension 'colcon_meta'
[0.313s] Level 1:colcon.colcon_core.package_identification:_identify(src) by extensions ['ros']
[0.313s] Level 1:colcon.colcon_core.package_identification:_identify(src) by extension 'ros'
[0.313s] Level 1:colcon.colcon_core.package_identification:_identify(src) by extensions ['cmake', 'python']
[0.313s] Level 1:colcon.colcon_core.package_identification:_identify(src) by extension 'cmake'
[0.313s] Level 1:colcon.colcon_core.package_identification:_identify(src) by extension 'python'
[0.313s] Level 1:colcon.colcon_core.package_identification:_identify(src) by extensions ['python_setup_py']
[0.313s] Level 1:colcon.colcon_core.package_identification:_identify(src) by extension 'python_setup_py'
[0.314s] Level 1:colcon.colcon_core.package_identification:_identify(src/clearpath_common) by extensions ['ignore', 'ignore_ament_install']
[0.314s] Level 1:colcon.colcon_core.package_identification:_identify(src/clearpath_common) by extension 'ignore'
[0.314s] Level 1:colcon.colcon_core.package_identification:_identify(src/clearpath_common) by extension 'ignore_ament_install'
[0.314s] Level 1:colcon.colcon_core.package_identification:_identify(src/clearpath_common) by extensions ['colcon_pkg']
[0.314s] Level 1:colcon.colcon_core.package_identification:_identify(src/clearpath_common) by extension 'colcon_pkg'
[0.314s] Level 1:colcon.colcon_core.package_identification:_identify(src/clearpath_common) by extensions ['colcon_meta']
[0.314s] Level 1:colcon.colcon_core.package_identification:_identify(src/clearpath_common) by extension 'colcon_meta'
[0.314s] Level 1:colcon.colcon_core.package_identification:_identify(src/clearpath_common) by extensions ['ros']
[0.314s] Level 1:colcon.colcon_core.package_identification:_identify(src/clearpath_common) by extension 'ros'
[0.314s] Level 1:colcon.colcon_core.package_identification:_identify(src/clearpath_common) by extensions ['cmake', 'python']
[0.314s] Level 1:colcon.colcon_core.package_identification:_identify(src/clearpath_common) by extension 'cmake'
[0.314s] Level 1:colcon.colcon_core.package_identification:_identify(src/clearpath_common) by extension 'python'
[0.314s] Level 1:colcon.colcon_core.package_identification:_identify(src/clearpath_common) by extensions ['python_setup_py']
[0.314s] Level 1:colcon.colcon_core.package_identification:_identify(src/clearpath_common) by extension 'python_setup_py'
[0.314s] Level 1:colcon.colcon_core.package_identification:_identify(src/clearpath_common/clearpath_common) by extensions ['ignore', 'ignore_ament_install']
[0.314s] Level 1:colcon.colcon_core.package_identification:_identify(src/clearpath_common/clearpath_common) by extension 'ignore'
[0.315s] Level 1:colcon.colcon_core.package_identification:_identify(src/clearpath_common/clearpath_common) by extension 'ignore_ament_install'
[0.315s] Level 1:colcon.colcon_core.package_identification:_identify(src/clearpath_common/clearpath_common) by extensions ['colcon_pkg']
[0.315s] Level 1:colcon.colcon_core.package_identification:_identify(src/clearpath_common/clearpath_common) by extension 'colcon_pkg'
[0.315s] Level 1:colcon.colcon_core.package_identification:_identify(src/clearpath_common/clearpath_common) by extensions ['colcon_meta']
[0.315s] Level 1:colcon.colcon_core.package_identification:_identify(src/clearpath_common/clearpath_common) by extension 'colcon_meta'
[0.315s] Level 1:colcon.colcon_core.package_identification:_identify(src/clearpath_common/clearpath_common) by extensions ['ros']
[0.315s] Level 1:colcon.colcon_core.package_identification:_identify(src/clearpath_common/clearpath_common) by extension 'ros'
[0.317s] DEBUG:colcon.colcon_core.package_identification:Package 'src/clearpath_common/clearpath_common' with type 'ros.ament_cmake' and name 'clearpath_common'
[0.317s] Level 1:colcon.colcon_core.package_identification:_identify(src/clearpath_common/clearpath_control) by extensions ['ignore', 'ignore_ament_install']
[0.317s] Level 1:colcon.colcon_core.package_identification:_identify(src/clearpath_common/clearpath_control) by extension 'ignore'
[0.317s] Level 1:colcon.colcon_core.package_identification:_identify(src/clearpath_common/clearpath_control) by extension 'ignore_ament_install'
[0.317s] Level 1:colcon.colcon_core.package_identification:_identify(src/clearpath_common/clearpath_control) by extensions ['colcon_pkg']
[0.317s] Level 1:colcon.colcon_core.package_identification:_identify(src/clearpath_common/clearpath_control) by extension 'colcon_pkg'
[0.317s] Level 1:colcon.colcon_core.package_identification:_identify(src/clearpath_common/clearpath_control) by extensions ['colcon_meta']
[0.317s] Level 1:colcon.colcon_core.package_identification:_identify(src/clearpath_common/clearpath_control) by extension 'colcon_meta'
[0.317s] Level 1:colcon.colcon_core.package_identification:_identify(src/clearpath_common/clearpath_control) by extensions ['ros']
[0.317s] Level 1:colcon.colcon_core.package_identification:_identify(src/clearpath_common/clearpath_control) by extension 'ros'
[0.318s] DEBUG:colcon.colcon_core.package_identification:Package 'src/clearpath_common/clearpath_control' with type 'ros.ament_cmake' and name 'clearpath_control'
[0.318s] Level 1:colcon.colcon_core.package_identification:_identify(src/clearpath_common/clearpath_customization) by extensions ['ignore', 'ignore_ament_install']
[0.318s] Level 1:colcon.colcon_core.package_identification:_identify(src/clearpath_common/clearpath_customization) by extension 'ignore'
[0.318s] Level 1:colcon.colcon_core.package_identification:_identify(src/clearpath_common/clearpath_customization) by extension 'ignore_ament_install'
[0.318s] Level 1:colcon.colcon_core.package_identification:_identify(src/clearpath_common/clearpath_customization) by extensions ['colcon_pkg']
[0.318s] Level 1:colcon.colcon_core.package_identification:_identify(src/clearpath_common/clearpath_customization) by extension 'colcon_pkg'
[0.319s] Level 1:colcon.colcon_core.package_identification:_identify(src/clearpath_common/clearpath_customization) by extensions ['colcon_meta']
[0.319s] Level 1:colcon.colcon_core.package_identification:_identify(src/clearpath_common/clearpath_customization) by extension 'colcon_meta'
[0.319s] Level 1:colcon.colcon_core.package_identification:_identify(src/clearpath_common/clearpath_customization) by extensions ['ros']
[0.319s] Level 1:colcon.colcon_core.package_identification:_identify(src/clearpath_common/clearpath_customization) by extension 'ros'
[0.319s] DEBUG:colcon.colcon_core.package_identification:Package 'src/clearpath_common/clearpath_customization' with type 'ros.ament_cmake' and name 'clearpath_customization'
[0.319s] Level 1:colcon.colcon_core.package_identification:_identify(src/clearpath_common/clearpath_description) by extensions ['ignore', 'ignore_ament_install']
[0.319s] Level 1:colcon.colcon_core.package_identification:_identify(src/clearpath_common/clearpath_description) by extension 'ignore'
[0.319s] Level 1:colcon.colcon_core.package_identification:_identify(src/clearpath_common/clearpath_description) by extension 'ignore_ament_install'
[0.319s] Level 1:colcon.colcon_core.package_identification:_identify(src/clearpath_common/clearpath_description) by extensions ['colcon_pkg']
[0.319s] Level 1:colcon.colcon_core.package_identification:_identify(src/clearpath_common/clearpath_description) by extension 'colcon_pkg'
[0.319s] Level 1:colcon.colcon_core.package_identification:_identify(src/clearpath_common/clearpath_description) by extensions ['colcon_meta']
[0.319s] Level 1:colcon.colcon_core.package_identification:_identify(src/clearpath_common/clearpath_description) by extension 'colcon_meta'
[0.319s] Level 1:colcon.colcon_core.package_identification:_identify(src/clearpath_common/clearpath_description) by extensions ['ros']
[0.319s] Level 1:colcon.colcon_core.package_identification:_identify(src/clearpath_common/clearpath_description) by extension 'ros'
[0.320s] DEBUG:colcon.colcon_core.package_identification:Package 'src/clearpath_common/clearpath_description' with type 'ros.ament_cmake' and name 'clearpath_description'
[0.320s] Level 1:colcon.colcon_core.package_identification:_identify(src/clearpath_common/clearpath_generator_common) by extensions ['ignore', 'ignore_ament_install']
[0.320s] Level 1:colcon.colcon_core.package_identification:_identify(src/clearpath_common/clearpath_generator_common) by extension 'ignore'
[0.320s] Level 1:colcon.colcon_core.package_identification:_identify(src/clearpath_common/clearpath_generator_common) by extension 'ignore_ament_install'
[0.320s] Level 1:colcon.colcon_core.package_identification:_identify(src/clearpath_common/clearpath_generator_common) by extensions ['colcon_pkg']
[0.320s] Level 1:colcon.colcon_core.package_identification:_identify(src/clearpath_common/clearpath_generator_common) by extension 'colcon_pkg'
[0.320s] Level 1:colcon.colcon_core.package_identification:_identify(src/clearpath_common/clearpath_generator_common) by extensions ['colcon_meta']
[0.320s] Level 1:colcon.colcon_core.package_identification:_identify(src/clearpath_common/clearpath_generator_common) by extension 'colcon_meta'
[0.320s] Level 1:colcon.colcon_core.package_identification:_identify(src/clearpath_common/clearpath_generator_common) by extensions ['ros']
[0.320s] Level 1:colcon.colcon_core.package_identification:_identify(src/clearpath_common/clearpath_generator_common) by extension 'ros'
[0.321s] DEBUG:colcon.colcon_core.package_identification:Package 'src/clearpath_common/clearpath_generator_common' with type 'ros.ament_cmake' and name 'clearpath_generator_common'
[0.321s] Level 1:colcon.colcon_core.package_identification:_identify(src/clearpath_common/clearpath_manipulators) by extensions ['ignore', 'ignore_ament_install']
[0.321s] Level 1:colcon.colcon_core.package_identification:_identify(src/clearpath_common/clearpath_manipulators) by extension 'ignore'
[0.321s] Level 1:colcon.colcon_core.package_identification:_identify(src/clearpath_common/clearpath_manipulators) by extension 'ignore_ament_install'
[0.321s] Level 1:colcon.colcon_core.package_identification:_identify(src/clearpath_common/clearpath_manipulators) by extensions ['colcon_pkg']
[0.321s] Level 1:colcon.colcon_core.package_identification:_identify(src/clearpath_common/clearpath_manipulators) by extension 'colcon_pkg'
[0.321s] Level 1:colcon.colcon_core.package_identification:_identify(src/clearpath_common/clearpath_manipulators) by extensions ['colcon_meta']
[0.321s] Level 1:colcon.colcon_core.package_identification:_identify(src/clearpath_common/clearpath_manipulators) by extension 'colcon_meta'
[0.321s] Level 1:colcon.colcon_core.package_identification:_identify(src/clearpath_common/clearpath_manipulators) by extensions ['ros']
[0.321s] Level 1:colcon.colcon_core.package_identification:_identify(src/clearpath_common/clearpath_manipulators) by extension 'ros'
[0.322s] DEBUG:colcon.colcon_core.package_identification:Package 'src/clearpath_common/clearpath_manipulators' with type 'ros.ament_cmake' and name 'clearpath_manipulators'
[0.322s] Level 1:colcon.colcon_core.package_identification:_identify(src/clearpath_common/clearpath_manipulators_description) by extensions ['ignore', 'ignore_ament_install']
[0.322s] Level 1:colcon.colcon_core.package_identification:_identify(src/clearpath_common/clearpath_manipulators_description) by extension 'ignore'
[0.322s] Level 1:colcon.colcon_core.package_identification:_identify(src/clearpath_common/clearpath_manipulators_description) by extension 'ignore_ament_install'
[0.322s] Level 1:colcon.colcon_core.package_identification:_identify(src/clearpath_common/clearpath_manipulators_description) by extensions ['colcon_pkg']
[0.322s] Level 1:colcon.colcon_core.package_identification:_identify(src/clearpath_common/clearpath_manipulators_description) by extension 'colcon_pkg'
[0.322s] Level 1:colcon.colcon_core.package_identification:_identify(src/clearpath_common/clearpath_manipulators_description) by extensions ['colcon_meta']
[0.322s] Level 1:colcon.colcon_core.package_identification:_identify(src/clearpath_common/clearpath_manipulators_description) by extension 'colcon_meta'
[0.323s] Level 1:colcon.colcon_core.package_identification:_identify(src/clearpath_common/clearpath_manipulators_description) by extensions ['ros']
[0.323s] Level 1:colcon.colcon_core.package_identification:_identify(src/clearpath_common/clearpath_manipulators_description) by extension 'ros'
[0.323s] DEBUG:colcon.colcon_core.package_identification:Package 'src/clearpath_common/clearpath_manipulators_description' with type 'ros.ament_cmake' and name 'clearpath_manipulators_description'
[0.323s] Level 1:colcon.colcon_core.package_identification:_identify(src/clearpath_common/clearpath_mounts_description) by extensions ['ignore', 'ignore_ament_install']
[0.323s] Level 1:colcon.colcon_core.package_identification:_identify(src/clearpath_common/clearpath_mounts_description) by extension 'ignore'
[0.323s] Level 1:colcon.colcon_core.package_identification:_identify(src/clearpath_common/clearpath_mounts_description) by extension 'ignore_ament_install'
[0.323s] Level 1:colcon.colcon_core.package_identification:_identify(src/clearpath_common/clearpath_mounts_description) by extensions ['colcon_pkg']
[0.323s] Level 1:colcon.colcon_core.package_identification:_identify(src/clearpath_common/clearpath_mounts_description) by extension 'colcon_pkg'
[0.324s] Level 1:colcon.colcon_core.package_identification:_identify(src/clearpath_common/clearpath_mounts_description) by extensions ['colcon_meta']
[0.324s] Level 1:colcon.colcon_core.package_identification:_identify(src/clearpath_common/clearpath_mounts_description) by extension 'colcon_meta'
[0.324s] Level 1:colcon.colcon_core.package_identification:_identify(src/clearpath_common/clearpath_mounts_description) by extensions ['ros']
[0.324s] Level 1:colcon.colcon_core.package_identification:_identify(src/clearpath_common/clearpath_mounts_description) by extension 'ros'
[0.324s] DEBUG:colcon.colcon_core.package_identification:Package 'src/clearpath_common/clearpath_mounts_description' with type 'ros.ament_cmake' and name 'clearpath_mounts_description'
[0.324s] Level 1:colcon.colcon_core.package_identification:_identify(src/clearpath_common/clearpath_platform) by extensions ['ignore', 'ignore_ament_install']
[0.324s] Level 1:colcon.colcon_core.package_identification:_identify(src/clearpath_common/clearpath_platform) by extension 'ignore'
[0.324s] Level 1:colcon.colcon_core.package_identification:_identify(src/clearpath_common/clearpath_platform) by extension 'ignore_ament_install'
[0.324s] Level 1:colcon.colcon_core.package_identification:_identify(src/clearpath_common/clearpath_platform) by extensions ['colcon_pkg']
[0.324s] Level 1:colcon.colcon_core.package_identification:_identify(src/clearpath_common/clearpath_platform) by extension 'colcon_pkg'
[0.325s] Level 1:colcon.colcon_core.package_identification:_identify(src/clearpath_common/clearpath_platform) by extensions ['colcon_meta']
[0.325s] Level 1:colcon.colcon_core.package_identification:_identify(src/clearpath_common/clearpath_platform) by extension 'colcon_meta'
[0.325s] Level 1:colcon.colcon_core.package_identification:_identify(src/clearpath_common/clearpath_platform) by extensions ['ros']
[0.325s] Level 1:colcon.colcon_core.package_identification:_identify(src/clearpath_common/clearpath_platform) by extension 'ros'
[0.326s] DEBUG:colcon.colcon_core.package_identification:Package 'src/clearpath_common/clearpath_platform' with type 'ros.ament_cmake' and name 'clearpath_platform'
[0.326s] Level 1:colcon.colcon_core.package_identification:_identify(src/clearpath_common/clearpath_platform_description) by extensions ['ignore', 'ignore_ament_install']
[0.326s] Level 1:colcon.colcon_core.package_identification:_identify(src/clearpath_common/clearpath_platform_description) by extension 'ignore'
[0.326s] Level 1:colcon.colcon_core.package_identification:_identify(src/clearpath_common/clearpath_platform_description) by extension 'ignore_ament_install'
[0.326s] Level 1:colcon.colcon_core.package_identification:_identify(src/clearpath_common/clearpath_platform_description) by extensions ['colcon_pkg']
[0.326s] Level 1:colcon.colcon_core.package_identification:_identify(src/clearpath_common/clearpath_platform_description) by extension 'colcon_pkg'
[0.327s] Level 1:colcon.colcon_core.package_identification:_identify(src/clearpath_common/clearpath_platform_description) by extensions ['colcon_meta']
[0.327s] Level 1:colcon.colcon_core.package_identification:_identify(src/clearpath_common/clearpath_platform_description) by extension 'colcon_meta'
[0.327s] Level 1:colcon.colcon_core.package_identification:_identify(src/clearpath_common/clearpath_platform_description) by extensions ['ros']
[0.327s] Level 1:colcon.colcon_core.package_identification:_identify(src/clearpath_common/clearpath_platform_description) by extension 'ros'
[0.327s] DEBUG:colcon.colcon_core.package_identification:Package 'src/clearpath_common/clearpath_platform_description' with type 'ros.ament_cmake' and name 'clearpath_platform_description'
[0.327s] Level 1:colcon.colcon_core.package_identification:_identify(src/clearpath_common/clearpath_sensors_description) by extensions ['ignore', 'ignore_ament_install']
[0.327s] Level 1:colcon.colcon_core.package_identification:_identify(src/clearpath_common/clearpath_sensors_description) by extension 'ignore'
[0.328s] Level 1:colcon.colcon_core.package_identification:_identify(src/clearpath_common/clearpath_sensors_description) by extension 'ignore_ament_install'
[0.328s] Level 1:colcon.colcon_core.package_identification:_identify(src/clearpath_common/clearpath_sensors_description) by extensions ['colcon_pkg']
[0.328s] Level 1:colcon.colcon_core.package_identification:_identify(src/clearpath_common/clearpath_sensors_description) by extension 'colcon_pkg'
[0.328s] Level 1:colcon.colcon_core.package_identification:_identify(src/clearpath_common/clearpath_sensors_description) by extensions ['colcon_meta']
[0.328s] Level 1:colcon.colcon_core.package_identification:_identify(src/clearpath_common/clearpath_sensors_description) by extension 'colcon_meta'
[0.328s] Level 1:colcon.colcon_core.package_identification:_identify(src/clearpath_common/clearpath_sensors_description) by extensions ['ros']
[0.328s] Level 1:colcon.colcon_core.package_identification:_identify(src/clearpath_common/clearpath_sensors_description) by extension 'ros'
[0.328s] DEBUG:colcon.colcon_core.package_identification:Package 'src/clearpath_common/clearpath_sensors_description' with type 'ros.ament_cmake' and name 'clearpath_sensors_description'
[0.328s] Level 1:colcon.colcon_core.package_identification:_identify(src/clearpath_config) by extensions ['ignore', 'ignore_ament_install']
[0.328s] Level 1:colcon.colcon_core.package_identification:_identify(src/clearpath_config) by extension 'ignore'
[0.328s] Level 1:colcon.colcon_core.package_identification:_identify(src/clearpath_config) by extension 'ignore_ament_install'
[0.329s] Level 1:colcon.colcon_core.package_identification:_identify(src/clearpath_config) by extensions ['colcon_pkg']
[0.329s] Level 1:colcon.colcon_core.package_identification:_identify(src/clearpath_config) by extension 'colcon_pkg'
[0.329s] Level 1:colcon.colcon_core.package_identification:_identify(src/clearpath_config) by extensions ['colcon_meta']
[0.329s] Level 1:colcon.colcon_core.package_identification:_identify(src/clearpath_config) by extension 'colcon_meta'
[0.329s] Level 1:colcon.colcon_core.package_identification:_identify(src/clearpath_config) by extensions ['ros']
[0.329s] Level 1:colcon.colcon_core.package_identification:_identify(src/clearpath_config) by extension 'ros'
[0.329s] DEBUG:colcon.colcon_core.package_identification:Package 'src/clearpath_config' with type 'ros.ament_python' and name 'clearpath_config'
[0.329s] Level 1:colcon.colcon_core.package_identification:_identify(src/clearpath_msgs) by extensions ['ignore', 'ignore_ament_install']
[0.329s] Level 1:colcon.colcon_core.package_identification:_identify(src/clearpath_msgs) by extension 'ignore'
[0.329s] Level 1:colcon.colcon_core.package_identification:_identify(src/clearpath_msgs) by extension 'ignore_ament_install'
[0.329s] Level 1:colcon.colcon_core.package_identification:_identify(src/clearpath_msgs) by extensions ['colcon_pkg']
[0.329s] Level 1:colcon.colcon_core.package_identification:_identify(src/clearpath_msgs) by extension 'colcon_pkg'
[0.329s] Level 1:colcon.colcon_core.package_identification:_identify(src/clearpath_msgs) by extensions ['colcon_meta']
[0.330s] Level 1:colcon.colcon_core.package_identification:_identify(src/clearpath_msgs) by extension 'colcon_meta'
[0.330s] Level 1:colcon.colcon_core.package_identification:_identify(src/clearpath_msgs) by extensions ['ros']
[0.330s] Level 1:colcon.colcon_core.package_identification:_identify(src/clearpath_msgs) by extension 'ros'
[0.330s] Level 1:colcon.colcon_core.package_identification:_identify(src/clearpath_msgs) by extensions ['cmake', 'python']
[0.330s] Level 1:colcon.colcon_core.package_identification:_identify(src/clearpath_msgs) by extension 'cmake'
[0.330s] Level 1:colcon.colcon_core.package_identification:_identify(src/clearpath_msgs) by extension 'python'
[0.330s] Level 1:colcon.colcon_core.package_identification:_identify(src/clearpath_msgs) by extensions ['python_setup_py']
[0.330s] Level 1:colcon.colcon_core.package_identification:_identify(src/clearpath_msgs) by extension 'python_setup_py'
[0.330s] Level 1:colcon.colcon_core.package_identification:_identify(src/clearpath_msgs/clearpath_msgs) by extensions ['ignore', 'ignore_ament_install']
[0.330s] Level 1:colcon.colcon_core.package_identification:_identify(src/clearpath_msgs/clearpath_msgs) by extension 'ignore'
[0.330s] Level 1:colcon.colcon_core.package_identification:_identify(src/clearpath_msgs/clearpath_msgs) by extension 'ignore_ament_install'
[0.330s] Level 1:colcon.colcon_core.package_identification:_identify(src/clearpath_msgs/clearpath_msgs) by extensions ['colcon_pkg']
[0.330s] Level 1:colcon.colcon_core.package_identification:_identify(src/clearpath_msgs/clearpath_msgs) by extension 'colcon_pkg'
[0.330s] Level 1:colcon.colcon_core.package_identification:_identify(src/clearpath_msgs/clearpath_msgs) by extensions ['colcon_meta']
[0.330s] Level 1:colcon.colcon_core.package_identification:_identify(src/clearpath_msgs/clearpath_msgs) by extension 'colcon_meta'
[0.330s] Level 1:colcon.colcon_core.package_identification:_identify(src/clearpath_msgs/clearpath_msgs) by extensions ['ros']
[0.330s] Level 1:colcon.colcon_core.package_identification:_identify(src/clearpath_msgs/clearpath_msgs) by extension 'ros'
[0.331s] DEBUG:colcon.colcon_core.package_identification:Package 'src/clearpath_msgs/clearpath_msgs' with type 'ros.ament_cmake' and name 'clearpath_msgs'
[0.331s] Level 1:colcon.colcon_core.package_identification:_identify(src/clearpath_msgs/clearpath_platform_msgs) by extensions ['ignore', 'ignore_ament_install']
[0.331s] Level 1:colcon.colcon_core.package_identification:_identify(src/clearpath_msgs/clearpath_platform_msgs) by extension 'ignore'
[0.331s] Level 1:colcon.colcon_core.package_identification:_identify(src/clearpath_msgs/clearpath_platform_msgs) by extension 'ignore_ament_install'
[0.331s] Level 1:colcon.colcon_core.package_identification:_identify(src/clearpath_msgs/clearpath_platform_msgs) by extensions ['colcon_pkg']
[0.331s] Level 1:colcon.colcon_core.package_identification:_identify(src/clearpath_msgs/clearpath_platform_msgs) by extension 'colcon_pkg'
[0.331s] Level 1:colcon.colcon_core.package_identification:_identify(src/clearpath_msgs/clearpath_platform_msgs) by extensions ['colcon_meta']
[0.331s] Level 1:colcon.colcon_core.package_identification:_identify(src/clearpath_msgs/clearpath_platform_msgs) by extension 'colcon_meta'
[0.331s] Level 1:colcon.colcon_core.package_identification:_identify(src/clearpath_msgs/clearpath_platform_msgs) by extensions ['ros']
[0.331s] Level 1:colcon.colcon_core.package_identification:_identify(src/clearpath_msgs/clearpath_platform_msgs) by extension 'ros'
[0.332s] DEBUG:colcon.colcon_core.package_identification:Package 'src/clearpath_msgs/clearpath_platform_msgs' with type 'ros.ament_cmake' and name 'clearpath_platform_msgs'
[0.332s] Level 1:colcon.colcon_core.package_identification:_identify(src/clearpath_nav2_demos) by extensions ['ignore', 'ignore_ament_install']
[0.332s] Level 1:colcon.colcon_core.package_identification:_identify(src/clearpath_nav2_demos) by extension 'ignore'
[0.332s] Level 1:colcon.colcon_core.package_identification:_identify(src/clearpath_nav2_demos) by extension 'ignore_ament_install'
[0.332s] Level 1:colcon.colcon_core.package_identification:_identify(src/clearpath_nav2_demos) by extensions ['colcon_pkg']
[0.332s] Level 1:colcon.colcon_core.package_identification:_identify(src/clearpath_nav2_demos) by extension 'colcon_pkg'
[0.332s] Level 1:colcon.colcon_core.package_identification:_identify(src/clearpath_nav2_demos) by extensions ['colcon_meta']
[0.332s] Level 1:colcon.colcon_core.package_identification:_identify(src/clearpath_nav2_demos) by extension 'colcon_meta'
[0.332s] Level 1:colcon.colcon_core.package_identification:_identify(src/clearpath_nav2_demos) by extensions ['ros']
[0.332s] Level 1:colcon.colcon_core.package_identification:_identify(src/clearpath_nav2_demos) by extension 'ros'
[0.333s] DEBUG:colcon.colcon_core.package_identification:Package 'src/clearpath_nav2_demos' with type 'ros.ament_cmake' and name 'clearpath_nav2_demos'
[0.333s] Level 1:colcon.colcon_core.package_identification:_identify(src/clearpath_simulator) by extensions ['ignore', 'ignore_ament_install']
[0.333s] Level 1:colcon.colcon_core.package_identification:_identify(src/clearpath_simulator) by extension 'ignore'
[0.333s] Level 1:colcon.colcon_core.package_identification:_identify(src/clearpath_simulator) by extension 'ignore_ament_install'
[0.333s] Level 1:colcon.colcon_core.package_identification:_identify(src/clearpath_simulator) by extensions ['colcon_pkg']
[0.333s] Level 1:colcon.colcon_core.package_identification:_identify(src/clearpath_simulator) by extension 'colcon_pkg'
[0.333s] Level 1:colcon.colcon_core.package_identification:_identify(src/clearpath_simulator) by extensions ['colcon_meta']
[0.333s] Level 1:colcon.colcon_core.package_identification:_identify(src/clearpath_simulator) by extension 'colcon_meta'
[0.333s] Level 1:colcon.colcon_core.package_identification:_identify(src/clearpath_simulator) by extensions ['ros']
[0.333s] Level 1:colcon.colcon_core.package_identification:_identify(src/clearpath_simulator) by extension 'ros'
[0.333s] Level 1:colcon.colcon_core.package_identification:_identify(src/clearpath_simulator) by extensions ['cmake', 'python']
[0.333s] Level 1:colcon.colcon_core.package_identification:_identify(src/clearpath_simulator) by extension 'cmake'
[0.333s] Level 1:colcon.colcon_core.package_identification:_identify(src/clearpath_simulator) by extension 'python'
[0.333s] Level 1:colcon.colcon_core.package_identification:_identify(src/clearpath_simulator) by extensions ['python_setup_py']
[0.333s] Level 1:colcon.colcon_core.package_identification:_identify(src/clearpath_simulator) by extension 'python_setup_py'
[0.333s] Level 1:colcon.colcon_core.package_identification:_identify(src/clearpath_simulator/clearpath_generator_gz) by extensions ['ignore', 'ignore_ament_install']
[0.334s] Level 1:colcon.colcon_core.package_identification:_identify(src/clearpath_simulator/clearpath_generator_gz) by extension 'ignore'
[0.334s] Level 1:colcon.colcon_core.package_identification:_identify(src/clearpath_simulator/clearpath_generator_gz) by extension 'ignore_ament_install'
[0.334s] Level 1:colcon.colcon_core.package_identification:_identify(src/clearpath_simulator/clearpath_generator_gz) by extensions ['colcon_pkg']
[0.334s] Level 1:colcon.colcon_core.package_identification:_identify(src/clearpath_simulator/clearpath_generator_gz) by extension 'colcon_pkg'
[0.334s] Level 1:colcon.colcon_core.package_identification:_identify(src/clearpath_simulator/clearpath_generator_gz) by extensions ['colcon_meta']
[0.334s] Level 1:colcon.colcon_core.package_identification:_identify(src/clearpath_simulator/clearpath_generator_gz) by extension 'colcon_meta'
[0.334s] Level 1:colcon.colcon_core.package_identification:_identify(src/clearpath_simulator/clearpath_generator_gz) by extensions ['ros']
[0.334s] Level 1:colcon.colcon_core.package_identification:_identify(src/clearpath_simulator/clearpath_generator_gz) by extension 'ros'
[0.334s] DEBUG:colcon.colcon_core.package_identification:Package 'src/clearpath_simulator/clearpath_generator_gz' with type 'ros.ament_cmake' and name 'clearpath_generator_gz'
[0.335s] Level 1:colcon.colcon_core.package_identification:_identify(src/clearpath_simulator/clearpath_gz) by extensions ['ignore', 'ignore_ament_install']
[0.335s] Level 1:colcon.colcon_core.package_identification:_identify(src/clearpath_simulator/clearpath_gz) by extension 'ignore'
[0.335s] Level 1:colcon.colcon_core.package_identification:_identify(src/clearpath_simulator/clearpath_gz) by extension 'ignore_ament_install'
[0.335s] Level 1:colcon.colcon_core.package_identification:_identify(src/clearpath_simulator/clearpath_gz) by extensions ['colcon_pkg']
[0.335s] Level 1:colcon.colcon_core.package_identification:_identify(src/clearpath_simulator/clearpath_gz) by extension 'colcon_pkg'
[0.335s] Level 1:colcon.colcon_core.package_identification:_identify(src/clearpath_simulator/clearpath_gz) by extensions ['colcon_meta']
[0.335s] Level 1:colcon.colcon_core.package_identification:_identify(src/clearpath_simulator/clearpath_gz) by extension 'colcon_meta'
[0.335s] Level 1:colcon.colcon_core.package_identification:_identify(src/clearpath_simulator/clearpath_gz) by extensions ['ros']
[0.335s] Level 1:colcon.colcon_core.package_identification:_identify(src/clearpath_simulator/clearpath_gz) by extension 'ros'
[0.335s] DEBUG:colcon.colcon_core.package_identification:Package 'src/clearpath_simulator/clearpath_gz' with type 'ros.ament_cmake' and name 'clearpath_gz'
[0.336s] Level 1:colcon.colcon_core.package_identification:_identify(src/clearpath_simulator/clearpath_simulator) by extensions ['ignore', 'ignore_ament_install']
[0.336s] Level 1:colcon.colcon_core.package_identification:_identify(src/clearpath_simulator/clearpath_simulator) by extension 'ignore'
[0.336s] Level 1:colcon.colcon_core.package_identification:_identify(src/clearpath_simulator/clearpath_simulator) by extension 'ignore_ament_install'
[0.336s] Level 1:colcon.colcon_core.package_identification:_identify(src/clearpath_simulator/clearpath_simulator) by extensions ['colcon_pkg']
[0.336s] Level 1:colcon.colcon_core.package_identification:_identify(src/clearpath_simulator/clearpath_simulator) by extension 'colcon_pkg'
[0.336s] Level 1:colcon.colcon_core.package_identification:_identify(src/clearpath_simulator/clearpath_simulator) by extensions ['colcon_meta']
[0.336s] Level 1:colcon.colcon_core.package_identification:_identify(src/clearpath_simulator/clearpath_simulator) by extension 'colcon_meta'
[0.336s] Level 1:colcon.colcon_core.package_identification:_identify(src/clearpath_simulator/clearpath_simulator) by extensions ['ros']
[0.336s] Level 1:colcon.colcon_core.package_identification:_identify(src/clearpath_simulator/clearpath_simulator) by extension 'ros'
[0.337s] DEBUG:colcon.colcon_core.package_identification:Package 'src/clearpath_simulator/clearpath_simulator' with type 'ros.ament_cmake' and name 'clearpath_simulator'
[0.337s] Level 1:colcon.colcon_core.package_identification:_identify(src/mpc_low) by extensions ['ignore', 'ignore_ament_install']
[0.337s] Level 1:colcon.colcon_core.package_identification:_identify(src/mpc_low) by extension 'ignore'
[0.337s] Level 1:colcon.colcon_core.package_identification:_identify(src/mpc_low) by extension 'ignore_ament_install'
[0.337s] Level 1:colcon.colcon_core.package_identification:_identify(src/mpc_low) by extensions ['colcon_pkg']
[0.337s] Level 1:colcon.colcon_core.package_identification:_identify(src/mpc_low) by extension 'colcon_pkg'
[0.337s] Level 1:colcon.colcon_core.package_identification:_identify(src/mpc_low) by extensions ['colcon_meta']
[0.337s] Level 1:colcon.colcon_core.package_identification:_identify(src/mpc_low) by extension 'colcon_meta'
[0.337s] Level 1:colcon.colcon_core.package_identification:_identify(src/mpc_low) by extensions ['ros']
[0.337s] Level 1:colcon.colcon_core.package_identification:_identify(src/mpc_low) by extension 'ros'
[0.338s] DEBUG:colcon.colcon_core.package_identification:Package 'src/mpc_low' with type 'ros.ament_cmake' and name 'mpc_low'
[0.339s] Level 1:colcon.colcon_core.package_identification:_identify(src/person_movement) by extensions ['ignore', 'ignore_ament_install']
[0.339s] Level 1:colcon.colcon_core.package_identification:_identify(src/person_movement) by extension 'ignore'
[0.339s] Level 1:colcon.colcon_core.package_identification:_identify(src/person_movement) by extension 'ignore_ament_install'
[0.339s] Level 1:colcon.colcon_core.package_identification:_identify(src/person_movement) by extensions ['colcon_pkg']
[0.339s] Level 1:colcon.colcon_core.package_identification:_identify(src/person_movement) by extension 'colcon_pkg'
[0.339s] Level 1:colcon.colcon_core.package_identification:_identify(src/person_movement) by extensions ['colcon_meta']
[0.339s] Level 1:colcon.colcon_core.package_identification:_identify(src/person_movement) by extension 'colcon_meta'
[0.339s] Level 1:colcon.colcon_core.package_identification:_identify(src/person_movement) by extensions ['ros']
[0.339s] Level 1:colcon.colcon_core.package_identification:_identify(src/person_movement) by extension 'ros'
[0.340s] DEBUG:colcon.colcon_core.package_identification:Package 'src/person_movement' with type 'ros.ament_python' and name 'person_movement'
[0.340s] Level 1:colcon.colcon_core.package_identification:_identify(src/yolo_ros) by extensions ['ignore', 'ignore_ament_install']
[0.340s] Level 1:colcon.colcon_core.package_identification:_identify(src/yolo_ros) by extension 'ignore'
[0.340s] Level 1:colcon.colcon_core.package_identification:_identify(src/yolo_ros) by extension 'ignore_ament_install'
[0.340s] Level 1:colcon.colcon_core.package_identification:_identify(src/yolo_ros) by extensions ['colcon_pkg']
[0.340s] Level 1:colcon.colcon_core.package_identification:_identify(src/yolo_ros) by extension 'colcon_pkg'
[0.340s] Level 1:colcon.colcon_core.package_identification:_identify(src/yolo_ros) by extensions ['colcon_meta']
[0.340s] Level 1:colcon.colcon_core.package_identification:_identify(src/yolo_ros) by extension 'colcon_meta'
[0.340s] Level 1:colcon.colcon_core.package_identification:_identify(src/yolo_ros) by extensions ['ros']
[0.340s] Level 1:colcon.colcon_core.package_identification:_identify(src/yolo_ros) by extension 'ros'
[0.340s] Level 1:colcon.colcon_core.package_identification:_identify(src/yolo_ros) by extensions ['cmake', 'python']
[0.340s] Level 1:colcon.colcon_core.package_identification:_identify(src/yolo_ros) by extension 'cmake'
[0.340s] Level 1:colcon.colcon_core.package_identification:_identify(src/yolo_ros) by extension 'python'
[0.341s] Level 1:colcon.colcon_core.package_identification:_identify(src/yolo_ros) by extensions ['python_setup_py']
[0.341s] Level 1:colcon.colcon_core.package_identification:_identify(src/yolo_ros) by extension 'python_setup_py'
[0.341s] Level 1:colcon.colcon_core.package_identification:_identify(src/yolo_ros/docs) by extensions ['ignore', 'ignore_ament_install']
[0.341s] Level 1:colcon.colcon_core.package_identification:_identify(src/yolo_ros/docs) by extension 'ignore'
[0.341s] Level 1:colcon.colcon_core.package_identification:_identify(src/yolo_ros/docs) by extension 'ignore_ament_install'
[0.341s] Level 1:colcon.colcon_core.package_identification:_identify(src/yolo_ros/docs) by extensions ['colcon_pkg']
[0.341s] Level 1:colcon.colcon_core.package_identification:_identify(src/yolo_ros/docs) by extension 'colcon_pkg'
[0.341s] Level 1:colcon.colcon_core.package_identification:_identify(src/yolo_ros/docs) by extensions ['colcon_meta']
[0.341s] Level 1:colcon.colcon_core.package_identification:_identify(src/yolo_ros/docs) by extension 'colcon_meta'
[0.341s] Level 1:colcon.colcon_core.package_identification:_identify(src/yolo_ros/docs) by extensions ['ros']
[0.341s] Level 1:colcon.colcon_core.package_identification:_identify(src/yolo_ros/docs) by extension 'ros'
[0.341s] Level 1:colcon.colcon_core.package_identification:_identify(src/yolo_ros/docs) by extensions ['cmake', 'python']
[0.341s] Level 1:colcon.colcon_core.package_identification:_identify(src/yolo_ros/docs) by extension 'cmake'
[0.341s] Level 1:colcon.colcon_core.package_identification:_identify(src/yolo_ros/docs) by extension 'python'
[0.341s] Level 1:colcon.colcon_core.package_identification:_identify(src/yolo_ros/docs) by extensions ['python_setup_py']
[0.341s] Level 1:colcon.colcon_core.package_identification:_identify(src/yolo_ros/docs) by extension 'python_setup_py'
[0.341s] Level 1:colcon.colcon_core.package_identification:_identify(src/yolo_ros/yolo_bringup) by extensions ['ignore', 'ignore_ament_install']
[0.341s] Level 1:colcon.colcon_core.package_identification:_identify(src/yolo_ros/yolo_bringup) by extension 'ignore'
[0.342s] Level 1:colcon.colcon_core.package_identification:_identify(src/yolo_ros/yolo_bringup) by extension 'ignore_ament_install'
[0.342s] Level 1:colcon.colcon_core.package_identification:_identify(src/yolo_ros/yolo_bringup) by extensions ['colcon_pkg']
[0.342s] Level 1:colcon.colcon_core.package_identification:_identify(src/yolo_ros/yolo_bringup) by extension 'colcon_pkg'
[0.342s] Level 1:colcon.colcon_core.package_identification:_identify(src/yolo_ros/yolo_bringup) by extensions ['colcon_meta']
[0.342s] Level 1:colcon.colcon_core.package_identification:_identify(src/yolo_ros/yolo_bringup) by extension 'colcon_meta'
[0.342s] Level 1:colcon.colcon_core.package_identification:_identify(src/yolo_ros/yolo_bringup) by extensions ['ros']
[0.342s] Level 1:colcon.colcon_core.package_identification:_identify(src/yolo_ros/yolo_bringup) by extension 'ros'
[0.342s] DEBUG:colcon.colcon_core.package_identification:Package 'src/yolo_ros/yolo_bringup' with type 'ros.ament_cmake' and name 'yolo_bringup'
[0.342s] Level 1:colcon.colcon_core.package_identification:_identify(src/yolo_ros/yolo_msgs) by extensions ['ignore', 'ignore_ament_install']
[0.343s] Level 1:colcon.colcon_core.package_identification:_identify(src/yolo_ros/yolo_msgs) by extension 'ignore'
[0.343s] Level 1:colcon.colcon_core.package_identification:_identify(src/yolo_ros/yolo_msgs) by extension 'ignore_ament_install'
[0.343s] Level 1:colcon.colcon_core.package_identification:_identify(src/yolo_ros/yolo_msgs) by extensions ['colcon_pkg']
[0.343s] Level 1:colcon.colcon_core.package_identification:_identify(src/yolo_ros/yolo_msgs) by extension 'colcon_pkg'
[0.343s] Level 1:colcon.colcon_core.package_identification:_identify(src/yolo_ros/yolo_msgs) by extensions ['colcon_meta']
[0.343s] Level 1:colcon.colcon_core.package_identification:_identify(src/yolo_ros/yolo_msgs) by extension 'colcon_meta'
[0.343s] Level 1:colcon.colcon_core.package_identification:_identify(src/yolo_ros/yolo_msgs) by extensions ['ros']
[0.343s] Level 1:colcon.colcon_core.package_identification:_identify(src/yolo_ros/yolo_msgs) by extension 'ros'
[0.343s] DEBUG:colcon.colcon_core.package_identification:Package 'src/yolo_ros/yolo_msgs' with type 'ros.ament_cmake' and name 'yolo_msgs'
[0.343s] Level 1:colcon.colcon_core.package_identification:_identify(src/yolo_ros/yolo_ros) by extensions ['ignore', 'ignore_ament_install']
[0.344s] Level 1:colcon.colcon_core.package_identification:_identify(src/yolo_ros/yolo_ros) by extension 'ignore'
[0.344s] Level 1:colcon.colcon_core.package_identification:_identify(src/yolo_ros/yolo_ros) by extension 'ignore_ament_install'
[0.344s] Level 1:colcon.colcon_core.package_identification:_identify(src/yolo_ros/yolo_ros) by extensions ['colcon_pkg']
[0.344s] Level 1:colcon.colcon_core.package_identification:_identify(src/yolo_ros/yolo_ros) by extension 'colcon_pkg'
[0.344s] Level 1:colcon.colcon_core.package_identification:_identify(src/yolo_ros/yolo_ros) by extensions ['colcon_meta']
[0.344s] Level 1:colcon.colcon_core.package_identification:_identify(src/yolo_ros/yolo_ros) by extension 'colcon_meta'
[0.344s] Level 1:colcon.colcon_core.package_identification:_identify(src/yolo_ros/yolo_ros) by extensions ['ros']
[0.344s] Level 1:colcon.colcon_core.package_identification:_identify(src/yolo_ros/yolo_ros) by extension 'ros'
[0.345s] DEBUG:colcon.colcon_core.package_identification:Package 'src/yolo_ros/yolo_ros' with type 'ros.ament_python' and name 'yolo_ros'
[0.345s] Level 1:colcon.colcon_core.package_discovery:discover_packages(recursive) using defaults
[0.345s] Level 1:colcon.colcon_core.package_discovery:discover_packages(ignore) discover
[0.345s] Level 1:colcon.colcon_core.package_discovery:discover_packages(ignore) using defaults
[0.345s] Level 1:colcon.colcon_core.package_discovery:discover_packages(path) discover
[0.345s] Level 1:colcon.colcon_core.package_discovery:discover_packages(path) using defaults
[0.365s] WARNING:colcon.colcon_core.package_augmentation.check_dependency_constraint:clearpath_nav2_demos depends on clearpath_config which has version 0.3.3 but expects it to be greater than or equal to 1.0.0
[0.369s] Level 1:colcon.colcon_core.package_discovery:discover_packages(prefix_path) check parameters
[0.369s] Level 1:colcon.colcon_core.package_discovery:discover_packages(prefix_path) discover
[0.371s] DEBUG:colcon.colcon_installed_package_information.package_discovery:Found 25 installed packages in /home/dimash/debug_clear_ws/install
[0.373s] DEBUG:colcon.colcon_installed_package_information.package_discovery:Found 428 installed packages in /opt/ros/humble
[0.375s] Level 1:colcon.colcon_core.package_discovery:discover_packages(prefix_path) using defaults
[0.422s] WARNING:colcon.colcon_core.package_selection:Some selected packages are already built in one or more underlay workspaces:
	'clearpath_generator_common' is in: /home/dimash/debug_clear_ws/install/clearpath_generator_common, /opt/ros/humble
	'clearpath_platform_msgs' is in: /home/dimash/debug_clear_ws/install/clearpath_platform_msgs, /opt/ros/humble
	'clearpath_platform_description' is in: /home/dimash/debug_clear_ws/install/clearpath_platform_description, /opt/ros/humble
If a package in a merged underlay workspace is overridden and it installs headers, then all packages in the overlay must sort their include directories by workspace order. Failure to do so may result in build failures or undefined behavior at run time.
If the overridden package is used by another package in any underlay, then the overriding package in the overlay must be API and ABI compatible or undefined behavior at run time may occur.

If you understand the risks and want to override a package anyways, add the following to the command line:
	--allow-overriding clearpath_generator_common clearpath_platform_description clearpath_platform_msgs

This may be promoted to an error in a future release of colcon-override-check.
[0.423s] Level 5:colcon.colcon_core.verb:set package 'clearpath_config' build argument 'cmake_args' from command line to 'None'
[0.423s] Level 5:colcon.colcon_core.verb:set package 'clearpath_config' build argument 'cmake_target' from command line to 'None'
[0.423s] Level 5:colcon.colcon_core.verb:set package 'clearpath_config' build argument 'cmake_target_skip_unavailable' from command line to 'False'
[0.423s] Level 5:colcon.colcon_core.verb:set package 'clearpath_config' build argument 'cmake_clean_cache' from command line to 'False'
[0.423s] Level 5:colcon.colcon_core.verb:set package 'clearpath_config' build argument 'cmake_clean_first' from command line to 'False'
[0.423s] Level 5:colcon.colcon_core.verb:set package 'clearpath_config' build argument 'cmake_force_configure' from command line to 'False'
[0.423s] Level 5:colcon.colcon_core.verb:set package 'clearpath_config' build argument 'ament_cmake_args' from command line to 'None'
[0.423s] Level 5:colcon.colcon_core.verb:set package 'clearpath_config' build argument 'catkin_cmake_args' from command line to 'None'
[0.423s] Level 5:colcon.colcon_core.verb:set package 'clearpath_config' build argument 'catkin_skip_building_tests' from command line to 'False'
[0.423s] DEBUG:colcon.colcon_core.verb:Building package 'clearpath_config' with the following arguments: {'ament_cmake_args': None, 'build_base': '/home/dimash/debug_clear_ws/build/clearpath_config', 'catkin_cmake_args': None, 'catkin_skip_building_tests': False, 'cmake_args': None, 'cmake_clean_cache': False, 'cmake_clean_first': False, 'cmake_force_configure': False, 'cmake_target': None, 'cmake_target_skip_unavailable': False, 'install_base': '/home/dimash/debug_clear_ws/install/clearpath_config', 'merge_install': False, 'path': '/home/dimash/debug_clear_ws/src/clearpath_config', 'symlink_install': False, 'test_result_base': None}
[0.423s] Level 5:colcon.colcon_core.verb:set package 'clearpath_control' build argument 'cmake_args' from command line to 'None'
[0.423s] Level 5:colcon.colcon_core.verb:set package 'clearpath_control' build argument 'cmake_target' from command line to 'None'
[0.423s] Level 5:colcon.colcon_core.verb:set package 'clearpath_control' build argument 'cmake_target_skip_unavailable' from command line to 'False'
[0.424s] Level 5:colcon.colcon_core.verb:set package 'clearpath_control' build argument 'cmake_clean_cache' from command line to 'False'
[0.424s] Level 5:colcon.colcon_core.verb:set package 'clearpath_control' build argument 'cmake_clean_first' from command line to 'False'
[0.424s] Level 5:colcon.colcon_core.verb:set package 'clearpath_control' build argument 'cmake_force_configure' from command line to 'False'
[0.424s] Level 5:colcon.colcon_core.verb:set package 'clearpath_control' build argument 'ament_cmake_args' from command line to 'None'
[0.424s] Level 5:colcon.colcon_core.verb:set package 'clearpath_control' build argument 'catkin_cmake_args' from command line to 'None'
[0.424s] Level 5:colcon.colcon_core.verb:set package 'clearpath_control' build argument 'catkin_skip_building_tests' from command line to 'False'
[0.424s] DEBUG:colcon.colcon_core.verb:Building package 'clearpath_control' with the following arguments: {'ament_cmake_args': None, 'build_base': '/home/dimash/debug_clear_ws/build/clearpath_control', 'catkin_cmake_args': None, 'catkin_skip_building_tests': False, 'cmake_args': None, 'cmake_clean_cache': False, 'cmake_clean_first': False, 'cmake_force_configure': False, 'cmake_target': None, 'cmake_target_skip_unavailable': False, 'install_base': '/home/dimash/debug_clear_ws/install/clearpath_control', 'merge_install': False, 'path': '/home/dimash/debug_clear_ws/src/clearpath_common/clearpath_control', 'symlink_install': False, 'test_result_base': None}
[0.424s] Level 5:colcon.colcon_core.verb:set package 'clearpath_customization' build argument 'cmake_args' from command line to 'None'
[0.424s] Level 5:colcon.colcon_core.verb:set package 'clearpath_customization' build argument 'cmake_target' from command line to 'None'
[0.424s] Level 5:colcon.colcon_core.verb:set package 'clearpath_customization' build argument 'cmake_target_skip_unavailable' from command line to 'False'
[0.424s] Level 5:colcon.colcon_core.verb:set package 'clearpath_customization' build argument 'cmake_clean_cache' from command line to 'False'
[0.424s] Level 5:colcon.colcon_core.verb:set package 'clearpath_customization' build argument 'cmake_clean_first' from command line to 'False'
[0.424s] Level 5:colcon.colcon_core.verb:set package 'clearpath_customization' build argument 'cmake_force_configure' from command line to 'False'
[0.424s] Level 5:colcon.colcon_core.verb:set package 'clearpath_customization' build argument 'ament_cmake_args' from command line to 'None'
[0.424s] Level 5:colcon.colcon_core.verb:set package 'clearpath_customization' build argument 'catkin_cmake_args' from command line to 'None'
[0.424s] Level 5:colcon.colcon_core.verb:set package 'clearpath_customization' build argument 'catkin_skip_building_tests' from command line to 'False'
[0.424s] DEBUG:colcon.colcon_core.verb:Building package 'clearpath_customization' with the following arguments: {'ament_cmake_args': None, 'build_base': '/home/dimash/debug_clear_ws/build/clearpath_customization', 'catkin_cmake_args': None, 'catkin_skip_building_tests': False, 'cmake_args': None, 'cmake_clean_cache': False, 'cmake_clean_first': False, 'cmake_force_configure': False, 'cmake_target': None, 'cmake_target_skip_unavailable': False, 'install_base': '/home/dimash/debug_clear_ws/install/clearpath_customization', 'merge_install': False, 'path': '/home/dimash/debug_clear_ws/src/clearpath_common/clearpath_customization', 'symlink_install': False, 'test_result_base': None}
[0.425s] Level 5:colcon.colcon_core.verb:set package 'clearpath_manipulators_description' build argument 'cmake_args' from command line to 'None'
[0.425s] Level 5:colcon.colcon_core.verb:set package 'clearpath_manipulators_description' build argument 'cmake_target' from command line to 'None'
[0.425s] Level 5:colcon.colcon_core.verb:set package 'clearpath_manipulators_description' build argument 'cmake_target_skip_unavailable' from command line to 'False'
[0.425s] Level 5:colcon.colcon_core.verb:set package 'clearpath_manipulators_description' build argument 'cmake_clean_cache' from command line to 'False'
[0.425s] Level 5:colcon.colcon_core.verb:set package 'clearpath_manipulators_description' build argument 'cmake_clean_first' from command line to 'False'
[0.425s] Level 5:colcon.colcon_core.verb:set package 'clearpath_manipulators_description' build argument 'cmake_force_configure' from command line to 'False'
[0.425s] Level 5:colcon.colcon_core.verb:set package 'clearpath_manipulators_description' build argument 'ament_cmake_args' from command line to 'None'
[0.425s] Level 5:colcon.colcon_core.verb:set package 'clearpath_manipulators_description' build argument 'catkin_cmake_args' from command line to 'None'
[0.425s] Level 5:colcon.colcon_core.verb:set package 'clearpath_manipulators_description' build argument 'catkin_skip_building_tests' from command line to 'False'
[0.425s] DEBUG:colcon.colcon_core.verb:Building package 'clearpath_manipulators_description' with the following arguments: {'ament_cmake_args': None, 'build_base': '/home/dimash/debug_clear_ws/build/clearpath_manipulators_description', 'catkin_cmake_args': None, 'catkin_skip_building_tests': False, 'cmake_args': None, 'cmake_clean_cache': False, 'cmake_clean_first': False, 'cmake_force_configure': False, 'cmake_target': None, 'cmake_target_skip_unavailable': False, 'install_base': '/home/dimash/debug_clear_ws/install/clearpath_manipulators_description', 'merge_install': False, 'path': '/home/dimash/debug_clear_ws/src/clearpath_common/clearpath_manipulators_description', 'symlink_install': False, 'test_result_base': None}
[0.425s] Level 5:colcon.colcon_core.verb:set package 'clearpath_mounts_description' build argument 'cmake_args' from command line to 'None'
[0.425s] Level 5:colcon.colcon_core.verb:set package 'clearpath_mounts_description' build argument 'cmake_target' from command line to 'None'
[0.425s] Level 5:colcon.colcon_core.verb:set package 'clearpath_mounts_description' build argument 'cmake_target_skip_unavailable' from command line to 'False'
[0.425s] Level 5:colcon.colcon_core.verb:set package 'clearpath_mounts_description' build argument 'cmake_clean_cache' from command line to 'False'
[0.425s] Level 5:colcon.colcon_core.verb:set package 'clearpath_mounts_description' build argument 'cmake_clean_first' from command line to 'False'
[0.425s] Level 5:colcon.colcon_core.verb:set package 'clearpath_mounts_description' build argument 'cmake_force_configure' from command line to 'False'
[0.425s] Level 5:colcon.colcon_core.verb:set package 'clearpath_mounts_description' build argument 'ament_cmake_args' from command line to 'None'
[0.425s] Level 5:colcon.colcon_core.verb:set package 'clearpath_mounts_description' build argument 'catkin_cmake_args' from command line to 'None'
[0.425s] Level 5:colcon.colcon_core.verb:set package 'clearpath_mounts_description' build argument 'catkin_skip_building_tests' from command line to 'False'
[0.425s] DEBUG:colcon.colcon_core.verb:Building package 'clearpath_mounts_description' with the following arguments: {'ament_cmake_args': None, 'build_base': '/home/dimash/debug_clear_ws/build/clearpath_mounts_description', 'catkin_cmake_args': None, 'catkin_skip_building_tests': False, 'cmake_args': None, 'cmake_clean_cache': False, 'cmake_clean_first': False, 'cmake_force_configure': False, 'cmake_target': None, 'cmake_target_skip_unavailable': False, 'install_base': '/home/dimash/debug_clear_ws/install/clearpath_mounts_description', 'merge_install': False, 'path': '/home/dimash/debug_clear_ws/src/clearpath_common/clearpath_mounts_description', 'symlink_install': False, 'test_result_base': None}
[0.426s] Level 5:colcon.colcon_core.verb:set package 'clearpath_platform_description' build argument 'cmake_args' from command line to 'None'
[0.426s] Level 5:colcon.colcon_core.verb:set package 'clearpath_platform_description' build argument 'cmake_target' from command line to 'None'
[0.426s] Level 5:colcon.colcon_core.verb:set package 'clearpath_platform_description' build argument 'cmake_target_skip_unavailable' from command line to 'False'
[0.426s] Level 5:colcon.colcon_core.verb:set package 'clearpath_platform_description' build argument 'cmake_clean_cache' from command line to 'False'
[0.426s] Level 5:colcon.colcon_core.verb:set package 'clearpath_platform_description' build argument 'cmake_clean_first' from command line to 'False'
[0.426s] Level 5:colcon.colcon_core.verb:set package 'clearpath_platform_description' build argument 'cmake_force_configure' from command line to 'False'
[0.426s] Level 5:colcon.colcon_core.verb:set package 'clearpath_platform_description' build argument 'ament_cmake_args' from command line to 'None'
[0.426s] Level 5:colcon.colcon_core.verb:set package 'clearpath_platform_description' build argument 'catkin_cmake_args' from command line to 'None'
[0.426s] Level 5:colcon.colcon_core.verb:set package 'clearpath_platform_description' build argument 'catkin_skip_building_tests' from command line to 'False'
[0.426s] DEBUG:colcon.colcon_core.verb:Building package 'clearpath_platform_description' with the following arguments: {'ament_cmake_args': None, 'build_base': '/home/dimash/debug_clear_ws/build/clearpath_platform_description', 'catkin_cmake_args': None, 'catkin_skip_building_tests': False, 'cmake_args': None, 'cmake_clean_cache': False, 'cmake_clean_first': False, 'cmake_force_configure': False, 'cmake_target': None, 'cmake_target_skip_unavailable': False, 'install_base': '/home/dimash/debug_clear_ws/install/clearpath_platform_description', 'merge_install': False, 'path': '/home/dimash/debug_clear_ws/src/clearpath_common/clearpath_platform_description', 'symlink_install': False, 'test_result_base': None}
[0.426s] Level 5:colcon.colcon_core.verb:set package 'clearpath_platform_msgs' build argument 'cmake_args' from command line to 'None'
[0.426s] Level 5:colcon.colcon_core.verb:set package 'clearpath_platform_msgs' build argument 'cmake_target' from command line to 'None'
[0.426s] Level 5:colcon.colcon_core.verb:set package 'clearpath_platform_msgs' build argument 'cmake_target_skip_unavailable' from command line to 'False'
[0.426s] Level 5:colcon.colcon_core.verb:set package 'clearpath_platform_msgs' build argument 'cmake_clean_cache' from command line to 'False'
[0.426s] Level 5:colcon.colcon_core.verb:set package 'clearpath_platform_msgs' build argument 'cmake_clean_first' from command line to 'False'
[0.426s] Level 5:colcon.colcon_core.verb:set package 'clearpath_platform_msgs' build argument 'cmake_force_configure' from command line to 'False'
[0.426s] Level 5:colcon.colcon_core.verb:set package 'clearpath_platform_msgs' build argument 'ament_cmake_args' from command line to 'None'
[0.426s] Level 5:colcon.colcon_core.verb:set package 'clearpath_platform_msgs' build argument 'catkin_cmake_args' from command line to 'None'
[0.426s] Level 5:colcon.colcon_core.verb:set package 'clearpath_platform_msgs' build argument 'catkin_skip_building_tests' from command line to 'False'
[0.426s] DEBUG:colcon.colcon_core.verb:Building package 'clearpath_platform_msgs' with the following arguments: {'ament_cmake_args': None, 'build_base': '/home/dimash/debug_clear_ws/build/clearpath_platform_msgs', 'catkin_cmake_args': None, 'catkin_skip_building_tests': False, 'cmake_args': None, 'cmake_clean_cache': False, 'cmake_clean_first': False, 'cmake_force_configure': False, 'cmake_target': None, 'cmake_target_skip_unavailable': False, 'install_base': '/home/dimash/debug_clear_ws/install/clearpath_platform_msgs', 'merge_install': False, 'path': '/home/dimash/debug_clear_ws/src/clearpath_msgs/clearpath_platform_msgs', 'symlink_install': False, 'test_result_base': None}
[0.427s] Level 5:colcon.colcon_core.verb:set package 'clearpath_sensors_description' build argument 'cmake_args' from command line to 'None'
[0.427s] Level 5:colcon.colcon_core.verb:set package 'clearpath_sensors_description' build argument 'cmake_target' from command line to 'None'
[0.427s] Level 5:colcon.colcon_core.verb:set package 'clearpath_sensors_description' build argument 'cmake_target_skip_unavailable' from command line to 'False'
[0.427s] Level 5:colcon.colcon_core.verb:set package 'clearpath_sensors_description' build argument 'cmake_clean_cache' from command line to 'False'
[0.427s] Level 5:colcon.colcon_core.verb:set package 'clearpath_sensors_description' build argument 'cmake_clean_first' from command line to 'False'
[0.427s] Level 5:colcon.colcon_core.verb:set package 'clearpath_sensors_description' build argument 'cmake_force_configure' from command line to 'False'
[0.427s] Level 5:colcon.colcon_core.verb:set package 'clearpath_sensors_description' build argument 'ament_cmake_args' from command line to 'None'
[0.427s] Level 5:colcon.colcon_core.verb:set package 'clearpath_sensors_description' build argument 'catkin_cmake_args' from command line to 'None'
[0.427s] Level 5:colcon.colcon_core.verb:set package 'clearpath_sensors_description' build argument 'catkin_skip_building_tests' from command line to 'False'
[0.427s] DEBUG:colcon.colcon_core.verb:Building package 'clearpath_sensors_description' with the following arguments: {'ament_cmake_args': None, 'build_base': '/home/dimash/debug_clear_ws/build/clearpath_sensors_description', 'catkin_cmake_args': None, 'catkin_skip_building_tests': False, 'cmake_args': None, 'cmake_clean_cache': False, 'cmake_clean_first': False, 'cmake_force_configure': False, 'cmake_target': None, 'cmake_target_skip_unavailable': False, 'install_base': '/home/dimash/debug_clear_ws/install/clearpath_sensors_description', 'merge_install': False, 'path': '/home/dimash/debug_clear_ws/src/clearpath_common/clearpath_sensors_description', 'symlink_install': False, 'test_result_base': None}
[0.427s] Level 5:colcon.colcon_core.verb:set package 'person_movement' build argument 'cmake_args' from command line to 'None'
[0.427s] Level 5:colcon.colcon_core.verb:set package 'person_movement' build argument 'cmake_target' from command line to 'None'
[0.427s] Level 5:colcon.colcon_core.verb:set package 'person_movement' build argument 'cmake_target_skip_unavailable' from command line to 'False'
[0.427s] Level 5:colcon.colcon_core.verb:set package 'person_movement' build argument 'cmake_clean_cache' from command line to 'False'
[0.427s] Level 5:colcon.colcon_core.verb:set package 'person_movement' build argument 'cmake_clean_first' from command line to 'False'
[0.427s] Level 5:colcon.colcon_core.verb:set package 'person_movement' build argument 'cmake_force_configure' from command line to 'False'
[0.427s] Level 5:colcon.colcon_core.verb:set package 'person_movement' build argument 'ament_cmake_args' from command line to 'None'
[0.427s] Level 5:colcon.colcon_core.verb:set package 'person_movement' build argument 'catkin_cmake_args' from command line to 'None'
[0.427s] Level 5:colcon.colcon_core.verb:set package 'person_movement' build argument 'catkin_skip_building_tests' from command line to 'False'
[0.427s] DEBUG:colcon.colcon_core.verb:Building package 'person_movement' with the following arguments: {'ament_cmake_args': None, 'build_base': '/home/dimash/debug_clear_ws/build/person_movement', 'catkin_cmake_args': None, 'catkin_skip_building_tests': False, 'cmake_args': None, 'cmake_clean_cache': False, 'cmake_clean_first': False, 'cmake_force_configure': False, 'cmake_target': None, 'cmake_target_skip_unavailable': False, 'install_base': '/home/dimash/debug_clear_ws/install/person_movement', 'merge_install': False, 'path': '/home/dimash/debug_clear_ws/src/person_movement', 'symlink_install': False, 'test_result_base': None}
[0.428s] Level 5:colcon.colcon_core.verb:set package 'yolo_msgs' build argument 'cmake_args' from command line to 'None'
[0.428s] Level 5:colcon.colcon_core.verb:set package 'yolo_msgs' build argument 'cmake_target' from command line to 'None'
[0.428s] Level 5:colcon.colcon_core.verb:set package 'yolo_msgs' build argument 'cmake_target_skip_unavailable' from command line to 'False'
[0.428s] Level 5:colcon.colcon_core.verb:set package 'yolo_msgs' build argument 'cmake_clean_cache' from command line to 'False'
[0.428s] Level 5:colcon.colcon_core.verb:set package 'yolo_msgs' build argument 'cmake_clean_first' from command line to 'False'
[0.428s] Level 5:colcon.colcon_core.verb:set package 'yolo_msgs' build argument 'cmake_force_configure' from command line to 'False'
[0.428s] Level 5:colcon.colcon_core.verb:set package 'yolo_msgs' build argument 'ament_cmake_args' from command line to 'None'
[0.428s] Level 5:colcon.colcon_core.verb:set package 'yolo_msgs' build argument 'catkin_cmake_args' from command line to 'None'
[0.428s] Level 5:colcon.colcon_core.verb:set package 'yolo_msgs' build argument 'catkin_skip_building_tests' from command line to 'False'
[0.428s] DEBUG:colcon.colcon_core.verb:Building package 'yolo_msgs' with the following arguments: {'ament_cmake_args': None, 'build_base': '/home/dimash/debug_clear_ws/build/yolo_msgs', 'catkin_cmake_args': None, 'catkin_skip_building_tests': False, 'cmake_args': None, 'cmake_clean_cache': False, 'cmake_clean_first': False, 'cmake_force_configure': False, 'cmake_target': None, 'cmake_target_skip_unavailable': False, 'install_base': '/home/dimash/debug_clear_ws/install/yolo_msgs', 'merge_install': False, 'path': '/home/dimash/debug_clear_ws/src/yolo_ros/yolo_msgs', 'symlink_install': False, 'test_result_base': None}
[0.428s] Level 5:colcon.colcon_core.verb:set package 'clearpath_description' build argument 'cmake_args' from command line to 'None'
[0.428s] Level 5:colcon.colcon_core.verb:set package 'clearpath_description' build argument 'cmake_target' from command line to 'None'
[0.428s] Level 5:colcon.colcon_core.verb:set package 'clearpath_description' build argument 'cmake_target_skip_unavailable' from command line to 'False'
[0.428s] Level 5:colcon.colcon_core.verb:set package 'clearpath_description' build argument 'cmake_clean_cache' from command line to 'False'
[0.428s] Level 5:colcon.colcon_core.verb:set package 'clearpath_description' build argument 'cmake_clean_first' from command line to 'False'
[0.428s] Level 5:colcon.colcon_core.verb:set package 'clearpath_description' build argument 'cmake_force_configure' from command line to 'False'
[0.428s] Level 5:colcon.colcon_core.verb:set package 'clearpath_description' build argument 'ament_cmake_args' from command line to 'None'
[0.428s] Level 5:colcon.colcon_core.verb:set package 'clearpath_description' build argument 'catkin_cmake_args' from command line to 'None'
[0.428s] Level 5:colcon.colcon_core.verb:set package 'clearpath_description' build argument 'catkin_skip_building_tests' from command line to 'False'
[0.428s] DEBUG:colcon.colcon_core.verb:Building package 'clearpath_description' with the following arguments: {'ament_cmake_args': None, 'build_base': '/home/dimash/debug_clear_ws/build/clearpath_description', 'catkin_cmake_args': None, 'catkin_skip_building_tests': False, 'cmake_args': None, 'cmake_clean_cache': False, 'cmake_clean_first': False, 'cmake_force_configure': False, 'cmake_target': None, 'cmake_target_skip_unavailable': False, 'install_base': '/home/dimash/debug_clear_ws/install/clearpath_description', 'merge_install': False, 'path': '/home/dimash/debug_clear_ws/src/clearpath_common/clearpath_description', 'symlink_install': False, 'test_result_base': None}
[0.429s] Level 5:colcon.colcon_core.verb:set package 'clearpath_manipulators' build argument 'cmake_args' from command line to 'None'
[0.429s] Level 5:colcon.colcon_core.verb:set package 'clearpath_manipulators' build argument 'cmake_target' from command line to 'None'
[0.429s] Level 5:colcon.colcon_core.verb:set package 'clearpath_manipulators' build argument 'cmake_target_skip_unavailable' from command line to 'False'
[0.429s] Level 5:colcon.colcon_core.verb:set package 'clearpath_manipulators' build argument 'cmake_clean_cache' from command line to 'False'
[0.429s] Level 5:colcon.colcon_core.verb:set package 'clearpath_manipulators' build argument 'cmake_clean_first' from command line to 'False'
[0.429s] Level 5:colcon.colcon_core.verb:set package 'clearpath_manipulators' build argument 'cmake_force_configure' from command line to 'False'
[0.429s] Level 5:colcon.colcon_core.verb:set package 'clearpath_manipulators' build argument 'ament_cmake_args' from command line to 'None'
[0.429s] Level 5:colcon.colcon_core.verb:set package 'clearpath_manipulators' build argument 'catkin_cmake_args' from command line to 'None'
[0.429s] Level 5:colcon.colcon_core.verb:set package 'clearpath_manipulators' build argument 'catkin_skip_building_tests' from command line to 'False'
[0.429s] DEBUG:colcon.colcon_core.verb:Building package 'clearpath_manipulators' with the following arguments: {'ament_cmake_args': None, 'build_base': '/home/dimash/debug_clear_ws/build/clearpath_manipulators', 'catkin_cmake_args': None, 'catkin_skip_building_tests': False, 'cmake_args': None, 'cmake_clean_cache': False, 'cmake_clean_first': False, 'cmake_force_configure': False, 'cmake_target': None, 'cmake_target_skip_unavailable': False, 'install_base': '/home/dimash/debug_clear_ws/install/clearpath_manipulators', 'merge_install': False, 'path': '/home/dimash/debug_clear_ws/src/clearpath_common/clearpath_manipulators', 'symlink_install': False, 'test_result_base': None}
[0.429s] Level 5:colcon.colcon_core.verb:set package 'clearpath_msgs' build argument 'cmake_args' from command line to 'None'
[0.429s] Level 5:colcon.colcon_core.verb:set package 'clearpath_msgs' build argument 'cmake_target' from command line to 'None'
[0.429s] Level 5:colcon.colcon_core.verb:set package 'clearpath_msgs' build argument 'cmake_target_skip_unavailable' from command line to 'False'
[0.429s] Level 5:colcon.colcon_core.verb:set package 'clearpath_msgs' build argument 'cmake_clean_cache' from command line to 'False'
[0.429s] Level 5:colcon.colcon_core.verb:set package 'clearpath_msgs' build argument 'cmake_clean_first' from command line to 'False'
[0.429s] Level 5:colcon.colcon_core.verb:set package 'clearpath_msgs' build argument 'cmake_force_configure' from command line to 'False'
[0.429s] Level 5:colcon.colcon_core.verb:set package 'clearpath_msgs' build argument 'ament_cmake_args' from command line to 'None'
[0.429s] Level 5:colcon.colcon_core.verb:set package 'clearpath_msgs' build argument 'catkin_cmake_args' from command line to 'None'
[0.429s] Level 5:colcon.colcon_core.verb:set package 'clearpath_msgs' build argument 'catkin_skip_building_tests' from command line to 'False'
[0.429s] DEBUG:colcon.colcon_core.verb:Building package 'clearpath_msgs' with the following arguments: {'ament_cmake_args': None, 'build_base': '/home/dimash/debug_clear_ws/build/clearpath_msgs', 'catkin_cmake_args': None, 'catkin_skip_building_tests': False, 'cmake_args': None, 'cmake_clean_cache': False, 'cmake_clean_first': False, 'cmake_force_configure': False, 'cmake_target': None, 'cmake_target_skip_unavailable': False, 'install_base': '/home/dimash/debug_clear_ws/install/clearpath_msgs', 'merge_install': False, 'path': '/home/dimash/debug_clear_ws/src/clearpath_msgs/clearpath_msgs', 'symlink_install': False, 'test_result_base': None}
[0.430s] Level 5:colcon.colcon_core.verb:set package 'clearpath_nav2_demos' build argument 'cmake_args' from command line to 'None'
[0.430s] Level 5:colcon.colcon_core.verb:set package 'clearpath_nav2_demos' build argument 'cmake_target' from command line to 'None'
[0.430s] Level 5:colcon.colcon_core.verb:set package 'clearpath_nav2_demos' build argument 'cmake_target_skip_unavailable' from command line to 'False'
[0.430s] Level 5:colcon.colcon_core.verb:set package 'clearpath_nav2_demos' build argument 'cmake_clean_cache' from command line to 'False'
[0.430s] Level 5:colcon.colcon_core.verb:set package 'clearpath_nav2_demos' build argument 'cmake_clean_first' from command line to 'False'
[0.430s] Level 5:colcon.colcon_core.verb:set package 'clearpath_nav2_demos' build argument 'cmake_force_configure' from command line to 'False'
[0.430s] Level 5:colcon.colcon_core.verb:set package 'clearpath_nav2_demos' build argument 'ament_cmake_args' from command line to 'None'
[0.430s] Level 5:colcon.colcon_core.verb:set package 'clearpath_nav2_demos' build argument 'catkin_cmake_args' from command line to 'None'
[0.430s] Level 5:colcon.colcon_core.verb:set package 'clearpath_nav2_demos' build argument 'catkin_skip_building_tests' from command line to 'False'
[0.430s] DEBUG:colcon.colcon_core.verb:Building package 'clearpath_nav2_demos' with the following arguments: {'ament_cmake_args': None, 'build_base': '/home/dimash/debug_clear_ws/build/clearpath_nav2_demos', 'catkin_cmake_args': None, 'catkin_skip_building_tests': False, 'cmake_args': None, 'cmake_clean_cache': False, 'cmake_clean_first': False, 'cmake_force_configure': False, 'cmake_target': None, 'cmake_target_skip_unavailable': False, 'install_base': '/home/dimash/debug_clear_ws/install/clearpath_nav2_demos', 'merge_install': False, 'path': '/home/dimash/debug_clear_ws/src/clearpath_nav2_demos', 'symlink_install': False, 'test_result_base': None}
[0.430s] Level 5:colcon.colcon_core.verb:set package 'clearpath_platform' build argument 'cmake_args' from command line to 'None'
[0.430s] Level 5:colcon.colcon_core.verb:set package 'clearpath_platform' build argument 'cmake_target' from command line to 'None'
[0.430s] Level 5:colcon.colcon_core.verb:set package 'clearpath_platform' build argument 'cmake_target_skip_unavailable' from command line to 'False'
[0.430s] Level 5:colcon.colcon_core.verb:set package 'clearpath_platform' build argument 'cmake_clean_cache' from command line to 'False'
[0.430s] Level 5:colcon.colcon_core.verb:set package 'clearpath_platform' build argument 'cmake_clean_first' from command line to 'False'
[0.430s] Level 5:colcon.colcon_core.verb:set package 'clearpath_platform' build argument 'cmake_force_configure' from command line to 'False'
[0.430s] Level 5:colcon.colcon_core.verb:set package 'clearpath_platform' build argument 'ament_cmake_args' from command line to 'None'
[0.430s] Level 5:colcon.colcon_core.verb:set package 'clearpath_platform' build argument 'catkin_cmake_args' from command line to 'None'
[0.430s] Level 5:colcon.colcon_core.verb:set package 'clearpath_platform' build argument 'catkin_skip_building_tests' from command line to 'False'
[0.430s] DEBUG:colcon.colcon_core.verb:Building package 'clearpath_platform' with the following arguments: {'ament_cmake_args': None, 'build_base': '/home/dimash/debug_clear_ws/build/clearpath_platform', 'catkin_cmake_args': None, 'catkin_skip_building_tests': False, 'cmake_args': None, 'cmake_clean_cache': False, 'cmake_clean_first': False, 'cmake_force_configure': False, 'cmake_target': None, 'cmake_target_skip_unavailable': False, 'install_base': '/home/dimash/debug_clear_ws/install/clearpath_platform', 'merge_install': False, 'path': '/home/dimash/debug_clear_ws/src/clearpath_common/clearpath_platform', 'symlink_install': False, 'test_result_base': None}
[0.431s] Level 5:colcon.colcon_core.verb:set package 'mpc_low' build argument 'cmake_args' from command line to 'None'
[0.431s] Level 5:colcon.colcon_core.verb:set package 'mpc_low' build argument 'cmake_target' from command line to 'None'
[0.431s] Level 5:colcon.colcon_core.verb:set package 'mpc_low' build argument 'cmake_target_skip_unavailable' from command line to 'False'
[0.431s] Level 5:colcon.colcon_core.verb:set package 'mpc_low' build argument 'cmake_clean_cache' from command line to 'False'
[0.431s] Level 5:colcon.colcon_core.verb:set package 'mpc_low' build argument 'cmake_clean_first' from command line to 'False'
[0.431s] Level 5:colcon.colcon_core.verb:set package 'mpc_low' build argument 'cmake_force_configure' from command line to 'False'
[0.431s] Level 5:colcon.colcon_core.verb:set package 'mpc_low' build argument 'ament_cmake_args' from command line to 'None'
[0.431s] Level 5:colcon.colcon_core.verb:set package 'mpc_low' build argument 'catkin_cmake_args' from command line to 'None'
[0.431s] Level 5:colcon.colcon_core.verb:set package 'mpc_low' build argument 'catkin_skip_building_tests' from command line to 'False'
[0.431s] DEBUG:colcon.colcon_core.verb:Building package 'mpc_low' with the following arguments: {'ament_cmake_args': None, 'build_base': '/home/dimash/debug_clear_ws/build/mpc_low', 'catkin_cmake_args': None, 'catkin_skip_building_tests': False, 'cmake_args': None, 'cmake_clean_cache': False, 'cmake_clean_first': False, 'cmake_force_configure': False, 'cmake_target': None, 'cmake_target_skip_unavailable': False, 'install_base': '/home/dimash/debug_clear_ws/install/mpc_low', 'merge_install': False, 'path': '/home/dimash/debug_clear_ws/src/mpc_low', 'symlink_install': False, 'test_result_base': None}
[0.431s] Level 5:colcon.colcon_core.verb:set package 'yolo_ros' build argument 'cmake_args' from command line to 'None'
[0.431s] Level 5:colcon.colcon_core.verb:set package 'yolo_ros' build argument 'cmake_target' from command line to 'None'
[0.431s] Level 5:colcon.colcon_core.verb:set package 'yolo_ros' build argument 'cmake_target_skip_unavailable' from command line to 'False'
[0.431s] Level 5:colcon.colcon_core.verb:set package 'yolo_ros' build argument 'cmake_clean_cache' from command line to 'False'
[0.431s] Level 5:colcon.colcon_core.verb:set package 'yolo_ros' build argument 'cmake_clean_first' from command line to 'False'
[0.431s] Level 5:colcon.colcon_core.verb:set package 'yolo_ros' build argument 'cmake_force_configure' from command line to 'False'
[0.431s] Level 5:colcon.colcon_core.verb:set package 'yolo_ros' build argument 'ament_cmake_args' from command line to 'None'
[0.431s] Level 5:colcon.colcon_core.verb:set package 'yolo_ros' build argument 'catkin_cmake_args' from command line to 'None'
[0.431s] Level 5:colcon.colcon_core.verb:set package 'yolo_ros' build argument 'catkin_skip_building_tests' from command line to 'False'
[0.432s] DEBUG:colcon.colcon_core.verb:Building package 'yolo_ros' with the following arguments: {'ament_cmake_args': None, 'build_base': '/home/dimash/debug_clear_ws/build/yolo_ros', 'catkin_cmake_args': None, 'catkin_skip_building_tests': False, 'cmake_args': None, 'cmake_clean_cache': False, 'cmake_clean_first': False, 'cmake_force_configure': False, 'cmake_target': None, 'cmake_target_skip_unavailable': False, 'install_base': '/home/dimash/debug_clear_ws/install/yolo_ros', 'merge_install': False, 'path': '/home/dimash/debug_clear_ws/src/yolo_ros/yolo_ros', 'symlink_install': False, 'test_result_base': None}
[0.432s] Level 5:colcon.colcon_core.verb:set package 'clearpath_generator_common' build argument 'cmake_args' from command line to 'None'
[0.432s] Level 5:colcon.colcon_core.verb:set package 'clearpath_generator_common' build argument 'cmake_target' from command line to 'None'
[0.432s] Level 5:colcon.colcon_core.verb:set package 'clearpath_generator_common' build argument 'cmake_target_skip_unavailable' from command line to 'False'
[0.432s] Level 5:colcon.colcon_core.verb:set package 'clearpath_generator_common' build argument 'cmake_clean_cache' from command line to 'False'
[0.432s] Level 5:colcon.colcon_core.verb:set package 'clearpath_generator_common' build argument 'cmake_clean_first' from command line to 'False'
[0.432s] Level 5:colcon.colcon_core.verb:set package 'clearpath_generator_common' build argument 'cmake_force_configure' from command line to 'False'
[0.432s] Level 5:colcon.colcon_core.verb:set package 'clearpath_generator_common' build argument 'ament_cmake_args' from command line to 'None'
[0.432s] Level 5:colcon.colcon_core.verb:set package 'clearpath_generator_common' build argument 'catkin_cmake_args' from command line to 'None'
[0.432s] Level 5:colcon.colcon_core.verb:set package 'clearpath_generator_common' build argument 'catkin_skip_building_tests' from command line to 'False'
[0.432s] DEBUG:colcon.colcon_core.verb:Building package 'clearpath_generator_common' with the following arguments: {'ament_cmake_args': None, 'build_base': '/home/dimash/debug_clear_ws/build/clearpath_generator_common', 'catkin_cmake_args': None, 'catkin_skip_building_tests': False, 'cmake_args': None, 'cmake_clean_cache': False, 'cmake_clean_first': False, 'cmake_force_configure': False, 'cmake_target': None, 'cmake_target_skip_unavailable': False, 'install_base': '/home/dimash/debug_clear_ws/install/clearpath_generator_common', 'merge_install': False, 'path': '/home/dimash/debug_clear_ws/src/clearpath_common/clearpath_generator_common', 'symlink_install': False, 'test_result_base': None}
[0.432s] Level 5:colcon.colcon_core.verb:set package 'yolo_bringup' build argument 'cmake_args' from command line to 'None'
[0.432s] Level 5:colcon.colcon_core.verb:set package 'yolo_bringup' build argument 'cmake_target' from command line to 'None'
[0.432s] Level 5:colcon.colcon_core.verb:set package 'yolo_bringup' build argument 'cmake_target_skip_unavailable' from command line to 'False'
[0.432s] Level 5:colcon.colcon_core.verb:set package 'yolo_bringup' build argument 'cmake_clean_cache' from command line to 'False'
[0.432s] Level 5:colcon.colcon_core.verb:set package 'yolo_bringup' build argument 'cmake_clean_first' from command line to 'False'
[0.432s] Level 5:colcon.colcon_core.verb:set package 'yolo_bringup' build argument 'cmake_force_configure' from command line to 'False'
[0.432s] Level 5:colcon.colcon_core.verb:set package 'yolo_bringup' build argument 'ament_cmake_args' from command line to 'None'
[0.433s] Level 5:colcon.colcon_core.verb:set package 'yolo_bringup' build argument 'catkin_cmake_args' from command line to 'None'
[0.433s] Level 5:colcon.colcon_core.verb:set package 'yolo_bringup' build argument 'catkin_skip_building_tests' from command line to 'False'
[0.433s] DEBUG:colcon.colcon_core.verb:Building package 'yolo_bringup' with the following arguments: {'ament_cmake_args': None, 'build_base': '/home/dimash/debug_clear_ws/build/yolo_bringup', 'catkin_cmake_args': None, 'catkin_skip_building_tests': False, 'cmake_args': None, 'cmake_clean_cache': False, 'cmake_clean_first': False, 'cmake_force_configure': False, 'cmake_target': None, 'cmake_target_skip_unavailable': False, 'install_base': '/home/dimash/debug_clear_ws/install/yolo_bringup', 'merge_install': False, 'path': '/home/dimash/debug_clear_ws/src/yolo_ros/yolo_bringup', 'symlink_install': False, 'test_result_base': None}
[0.433s] Level 5:colcon.colcon_core.verb:set package 'clearpath_common' build argument 'cmake_args' from command line to 'None'
[0.433s] Level 5:colcon.colcon_core.verb:set package 'clearpath_common' build argument 'cmake_target' from command line to 'None'
[0.433s] Level 5:colcon.colcon_core.verb:set package 'clearpath_common' build argument 'cmake_target_skip_unavailable' from command line to 'False'
[0.433s] Level 5:colcon.colcon_core.verb:set package 'clearpath_common' build argument 'cmake_clean_cache' from command line to 'False'
[0.433s] Level 5:colcon.colcon_core.verb:set package 'clearpath_common' build argument 'cmake_clean_first' from command line to 'False'
[0.433s] Level 5:colcon.colcon_core.verb:set package 'clearpath_common' build argument 'cmake_force_configure' from command line to 'False'
[0.433s] Level 5:colcon.colcon_core.verb:set package 'clearpath_common' build argument 'ament_cmake_args' from command line to 'None'
[0.433s] Level 5:colcon.colcon_core.verb:set package 'clearpath_common' build argument 'catkin_cmake_args' from command line to 'None'
[0.433s] Level 5:colcon.colcon_core.verb:set package 'clearpath_common' build argument 'catkin_skip_building_tests' from command line to 'False'
[0.433s] DEBUG:colcon.colcon_core.verb:Building package 'clearpath_common' with the following arguments: {'ament_cmake_args': None, 'build_base': '/home/dimash/debug_clear_ws/build/clearpath_common', 'catkin_cmake_args': None, 'catkin_skip_building_tests': False, 'cmake_args': None, 'cmake_clean_cache': False, 'cmake_clean_first': False, 'cmake_force_configure': False, 'cmake_target': None, 'cmake_target_skip_unavailable': False, 'install_base': '/home/dimash/debug_clear_ws/install/clearpath_common', 'merge_install': False, 'path': '/home/dimash/debug_clear_ws/src/clearpath_common/clearpath_common', 'symlink_install': False, 'test_result_base': None}
[0.433s] Level 5:colcon.colcon_core.verb:set package 'clearpath_generator_gz' build argument 'cmake_args' from command line to 'None'
[0.433s] Level 5:colcon.colcon_core.verb:set package 'clearpath_generator_gz' build argument 'cmake_target' from command line to 'None'
[0.433s] Level 5:colcon.colcon_core.verb:set package 'clearpath_generator_gz' build argument 'cmake_target_skip_unavailable' from command line to 'False'
[0.433s] Level 5:colcon.colcon_core.verb:set package 'clearpath_generator_gz' build argument 'cmake_clean_cache' from command line to 'False'
[0.433s] Level 5:colcon.colcon_core.verb:set package 'clearpath_generator_gz' build argument 'cmake_clean_first' from command line to 'False'
[0.434s] Level 5:colcon.colcon_core.verb:set package 'clearpath_generator_gz' build argument 'cmake_force_configure' from command line to 'False'
[0.434s] Level 5:colcon.colcon_core.verb:set package 'clearpath_generator_gz' build argument 'ament_cmake_args' from command line to 'None'
[0.434s] Level 5:colcon.colcon_core.verb:set package 'clearpath_generator_gz' build argument 'catkin_cmake_args' from command line to 'None'
[0.434s] Level 5:colcon.colcon_core.verb:set package 'clearpath_generator_gz' build argument 'catkin_skip_building_tests' from command line to 'False'
[0.434s] DEBUG:colcon.colcon_core.verb:Building package 'clearpath_generator_gz' with the following arguments: {'ament_cmake_args': None, 'build_base': '/home/dimash/debug_clear_ws/build/clearpath_generator_gz', 'catkin_cmake_args': None, 'catkin_skip_building_tests': False, 'cmake_args': None, 'cmake_clean_cache': False, 'cmake_clean_first': False, 'cmake_force_configure': False, 'cmake_target': None, 'cmake_target_skip_unavailable': False, 'install_base': '/home/dimash/debug_clear_ws/install/clearpath_generator_gz', 'merge_install': False, 'path': '/home/dimash/debug_clear_ws/src/clearpath_simulator/clearpath_generator_gz', 'symlink_install': False, 'test_result_base': None}
[0.434s] Level 5:colcon.colcon_core.verb:set package 'clearpath_gz' build argument 'cmake_args' from command line to 'None'
[0.434s] Level 5:colcon.colcon_core.verb:set package 'clearpath_gz' build argument 'cmake_target' from command line to 'None'
[0.434s] Level 5:colcon.colcon_core.verb:set package 'clearpath_gz' build argument 'cmake_target_skip_unavailable' from command line to 'False'
[0.434s] Level 5:colcon.colcon_core.verb:set package 'clearpath_gz' build argument 'cmake_clean_cache' from command line to 'False'
[0.434s] Level 5:colcon.colcon_core.verb:set package 'clearpath_gz' build argument 'cmake_clean_first' from command line to 'False'
[0.434s] Level 5:colcon.colcon_core.verb:set package 'clearpath_gz' build argument 'cmake_force_configure' from command line to 'False'
[0.434s] Level 5:colcon.colcon_core.verb:set package 'clearpath_gz' build argument 'ament_cmake_args' from command line to 'None'
[0.434s] Level 5:colcon.colcon_core.verb:set package 'clearpath_gz' build argument 'catkin_cmake_args' from command line to 'None'
[0.434s] Level 5:colcon.colcon_core.verb:set package 'clearpath_gz' build argument 'catkin_skip_building_tests' from command line to 'False'
[0.434s] DEBUG:colcon.colcon_core.verb:Building package 'clearpath_gz' with the following arguments: {'ament_cmake_args': None, 'build_base': '/home/dimash/debug_clear_ws/build/clearpath_gz', 'catkin_cmake_args': None, 'catkin_skip_building_tests': False, 'cmake_args': None, 'cmake_clean_cache': False, 'cmake_clean_first': False, 'cmake_force_configure': False, 'cmake_target': None, 'cmake_target_skip_unavailable': False, 'install_base': '/home/dimash/debug_clear_ws/install/clearpath_gz', 'merge_install': False, 'path': '/home/dimash/debug_clear_ws/src/clearpath_simulator/clearpath_gz', 'symlink_install': False, 'test_result_base': None}
[0.434s] Level 5:colcon.colcon_core.verb:set package 'clearpath_simulator' build argument 'cmake_args' from command line to 'None'
[0.434s] Level 5:colcon.colcon_core.verb:set package 'clearpath_simulator' build argument 'cmake_target' from command line to 'None'
[0.435s] Level 5:colcon.colcon_core.verb:set package 'clearpath_simulator' build argument 'cmake_target_skip_unavailable' from command line to 'False'
[0.435s] Level 5:colcon.colcon_core.verb:set package 'clearpath_simulator' build argument 'cmake_clean_cache' from command line to 'False'
[0.435s] Level 5:colcon.colcon_core.verb:set package 'clearpath_simulator' build argument 'cmake_clean_first' from command line to 'False'
[0.435s] Level 5:colcon.colcon_core.verb:set package 'clearpath_simulator' build argument 'cmake_force_configure' from command line to 'False'
[0.435s] Level 5:colcon.colcon_core.verb:set package 'clearpath_simulator' build argument 'ament_cmake_args' from command line to 'None'
[0.435s] Level 5:colcon.colcon_core.verb:set package 'clearpath_simulator' build argument 'catkin_cmake_args' from command line to 'None'
[0.435s] Level 5:colcon.colcon_core.verb:set package 'clearpath_simulator' build argument 'catkin_skip_building_tests' from command line to 'False'
[0.435s] DEBUG:colcon.colcon_core.verb:Building package 'clearpath_simulator' with the following arguments: {'ament_cmake_args': None, 'build_base': '/home/dimash/debug_clear_ws/build/clearpath_simulator', 'catkin_cmake_args': None, 'catkin_skip_building_tests': False, 'cmake_args': None, 'cmake_clean_cache': False, 'cmake_clean_first': False, 'cmake_force_configure': False, 'cmake_target': None, 'cmake_target_skip_unavailable': False, 'install_base': '/home/dimash/debug_clear_ws/install/clearpath_simulator', 'merge_install': False, 'path': '/home/dimash/debug_clear_ws/src/clearpath_simulator/clearpath_simulator', 'symlink_install': False, 'test_result_base': None}
[0.435s] INFO:colcon.colcon_core.executor:Executing jobs using 'parallel' executor
[0.436s] DEBUG:colcon.colcon_parallel_executor.executor.parallel:run_until_complete
[0.436s] INFO:colcon.colcon_ros.task.ament_cmake.build:Building ROS package in '/home/dimash/debug_clear_ws/src/clearpath_common/clearpath_manipulators_description' with build type 'ament_cmake'
[0.436s] INFO:colcon.colcon_cmake.task.cmake.build:Building CMake package in '/home/dimash/debug_clear_ws/src/clearpath_common/clearpath_manipulators_description'
[0.438s] INFO:colcon.colcon_core.plugin_system:Skipping extension 'colcon_core.shell.bat': Not used on non-Windows systems
[0.438s] INFO:colcon.colcon_core.shell:Skip shell extension 'powershell' for command environment: Not usable outside of PowerShell
[0.438s] DEBUG:colcon.colcon_core.shell:Skip shell extension 'dsv' for command environment
[0.443s] INFO:colcon.colcon_ros.task.ament_cmake.build:Building ROS package in '/home/dimash/debug_clear_ws/src/clearpath_common/clearpath_platform_description' with build type 'ament_cmake'
[0.443s] INFO:colcon.colcon_cmake.task.cmake.build:Building CMake package in '/home/dimash/debug_clear_ws/src/clearpath_common/clearpath_platform_description'
[0.444s] INFO:colcon.colcon_core.shell:Skip shell extension 'powershell' for command environment: Not usable outside of PowerShell
[0.444s] DEBUG:colcon.colcon_core.shell:Skip shell extension 'dsv' for command environment
[0.448s] INFO:colcon.colcon_ros.task.ament_cmake.build:Building ROS package in '/home/dimash/debug_clear_ws/src/clearpath_msgs/clearpath_platform_msgs' with build type 'ament_cmake'
[0.448s] INFO:colcon.colcon_cmake.task.cmake.build:Building CMake package in '/home/dimash/debug_clear_ws/src/clearpath_msgs/clearpath_platform_msgs'
[0.448s] INFO:colcon.colcon_core.shell:Skip shell extension 'powershell' for command environment: Not usable outside of PowerShell
[0.448s] DEBUG:colcon.colcon_core.shell:Skip shell extension 'dsv' for command environment
[0.453s] INFO:colcon.colcon_ros.task.ament_python.build:Building ROS package in '/home/dimash/debug_clear_ws/src/clearpath_config' with build type 'ament_python'
[0.453s] Level 1:colcon.colcon_core.shell:create_environment_hook('clearpath_config', 'ament_prefix_path')
[0.453s] INFO:colcon.colcon_core.shell:Creating environment hook '/home/dimash/debug_clear_ws/install/clearpath_config/share/clearpath_config/hook/ament_prefix_path.ps1'
[0.454s] INFO:colcon.colcon_core.shell:Creating environment descriptor '/home/dimash/debug_clear_ws/install/clearpath_config/share/clearpath_config/hook/ament_prefix_path.dsv'
[0.454s] INFO:colcon.colcon_core.shell:Creating environment hook '/home/dimash/debug_clear_ws/install/clearpath_config/share/clearpath_config/hook/ament_prefix_path.sh'
[0.455s] INFO:colcon.colcon_core.shell:Skip shell extension 'powershell' for command environment: Not usable outside of PowerShell
[0.455s] DEBUG:colcon.colcon_core.shell:Skip shell extension 'dsv' for command environment
[0.459s] INFO:colcon.colcon_ros.task.ament_cmake.build:Building ROS package in '/home/dimash/debug_clear_ws/src/clearpath_common/clearpath_control' with build type 'ament_cmake'
[0.459s] INFO:colcon.colcon_cmake.task.cmake.build:Building CMake package in '/home/dimash/debug_clear_ws/src/clearpath_common/clearpath_control'
[0.459s] INFO:colcon.colcon_core.shell:Skip shell extension 'powershell' for command environment: Not usable outside of PowerShell
[0.459s] DEBUG:colcon.colcon_core.shell:Skip shell extension 'dsv' for command environment
[0.463s] INFO:colcon.colcon_ros.task.ament_cmake.build:Building ROS package in '/home/dimash/debug_clear_ws/src/clearpath_common/clearpath_mounts_description' with build type 'ament_cmake'
[0.464s] INFO:colcon.colcon_cmake.task.cmake.build:Building CMake package in '/home/dimash/debug_clear_ws/src/clearpath_common/clearpath_mounts_description'
[0.464s] INFO:colcon.colcon_core.shell:Skip shell extension 'powershell' for command environment: Not usable outside of PowerShell
[0.464s] DEBUG:colcon.colcon_core.shell:Skip shell extension 'dsv' for command environment
[0.468s] INFO:colcon.colcon_ros.task.ament_cmake.build:Building ROS package in '/home/dimash/debug_clear_ws/src/clearpath_common/clearpath_sensors_description' with build type 'ament_cmake'
[0.468s] INFO:colcon.colcon_cmake.task.cmake.build:Building CMake package in '/home/dimash/debug_clear_ws/src/clearpath_common/clearpath_sensors_description'
[0.468s] INFO:colcon.colcon_core.shell:Skip shell extension 'powershell' for command environment: Not usable outside of PowerShell
[0.468s] DEBUG:colcon.colcon_core.shell:Skip shell extension 'dsv' for command environment
[0.472s] INFO:colcon.colcon_ros.task.ament_cmake.build:Building ROS package in '/home/dimash/debug_clear_ws/src/yolo_ros/yolo_msgs' with build type 'ament_cmake'
[0.472s] INFO:colcon.colcon_cmake.task.cmake.build:Building CMake package in '/home/dimash/debug_clear_ws/src/yolo_ros/yolo_msgs'
[0.472s] INFO:colcon.colcon_core.shell:Skip shell extension 'powershell' for command environment: Not usable outside of PowerShell
[0.472s] DEBUG:colcon.colcon_core.shell:Skip shell extension 'dsv' for command environment
[0.481s] DEBUG:colcon.colcon_core.event_handler.log_command:Invoking command in '/home/dimash/debug_clear_ws/build/clearpath_manipulators_description': CMAKE_PREFIX_PATH=${CMAKE_PREFIX_PATH}:/home/dimash/debug_clear_ws/install/yolo_ros:/home/dimash/debug_clear_ws/install/person_movement:/home/dimash/debug_clear_ws/install/clearpath_config:/opt/ros/humble /usr/bin/cmake --build /home/dimash/debug_clear_ws/build/clearpath_manipulators_description -- -j8 -l8
[0.486s] DEBUG:colcon.colcon_core.event_handler.log_command:Invoking command in '/home/dimash/debug_clear_ws/build/clearpath_platform_description': CMAKE_PREFIX_PATH=${CMAKE_PREFIX_PATH}:/home/dimash/debug_clear_ws/install/yolo_ros:/home/dimash/debug_clear_ws/install/person_movement:/home/dimash/debug_clear_ws/install/clearpath_config:/opt/ros/humble /usr/bin/cmake --build /home/dimash/debug_clear_ws/build/clearpath_platform_description -- -j8 -l8
[0.489s] DEBUG:colcon.colcon_core.event_handler.log_command:Invoking command in '/home/dimash/debug_clear_ws/build/clearpath_platform_msgs': CMAKE_PREFIX_PATH=${CMAKE_PREFIX_PATH}:/home/dimash/debug_clear_ws/install/yolo_ros:/home/dimash/debug_clear_ws/install/person_movement:/home/dimash/debug_clear_ws/install/clearpath_config:/opt/ros/humble /usr/bin/cmake --build /home/dimash/debug_clear_ws/build/clearpath_platform_msgs -- -j8 -l8
[0.838s] INFO:colcon.colcon_core.task.python.build:Building Python package in '/home/dimash/debug_clear_ws/src/clearpath_config'
[0.839s] INFO:colcon.colcon_core.shell:Skip shell extension 'powershell' for command environment: Not usable outside of PowerShell
[0.839s] DEBUG:colcon.colcon_core.shell:Skip shell extension 'dsv' for command environment
[0.850s] DEBUG:colcon.colcon_core.event_handler.log_command:Invoking command in '/home/dimash/debug_clear_ws/build/clearpath_control': CMAKE_PREFIX_PATH=${CMAKE_PREFIX_PATH}:/home/dimash/debug_clear_ws/install/yolo_ros:/home/dimash/debug_clear_ws/install/person_movement:/home/dimash/debug_clear_ws/install/clearpath_config:/opt/ros/humble /usr/bin/cmake --build /home/dimash/debug_clear_ws/build/clearpath_control -- -j8 -l8
[0.853s] DEBUG:colcon.colcon_core.event_handler.log_command:Invoking command in '/home/dimash/debug_clear_ws/build/clearpath_mounts_description': CMAKE_PREFIX_PATH=${CMAKE_PREFIX_PATH}:/home/dimash/debug_clear_ws/install/yolo_ros:/home/dimash/debug_clear_ws/install/person_movement:/home/dimash/debug_clear_ws/install/clearpath_config:/opt/ros/humble /usr/bin/cmake --build /home/dimash/debug_clear_ws/build/clearpath_mounts_description -- -j8 -l8
[0.860s] DEBUG:colcon.colcon_core.event_handler.log_command:Invoking command in '/home/dimash/debug_clear_ws/build/clearpath_sensors_description': CMAKE_PREFIX_PATH=${CMAKE_PREFIX_PATH}:/home/dimash/debug_clear_ws/install/yolo_ros:/home/dimash/debug_clear_ws/install/person_movement:/home/dimash/debug_clear_ws/install/clearpath_config:/opt/ros/humble /usr/bin/cmake --build /home/dimash/debug_clear_ws/build/clearpath_sensors_description -- -j8 -l8
[0.870s] DEBUG:colcon.colcon_core.event_handler.log_command:Invoking command in '/home/dimash/debug_clear_ws/build/yolo_msgs': CMAKE_PREFIX_PATH=${CMAKE_PREFIX_PATH}:/home/dimash/debug_clear_ws/install/yolo_ros:/home/dimash/debug_clear_ws/install/person_movement:/home/dimash/debug_clear_ws/install/clearpath_config:/opt/ros/humble /usr/bin/cmake --build /home/dimash/debug_clear_ws/build/yolo_msgs -- -j8 -l8
[0.879s] DEBUG:colcon.colcon_core.event_handler.log_command:Invoked command in '/home/dimash/debug_clear_ws/build/clearpath_manipulators_description' returned '0': CMAKE_PREFIX_PATH=${CMAKE_PREFIX_PATH}:/home/dimash/debug_clear_ws/install/yolo_ros:/home/dimash/debug_clear_ws/install/person_movement:/home/dimash/debug_clear_ws/install/clearpath_config:/opt/ros/humble /usr/bin/cmake --build /home/dimash/debug_clear_ws/build/clearpath_manipulators_description -- -j8 -l8
[0.894s] DEBUG:colcon.colcon_core.event_handler.log_command:Invoking command in '/home/dimash/debug_clear_ws/build/clearpath_manipulators_description': CMAKE_PREFIX_PATH=${CMAKE_PREFIX_PATH}:/home/dimash/debug_clear_ws/install/yolo_ros:/home/dimash/debug_clear_ws/install/person_movement:/home/dimash/debug_clear_ws/install/clearpath_config:/opt/ros/humble /usr/bin/cmake --install /home/dimash/debug_clear_ws/build/clearpath_manipulators_description
[0.894s] DEBUG:colcon.colcon_core.event_handler.log_command:Invoked command in '/home/dimash/debug_clear_ws/build/clearpath_platform_description' returned '0': CMAKE_PREFIX_PATH=${CMAKE_PREFIX_PATH}:/home/dimash/debug_clear_ws/install/yolo_ros:/home/dimash/debug_clear_ws/install/person_movement:/home/dimash/debug_clear_ws/install/clearpath_config:/opt/ros/humble /usr/bin/cmake --build /home/dimash/debug_clear_ws/build/clearpath_platform_description -- -j8 -l8
[0.895s] DEBUG:colcon.colcon_core.event_handler.log_command:Invoking command in '/home/dimash/debug_clear_ws/build/clearpath_platform_description': CMAKE_PREFIX_PATH=${CMAKE_PREFIX_PATH}:/home/dimash/debug_clear_ws/install/yolo_ros:/home/dimash/debug_clear_ws/install/person_movement:/home/dimash/debug_clear_ws/install/clearpath_config:/opt/ros/humble /usr/bin/cmake --install /home/dimash/debug_clear_ws/build/clearpath_platform_description
[0.919s] Level 1:colcon.colcon_core.environment:create_environment_scripts_only(clearpath_manipulators_description)
[0.927s] Level 1:colcon.colcon_core.environment:checking '/home/dimash/debug_clear_ws/install/clearpath_manipulators_description' for CMake module files
[0.928s] Level 1:colcon.colcon_core.environment:checking '/home/dimash/debug_clear_ws/install/clearpath_manipulators_description' for CMake config files
[0.928s] Level 1:colcon.colcon_core.shell:create_environment_hook('clearpath_manipulators_description', 'cmake_prefix_path')
[0.929s] INFO:colcon.colcon_core.shell:Creating environment hook '/home/dimash/debug_clear_ws/install/clearpath_manipulators_description/share/clearpath_manipulators_description/hook/cmake_prefix_path.ps1'
[0.931s] DEBUG:colcon.colcon_core.event_handler.log_command:Invoked command in '/home/dimash/debug_clear_ws/build/clearpath_control' returned '0': CMAKE_PREFIX_PATH=${CMAKE_PREFIX_PATH}:/home/dimash/debug_clear_ws/install/yolo_ros:/home/dimash/debug_clear_ws/install/person_movement:/home/dimash/debug_clear_ws/install/clearpath_config:/opt/ros/humble /usr/bin/cmake --build /home/dimash/debug_clear_ws/build/clearpath_control -- -j8 -l8
[0.932s] DEBUG:colcon.colcon_core.event_handler.log_command:Invoking command in '/home/dimash/debug_clear_ws/build/clearpath_control': CMAKE_PREFIX_PATH=${CMAKE_PREFIX_PATH}:/home/dimash/debug_clear_ws/install/yolo_ros:/home/dimash/debug_clear_ws/install/person_movement:/home/dimash/debug_clear_ws/install/clearpath_config:/opt/ros/humble /usr/bin/cmake --install /home/dimash/debug_clear_ws/build/clearpath_control
[0.933s] INFO:colcon.colcon_core.shell:Creating environment descriptor '/home/dimash/debug_clear_ws/install/clearpath_manipulators_description/share/clearpath_manipulators_description/hook/cmake_prefix_path.dsv'
[0.938s] INFO:colcon.colcon_core.shell:Creating environment hook '/home/dimash/debug_clear_ws/install/clearpath_manipulators_description/share/clearpath_manipulators_description/hook/cmake_prefix_path.sh'
[0.942s] Level 1:colcon.colcon_core.environment:checking '/home/dimash/debug_clear_ws/install/clearpath_manipulators_description/bin'
[0.942s] Level 1:colcon.colcon_core.environment:checking '/home/dimash/debug_clear_ws/install/clearpath_manipulators_description/lib/pkgconfig/clearpath_manipulators_description.pc'
[0.943s] Level 1:colcon.colcon_core.environment:checking '/home/dimash/debug_clear_ws/install/clearpath_manipulators_description/lib/python3.10/site-packages'
[0.943s] Level 1:colcon.colcon_core.environment:checking '/home/dimash/debug_clear_ws/install/clearpath_manipulators_description/bin'
[0.944s] INFO:colcon.colcon_core.shell:Creating package script '/home/dimash/debug_clear_ws/install/clearpath_manipulators_description/share/clearpath_manipulators_description/package.ps1'
[0.948s] INFO:colcon.colcon_core.shell:Creating package descriptor '/home/dimash/debug_clear_ws/install/clearpath_manipulators_description/share/clearpath_manipulators_description/package.dsv'
[0.949s] INFO:colcon.colcon_core.shell:Creating package script '/home/dimash/debug_clear_ws/install/clearpath_manipulators_description/share/clearpath_manipulators_description/package.sh'
[0.950s] INFO:colcon.colcon_core.shell:Creating package script '/home/dimash/debug_clear_ws/install/clearpath_manipulators_description/share/clearpath_manipulators_description/package.bash'
[0.955s] INFO:colcon.colcon_core.shell:Creating package script '/home/dimash/debug_clear_ws/install/clearpath_manipulators_description/share/clearpath_manipulators_description/package.zsh'
[0.957s] Level 1:colcon.colcon_core.environment:create_file_with_runtime_dependencies(/home/dimash/debug_clear_ws/install/clearpath_manipulators_description/share/colcon-core/packages/clearpath_manipulators_description)
[0.958s] Level 1:colcon.colcon_core.environment:create_environment_scripts_only(clearpath_manipulators_description)
[0.959s] Level 1:colcon.colcon_core.environment:checking '/home/dimash/debug_clear_ws/install/clearpath_manipulators_description' for CMake module files
[0.959s] Level 1:colcon.colcon_core.environment:checking '/home/dimash/debug_clear_ws/install/clearpath_manipulators_description' for CMake config files
[0.960s] Level 1:colcon.colcon_core.shell:create_environment_hook('clearpath_manipulators_description', 'cmake_prefix_path')
[0.960s] INFO:colcon.colcon_core.shell:Creating environment hook '/home/dimash/debug_clear_ws/install/clearpath_manipulators_description/share/clearpath_manipulators_description/hook/cmake_prefix_path.ps1'
[0.961s] INFO:colcon.colcon_core.shell:Creating environment descriptor '/home/dimash/debug_clear_ws/install/clearpath_manipulators_description/share/clearpath_manipulators_description/hook/cmake_prefix_path.dsv'
[0.961s] INFO:colcon.colcon_core.shell:Creating environment hook '/home/dimash/debug_clear_ws/install/clearpath_manipulators_description/share/clearpath_manipulators_description/hook/cmake_prefix_path.sh'
[0.962s] Level 1:colcon.colcon_core.environment:checking '/home/dimash/debug_clear_ws/install/clearpath_manipulators_description/bin'
[0.962s] Level 1:colcon.colcon_core.environment:checking '/home/dimash/debug_clear_ws/install/clearpath_manipulators_description/lib/pkgconfig/clearpath_manipulators_description.pc'
[0.966s] DEBUG:colcon.colcon_core.event_handler.log_command:Invoked command in '/home/dimash/debug_clear_ws/build/clearpath_mounts_description' returned '0': CMAKE_PREFIX_PATH=${CMAKE_PREFIX_PATH}:/home/dimash/debug_clear_ws/install/yolo_ros:/home/dimash/debug_clear_ws/install/person_movement:/home/dimash/debug_clear_ws/install/clearpath_config:/opt/ros/humble /usr/bin/cmake --build /home/dimash/debug_clear_ws/build/clearpath_mounts_description -- -j8 -l8
[0.976s] Level 1:colcon.colcon_core.environment:checking '/home/dimash/debug_clear_ws/install/clearpath_manipulators_description/lib/python3.10/site-packages'
[0.976s] Level 1:colcon.colcon_core.environment:checking '/home/dimash/debug_clear_ws/install/clearpath_manipulators_description/bin'
[0.977s] INFO:colcon.colcon_core.shell:Creating package script '/home/dimash/debug_clear_ws/install/clearpath_manipulators_description/share/clearpath_manipulators_description/package.ps1'
[0.978s] INFO:colcon.colcon_core.shell:Creating package descriptor '/home/dimash/debug_clear_ws/install/clearpath_manipulators_description/share/clearpath_manipulators_description/package.dsv'
[0.979s] INFO:colcon.colcon_core.shell:Creating package script '/home/dimash/debug_clear_ws/install/clearpath_manipulators_description/share/clearpath_manipulators_description/package.sh'
[0.979s] INFO:colcon.colcon_core.shell:Creating package script '/home/dimash/debug_clear_ws/install/clearpath_manipulators_description/share/clearpath_manipulators_description/package.bash'
[0.980s] DEBUG:colcon.colcon_core.event_handler.log_command:Invoking command in '/home/dimash/debug_clear_ws/build/clearpath_mounts_description': CMAKE_PREFIX_PATH=${CMAKE_PREFIX_PATH}:/home/dimash/debug_clear_ws/install/yolo_ros:/home/dimash/debug_clear_ws/install/person_movement:/home/dimash/debug_clear_ws/install/clearpath_config:/opt/ros/humble /usr/bin/cmake --install /home/dimash/debug_clear_ws/build/clearpath_mounts_description
[0.982s] INFO:colcon.colcon_core.shell:Creating package script '/home/dimash/debug_clear_ws/install/clearpath_manipulators_description/share/clearpath_manipulators_description/package.zsh'
[0.983s] Level 1:colcon.colcon_core.environment:create_file_with_runtime_dependencies(/home/dimash/debug_clear_ws/install/clearpath_manipulators_description/share/colcon-core/packages/clearpath_manipulators_description)
[0.984s] INFO:colcon.colcon_ros.task.ament_cmake.build:Building ROS package in '/home/dimash/debug_clear_ws/src/clearpath_common/clearpath_manipulators' with build type 'ament_cmake'
[0.984s] INFO:colcon.colcon_cmake.task.cmake.build:Building CMake package in '/home/dimash/debug_clear_ws/src/clearpath_common/clearpath_manipulators'
[0.985s] INFO:colcon.colcon_core.shell:Skip shell extension 'powershell' for command environment: Not usable outside of PowerShell
[0.985s] DEBUG:colcon.colcon_core.shell:Skip shell extension 'dsv' for command environment
[1.013s] DEBUG:colcon.colcon_core.event_handler.log_command:Invoked command in '/home/dimash/debug_clear_ws/build/clearpath_manipulators_description' returned '0': CMAKE_PREFIX_PATH=${CMAKE_PREFIX_PATH}:/home/dimash/debug_clear_ws/install/yolo_ros:/home/dimash/debug_clear_ws/install/person_movement:/home/dimash/debug_clear_ws/install/clearpath_config:/opt/ros/humble /usr/bin/cmake --install /home/dimash/debug_clear_ws/build/clearpath_manipulators_description
[1.025s] DEBUG:colcon.colcon_core.event_handler.log_command:Invoked command in '/home/dimash/debug_clear_ws/build/clearpath_sensors_description' returned '0': CMAKE_PREFIX_PATH=${CMAKE_PREFIX_PATH}:/home/dimash/debug_clear_ws/install/yolo_ros:/home/dimash/debug_clear_ws/install/person_movement:/home/dimash/debug_clear_ws/install/clearpath_config:/opt/ros/humble /usr/bin/cmake --build /home/dimash/debug_clear_ws/build/clearpath_sensors_description -- -j8 -l8
[1.028s] Level 1:colcon.colcon_core.environment:create_environment_scripts_only(clearpath_control)
[1.028s] Level 1:colcon.colcon_core.environment:checking '/home/dimash/debug_clear_ws/install/clearpath_control' for CMake module files
[1.031s] DEBUG:colcon.colcon_core.event_handler.log_command:Invoking command in '/home/dimash/debug_clear_ws/build/clearpath_sensors_description': CMAKE_PREFIX_PATH=${CMAKE_PREFIX_PATH}:/home/dimash/debug_clear_ws/install/yolo_ros:/home/dimash/debug_clear_ws/install/person_movement:/home/dimash/debug_clear_ws/install/clearpath_config:/opt/ros/humble /usr/bin/cmake --install /home/dimash/debug_clear_ws/build/clearpath_sensors_description
[1.032s] DEBUG:colcon.colcon_core.event_handler.log_command:Invoked command in '/home/dimash/debug_clear_ws/build/clearpath_control' returned '0': CMAKE_PREFIX_PATH=${CMAKE_PREFIX_PATH}:/home/dimash/debug_clear_ws/install/yolo_ros:/home/dimash/debug_clear_ws/install/person_movement:/home/dimash/debug_clear_ws/install/clearpath_config:/opt/ros/humble /usr/bin/cmake --install /home/dimash/debug_clear_ws/build/clearpath_control
[1.034s] Level 1:colcon.colcon_core.environment:checking '/home/dimash/debug_clear_ws/install/clearpath_control' for CMake config files
[1.034s] Level 1:colcon.colcon_core.shell:create_environment_hook('clearpath_control', 'cmake_prefix_path')
[1.035s] INFO:colcon.colcon_core.shell:Creating environment hook '/home/dimash/debug_clear_ws/install/clearpath_control/share/clearpath_control/hook/cmake_prefix_path.ps1'
[1.036s] INFO:colcon.colcon_core.shell:Creating environment descriptor '/home/dimash/debug_clear_ws/install/clearpath_control/share/clearpath_control/hook/cmake_prefix_path.dsv'
[1.036s] INFO:colcon.colcon_core.shell:Creating environment hook '/home/dimash/debug_clear_ws/install/clearpath_control/share/clearpath_control/hook/cmake_prefix_path.sh'
[1.037s] Level 1:colcon.colcon_core.environment:checking '/home/dimash/debug_clear_ws/install/clearpath_control/bin'
[1.037s] Level 1:colcon.colcon_core.environment:checking '/home/dimash/debug_clear_ws/install/clearpath_control/lib/pkgconfig/clearpath_control.pc'
[1.038s] Level 1:colcon.colcon_core.environment:checking '/home/dimash/debug_clear_ws/install/clearpath_control/lib/python3.10/site-packages'
[1.038s] Level 1:colcon.colcon_core.environment:checking '/home/dimash/debug_clear_ws/install/clearpath_control/bin'
[1.040s] INFO:colcon.colcon_core.shell:Creating package script '/home/dimash/debug_clear_ws/install/clearpath_control/share/clearpath_control/package.ps1'
[1.042s] INFO:colcon.colcon_core.shell:Creating package descriptor '/home/dimash/debug_clear_ws/install/clearpath_control/share/clearpath_control/package.dsv'
[1.044s] INFO:colcon.colcon_core.shell:Creating package script '/home/dimash/debug_clear_ws/install/clearpath_control/share/clearpath_control/package.sh'
[1.046s] INFO:colcon.colcon_core.shell:Creating package script '/home/dimash/debug_clear_ws/install/clearpath_control/share/clearpath_control/package.bash'
[1.047s] INFO:colcon.colcon_core.shell:Creating package script '/home/dimash/debug_clear_ws/install/clearpath_control/share/clearpath_control/package.zsh'
[1.049s] Level 1:colcon.colcon_core.environment:create_file_with_runtime_dependencies(/home/dimash/debug_clear_ws/install/clearpath_control/share/colcon-core/packages/clearpath_control)
[1.050s] Level 1:colcon.colcon_core.environment:create_environment_scripts_only(clearpath_control)
[1.050s] Level 1:colcon.colcon_core.environment:checking '/home/dimash/debug_clear_ws/install/clearpath_control' for CMake module files
[1.050s] Level 1:colcon.colcon_core.environment:checking '/home/dimash/debug_clear_ws/install/clearpath_control' for CMake config files
[1.051s] Level 1:colcon.colcon_core.shell:create_environment_hook('clearpath_control', 'cmake_prefix_path')
[1.051s] INFO:colcon.colcon_core.shell:Creating environment hook '/home/dimash/debug_clear_ws/install/clearpath_control/share/clearpath_control/hook/cmake_prefix_path.ps1'
[1.051s] INFO:colcon.colcon_core.shell:Creating environment descriptor '/home/dimash/debug_clear_ws/install/clearpath_control/share/clearpath_control/hook/cmake_prefix_path.dsv'
[1.052s] INFO:colcon.colcon_core.shell:Creating environment hook '/home/dimash/debug_clear_ws/install/clearpath_control/share/clearpath_control/hook/cmake_prefix_path.sh'
[1.052s] Level 1:colcon.colcon_core.environment:checking '/home/dimash/debug_clear_ws/install/clearpath_control/bin'
[1.052s] Level 1:colcon.colcon_core.environment:checking '/home/dimash/debug_clear_ws/install/clearpath_control/lib/pkgconfig/clearpath_control.pc'
[1.052s] Level 1:colcon.colcon_core.environment:checking '/home/dimash/debug_clear_ws/install/clearpath_control/lib/python3.10/site-packages'
[1.053s] Level 1:colcon.colcon_core.environment:checking '/home/dimash/debug_clear_ws/install/clearpath_control/bin'
[1.053s] INFO:colcon.colcon_core.shell:Creating package script '/home/dimash/debug_clear_ws/install/clearpath_control/share/clearpath_control/package.ps1'
[1.054s] INFO:colcon.colcon_core.shell:Creating package descriptor '/home/dimash/debug_clear_ws/install/clearpath_control/share/clearpath_control/package.dsv'
[1.055s] INFO:colcon.colcon_core.shell:Creating package script '/home/dimash/debug_clear_ws/install/clearpath_control/share/clearpath_control/package.sh'
[1.055s] INFO:colcon.colcon_core.shell:Creating package script '/home/dimash/debug_clear_ws/install/clearpath_control/share/clearpath_control/package.bash'
[1.056s] INFO:colcon.colcon_core.shell:Creating package script '/home/dimash/debug_clear_ws/install/clearpath_control/share/clearpath_control/package.zsh'
[1.056s] Level 1:colcon.colcon_core.environment:create_file_with_runtime_dependencies(/home/dimash/debug_clear_ws/install/clearpath_control/share/colcon-core/packages/clearpath_control)
[1.057s] Level 1:colcon.colcon_core.environment:create_environment_scripts_only(clearpath_platform_description)
[1.058s] Level 1:colcon.colcon_core.environment:checking '/home/dimash/debug_clear_ws/install/clearpath_platform_description' for CMake module files
[1.058s] Level 1:colcon.colcon_core.environment:checking '/home/dimash/debug_clear_ws/install/clearpath_platform_description' for CMake config files
[1.059s] DEBUG:colcon.colcon_core.event_handler.log_command:Invoked command in '/home/dimash/debug_clear_ws/build/clearpath_platform_description' returned '0': CMAKE_PREFIX_PATH=${CMAKE_PREFIX_PATH}:/home/dimash/debug_clear_ws/install/yolo_ros:/home/dimash/debug_clear_ws/install/person_movement:/home/dimash/debug_clear_ws/install/clearpath_config:/opt/ros/humble /usr/bin/cmake --install /home/dimash/debug_clear_ws/build/clearpath_platform_description
[1.060s] Level 1:colcon.colcon_core.shell:create_environment_hook('clearpath_platform_description', 'cmake_prefix_path')
[1.061s] INFO:colcon.colcon_core.shell:Creating environment hook '/home/dimash/debug_clear_ws/install/clearpath_platform_description/share/clearpath_platform_description/hook/cmake_prefix_path.ps1'
[1.061s] INFO:colcon.colcon_core.shell:Creating environment descriptor '/home/dimash/debug_clear_ws/install/clearpath_platform_description/share/clearpath_platform_description/hook/cmake_prefix_path.dsv'
[1.062s] INFO:colcon.colcon_core.shell:Creating environment hook '/home/dimash/debug_clear_ws/install/clearpath_platform_description/share/clearpath_platform_description/hook/cmake_prefix_path.sh'
[1.063s] Level 1:colcon.colcon_core.environment:checking '/home/dimash/debug_clear_ws/install/clearpath_platform_description/bin'
[1.063s] Level 1:colcon.colcon_core.environment:checking '/home/dimash/debug_clear_ws/install/clearpath_platform_description/lib/pkgconfig/clearpath_platform_description.pc'
[1.063s] Level 1:colcon.colcon_core.environment:checking '/home/dimash/debug_clear_ws/install/clearpath_platform_description/lib/python3.10/site-packages'
[1.063s] Level 1:colcon.colcon_core.environment:checking '/home/dimash/debug_clear_ws/install/clearpath_platform_description/bin'
[1.064s] INFO:colcon.colcon_core.shell:Creating package script '/home/dimash/debug_clear_ws/install/clearpath_platform_description/share/clearpath_platform_description/package.ps1'
[1.065s] INFO:colcon.colcon_core.shell:Creating package descriptor '/home/dimash/debug_clear_ws/install/clearpath_platform_description/share/clearpath_platform_description/package.dsv'
[1.066s] INFO:colcon.colcon_core.shell:Creating package script '/home/dimash/debug_clear_ws/install/clearpath_platform_description/share/clearpath_platform_description/package.sh'
[1.066s] INFO:colcon.colcon_core.shell:Creating package script '/home/dimash/debug_clear_ws/install/clearpath_platform_description/share/clearpath_platform_description/package.bash'
[1.067s] INFO:colcon.colcon_core.shell:Creating package script '/home/dimash/debug_clear_ws/install/clearpath_platform_description/share/clearpath_platform_description/package.zsh'
[1.067s] Level 1:colcon.colcon_core.environment:create_file_with_runtime_dependencies(/home/dimash/debug_clear_ws/install/clearpath_platform_description/share/colcon-core/packages/clearpath_platform_description)
[1.068s] Level 1:colcon.colcon_core.environment:create_environment_scripts_only(clearpath_platform_description)
[1.069s] Level 1:colcon.colcon_core.environment:checking '/home/dimash/debug_clear_ws/install/clearpath_platform_description' for CMake module files
[1.069s] Level 1:colcon.colcon_core.environment:checking '/home/dimash/debug_clear_ws/install/clearpath_platform_description' for CMake config files
[1.070s] Level 1:colcon.colcon_core.shell:create_environment_hook('clearpath_platform_description', 'cmake_prefix_path')
[1.071s] INFO:colcon.colcon_core.shell:Creating environment hook '/home/dimash/debug_clear_ws/install/clearpath_platform_description/share/clearpath_platform_description/hook/cmake_prefix_path.ps1'
[1.071s] INFO:colcon.colcon_core.shell:Creating environment descriptor '/home/dimash/debug_clear_ws/install/clearpath_platform_description/share/clearpath_platform_description/hook/cmake_prefix_path.dsv'
[1.072s] INFO:colcon.colcon_core.shell:Creating environment hook '/home/dimash/debug_clear_ws/install/clearpath_platform_description/share/clearpath_platform_description/hook/cmake_prefix_path.sh'
[1.073s] Level 1:colcon.colcon_core.environment:checking '/home/dimash/debug_clear_ws/install/clearpath_platform_description/bin'
[1.073s] Level 1:colcon.colcon_core.environment:checking '/home/dimash/debug_clear_ws/install/clearpath_platform_description/lib/pkgconfig/clearpath_platform_description.pc'
[1.073s] Level 1:colcon.colcon_core.environment:checking '/home/dimash/debug_clear_ws/install/clearpath_platform_description/lib/python3.10/site-packages'
[1.074s] Level 1:colcon.colcon_core.environment:checking '/home/dimash/debug_clear_ws/install/clearpath_platform_description/bin'
[1.074s] INFO:colcon.colcon_core.shell:Creating package script '/home/dimash/debug_clear_ws/install/clearpath_platform_description/share/clearpath_platform_description/package.ps1'
[1.075s] INFO:colcon.colcon_core.shell:Creating package descriptor '/home/dimash/debug_clear_ws/install/clearpath_platform_description/share/clearpath_platform_description/package.dsv'
[1.076s] INFO:colcon.colcon_core.shell:Creating package script '/home/dimash/debug_clear_ws/install/clearpath_platform_description/share/clearpath_platform_description/package.sh'
[1.079s] INFO:colcon.colcon_core.shell:Creating package script '/home/dimash/debug_clear_ws/install/clearpath_platform_description/share/clearpath_platform_description/package.bash'
[1.079s] INFO:colcon.colcon_core.shell:Creating package script '/home/dimash/debug_clear_ws/install/clearpath_platform_description/share/clearpath_platform_description/package.zsh'
[1.080s] Level 1:colcon.colcon_core.environment:create_file_with_runtime_dependencies(/home/dimash/debug_clear_ws/install/clearpath_platform_description/share/colcon-core/packages/clearpath_platform_description)
[1.083s] DEBUG:colcon.colcon_core.event_handler.log_command:Invoked command in '/home/dimash/debug_clear_ws/build/clearpath_platform_msgs' returned '0': CMAKE_PREFIX_PATH=${CMAKE_PREFIX_PATH}:/home/dimash/debug_clear_ws/install/yolo_ros:/home/dimash/debug_clear_ws/install/person_movement:/home/dimash/debug_clear_ws/install/clearpath_config:/opt/ros/humble /usr/bin/cmake --build /home/dimash/debug_clear_ws/build/clearpath_platform_msgs -- -j8 -l8
[1.083s] DEBUG:colcon.colcon_core.event_handler.log_command:Invoking command in '/home/dimash/debug_clear_ws/build/clearpath_platform_msgs': CMAKE_PREFIX_PATH=${CMAKE_PREFIX_PATH}:/home/dimash/debug_clear_ws/install/yolo_ros:/home/dimash/debug_clear_ws/install/person_movement:/home/dimash/debug_clear_ws/install/clearpath_config:/opt/ros/humble /usr/bin/cmake --install /home/dimash/debug_clear_ws/build/clearpath_platform_msgs
[1.084s] INFO:colcon.colcon_ros.task.ament_cmake.build:Building ROS package in '/home/dimash/debug_clear_ws/src/clearpath_common/clearpath_customization' with build type 'ament_cmake'
[1.084s] INFO:colcon.colcon_cmake.task.cmake.build:Building CMake package in '/home/dimash/debug_clear_ws/src/clearpath_common/clearpath_customization'
[1.085s] INFO:colcon.colcon_core.shell:Skip shell extension 'powershell' for command environment: Not usable outside of PowerShell
[1.085s] DEBUG:colcon.colcon_core.shell:Skip shell extension 'dsv' for command environment
[1.102s] INFO:colcon.colcon_ros.task.ament_python.build:Building ROS package in '/home/dimash/debug_clear_ws/src/person_movement' with build type 'ament_python'
[1.103s] Level 1:colcon.colcon_core.shell:create_environment_hook('person_movement', 'ament_prefix_path')
[1.103s] INFO:colcon.colcon_core.shell:Creating environment hook '/home/dimash/debug_clear_ws/install/person_movement/share/person_movement/hook/ament_prefix_path.ps1'
[1.104s] INFO:colcon.colcon_core.shell:Creating environment descriptor '/home/dimash/debug_clear_ws/install/person_movement/share/person_movement/hook/ament_prefix_path.dsv'
[1.104s] INFO:colcon.colcon_core.shell:Creating environment hook '/home/dimash/debug_clear_ws/install/person_movement/share/person_movement/hook/ament_prefix_path.sh'
[1.105s] INFO:colcon.colcon_core.shell:Skip shell extension 'powershell' for command environment: Not usable outside of PowerShell
[1.105s] DEBUG:colcon.colcon_core.shell:Skip shell extension 'dsv' for command environment
[1.115s] Level 1:colcon.colcon_core.environment:create_environment_scripts_only(clearpath_mounts_description)
[1.116s] DEBUG:colcon.colcon_core.event_handler.log_command:Invoked command in '/home/dimash/debug_clear_ws/build/clearpath_mounts_description' returned '0': CMAKE_PREFIX_PATH=${CMAKE_PREFIX_PATH}:/home/dimash/debug_clear_ws/install/yolo_ros:/home/dimash/debug_clear_ws/install/person_movement:/home/dimash/debug_clear_ws/install/clearpath_config:/opt/ros/humble /usr/bin/cmake --install /home/dimash/debug_clear_ws/build/clearpath_mounts_description
[1.117s] Level 1:colcon.colcon_core.environment:checking '/home/dimash/debug_clear_ws/install/clearpath_mounts_description' for CMake module files
[1.120s] Level 1:colcon.colcon_core.environment:checking '/home/dimash/debug_clear_ws/install/clearpath_mounts_description' for CMake config files
[1.121s] Level 1:colcon.colcon_core.shell:create_environment_hook('clearpath_mounts_description', 'cmake_prefix_path')
[1.122s] INFO:colcon.colcon_core.shell:Creating environment hook '/home/dimash/debug_clear_ws/install/clearpath_mounts_description/share/clearpath_mounts_description/hook/cmake_prefix_path.ps1'
[1.123s] INFO:colcon.colcon_core.shell:Creating environment descriptor '/home/dimash/debug_clear_ws/install/clearpath_mounts_description/share/clearpath_mounts_description/hook/cmake_prefix_path.dsv'
[1.125s] INFO:colcon.colcon_core.shell:Creating environment hook '/home/dimash/debug_clear_ws/install/clearpath_mounts_description/share/clearpath_mounts_description/hook/cmake_prefix_path.sh'
[1.129s] Level 1:colcon.colcon_core.environment:checking '/home/dimash/debug_clear_ws/install/clearpath_mounts_description/bin'
[1.130s] Level 1:colcon.colcon_core.environment:checking '/home/dimash/debug_clear_ws/install/clearpath_mounts_description/lib/pkgconfig/clearpath_mounts_description.pc'
[1.130s] Level 1:colcon.colcon_core.environment:checking '/home/dimash/debug_clear_ws/install/clearpath_mounts_description/lib/python3.10/site-packages'
[1.130s] Level 1:colcon.colcon_core.environment:checking '/home/dimash/debug_clear_ws/install/clearpath_mounts_description/bin'
[1.131s] INFO:colcon.colcon_core.shell:Creating package script '/home/dimash/debug_clear_ws/install/clearpath_mounts_description/share/clearpath_mounts_description/package.ps1'
[1.132s] INFO:colcon.colcon_core.shell:Creating package descriptor '/home/dimash/debug_clear_ws/install/clearpath_mounts_description/share/clearpath_mounts_description/package.dsv'
[1.132s] INFO:colcon.colcon_core.shell:Creating package script '/home/dimash/debug_clear_ws/install/clearpath_mounts_description/share/clearpath_mounts_description/package.sh'
[1.136s] INFO:colcon.colcon_core.shell:Creating package script '/home/dimash/debug_clear_ws/install/clearpath_mounts_description/share/clearpath_mounts_description/package.bash'
[1.137s] INFO:colcon.colcon_core.shell:Creating package script '/home/dimash/debug_clear_ws/install/clearpath_mounts_description/share/clearpath_mounts_description/package.zsh'
[1.137s] Level 1:colcon.colcon_core.environment:create_file_with_runtime_dependencies(/home/dimash/debug_clear_ws/install/clearpath_mounts_description/share/colcon-core/packages/clearpath_mounts_description)
[1.138s] Level 1:colcon.colcon_core.environment:create_environment_scripts_only(clearpath_mounts_description)
[1.138s] Level 1:colcon.colcon_core.environment:checking '/home/dimash/debug_clear_ws/install/clearpath_mounts_description' for CMake module files
[1.139s] Level 1:colcon.colcon_core.environment:checking '/home/dimash/debug_clear_ws/install/clearpath_mounts_description' for CMake config files
[1.141s] Level 1:colcon.colcon_core.shell:create_environment_hook('clearpath_mounts_description', 'cmake_prefix_path')
[1.142s] INFO:colcon.colcon_core.shell:Creating environment hook '/home/dimash/debug_clear_ws/install/clearpath_mounts_description/share/clearpath_mounts_description/hook/cmake_prefix_path.ps1'
[1.143s] INFO:colcon.colcon_core.shell:Creating environment descriptor '/home/dimash/debug_clear_ws/install/clearpath_mounts_description/share/clearpath_mounts_description/hook/cmake_prefix_path.dsv'
[1.145s] INFO:colcon.colcon_core.shell:Creating environment hook '/home/dimash/debug_clear_ws/install/clearpath_mounts_description/share/clearpath_mounts_description/hook/cmake_prefix_path.sh'
[1.146s] Level 1:colcon.colcon_core.environment:checking '/home/dimash/debug_clear_ws/install/clearpath_mounts_description/bin'
[1.146s] Level 1:colcon.colcon_core.environment:checking '/home/dimash/debug_clear_ws/install/clearpath_mounts_description/lib/pkgconfig/clearpath_mounts_description.pc'
[1.147s] Level 1:colcon.colcon_core.environment:checking '/home/dimash/debug_clear_ws/install/clearpath_mounts_description/lib/python3.10/site-packages'
[1.148s] Level 1:colcon.colcon_core.environment:checking '/home/dimash/debug_clear_ws/install/clearpath_mounts_description/bin'
[1.149s] INFO:colcon.colcon_core.shell:Creating package script '/home/dimash/debug_clear_ws/install/clearpath_mounts_description/share/clearpath_mounts_description/package.ps1'
[1.150s] INFO:colcon.colcon_core.shell:Creating package descriptor '/home/dimash/debug_clear_ws/install/clearpath_mounts_description/share/clearpath_mounts_description/package.dsv'
[1.151s] INFO:colcon.colcon_core.shell:Creating package script '/home/dimash/debug_clear_ws/install/clearpath_mounts_description/share/clearpath_mounts_description/package.sh'
[1.155s] INFO:colcon.colcon_core.shell:Creating package script '/home/dimash/debug_clear_ws/install/clearpath_mounts_description/share/clearpath_mounts_description/package.bash'
[1.160s] INFO:colcon.colcon_core.shell:Creating package script '/home/dimash/debug_clear_ws/install/clearpath_mounts_description/share/clearpath_mounts_description/package.zsh'
[1.160s] Level 1:colcon.colcon_core.environment:create_file_with_runtime_dependencies(/home/dimash/debug_clear_ws/install/clearpath_mounts_description/share/colcon-core/packages/clearpath_mounts_description)
[1.171s] Level 1:colcon.colcon_core.environment:create_environment_scripts_only(clearpath_sensors_description)
[1.172s] Level 1:colcon.colcon_core.environment:checking '/home/dimash/debug_clear_ws/install/clearpath_sensors_description' for CMake module files
[1.172s] Level 1:colcon.colcon_core.environment:checking '/home/dimash/debug_clear_ws/install/clearpath_sensors_description' for CMake config files
[1.173s] Level 1:colcon.colcon_core.shell:create_environment_hook('clearpath_sensors_description', 'cmake_prefix_path')
[1.173s] INFO:colcon.colcon_core.shell:Creating environment hook '/home/dimash/debug_clear_ws/install/clearpath_sensors_description/share/clearpath_sensors_description/hook/cmake_prefix_path.ps1'
[1.174s] INFO:colcon.colcon_core.shell:Creating environment descriptor '/home/dimash/debug_clear_ws/install/clearpath_sensors_description/share/clearpath_sensors_description/hook/cmake_prefix_path.dsv'
[1.175s] INFO:colcon.colcon_core.shell:Creating environment hook '/home/dimash/debug_clear_ws/install/clearpath_sensors_description/share/clearpath_sensors_description/hook/cmake_prefix_path.sh'
[1.178s] Level 1:colcon.colcon_core.environment:checking '/home/dimash/debug_clear_ws/install/clearpath_sensors_description/bin'
[1.179s] Level 1:colcon.colcon_core.environment:checking '/home/dimash/debug_clear_ws/install/clearpath_sensors_description/lib/pkgconfig/clearpath_sensors_description.pc'
[1.179s] Level 1:colcon.colcon_core.environment:checking '/home/dimash/debug_clear_ws/install/clearpath_sensors_description/lib/python3.10/site-packages'
[1.179s] Level 1:colcon.colcon_core.environment:checking '/home/dimash/debug_clear_ws/install/clearpath_sensors_description/bin'
[1.180s] INFO:colcon.colcon_core.shell:Creating package script '/home/dimash/debug_clear_ws/install/clearpath_sensors_description/share/clearpath_sensors_description/package.ps1'
[1.181s] INFO:colcon.colcon_core.shell:Creating package descriptor '/home/dimash/debug_clear_ws/install/clearpath_sensors_description/share/clearpath_sensors_description/package.dsv'
[1.182s] INFO:colcon.colcon_core.shell:Creating package script '/home/dimash/debug_clear_ws/install/clearpath_sensors_description/share/clearpath_sensors_description/package.sh'
[1.184s] INFO:colcon.colcon_core.shell:Creating package script '/home/dimash/debug_clear_ws/install/clearpath_sensors_description/share/clearpath_sensors_description/package.bash'
[1.184s] INFO:colcon.colcon_core.shell:Creating package script '/home/dimash/debug_clear_ws/install/clearpath_sensors_description/share/clearpath_sensors_description/package.zsh'
[1.185s] Level 1:colcon.colcon_core.environment:create_file_with_runtime_dependencies(/home/dimash/debug_clear_ws/install/clearpath_sensors_description/share/colcon-core/packages/clearpath_sensors_description)
[1.187s] Level 1:colcon.colcon_core.environment:create_environment_scripts_only(clearpath_sensors_description)
[1.187s] Level 1:colcon.colcon_core.environment:checking '/home/dimash/debug_clear_ws/install/clearpath_sensors_description' for CMake module files
[1.188s] Level 1:colcon.colcon_core.environment:checking '/home/dimash/debug_clear_ws/install/clearpath_sensors_description' for CMake config files
[1.189s] Level 1:colcon.colcon_core.shell:create_environment_hook('clearpath_sensors_description', 'cmake_prefix_path')
[1.189s] INFO:colcon.colcon_core.shell:Creating environment hook '/home/dimash/debug_clear_ws/install/clearpath_sensors_description/share/clearpath_sensors_description/hook/cmake_prefix_path.ps1'
[1.190s] INFO:colcon.colcon_core.shell:Creating environment descriptor '/home/dimash/debug_clear_ws/install/clearpath_sensors_description/share/clearpath_sensors_description/hook/cmake_prefix_path.dsv'
[1.192s] INFO:colcon.colcon_core.shell:Creating environment hook '/home/dimash/debug_clear_ws/install/clearpath_sensors_description/share/clearpath_sensors_description/hook/cmake_prefix_path.sh'
[1.192s] DEBUG:colcon.colcon_core.event_handler.log_command:Invoking command in '/home/dimash/debug_clear_ws/build/clearpath_manipulators': CMAKE_PREFIX_PATH=/home/dimash/debug_clear_ws/install/clearpath_manipulators_description:/home/dimash/debug_clear_ws/install/yolo_bringup:/home/dimash/debug_clear_ws/install/mpc_low:/home/dimash/debug_clear_ws/install/yolo_msgs:/home/dimash/debug_clear_ws/install/point_cloud_debug:/home/dimash/debug_clear_ws/install/move_model_plugin:/home/dimash/debug_clear_ws/install/clearpath_simulator:/home/dimash/debug_clear_ws/install/clearpath_gz:/home/dimash/debug_clear_ws/install/clearpath_generator_gz:/home/dimash/debug_clear_ws/install/clearpath_common:/home/dimash/debug_clear_ws/install/clearpath_generator_common:/home/dimash/debug_clear_ws/install/clearpath_description:/home/dimash/debug_clear_ws/install/clearpath_sensors_description:/home/dimash/debug_clear_ws/install/clearpath_platform:/home/dimash/debug_clear_ws/install/clearpath_msgs:/home/dimash/debug_clear_ws/install/clearpath_platform_msgs:/home/dimash/debug_clear_ws/install/clearpath_platform_description:/home/dimash/debug_clear_ws/install/clearpath_nav2_demos:/home/dimash/debug_clear_ws/install/clearpath_mounts_description:/home/dimash/debug_clear_ws/install/clearpath_manipulators:/home/dimash/debug_clear_ws/install/clearpath_customization:/home/dimash/debug_clear_ws/install/clearpath_control:/home/dimash/debug_clear_ws/install/yolo_ros:/home/dimash/debug_clear_ws/install/person_movement:/home/dimash/debug_clear_ws/install/clearpath_config:/opt/ros/humble /usr/bin/cmake --build /home/dimash/debug_clear_ws/build/clearpath_manipulators -- -j8 -l8
[1.194s] DEBUG:colcon.colcon_core.event_handler.log_command:Invoked command in '/home/dimash/debug_clear_ws/build/clearpath_sensors_description' returned '0': CMAKE_PREFIX_PATH=${CMAKE_PREFIX_PATH}:/home/dimash/debug_clear_ws/install/yolo_ros:/home/dimash/debug_clear_ws/install/person_movement:/home/dimash/debug_clear_ws/install/clearpath_config:/opt/ros/humble /usr/bin/cmake --install /home/dimash/debug_clear_ws/build/clearpath_sensors_description
[1.194s] Level 1:colcon.colcon_core.environment:checking '/home/dimash/debug_clear_ws/install/clearpath_sensors_description/bin'
[1.195s] Level 1:colcon.colcon_core.environment:checking '/home/dimash/debug_clear_ws/install/clearpath_sensors_description/lib/pkgconfig/clearpath_sensors_description.pc'
[1.196s] Level 1:colcon.colcon_core.environment:checking '/home/dimash/debug_clear_ws/install/clearpath_sensors_description/lib/python3.10/site-packages'
[1.196s] Level 1:colcon.colcon_core.environment:checking '/home/dimash/debug_clear_ws/install/clearpath_sensors_description/bin'
[1.197s] INFO:colcon.colcon_core.shell:Creating package script '/home/dimash/debug_clear_ws/install/clearpath_sensors_description/share/clearpath_sensors_description/package.ps1'
[1.197s] INFO:colcon.colcon_core.shell:Creating package descriptor '/home/dimash/debug_clear_ws/install/clearpath_sensors_description/share/clearpath_sensors_description/package.dsv'
[1.199s] INFO:colcon.colcon_core.shell:Creating package script '/home/dimash/debug_clear_ws/install/clearpath_sensors_description/share/clearpath_sensors_description/package.sh'
[1.200s] INFO:colcon.colcon_core.shell:Creating package script '/home/dimash/debug_clear_ws/install/clearpath_sensors_description/share/clearpath_sensors_description/package.bash'
[1.201s] INFO:colcon.colcon_core.shell:Creating package script '/home/dimash/debug_clear_ws/install/clearpath_sensors_description/share/clearpath_sensors_description/package.zsh'
[1.202s] Level 1:colcon.colcon_core.environment:create_file_with_runtime_dependencies(/home/dimash/debug_clear_ws/install/clearpath_sensors_description/share/colcon-core/packages/clearpath_sensors_description)
[1.204s] INFO:colcon.colcon_ros.task.ament_cmake.build:Building ROS package in '/home/dimash/debug_clear_ws/src/clearpath_common/clearpath_description' with build type 'ament_cmake'
[1.204s] INFO:colcon.colcon_cmake.task.cmake.build:Building CMake package in '/home/dimash/debug_clear_ws/src/clearpath_common/clearpath_description'
[1.204s] INFO:colcon.colcon_core.shell:Skip shell extension 'powershell' for command environment: Not usable outside of PowerShell
[1.204s] DEBUG:colcon.colcon_core.shell:Skip shell extension 'dsv' for command environment
[1.225s] DEBUG:colcon.colcon_core.event_handler.log_command:Invoking command in '/home/dimash/debug_clear_ws/build/clearpath_customization': CMAKE_PREFIX_PATH=${CMAKE_PREFIX_PATH}:/home/dimash/debug_clear_ws/install/yolo_ros:/home/dimash/debug_clear_ws/install/person_movement:/home/dimash/debug_clear_ws/install/clearpath_config:/opt/ros/humble /usr/bin/cmake --build /home/dimash/debug_clear_ws/build/clearpath_customization -- -j8 -l8
[1.719s] INFO:colcon.colcon_core.task.python.build:Building Python package in '/home/dimash/debug_clear_ws/src/person_movement'
[1.719s] INFO:colcon.colcon_core.shell:Skip shell extension 'powershell' for command environment: Not usable outside of PowerShell
[1.719s] DEBUG:colcon.colcon_core.shell:Skip shell extension 'dsv' for command environment
[1.728s] Level 1:colcon.colcon_core.environment:create_environment_scripts_only(clearpath_platform_msgs)
[1.729s] Level 1:colcon.colcon_core.environment:checking '/home/dimash/debug_clear_ws/install/clearpath_platform_msgs' for CMake module files
[1.730s] DEBUG:colcon.colcon_core.event_handler.log_command:Invoked command in '/home/dimash/debug_clear_ws/build/clearpath_platform_msgs' returned '0': CMAKE_PREFIX_PATH=${CMAKE_PREFIX_PATH}:/home/dimash/debug_clear_ws/install/yolo_ros:/home/dimash/debug_clear_ws/install/person_movement:/home/dimash/debug_clear_ws/install/clearpath_config:/opt/ros/humble /usr/bin/cmake --install /home/dimash/debug_clear_ws/build/clearpath_platform_msgs
[1.730s] Level 1:colcon.colcon_core.environment:checking '/home/dimash/debug_clear_ws/install/clearpath_platform_msgs' for CMake config files
[1.730s] Level 1:colcon.colcon_core.shell:create_environment_hook('clearpath_platform_msgs', 'cmake_prefix_path')
[1.731s] INFO:colcon.colcon_core.shell:Creating environment hook '/home/dimash/debug_clear_ws/install/clearpath_platform_msgs/share/clearpath_platform_msgs/hook/cmake_prefix_path.ps1'
[1.731s] INFO:colcon.colcon_core.shell:Creating environment descriptor '/home/dimash/debug_clear_ws/install/clearpath_platform_msgs/share/clearpath_platform_msgs/hook/cmake_prefix_path.dsv'
[1.732s] INFO:colcon.colcon_core.shell:Creating environment hook '/home/dimash/debug_clear_ws/install/clearpath_platform_msgs/share/clearpath_platform_msgs/hook/cmake_prefix_path.sh'
[1.732s] Level 1:colcon.colcon_core.environment:checking '/home/dimash/debug_clear_ws/install/clearpath_platform_msgs/lib'
[1.733s] Level 1:colcon.colcon_core.shell:create_environment_hook('clearpath_platform_msgs', 'ld_library_path_lib')
[1.733s] INFO:colcon.colcon_core.shell:Creating environment hook '/home/dimash/debug_clear_ws/install/clearpath_platform_msgs/share/clearpath_platform_msgs/hook/ld_library_path_lib.ps1'
[1.734s] INFO:colcon.colcon_core.shell:Creating environment descriptor '/home/dimash/debug_clear_ws/install/clearpath_platform_msgs/share/clearpath_platform_msgs/hook/ld_library_path_lib.dsv'
[1.734s] INFO:colcon.colcon_core.shell:Creating environment hook '/home/dimash/debug_clear_ws/install/clearpath_platform_msgs/share/clearpath_platform_msgs/hook/ld_library_path_lib.sh'
[1.734s] Level 1:colcon.colcon_core.environment:checking '/home/dimash/debug_clear_ws/install/clearpath_platform_msgs/bin'
[1.735s] Level 1:colcon.colcon_core.environment:checking '/home/dimash/debug_clear_ws/install/clearpath_platform_msgs/lib/pkgconfig/clearpath_platform_msgs.pc'
[1.735s] Level 1:colcon.colcon_core.environment:checking '/home/dimash/debug_clear_ws/install/clearpath_platform_msgs/lib/python3.10/site-packages'
[1.735s] Level 1:colcon.colcon_core.environment:checking '/home/dimash/debug_clear_ws/install/clearpath_platform_msgs/bin'
[1.736s] INFO:colcon.colcon_core.shell:Creating package script '/home/dimash/debug_clear_ws/install/clearpath_platform_msgs/share/clearpath_platform_msgs/package.ps1'
[1.736s] INFO:colcon.colcon_core.shell:Creating package descriptor '/home/dimash/debug_clear_ws/install/clearpath_platform_msgs/share/clearpath_platform_msgs/package.dsv'
[1.737s] INFO:colcon.colcon_core.shell:Creating package script '/home/dimash/debug_clear_ws/install/clearpath_platform_msgs/share/clearpath_platform_msgs/package.sh'
[1.737s] INFO:colcon.colcon_core.shell:Creating package script '/home/dimash/debug_clear_ws/install/clearpath_platform_msgs/share/clearpath_platform_msgs/package.bash'
[1.738s] INFO:colcon.colcon_core.shell:Creating package script '/home/dimash/debug_clear_ws/install/clearpath_platform_msgs/share/clearpath_platform_msgs/package.zsh'
[1.738s] Level 1:colcon.colcon_core.environment:create_file_with_runtime_dependencies(/home/dimash/debug_clear_ws/install/clearpath_platform_msgs/share/colcon-core/packages/clearpath_platform_msgs)
[1.739s] Level 1:colcon.colcon_core.environment:create_environment_scripts_only(clearpath_platform_msgs)
[1.739s] Level 1:colcon.colcon_core.environment:checking '/home/dimash/debug_clear_ws/install/clearpath_platform_msgs' for CMake module files
[1.740s] Level 1:colcon.colcon_core.environment:checking '/home/dimash/debug_clear_ws/install/clearpath_platform_msgs' for CMake config files
[1.741s] Level 1:colcon.colcon_core.shell:create_environment_hook('clearpath_platform_msgs', 'cmake_prefix_path')
[1.741s] INFO:colcon.colcon_core.shell:Creating environment hook '/home/dimash/debug_clear_ws/install/clearpath_platform_msgs/share/clearpath_platform_msgs/hook/cmake_prefix_path.ps1'
[1.742s] INFO:colcon.colcon_core.shell:Creating environment descriptor '/home/dimash/debug_clear_ws/install/clearpath_platform_msgs/share/clearpath_platform_msgs/hook/cmake_prefix_path.dsv'
[1.743s] INFO:colcon.colcon_core.shell:Creating environment hook '/home/dimash/debug_clear_ws/install/clearpath_platform_msgs/share/clearpath_platform_msgs/hook/cmake_prefix_path.sh'
[1.744s] Level 1:colcon.colcon_core.environment:checking '/home/dimash/debug_clear_ws/install/clearpath_platform_msgs/lib'
[1.744s] Level 1:colcon.colcon_core.shell:create_environment_hook('clearpath_platform_msgs', 'ld_library_path_lib')
[1.744s] INFO:colcon.colcon_core.shell:Creating environment hook '/home/dimash/debug_clear_ws/install/clearpath_platform_msgs/share/clearpath_platform_msgs/hook/ld_library_path_lib.ps1'
[1.745s] INFO:colcon.colcon_core.shell:Creating environment descriptor '/home/dimash/debug_clear_ws/install/clearpath_platform_msgs/share/clearpath_platform_msgs/hook/ld_library_path_lib.dsv'
[1.745s] INFO:colcon.colcon_core.shell:Creating environment hook '/home/dimash/debug_clear_ws/install/clearpath_platform_msgs/share/clearpath_platform_msgs/hook/ld_library_path_lib.sh'
[1.746s] Level 1:colcon.colcon_core.environment:checking '/home/dimash/debug_clear_ws/install/clearpath_platform_msgs/bin'
[1.746s] Level 1:colcon.colcon_core.environment:checking '/home/dimash/debug_clear_ws/install/clearpath_platform_msgs/lib/pkgconfig/clearpath_platform_msgs.pc'
[1.746s] Level 1:colcon.colcon_core.environment:checking '/home/dimash/debug_clear_ws/install/clearpath_platform_msgs/lib/python3.10/site-packages'
[1.746s] Level 1:colcon.colcon_core.environment:checking '/home/dimash/debug_clear_ws/install/clearpath_platform_msgs/bin'
[1.747s] INFO:colcon.colcon_core.shell:Creating package script '/home/dimash/debug_clear_ws/install/clearpath_platform_msgs/share/clearpath_platform_msgs/package.ps1'
[1.747s] INFO:colcon.colcon_core.shell:Creating package descriptor '/home/dimash/debug_clear_ws/install/clearpath_platform_msgs/share/clearpath_platform_msgs/package.dsv'
[1.748s] INFO:colcon.colcon_core.shell:Creating package script '/home/dimash/debug_clear_ws/install/clearpath_platform_msgs/share/clearpath_platform_msgs/package.sh'
[1.749s] INFO:colcon.colcon_core.shell:Creating package script '/home/dimash/debug_clear_ws/install/clearpath_platform_msgs/share/clearpath_platform_msgs/package.bash'
[1.750s] INFO:colcon.colcon_core.shell:Creating package script '/home/dimash/debug_clear_ws/install/clearpath_platform_msgs/share/clearpath_platform_msgs/package.zsh'
[1.750s] Level 1:colcon.colcon_core.environment:create_file_with_runtime_dependencies(/home/dimash/debug_clear_ws/install/clearpath_platform_msgs/share/colcon-core/packages/clearpath_platform_msgs)
[1.752s] DEBUG:colcon.colcon_core.event_handler.log_command:Invoked command in '/home/dimash/debug_clear_ws/build/clearpath_manipulators' returned '0': CMAKE_PREFIX_PATH=/home/dimash/debug_clear_ws/install/clearpath_manipulators_description:/home/dimash/debug_clear_ws/install/yolo_bringup:/home/dimash/debug_clear_ws/install/mpc_low:/home/dimash/debug_clear_ws/install/yolo_msgs:/home/dimash/debug_clear_ws/install/point_cloud_debug:/home/dimash/debug_clear_ws/install/move_model_plugin:/home/dimash/debug_clear_ws/install/clearpath_simulator:/home/dimash/debug_clear_ws/install/clearpath_gz:/home/dimash/debug_clear_ws/install/clearpath_generator_gz:/home/dimash/debug_clear_ws/install/clearpath_common:/home/dimash/debug_clear_ws/install/clearpath_generator_common:/home/dimash/debug_clear_ws/install/clearpath_description:/home/dimash/debug_clear_ws/install/clearpath_sensors_description:/home/dimash/debug_clear_ws/install/clearpath_platform:/home/dimash/debug_clear_ws/install/clearpath_msgs:/home/dimash/debug_clear_ws/install/clearpath_platform_msgs:/home/dimash/debug_clear_ws/install/clearpath_platform_description:/home/dimash/debug_clear_ws/install/clearpath_nav2_demos:/home/dimash/debug_clear_ws/install/clearpath_mounts_description:/home/dimash/debug_clear_ws/install/clearpath_manipulators:/home/dimash/debug_clear_ws/install/clearpath_customization:/home/dimash/debug_clear_ws/install/clearpath_control:/home/dimash/debug_clear_ws/install/yolo_ros:/home/dimash/debug_clear_ws/install/person_movement:/home/dimash/debug_clear_ws/install/clearpath_config:/opt/ros/humble /usr/bin/cmake --build /home/dimash/debug_clear_ws/build/clearpath_manipulators -- -j8 -l8
[1.753s] DEBUG:colcon.colcon_core.event_handler.log_command:Invoking command in '/home/dimash/debug_clear_ws/build/clearpath_manipulators': CMAKE_PREFIX_PATH=/home/dimash/debug_clear_ws/install/clearpath_manipulators_description:/home/dimash/debug_clear_ws/install/yolo_bringup:/home/dimash/debug_clear_ws/install/mpc_low:/home/dimash/debug_clear_ws/install/yolo_msgs:/home/dimash/debug_clear_ws/install/point_cloud_debug:/home/dimash/debug_clear_ws/install/move_model_plugin:/home/dimash/debug_clear_ws/install/clearpath_simulator:/home/dimash/debug_clear_ws/install/clearpath_gz:/home/dimash/debug_clear_ws/install/clearpath_generator_gz:/home/dimash/debug_clear_ws/install/clearpath_common:/home/dimash/debug_clear_ws/install/clearpath_generator_common:/home/dimash/debug_clear_ws/install/clearpath_description:/home/dimash/debug_clear_ws/install/clearpath_sensors_description:/home/dimash/debug_clear_ws/install/clearpath_platform:/home/dimash/debug_clear_ws/install/clearpath_msgs:/home/dimash/debug_clear_ws/install/clearpath_platform_msgs:/home/dimash/debug_clear_ws/install/clearpath_platform_description:/home/dimash/debug_clear_ws/install/clearpath_nav2_demos:/home/dimash/debug_clear_ws/install/clearpath_mounts_description:/home/dimash/debug_clear_ws/install/clearpath_manipulators:/home/dimash/debug_clear_ws/install/clearpath_customization:/home/dimash/debug_clear_ws/install/clearpath_control:/home/dimash/debug_clear_ws/install/yolo_ros:/home/dimash/debug_clear_ws/install/person_movement:/home/dimash/debug_clear_ws/install/clearpath_config:/opt/ros/humble /usr/bin/cmake --install /home/dimash/debug_clear_ws/build/clearpath_manipulators
[1.755s] DEBUG:colcon.colcon_core.event_handler.log_command:Invoked command in '/home/dimash/debug_clear_ws/build/yolo_msgs' returned '0': CMAKE_PREFIX_PATH=${CMAKE_PREFIX_PATH}:/home/dimash/debug_clear_ws/install/yolo_ros:/home/dimash/debug_clear_ws/install/person_movement:/home/dimash/debug_clear_ws/install/clearpath_config:/opt/ros/humble /usr/bin/cmake --build /home/dimash/debug_clear_ws/build/yolo_msgs -- -j8 -l8
[1.757s] DEBUG:colcon.colcon_core.event_handler.log_command:Invoking command in '/home/dimash/debug_clear_ws/build/yolo_msgs': CMAKE_PREFIX_PATH=${CMAKE_PREFIX_PATH}:/home/dimash/debug_clear_ws/install/yolo_ros:/home/dimash/debug_clear_ws/install/person_movement:/home/dimash/debug_clear_ws/install/clearpath_config:/opt/ros/humble /usr/bin/cmake --install /home/dimash/debug_clear_ws/build/yolo_msgs
[1.763s] DEBUG:colcon.colcon_core.event_handler.log_command:Invoked command in '/home/dimash/debug_clear_ws/build/clearpath_customization' returned '0': CMAKE_PREFIX_PATH=${CMAKE_PREFIX_PATH}:/home/dimash/debug_clear_ws/install/yolo_ros:/home/dimash/debug_clear_ws/install/person_movement:/home/dimash/debug_clear_ws/install/clearpath_config:/opt/ros/humble /usr/bin/cmake --build /home/dimash/debug_clear_ws/build/clearpath_customization -- -j8 -l8
[1.776s] DEBUG:colcon.colcon_core.event_handler.log_command:Invoking command in '/home/dimash/debug_clear_ws/build/clearpath_customization': CMAKE_PREFIX_PATH=${CMAKE_PREFIX_PATH}:/home/dimash/debug_clear_ws/install/yolo_ros:/home/dimash/debug_clear_ws/install/person_movement:/home/dimash/debug_clear_ws/install/clearpath_config:/opt/ros/humble /usr/bin/cmake --install /home/dimash/debug_clear_ws/build/clearpath_customization
[1.778s] INFO:colcon.colcon_ros.task.ament_cmake.build:Building ROS package in '/home/dimash/debug_clear_ws/src/clearpath_common/clearpath_platform' with build type 'ament_cmake'
[1.778s] INFO:colcon.colcon_cmake.task.cmake.build:Building CMake package in '/home/dimash/debug_clear_ws/src/clearpath_common/clearpath_platform'
[1.781s] INFO:colcon.colcon_core.shell:Skip shell extension 'powershell' for command environment: Not usable outside of PowerShell
[1.782s] DEBUG:colcon.colcon_core.shell:Skip shell extension 'dsv' for command environment
[1.785s] DEBUG:colcon.colcon_core.event_handler.log_command:Invoking command in '/home/dimash/debug_clear_ws/src/clearpath_config': PYTHONPATH=/home/dimash/debug_clear_ws/build/clearpath_config/prefix_override:/usr/lib/python3/dist-packages/colcon_core/task/python/colcon_distutils_commands:/home/dimash/debug_clear_ws/install/clearpath_config/lib/python3.10/site-packages:${PYTHONPATH} /usr/bin/python3 -W ignore:setup.py install is deprecated -W ignore:easy_install command is deprecated setup.py egg_info --egg-base ../../build/clearpath_config build --build-base /home/dimash/debug_clear_ws/build/clearpath_config/build install --record /home/dimash/debug_clear_ws/build/clearpath_config/install.log --single-version-externally-managed install_data
[1.800s] INFO:colcon.colcon_ros.task.ament_cmake.build:Building ROS package in '/home/dimash/debug_clear_ws/src/clearpath_msgs/clearpath_msgs' with build type 'ament_cmake'
[1.800s] INFO:colcon.colcon_cmake.task.cmake.build:Building CMake package in '/home/dimash/debug_clear_ws/src/clearpath_msgs/clearpath_msgs'
[1.800s] INFO:colcon.colcon_core.shell:Skip shell extension 'powershell' for command environment: Not usable outside of PowerShell
[1.800s] DEBUG:colcon.colcon_core.shell:Skip shell extension 'dsv' for command environment
[1.821s] DEBUG:colcon.colcon_core.event_handler.log_command:Invoking command in '/home/dimash/debug_clear_ws/build/clearpath_description': CMAKE_PREFIX_PATH=/home/dimash/debug_clear_ws/install/clearpath_sensors_description:/home/dimash/debug_clear_ws/install/clearpath_platform_description:/home/dimash/debug_clear_ws/install/clearpath_mounts_description:/home/dimash/debug_clear_ws/install/clearpath_manipulators_description:/home/dimash/debug_clear_ws/install/yolo_bringup:/home/dimash/debug_clear_ws/install/mpc_low:/home/dimash/debug_clear_ws/install/yolo_msgs:/home/dimash/debug_clear_ws/install/point_cloud_debug:/home/dimash/debug_clear_ws/install/move_model_plugin:/home/dimash/debug_clear_ws/install/clearpath_simulator:/home/dimash/debug_clear_ws/install/clearpath_gz:/home/dimash/debug_clear_ws/install/clearpath_generator_gz:/home/dimash/debug_clear_ws/install/clearpath_common:/home/dimash/debug_clear_ws/install/clearpath_generator_common:/home/dimash/debug_clear_ws/install/clearpath_description:/home/dimash/debug_clear_ws/install/clearpath_platform:/home/dimash/debug_clear_ws/install/clearpath_msgs:/home/dimash/debug_clear_ws/install/clearpath_platform_msgs:/home/dimash/debug_clear_ws/install/clearpath_nav2_demos:/home/dimash/debug_clear_ws/install/clearpath_manipulators:/home/dimash/debug_clear_ws/install/clearpath_customization:/home/dimash/debug_clear_ws/install/clearpath_control:/home/dimash/debug_clear_ws/install/yolo_ros:/home/dimash/debug_clear_ws/install/person_movement:/home/dimash/debug_clear_ws/install/clearpath_config:/opt/ros/humble /usr/bin/cmake --build /home/dimash/debug_clear_ws/build/clearpath_description -- -j8 -l8
[1.843s] Level 1:colcon.colcon_core.environment:create_environment_scripts_only(clearpath_manipulators)
[1.844s] Level 1:colcon.colcon_core.environment:checking '/home/dimash/debug_clear_ws/install/clearpath_manipulators' for CMake module files
[1.844s] Level 1:colcon.colcon_core.environment:checking '/home/dimash/debug_clear_ws/install/clearpath_manipulators' for CMake config files
[1.845s] Level 1:colcon.colcon_core.shell:create_environment_hook('clearpath_manipulators', 'cmake_prefix_path')
[1.845s] INFO:colcon.colcon_core.shell:Creating environment hook '/home/dimash/debug_clear_ws/install/clearpath_manipulators/share/clearpath_manipulators/hook/cmake_prefix_path.ps1'
[1.846s] INFO:colcon.colcon_core.shell:Creating environment descriptor '/home/dimash/debug_clear_ws/install/clearpath_manipulators/share/clearpath_manipulators/hook/cmake_prefix_path.dsv'
[1.846s] INFO:colcon.colcon_core.shell:Creating environment hook '/home/dimash/debug_clear_ws/install/clearpath_manipulators/share/clearpath_manipulators/hook/cmake_prefix_path.sh'
[1.885s] Level 1:colcon.colcon_core.environment:checking '/home/dimash/debug_clear_ws/install/clearpath_manipulators/bin'
[1.885s] Level 1:colcon.colcon_core.environment:checking '/home/dimash/debug_clear_ws/install/clearpath_manipulators/lib/pkgconfig/clearpath_manipulators.pc'
[1.886s] Level 1:colcon.colcon_core.environment:checking '/home/dimash/debug_clear_ws/install/clearpath_manipulators/lib/python3.10/site-packages'
[1.886s] Level 1:colcon.colcon_core.environment:checking '/home/dimash/debug_clear_ws/install/clearpath_manipulators/bin'
[1.887s] INFO:colcon.colcon_core.shell:Creating package script '/home/dimash/debug_clear_ws/install/clearpath_manipulators/share/clearpath_manipulators/package.ps1'
[1.887s] INFO:colcon.colcon_core.shell:Creating package descriptor '/home/dimash/debug_clear_ws/install/clearpath_manipulators/share/clearpath_manipulators/package.dsv'
[1.888s] INFO:colcon.colcon_core.shell:Creating package script '/home/dimash/debug_clear_ws/install/clearpath_manipulators/share/clearpath_manipulators/package.sh'
[1.889s] INFO:colcon.colcon_core.shell:Creating package script '/home/dimash/debug_clear_ws/install/clearpath_manipulators/share/clearpath_manipulators/package.bash'
[1.889s] INFO:colcon.colcon_core.shell:Creating package script '/home/dimash/debug_clear_ws/install/clearpath_manipulators/share/clearpath_manipulators/package.zsh'
[1.890s] Level 1:colcon.colcon_core.environment:create_file_with_runtime_dependencies(/home/dimash/debug_clear_ws/install/clearpath_manipulators/share/colcon-core/packages/clearpath_manipulators)
[1.891s] Level 1:colcon.colcon_core.environment:create_environment_scripts_only(clearpath_manipulators)
[1.891s] Level 1:colcon.colcon_core.environment:checking '/home/dimash/debug_clear_ws/install/clearpath_manipulators' for CMake module files
[1.892s] Level 1:colcon.colcon_core.environment:checking '/home/dimash/debug_clear_ws/install/clearpath_manipulators' for CMake config files
[1.892s] Level 1:colcon.colcon_core.shell:create_environment_hook('clearpath_manipulators', 'cmake_prefix_path')
[1.893s] INFO:colcon.colcon_core.shell:Creating environment hook '/home/dimash/debug_clear_ws/install/clearpath_manipulators/share/clearpath_manipulators/hook/cmake_prefix_path.ps1'
[1.900s] INFO:colcon.colcon_core.shell:Creating environment descriptor '/home/dimash/debug_clear_ws/install/clearpath_manipulators/share/clearpath_manipulators/hook/cmake_prefix_path.dsv'
[1.902s] INFO:colcon.colcon_core.shell:Creating environment hook '/home/dimash/debug_clear_ws/install/clearpath_manipulators/share/clearpath_manipulators/hook/cmake_prefix_path.sh'
[1.902s] Level 1:colcon.colcon_core.environment:checking '/home/dimash/debug_clear_ws/install/clearpath_manipulators/bin'
[1.903s] Level 1:colcon.colcon_core.environment:checking '/home/dimash/debug_clear_ws/install/clearpath_manipulators/lib/pkgconfig/clearpath_manipulators.pc'
[1.903s] Level 1:colcon.colcon_core.environment:checking '/home/dimash/debug_clear_ws/install/clearpath_manipulators/lib/python3.10/site-packages'
[1.903s] Level 1:colcon.colcon_core.environment:checking '/home/dimash/debug_clear_ws/install/clearpath_manipulators/bin'
[1.904s] INFO:colcon.colcon_core.shell:Creating package script '/home/dimash/debug_clear_ws/install/clearpath_manipulators/share/clearpath_manipulators/package.ps1'
[1.908s] INFO:colcon.colcon_core.shell:Creating package descriptor '/home/dimash/debug_clear_ws/install/clearpath_manipulators/share/clearpath_manipulators/package.dsv'
[1.909s] INFO:colcon.colcon_core.shell:Creating package script '/home/dimash/debug_clear_ws/install/clearpath_manipulators/share/clearpath_manipulators/package.sh'
[1.915s] INFO:colcon.colcon_core.shell:Creating package script '/home/dimash/debug_clear_ws/install/clearpath_manipulators/share/clearpath_manipulators/package.bash'
[1.916s] INFO:colcon.colcon_core.shell:Creating package script '/home/dimash/debug_clear_ws/install/clearpath_manipulators/share/clearpath_manipulators/package.zsh'
[1.916s] Level 1:colcon.colcon_core.environment:create_file_with_runtime_dependencies(/home/dimash/debug_clear_ws/install/clearpath_manipulators/share/colcon-core/packages/clearpath_manipulators)
[1.917s] Level 1:colcon.colcon_core.environment:create_environment_scripts_only(clearpath_customization)
[1.918s] Level 1:colcon.colcon_core.environment:checking '/home/dimash/debug_clear_ws/install/clearpath_customization' for CMake module files
[1.922s] Level 1:colcon.colcon_core.environment:checking '/home/dimash/debug_clear_ws/install/clearpath_customization' for CMake config files
[1.925s] Level 1:colcon.colcon_core.shell:create_environment_hook('clearpath_customization', 'cmake_prefix_path')
[1.926s] INFO:colcon.colcon_core.shell:Creating environment hook '/home/dimash/debug_clear_ws/install/clearpath_customization/share/clearpath_customization/hook/cmake_prefix_path.ps1'
[1.927s] INFO:colcon.colcon_core.shell:Creating environment descriptor '/home/dimash/debug_clear_ws/install/clearpath_customization/share/clearpath_customization/hook/cmake_prefix_path.dsv'
[1.929s] INFO:colcon.colcon_core.shell:Creating environment hook '/home/dimash/debug_clear_ws/install/clearpath_customization/share/clearpath_customization/hook/cmake_prefix_path.sh'
[1.930s] Level 1:colcon.colcon_core.environment:checking '/home/dimash/debug_clear_ws/install/clearpath_customization/lib'
[1.930s] Level 1:colcon.colcon_core.environment:checking '/home/dimash/debug_clear_ws/install/clearpath_customization/bin'
[1.930s] Level 1:colcon.colcon_core.environment:checking '/home/dimash/debug_clear_ws/install/clearpath_customization/lib/pkgconfig/clearpath_customization.pc'
[1.934s] Level 1:colcon.colcon_core.environment:checking '/home/dimash/debug_clear_ws/install/clearpath_customization/lib/python3.10/site-packages'
[1.934s] Level 1:colcon.colcon_core.environment:checking '/home/dimash/debug_clear_ws/install/clearpath_customization/bin'
[1.935s] INFO:colcon.colcon_core.shell:Creating package script '/home/dimash/debug_clear_ws/install/clearpath_customization/share/clearpath_customization/package.ps1'
[1.936s] INFO:colcon.colcon_core.shell:Creating package descriptor '/home/dimash/debug_clear_ws/install/clearpath_customization/share/clearpath_customization/package.dsv'
[1.940s] INFO:colcon.colcon_core.shell:Creating package script '/home/dimash/debug_clear_ws/install/clearpath_customization/share/clearpath_customization/package.sh'
[1.941s] INFO:colcon.colcon_core.shell:Creating package script '/home/dimash/debug_clear_ws/install/clearpath_customization/share/clearpath_customization/package.bash'
[1.943s] DEBUG:colcon.colcon_core.event_handler.log_command:Invoked command in '/home/dimash/debug_clear_ws/build/clearpath_manipulators' returned '0': CMAKE_PREFIX_PATH=/home/dimash/debug_clear_ws/install/clearpath_manipulators_description:/home/dimash/debug_clear_ws/install/yolo_bringup:/home/dimash/debug_clear_ws/install/mpc_low:/home/dimash/debug_clear_ws/install/yolo_msgs:/home/dimash/debug_clear_ws/install/point_cloud_debug:/home/dimash/debug_clear_ws/install/move_model_plugin:/home/dimash/debug_clear_ws/install/clearpath_simulator:/home/dimash/debug_clear_ws/install/clearpath_gz:/home/dimash/debug_clear_ws/install/clearpath_generator_gz:/home/dimash/debug_clear_ws/install/clearpath_common:/home/dimash/debug_clear_ws/install/clearpath_generator_common:/home/dimash/debug_clear_ws/install/clearpath_description:/home/dimash/debug_clear_ws/install/clearpath_sensors_description:/home/dimash/debug_clear_ws/install/clearpath_platform:/home/dimash/debug_clear_ws/install/clearpath_msgs:/home/dimash/debug_clear_ws/install/clearpath_platform_msgs:/home/dimash/debug_clear_ws/install/clearpath_platform_description:/home/dimash/debug_clear_ws/install/clearpath_nav2_demos:/home/dimash/debug_clear_ws/install/clearpath_mounts_description:/home/dimash/debug_clear_ws/install/clearpath_manipulators:/home/dimash/debug_clear_ws/install/clearpath_customization:/home/dimash/debug_clear_ws/install/clearpath_control:/home/dimash/debug_clear_ws/install/yolo_ros:/home/dimash/debug_clear_ws/install/person_movement:/home/dimash/debug_clear_ws/install/clearpath_config:/opt/ros/humble /usr/bin/cmake --install /home/dimash/debug_clear_ws/build/clearpath_manipulators
[1.944s] INFO:colcon.colcon_core.shell:Creating package script '/home/dimash/debug_clear_ws/install/clearpath_customization/share/clearpath_customization/package.zsh'
[1.946s] Level 1:colcon.colcon_core.environment:create_file_with_runtime_dependencies(/home/dimash/debug_clear_ws/install/clearpath_customization/share/colcon-core/packages/clearpath_customization)
[1.949s] DEBUG:colcon.colcon_core.event_handler.log_command:Invoked command in '/home/dimash/debug_clear_ws/build/clearpath_customization' returned '0': CMAKE_PREFIX_PATH=${CMAKE_PREFIX_PATH}:/home/dimash/debug_clear_ws/install/yolo_ros:/home/dimash/debug_clear_ws/install/person_movement:/home/dimash/debug_clear_ws/install/clearpath_config:/opt/ros/humble /usr/bin/cmake --install /home/dimash/debug_clear_ws/build/clearpath_customization
[1.949s] Level 1:colcon.colcon_core.environment:create_environment_scripts_only(clearpath_customization)
[1.950s] Level 1:colcon.colcon_core.environment:checking '/home/dimash/debug_clear_ws/install/clearpath_customization' for CMake module files
[1.951s] Level 1:colcon.colcon_core.environment:checking '/home/dimash/debug_clear_ws/install/clearpath_customization' for CMake config files
[1.951s] Level 1:colcon.colcon_core.shell:create_environment_hook('clearpath_customization', 'cmake_prefix_path')
[1.951s] INFO:colcon.colcon_core.shell:Creating environment hook '/home/dimash/debug_clear_ws/install/clearpath_customization/share/clearpath_customization/hook/cmake_prefix_path.ps1'
[1.958s] INFO:colcon.colcon_core.shell:Creating environment descriptor '/home/dimash/debug_clear_ws/install/clearpath_customization/share/clearpath_customization/hook/cmake_prefix_path.dsv'
[1.958s] INFO:colcon.colcon_core.shell:Creating environment hook '/home/dimash/debug_clear_ws/install/clearpath_customization/share/clearpath_customization/hook/cmake_prefix_path.sh'
[1.959s] Level 1:colcon.colcon_core.environment:checking '/home/dimash/debug_clear_ws/install/clearpath_customization/lib'
[1.959s] Level 1:colcon.colcon_core.environment:checking '/home/dimash/debug_clear_ws/install/clearpath_customization/bin'
[1.959s] Level 1:colcon.colcon_core.environment:checking '/home/dimash/debug_clear_ws/install/clearpath_customization/lib/pkgconfig/clearpath_customization.pc'
[1.960s] Level 1:colcon.colcon_core.environment:checking '/home/dimash/debug_clear_ws/install/clearpath_customization/lib/python3.10/site-packages'
[1.960s] Level 1:colcon.colcon_core.environment:checking '/home/dimash/debug_clear_ws/install/clearpath_customization/bin'
[1.961s] INFO:colcon.colcon_core.shell:Creating package script '/home/dimash/debug_clear_ws/install/clearpath_customization/share/clearpath_customization/package.ps1'
[1.961s] INFO:colcon.colcon_core.shell:Creating package descriptor '/home/dimash/debug_clear_ws/install/clearpath_customization/share/clearpath_customization/package.dsv'
[1.965s] INFO:colcon.colcon_core.shell:Creating package script '/home/dimash/debug_clear_ws/install/clearpath_customization/share/clearpath_customization/package.sh'
[1.966s] INFO:colcon.colcon_core.shell:Creating package script '/home/dimash/debug_clear_ws/install/clearpath_customization/share/clearpath_customization/package.bash'
[1.967s] INFO:colcon.colcon_core.shell:Creating package script '/home/dimash/debug_clear_ws/install/clearpath_customization/share/clearpath_customization/package.zsh'
[1.970s] Level 1:colcon.colcon_core.environment:create_file_with_runtime_dependencies(/home/dimash/debug_clear_ws/install/clearpath_customization/share/colcon-core/packages/clearpath_customization)
[1.979s] DEBUG:colcon.colcon_core.event_handler.log_command:Invoking command in '/home/dimash/debug_clear_ws/build/clearpath_platform': CMAKE_PREFIX_PATH=/home/dimash/debug_clear_ws/install/clearpath_platform_msgs:/home/dimash/debug_clear_ws/install/clearpath_platform_description:/home/dimash/debug_clear_ws/install/clearpath_control:/home/dimash/debug_clear_ws/install/yolo_bringup:/home/dimash/debug_clear_ws/install/mpc_low:/home/dimash/debug_clear_ws/install/yolo_msgs:/home/dimash/debug_clear_ws/install/point_cloud_debug:/home/dimash/debug_clear_ws/install/move_model_plugin:/home/dimash/debug_clear_ws/install/clearpath_simulator:/home/dimash/debug_clear_ws/install/clearpath_gz:/home/dimash/debug_clear_ws/install/clearpath_generator_gz:/home/dimash/debug_clear_ws/install/clearpath_common:/home/dimash/debug_clear_ws/install/clearpath_generator_common:/home/dimash/debug_clear_ws/install/clearpath_description:/home/dimash/debug_clear_ws/install/clearpath_sensors_description:/home/dimash/debug_clear_ws/install/clearpath_platform:/home/dimash/debug_clear_ws/install/clearpath_msgs:/home/dimash/debug_clear_ws/install/clearpath_nav2_demos:/home/dimash/debug_clear_ws/install/clearpath_mounts_description:/home/dimash/debug_clear_ws/install/clearpath_manipulators:/home/dimash/debug_clear_ws/install/clearpath_manipulators_description:/home/dimash/debug_clear_ws/install/clearpath_customization:/home/dimash/debug_clear_ws/install/yolo_ros:/home/dimash/debug_clear_ws/install/person_movement:/home/dimash/debug_clear_ws/install/clearpath_config:/opt/ros/humble LD_LIBRARY_PATH=/home/dimash/debug_clear_ws/install/clearpath_platform_msgs/lib:/home/dimash/debug_clear_ws/install/mpc_low/lib:/home/dimash/debug_clear_ws/install/yolo_msgs/lib:/home/dimash/debug_clear_ws/install/move_model_plugin/lib:/home/dimash/debug_clear_ws/install/clearpath_platform/lib:/opt/ros/humble/opt/rviz_ogre_vendor/lib:/opt/ros/humble/lib/x86_64-linux-gnu:/opt/ros/humble/lib:/home/dimash/acados/lib:/home/dimash/acados/lib /usr/bin/cmake --build /home/dimash/debug_clear_ws/build/clearpath_platform -- -j8 -l8
[1.992s] DEBUG:colcon.colcon_core.event_handler.log_command:Invoking command in '/home/dimash/debug_clear_ws/build/clearpath_msgs': CMAKE_PREFIX_PATH=/home/dimash/debug_clear_ws/install/clearpath_platform_msgs:/home/dimash/debug_clear_ws/install/yolo_bringup:/home/dimash/debug_clear_ws/install/mpc_low:/home/dimash/debug_clear_ws/install/yolo_msgs:/home/dimash/debug_clear_ws/install/point_cloud_debug:/home/dimash/debug_clear_ws/install/move_model_plugin:/home/dimash/debug_clear_ws/install/clearpath_simulator:/home/dimash/debug_clear_ws/install/clearpath_gz:/home/dimash/debug_clear_ws/install/clearpath_generator_gz:/home/dimash/debug_clear_ws/install/clearpath_common:/home/dimash/debug_clear_ws/install/clearpath_generator_common:/home/dimash/debug_clear_ws/install/clearpath_description:/home/dimash/debug_clear_ws/install/clearpath_sensors_description:/home/dimash/debug_clear_ws/install/clearpath_platform:/home/dimash/debug_clear_ws/install/clearpath_msgs:/home/dimash/debug_clear_ws/install/clearpath_platform_description:/home/dimash/debug_clear_ws/install/clearpath_nav2_demos:/home/dimash/debug_clear_ws/install/clearpath_mounts_description:/home/dimash/debug_clear_ws/install/clearpath_manipulators:/home/dimash/debug_clear_ws/install/clearpath_manipulators_description:/home/dimash/debug_clear_ws/install/clearpath_customization:/home/dimash/debug_clear_ws/install/clearpath_control:/home/dimash/debug_clear_ws/install/yolo_ros:/home/dimash/debug_clear_ws/install/person_movement:/home/dimash/debug_clear_ws/install/clearpath_config:/opt/ros/humble LD_LIBRARY_PATH=/home/dimash/debug_clear_ws/install/clearpath_platform_msgs/lib:/home/dimash/debug_clear_ws/install/mpc_low/lib:/home/dimash/debug_clear_ws/install/yolo_msgs/lib:/home/dimash/debug_clear_ws/install/move_model_plugin/lib:/home/dimash/debug_clear_ws/install/clearpath_platform/lib:/opt/ros/humble/opt/rviz_ogre_vendor/lib:/opt/ros/humble/lib/x86_64-linux-gnu:/opt/ros/humble/lib:/home/dimash/acados/lib:/home/dimash/acados/lib /usr/bin/cmake --build /home/dimash/debug_clear_ws/build/clearpath_msgs -- -j8 -l8
[2.007s] DEBUG:colcon.colcon_core.event_handler.log_command:Invoked command in '/home/dimash/debug_clear_ws/build/clearpath_description' returned '0': CMAKE_PREFIX_PATH=/home/dimash/debug_clear_ws/install/clearpath_sensors_description:/home/dimash/debug_clear_ws/install/clearpath_platform_description:/home/dimash/debug_clear_ws/install/clearpath_mounts_description:/home/dimash/debug_clear_ws/install/clearpath_manipulators_description:/home/dimash/debug_clear_ws/install/yolo_bringup:/home/dimash/debug_clear_ws/install/mpc_low:/home/dimash/debug_clear_ws/install/yolo_msgs:/home/dimash/debug_clear_ws/install/point_cloud_debug:/home/dimash/debug_clear_ws/install/move_model_plugin:/home/dimash/debug_clear_ws/install/clearpath_simulator:/home/dimash/debug_clear_ws/install/clearpath_gz:/home/dimash/debug_clear_ws/install/clearpath_generator_gz:/home/dimash/debug_clear_ws/install/clearpath_common:/home/dimash/debug_clear_ws/install/clearpath_generator_common:/home/dimash/debug_clear_ws/install/clearpath_description:/home/dimash/debug_clear_ws/install/clearpath_platform:/home/dimash/debug_clear_ws/install/clearpath_msgs:/home/dimash/debug_clear_ws/install/clearpath_platform_msgs:/home/dimash/debug_clear_ws/install/clearpath_nav2_demos:/home/dimash/debug_clear_ws/install/clearpath_manipulators:/home/dimash/debug_clear_ws/install/clearpath_customization:/home/dimash/debug_clear_ws/install/clearpath_control:/home/dimash/debug_clear_ws/install/yolo_ros:/home/dimash/debug_clear_ws/install/person_movement:/home/dimash/debug_clear_ws/install/clearpath_config:/opt/ros/humble /usr/bin/cmake --build /home/dimash/debug_clear_ws/build/clearpath_description -- -j8 -l8
[2.009s] Level 1:colcon.colcon_core.environment:create_environment_scripts_only(yolo_msgs)
[2.009s] Level 1:colcon.colcon_core.environment:checking '/home/dimash/debug_clear_ws/install/yolo_msgs' for CMake module files
[2.010s] Level 1:colcon.colcon_core.environment:checking '/home/dimash/debug_clear_ws/install/yolo_msgs' for CMake config files
[2.011s] Level 1:colcon.colcon_core.shell:create_environment_hook('yolo_msgs', 'cmake_prefix_path')
[2.012s] INFO:colcon.colcon_core.shell:Creating environment hook '/home/dimash/debug_clear_ws/install/yolo_msgs/share/yolo_msgs/hook/cmake_prefix_path.ps1'
[2.017s] DEBUG:colcon.colcon_core.event_handler.log_command:Invoking command in '/home/dimash/debug_clear_ws/build/clearpath_description': CMAKE_PREFIX_PATH=/home/dimash/debug_clear_ws/install/clearpath_sensors_description:/home/dimash/debug_clear_ws/install/clearpath_platform_description:/home/dimash/debug_clear_ws/install/clearpath_mounts_description:/home/dimash/debug_clear_ws/install/clearpath_manipulators_description:/home/dimash/debug_clear_ws/install/yolo_bringup:/home/dimash/debug_clear_ws/install/mpc_low:/home/dimash/debug_clear_ws/install/yolo_msgs:/home/dimash/debug_clear_ws/install/point_cloud_debug:/home/dimash/debug_clear_ws/install/move_model_plugin:/home/dimash/debug_clear_ws/install/clearpath_simulator:/home/dimash/debug_clear_ws/install/clearpath_gz:/home/dimash/debug_clear_ws/install/clearpath_generator_gz:/home/dimash/debug_clear_ws/install/clearpath_common:/home/dimash/debug_clear_ws/install/clearpath_generator_common:/home/dimash/debug_clear_ws/install/clearpath_description:/home/dimash/debug_clear_ws/install/clearpath_platform:/home/dimash/debug_clear_ws/install/clearpath_msgs:/home/dimash/debug_clear_ws/install/clearpath_platform_msgs:/home/dimash/debug_clear_ws/install/clearpath_nav2_demos:/home/dimash/debug_clear_ws/install/clearpath_manipulators:/home/dimash/debug_clear_ws/install/clearpath_customization:/home/dimash/debug_clear_ws/install/clearpath_control:/home/dimash/debug_clear_ws/install/yolo_ros:/home/dimash/debug_clear_ws/install/person_movement:/home/dimash/debug_clear_ws/install/clearpath_config:/opt/ros/humble /usr/bin/cmake --install /home/dimash/debug_clear_ws/build/clearpath_description
[2.017s] DEBUG:colcon.colcon_core.event_handler.log_command:Invoked command in '/home/dimash/debug_clear_ws/build/yolo_msgs' returned '0': CMAKE_PREFIX_PATH=${CMAKE_PREFIX_PATH}:/home/dimash/debug_clear_ws/install/yolo_ros:/home/dimash/debug_clear_ws/install/person_movement:/home/dimash/debug_clear_ws/install/clearpath_config:/opt/ros/humble /usr/bin/cmake --install /home/dimash/debug_clear_ws/build/yolo_msgs
[2.018s] INFO:colcon.colcon_core.shell:Creating environment descriptor '/home/dimash/debug_clear_ws/install/yolo_msgs/share/yolo_msgs/hook/cmake_prefix_path.dsv'
[2.018s] INFO:colcon.colcon_core.shell:Creating environment hook '/home/dimash/debug_clear_ws/install/yolo_msgs/share/yolo_msgs/hook/cmake_prefix_path.sh'
[2.019s] Level 1:colcon.colcon_core.environment:checking '/home/dimash/debug_clear_ws/install/yolo_msgs/lib'
[2.019s] Level 1:colcon.colcon_core.shell:create_environment_hook('yolo_msgs', 'ld_library_path_lib')
[2.023s] INFO:colcon.colcon_core.shell:Creating environment hook '/home/dimash/debug_clear_ws/install/yolo_msgs/share/yolo_msgs/hook/ld_library_path_lib.ps1'
[2.029s] INFO:colcon.colcon_core.shell:Creating environment descriptor '/home/dimash/debug_clear_ws/install/yolo_msgs/share/yolo_msgs/hook/ld_library_path_lib.dsv'
[2.029s] INFO:colcon.colcon_core.shell:Creating environment hook '/home/dimash/debug_clear_ws/install/yolo_msgs/share/yolo_msgs/hook/ld_library_path_lib.sh'
[2.030s] Level 1:colcon.colcon_core.environment:checking '/home/dimash/debug_clear_ws/install/yolo_msgs/bin'
[2.030s] Level 1:colcon.colcon_core.environment:checking '/home/dimash/debug_clear_ws/install/yolo_msgs/lib/pkgconfig/yolo_msgs.pc'
[2.030s] Level 1:colcon.colcon_core.environment:checking '/home/dimash/debug_clear_ws/install/yolo_msgs/lib/python3.10/site-packages'
[2.031s] Level 1:colcon.colcon_core.environment:checking '/home/dimash/debug_clear_ws/install/yolo_msgs/bin'
[2.033s] INFO:colcon.colcon_core.shell:Creating package script '/home/dimash/debug_clear_ws/install/yolo_msgs/share/yolo_msgs/package.ps1'
[2.034s] INFO:colcon.colcon_core.shell:Creating package descriptor '/home/dimash/debug_clear_ws/install/yolo_msgs/share/yolo_msgs/package.dsv'
[2.035s] INFO:colcon.colcon_core.shell:Creating package script '/home/dimash/debug_clear_ws/install/yolo_msgs/share/yolo_msgs/package.sh'
[2.035s] INFO:colcon.colcon_core.shell:Creating package script '/home/dimash/debug_clear_ws/install/yolo_msgs/share/yolo_msgs/package.bash'
[2.036s] INFO:colcon.colcon_core.shell:Creating package script '/home/dimash/debug_clear_ws/install/yolo_msgs/share/yolo_msgs/package.zsh'
[2.036s] Level 1:colcon.colcon_core.environment:create_file_with_runtime_dependencies(/home/dimash/debug_clear_ws/install/yolo_msgs/share/colcon-core/packages/yolo_msgs)
[2.043s] Level 1:colcon.colcon_core.environment:create_environment_scripts_only(yolo_msgs)
[2.043s] Level 1:colcon.colcon_core.environment:checking '/home/dimash/debug_clear_ws/install/yolo_msgs' for CMake module files
[2.047s] Level 1:colcon.colcon_core.environment:checking '/home/dimash/debug_clear_ws/install/yolo_msgs' for CMake config files
[2.049s] Level 1:colcon.colcon_core.shell:create_environment_hook('yolo_msgs', 'cmake_prefix_path')
[2.049s] INFO:colcon.colcon_core.shell:Creating environment hook '/home/dimash/debug_clear_ws/install/yolo_msgs/share/yolo_msgs/hook/cmake_prefix_path.ps1'
[2.050s] INFO:colcon.colcon_core.shell:Creating environment descriptor '/home/dimash/debug_clear_ws/install/yolo_msgs/share/yolo_msgs/hook/cmake_prefix_path.dsv'
[2.050s] INFO:colcon.colcon_core.shell:Creating environment hook '/home/dimash/debug_clear_ws/install/yolo_msgs/share/yolo_msgs/hook/cmake_prefix_path.sh'
[2.051s] Level 1:colcon.colcon_core.environment:checking '/home/dimash/debug_clear_ws/install/yolo_msgs/lib'
[2.051s] Level 1:colcon.colcon_core.shell:create_environment_hook('yolo_msgs', 'ld_library_path_lib')
[2.051s] INFO:colcon.colcon_core.shell:Creating environment hook '/home/dimash/debug_clear_ws/install/yolo_msgs/share/yolo_msgs/hook/ld_library_path_lib.ps1'
[2.055s] INFO:colcon.colcon_core.shell:Creating environment descriptor '/home/dimash/debug_clear_ws/install/yolo_msgs/share/yolo_msgs/hook/ld_library_path_lib.dsv'
[2.056s] INFO:colcon.colcon_core.shell:Creating environment hook '/home/dimash/debug_clear_ws/install/yolo_msgs/share/yolo_msgs/hook/ld_library_path_lib.sh'
[2.056s] Level 1:colcon.colcon_core.environment:checking '/home/dimash/debug_clear_ws/install/yolo_msgs/bin'
[2.056s] Level 1:colcon.colcon_core.environment:checking '/home/dimash/debug_clear_ws/install/yolo_msgs/lib/pkgconfig/yolo_msgs.pc'
[2.057s] Level 1:colcon.colcon_core.environment:checking '/home/dimash/debug_clear_ws/install/yolo_msgs/lib/python3.10/site-packages'
[2.057s] Level 1:colcon.colcon_core.environment:checking '/home/dimash/debug_clear_ws/install/yolo_msgs/bin'
[2.061s] INFO:colcon.colcon_core.shell:Creating package script '/home/dimash/debug_clear_ws/install/yolo_msgs/share/yolo_msgs/package.ps1'
[2.062s] INFO:colcon.colcon_core.shell:Creating package descriptor '/home/dimash/debug_clear_ws/install/yolo_msgs/share/yolo_msgs/package.dsv'
[2.063s] INFO:colcon.colcon_core.shell:Creating package script '/home/dimash/debug_clear_ws/install/yolo_msgs/share/yolo_msgs/package.sh'
[2.063s] INFO:colcon.colcon_core.shell:Creating package script '/home/dimash/debug_clear_ws/install/yolo_msgs/share/yolo_msgs/package.bash'
[2.064s] INFO:colcon.colcon_core.shell:Creating package script '/home/dimash/debug_clear_ws/install/yolo_msgs/share/yolo_msgs/package.zsh'
[2.071s] Level 1:colcon.colcon_core.environment:create_file_with_runtime_dependencies(/home/dimash/debug_clear_ws/install/yolo_msgs/share/colcon-core/packages/yolo_msgs)
[2.075s] INFO:colcon.colcon_ros.task.ament_python.build:Building ROS package in '/home/dimash/debug_clear_ws/src/yolo_ros/yolo_ros' with build type 'ament_python'
[2.076s] Level 1:colcon.colcon_core.shell:create_environment_hook('yolo_ros', 'ament_prefix_path')
[2.076s] INFO:colcon.colcon_core.shell:Creating environment hook '/home/dimash/debug_clear_ws/install/yolo_ros/share/yolo_ros/hook/ament_prefix_path.ps1'
[2.077s] INFO:colcon.colcon_core.shell:Creating environment descriptor '/home/dimash/debug_clear_ws/install/yolo_ros/share/yolo_ros/hook/ament_prefix_path.dsv'
[2.077s] INFO:colcon.colcon_core.shell:Creating environment hook '/home/dimash/debug_clear_ws/install/yolo_ros/share/yolo_ros/hook/ament_prefix_path.sh'
[2.081s] INFO:colcon.colcon_core.shell:Skip shell extension 'powershell' for command environment: Not usable outside of PowerShell
[2.081s] DEBUG:colcon.colcon_core.shell:Skip shell extension 'dsv' for command environment
[2.117s] INFO:colcon.colcon_ros.task.ament_cmake.build:Building ROS package in '/home/dimash/debug_clear_ws/src/mpc_low' with build type 'ament_cmake'
[2.117s] INFO:colcon.colcon_cmake.task.cmake.build:Building CMake package in '/home/dimash/debug_clear_ws/src/mpc_low'
[2.118s] INFO:colcon.colcon_core.shell:Skip shell extension 'powershell' for command environment: Not usable outside of PowerShell
[2.118s] DEBUG:colcon.colcon_core.shell:Skip shell extension 'dsv' for command environment
[2.141s] Level 1:colcon.colcon_core.environment:create_environment_scripts_only(clearpath_description)
[2.142s] Level 1:colcon.colcon_core.environment:checking '/home/dimash/debug_clear_ws/install/clearpath_description' for CMake module files
[2.144s] Level 1:colcon.colcon_core.environment:checking '/home/dimash/debug_clear_ws/install/clearpath_description' for CMake config files
[2.145s] Level 1:colcon.colcon_core.shell:create_environment_hook('clearpath_description', 'cmake_prefix_path')
[2.145s] INFO:colcon.colcon_core.shell:Creating environment hook '/home/dimash/debug_clear_ws/install/clearpath_description/share/clearpath_description/hook/cmake_prefix_path.ps1'
[2.146s] INFO:colcon.colcon_core.shell:Creating environment descriptor '/home/dimash/debug_clear_ws/install/clearpath_description/share/clearpath_description/hook/cmake_prefix_path.dsv'
[2.146s] INFO:colcon.colcon_core.shell:Creating environment hook '/home/dimash/debug_clear_ws/install/clearpath_description/share/clearpath_description/hook/cmake_prefix_path.sh'
[2.147s] Level 1:colcon.colcon_core.environment:checking '/home/dimash/debug_clear_ws/install/clearpath_description/bin'
[2.147s] Level 1:colcon.colcon_core.environment:checking '/home/dimash/debug_clear_ws/install/clearpath_description/lib/pkgconfig/clearpath_description.pc'
[2.147s] Level 1:colcon.colcon_core.environment:checking '/home/dimash/debug_clear_ws/install/clearpath_description/lib/python3.10/site-packages'
[2.151s] Level 1:colcon.colcon_core.environment:checking '/home/dimash/debug_clear_ws/install/clearpath_description/bin'
[2.151s] INFO:colcon.colcon_core.shell:Creating package script '/home/dimash/debug_clear_ws/install/clearpath_description/share/clearpath_description/package.ps1'
[2.152s] INFO:colcon.colcon_core.shell:Creating package descriptor '/home/dimash/debug_clear_ws/install/clearpath_description/share/clearpath_description/package.dsv'
[2.153s] INFO:colcon.colcon_core.shell:Creating package script '/home/dimash/debug_clear_ws/install/clearpath_description/share/clearpath_description/package.sh'
[2.153s] INFO:colcon.colcon_core.shell:Creating package script '/home/dimash/debug_clear_ws/install/clearpath_description/share/clearpath_description/package.bash'
[2.154s] INFO:colcon.colcon_core.shell:Creating package script '/home/dimash/debug_clear_ws/install/clearpath_description/share/clearpath_description/package.zsh'
[2.154s] Level 1:colcon.colcon_core.environment:create_file_with_runtime_dependencies(/home/dimash/debug_clear_ws/install/clearpath_description/share/colcon-core/packages/clearpath_description)
[2.148s] DEBUG:colcon.colcon_core.event_handler.log_command:Invoked command in '/home/dimash/debug_clear_ws/build/clearpath_description' returned '0': CMAKE_PREFIX_PATH=/home/dimash/debug_clear_ws/install/clearpath_sensors_description:/home/dimash/debug_clear_ws/install/clearpath_platform_description:/home/dimash/debug_clear_ws/install/clearpath_mounts_description:/home/dimash/debug_clear_ws/install/clearpath_manipulators_description:/home/dimash/debug_clear_ws/install/yolo_bringup:/home/dimash/debug_clear_ws/install/mpc_low:/home/dimash/debug_clear_ws/install/yolo_msgs:/home/dimash/debug_clear_ws/install/point_cloud_debug:/home/dimash/debug_clear_ws/install/move_model_plugin:/home/dimash/debug_clear_ws/install/clearpath_simulator:/home/dimash/debug_clear_ws/install/clearpath_gz:/home/dimash/debug_clear_ws/install/clearpath_generator_gz:/home/dimash/debug_clear_ws/install/clearpath_common:/home/dimash/debug_clear_ws/install/clearpath_generator_common:/home/dimash/debug_clear_ws/install/clearpath_description:/home/dimash/debug_clear_ws/install/clearpath_platform:/home/dimash/debug_clear_ws/install/clearpath_msgs:/home/dimash/debug_clear_ws/install/clearpath_platform_msgs:/home/dimash/debug_clear_ws/install/clearpath_nav2_demos:/home/dimash/debug_clear_ws/install/clearpath_manipulators:/home/dimash/debug_clear_ws/install/clearpath_customization:/home/dimash/debug_clear_ws/install/clearpath_control:/home/dimash/debug_clear_ws/install/yolo_ros:/home/dimash/debug_clear_ws/install/person_movement:/home/dimash/debug_clear_ws/install/clearpath_config:/opt/ros/humble /usr/bin/cmake --install /home/dimash/debug_clear_ws/build/clearpath_description
[2.162s] Level 1:colcon.colcon_core.environment:create_environment_scripts_only(clearpath_description)
[2.163s] Level 1:colcon.colcon_core.environment:checking '/home/dimash/debug_clear_ws/install/clearpath_description' for CMake module files
[2.163s] Level 1:colcon.colcon_core.environment:checking '/home/dimash/debug_clear_ws/install/clearpath_description' for CMake config files
[2.163s] Level 1:colcon.colcon_core.shell:create_environment_hook('clearpath_description', 'cmake_prefix_path')
[2.164s] INFO:colcon.colcon_core.shell:Creating environment hook '/home/dimash/debug_clear_ws/install/clearpath_description/share/clearpath_description/hook/cmake_prefix_path.ps1'
[2.164s] INFO:colcon.colcon_core.shell:Creating environment descriptor '/home/dimash/debug_clear_ws/install/clearpath_description/share/clearpath_description/hook/cmake_prefix_path.dsv'
[2.165s] INFO:colcon.colcon_core.shell:Creating environment hook '/home/dimash/debug_clear_ws/install/clearpath_description/share/clearpath_description/hook/cmake_prefix_path.sh'
[2.166s] Level 1:colcon.colcon_core.environment:checking '/home/dimash/debug_clear_ws/install/clearpath_description/bin'
[2.166s] Level 1:colcon.colcon_core.environment:checking '/home/dimash/debug_clear_ws/install/clearpath_description/lib/pkgconfig/clearpath_description.pc'
[2.167s] Level 1:colcon.colcon_core.environment:checking '/home/dimash/debug_clear_ws/install/clearpath_description/lib/python3.10/site-packages'
[2.167s] Level 1:colcon.colcon_core.environment:checking '/home/dimash/debug_clear_ws/install/clearpath_description/bin'
[2.167s] INFO:colcon.colcon_core.shell:Creating package script '/home/dimash/debug_clear_ws/install/clearpath_description/share/clearpath_description/package.ps1'
[2.168s] INFO:colcon.colcon_core.shell:Creating package descriptor '/home/dimash/debug_clear_ws/install/clearpath_description/share/clearpath_description/package.dsv'
[2.169s] INFO:colcon.colcon_core.shell:Creating package script '/home/dimash/debug_clear_ws/install/clearpath_description/share/clearpath_description/package.sh'
[2.173s] INFO:colcon.colcon_core.shell:Creating package script '/home/dimash/debug_clear_ws/install/clearpath_description/share/clearpath_description/package.bash'
[2.174s] INFO:colcon.colcon_core.shell:Creating package script '/home/dimash/debug_clear_ws/install/clearpath_description/share/clearpath_description/package.zsh'
[2.174s] Level 1:colcon.colcon_core.environment:create_file_with_runtime_dependencies(/home/dimash/debug_clear_ws/install/clearpath_description/share/colcon-core/packages/clearpath_description)
[2.181s] DEBUG:colcon.colcon_core.event_handler.log_command:Invoked command in '/home/dimash/debug_clear_ws/build/clearpath_msgs' returned '0': CMAKE_PREFIX_PATH=/home/dimash/debug_clear_ws/install/clearpath_platform_msgs:/home/dimash/debug_clear_ws/install/yolo_bringup:/home/dimash/debug_clear_ws/install/mpc_low:/home/dimash/debug_clear_ws/install/yolo_msgs:/home/dimash/debug_clear_ws/install/point_cloud_debug:/home/dimash/debug_clear_ws/install/move_model_plugin:/home/dimash/debug_clear_ws/install/clearpath_simulator:/home/dimash/debug_clear_ws/install/clearpath_gz:/home/dimash/debug_clear_ws/install/clearpath_generator_gz:/home/dimash/debug_clear_ws/install/clearpath_common:/home/dimash/debug_clear_ws/install/clearpath_generator_common:/home/dimash/debug_clear_ws/install/clearpath_description:/home/dimash/debug_clear_ws/install/clearpath_sensors_description:/home/dimash/debug_clear_ws/install/clearpath_platform:/home/dimash/debug_clear_ws/install/clearpath_msgs:/home/dimash/debug_clear_ws/install/clearpath_platform_description:/home/dimash/debug_clear_ws/install/clearpath_nav2_demos:/home/dimash/debug_clear_ws/install/clearpath_mounts_description:/home/dimash/debug_clear_ws/install/clearpath_manipulators:/home/dimash/debug_clear_ws/install/clearpath_manipulators_description:/home/dimash/debug_clear_ws/install/clearpath_customization:/home/dimash/debug_clear_ws/install/clearpath_control:/home/dimash/debug_clear_ws/install/yolo_ros:/home/dimash/debug_clear_ws/install/person_movement:/home/dimash/debug_clear_ws/install/clearpath_config:/opt/ros/humble LD_LIBRARY_PATH=/home/dimash/debug_clear_ws/install/clearpath_platform_msgs/lib:/home/dimash/debug_clear_ws/install/mpc_low/lib:/home/dimash/debug_clear_ws/install/yolo_msgs/lib:/home/dimash/debug_clear_ws/install/move_model_plugin/lib:/home/dimash/debug_clear_ws/install/clearpath_platform/lib:/opt/ros/humble/opt/rviz_ogre_vendor/lib:/opt/ros/humble/lib/x86_64-linux-gnu:/opt/ros/humble/lib:/home/dimash/acados/lib:/home/dimash/acados/lib /usr/bin/cmake --build /home/dimash/debug_clear_ws/build/clearpath_msgs -- -j8 -l8
[2.182s] DEBUG:colcon.colcon_core.event_handler.log_command:Invoking command in '/home/dimash/debug_clear_ws/build/clearpath_msgs': CMAKE_PREFIX_PATH=/home/dimash/debug_clear_ws/install/clearpath_platform_msgs:/home/dimash/debug_clear_ws/install/yolo_bringup:/home/dimash/debug_clear_ws/install/mpc_low:/home/dimash/debug_clear_ws/install/yolo_msgs:/home/dimash/debug_clear_ws/install/point_cloud_debug:/home/dimash/debug_clear_ws/install/move_model_plugin:/home/dimash/debug_clear_ws/install/clearpath_simulator:/home/dimash/debug_clear_ws/install/clearpath_gz:/home/dimash/debug_clear_ws/install/clearpath_generator_gz:/home/dimash/debug_clear_ws/install/clearpath_common:/home/dimash/debug_clear_ws/install/clearpath_generator_common:/home/dimash/debug_clear_ws/install/clearpath_description:/home/dimash/debug_clear_ws/install/clearpath_sensors_description:/home/dimash/debug_clear_ws/install/clearpath_platform:/home/dimash/debug_clear_ws/install/clearpath_msgs:/home/dimash/debug_clear_ws/install/clearpath_platform_description:/home/dimash/debug_clear_ws/install/clearpath_nav2_demos:/home/dimash/debug_clear_ws/install/clearpath_mounts_description:/home/dimash/debug_clear_ws/install/clearpath_manipulators:/home/dimash/debug_clear_ws/install/clearpath_manipulators_description:/home/dimash/debug_clear_ws/install/clearpath_customization:/home/dimash/debug_clear_ws/install/clearpath_control:/home/dimash/debug_clear_ws/install/yolo_ros:/home/dimash/debug_clear_ws/install/person_movement:/home/dimash/debug_clear_ws/install/clearpath_config:/opt/ros/humble LD_LIBRARY_PATH=/home/dimash/debug_clear_ws/install/clearpath_platform_msgs/lib:/home/dimash/debug_clear_ws/install/mpc_low/lib:/home/dimash/debug_clear_ws/install/yolo_msgs/lib:/home/dimash/debug_clear_ws/install/move_model_plugin/lib:/home/dimash/debug_clear_ws/install/clearpath_platform/lib:/opt/ros/humble/opt/rviz_ogre_vendor/lib:/opt/ros/humble/lib/x86_64-linux-gnu:/opt/ros/humble/lib:/home/dimash/acados/lib:/home/dimash/acados/lib /usr/bin/cmake --install /home/dimash/debug_clear_ws/build/clearpath_msgs
[2.674s] INFO:colcon.colcon_core.task.python.build:Building Python package in '/home/dimash/debug_clear_ws/src/yolo_ros/yolo_ros'
[2.674s] INFO:colcon.colcon_core.shell:Skip shell extension 'powershell' for command environment: Not usable outside of PowerShell
[2.674s] DEBUG:colcon.colcon_core.shell:Skip shell extension 'dsv' for command environment
[2.686s] DEBUG:colcon.colcon_core.event_handler.log_command:Invoking command in '/home/dimash/debug_clear_ws/build/mpc_low': CMAKE_PREFIX_PATH=/home/dimash/debug_clear_ws/install/yolo_msgs:/home/dimash/debug_clear_ws/install/yolo_bringup:/home/dimash/debug_clear_ws/install/mpc_low:/home/dimash/debug_clear_ws/install/point_cloud_debug:/home/dimash/debug_clear_ws/install/move_model_plugin:/home/dimash/debug_clear_ws/install/clearpath_simulator:/home/dimash/debug_clear_ws/install/clearpath_gz:/home/dimash/debug_clear_ws/install/clearpath_generator_gz:/home/dimash/debug_clear_ws/install/clearpath_common:/home/dimash/debug_clear_ws/install/clearpath_generator_common:/home/dimash/debug_clear_ws/install/clearpath_description:/home/dimash/debug_clear_ws/install/clearpath_sensors_description:/home/dimash/debug_clear_ws/install/clearpath_platform:/home/dimash/debug_clear_ws/install/clearpath_msgs:/home/dimash/debug_clear_ws/install/clearpath_platform_msgs:/home/dimash/debug_clear_ws/install/clearpath_platform_description:/home/dimash/debug_clear_ws/install/clearpath_nav2_demos:/home/dimash/debug_clear_ws/install/clearpath_mounts_description:/home/dimash/debug_clear_ws/install/clearpath_manipulators:/home/dimash/debug_clear_ws/install/clearpath_manipulators_description:/home/dimash/debug_clear_ws/install/clearpath_customization:/home/dimash/debug_clear_ws/install/clearpath_control:/home/dimash/debug_clear_ws/install/yolo_ros:/home/dimash/debug_clear_ws/install/person_movement:/home/dimash/debug_clear_ws/install/clearpath_config:/opt/ros/humble LD_LIBRARY_PATH=/home/dimash/debug_clear_ws/install/yolo_msgs/lib:/home/dimash/debug_clear_ws/install/mpc_low/lib:/home/dimash/debug_clear_ws/install/move_model_plugin/lib:/home/dimash/debug_clear_ws/install/clearpath_platform/lib:/home/dimash/debug_clear_ws/install/clearpath_platform_msgs/lib:/opt/ros/humble/opt/rviz_ogre_vendor/lib:/opt/ros/humble/lib/x86_64-linux-gnu:/opt/ros/humble/lib:/home/dimash/acados/lib:/home/dimash/acados/lib /usr/bin/cmake --build /home/dimash/debug_clear_ws/build/mpc_low -- -j8 -l8
[2.688s] DEBUG:colcon.colcon_core.event_handler.log_command:Invoked command in '/home/dimash/debug_clear_ws/build/clearpath_platform' returned '0': CMAKE_PREFIX_PATH=/home/dimash/debug_clear_ws/install/clearpath_platform_msgs:/home/dimash/debug_clear_ws/install/clearpath_platform_description:/home/dimash/debug_clear_ws/install/clearpath_control:/home/dimash/debug_clear_ws/install/yolo_bringup:/home/dimash/debug_clear_ws/install/mpc_low:/home/dimash/debug_clear_ws/install/yolo_msgs:/home/dimash/debug_clear_ws/install/point_cloud_debug:/home/dimash/debug_clear_ws/install/move_model_plugin:/home/dimash/debug_clear_ws/install/clearpath_simulator:/home/dimash/debug_clear_ws/install/clearpath_gz:/home/dimash/debug_clear_ws/install/clearpath_generator_gz:/home/dimash/debug_clear_ws/install/clearpath_common:/home/dimash/debug_clear_ws/install/clearpath_generator_common:/home/dimash/debug_clear_ws/install/clearpath_description:/home/dimash/debug_clear_ws/install/clearpath_sensors_description:/home/dimash/debug_clear_ws/install/clearpath_platform:/home/dimash/debug_clear_ws/install/clearpath_msgs:/home/dimash/debug_clear_ws/install/clearpath_nav2_demos:/home/dimash/debug_clear_ws/install/clearpath_mounts_description:/home/dimash/debug_clear_ws/install/clearpath_manipulators:/home/dimash/debug_clear_ws/install/clearpath_manipulators_description:/home/dimash/debug_clear_ws/install/clearpath_customization:/home/dimash/debug_clear_ws/install/yolo_ros:/home/dimash/debug_clear_ws/install/person_movement:/home/dimash/debug_clear_ws/install/clearpath_config:/opt/ros/humble LD_LIBRARY_PATH=/home/dimash/debug_clear_ws/install/clearpath_platform_msgs/lib:/home/dimash/debug_clear_ws/install/mpc_low/lib:/home/dimash/debug_clear_ws/install/yolo_msgs/lib:/home/dimash/debug_clear_ws/install/move_model_plugin/lib:/home/dimash/debug_clear_ws/install/clearpath_platform/lib:/opt/ros/humble/opt/rviz_ogre_vendor/lib:/opt/ros/humble/lib/x86_64-linux-gnu:/opt/ros/humble/lib:/home/dimash/acados/lib:/home/dimash/acados/lib /usr/bin/cmake --build /home/dimash/debug_clear_ws/build/clearpath_platform -- -j8 -l8
[2.689s] DEBUG:colcon.colcon_core.event_handler.log_command:Invoking command in '/home/dimash/debug_clear_ws/build/clearpath_platform': CMAKE_PREFIX_PATH=/home/dimash/debug_clear_ws/install/clearpath_platform_msgs:/home/dimash/debug_clear_ws/install/clearpath_platform_description:/home/dimash/debug_clear_ws/install/clearpath_control:/home/dimash/debug_clear_ws/install/yolo_bringup:/home/dimash/debug_clear_ws/install/mpc_low:/home/dimash/debug_clear_ws/install/yolo_msgs:/home/dimash/debug_clear_ws/install/point_cloud_debug:/home/dimash/debug_clear_ws/install/move_model_plugin:/home/dimash/debug_clear_ws/install/clearpath_simulator:/home/dimash/debug_clear_ws/install/clearpath_gz:/home/dimash/debug_clear_ws/install/clearpath_generator_gz:/home/dimash/debug_clear_ws/install/clearpath_common:/home/dimash/debug_clear_ws/install/clearpath_generator_common:/home/dimash/debug_clear_ws/install/clearpath_description:/home/dimash/debug_clear_ws/install/clearpath_sensors_description:/home/dimash/debug_clear_ws/install/clearpath_platform:/home/dimash/debug_clear_ws/install/clearpath_msgs:/home/dimash/debug_clear_ws/install/clearpath_nav2_demos:/home/dimash/debug_clear_ws/install/clearpath_mounts_description:/home/dimash/debug_clear_ws/install/clearpath_manipulators:/home/dimash/debug_clear_ws/install/clearpath_manipulators_description:/home/dimash/debug_clear_ws/install/clearpath_customization:/home/dimash/debug_clear_ws/install/yolo_ros:/home/dimash/debug_clear_ws/install/person_movement:/home/dimash/debug_clear_ws/install/clearpath_config:/opt/ros/humble LD_LIBRARY_PATH=/home/dimash/debug_clear_ws/install/clearpath_platform_msgs/lib:/home/dimash/debug_clear_ws/install/mpc_low/lib:/home/dimash/debug_clear_ws/install/yolo_msgs/lib:/home/dimash/debug_clear_ws/install/move_model_plugin/lib:/home/dimash/debug_clear_ws/install/clearpath_platform/lib:/opt/ros/humble/opt/rviz_ogre_vendor/lib:/opt/ros/humble/lib/x86_64-linux-gnu:/opt/ros/humble/lib:/home/dimash/acados/lib:/home/dimash/acados/lib /usr/bin/cmake --install /home/dimash/debug_clear_ws/build/clearpath_platform
[2.689s] Level 1:colcon.colcon_core.environment:create_environment_scripts_only(clearpath_msgs)
[2.690s] Level 1:colcon.colcon_core.environment:checking '/home/dimash/debug_clear_ws/install/clearpath_msgs' for CMake module files
[2.691s] Level 1:colcon.colcon_core.environment:checking '/home/dimash/debug_clear_ws/install/clearpath_msgs' for CMake config files
[2.691s] Level 1:colcon.colcon_core.shell:create_environment_hook('clearpath_msgs', 'cmake_prefix_path')
[2.691s] INFO:colcon.colcon_core.shell:Creating environment hook '/home/dimash/debug_clear_ws/install/clearpath_msgs/share/clearpath_msgs/hook/cmake_prefix_path.ps1'
[2.692s] INFO:colcon.colcon_core.shell:Creating environment descriptor '/home/dimash/debug_clear_ws/install/clearpath_msgs/share/clearpath_msgs/hook/cmake_prefix_path.dsv'
[2.693s] INFO:colcon.colcon_core.shell:Creating environment hook '/home/dimash/debug_clear_ws/install/clearpath_msgs/share/clearpath_msgs/hook/cmake_prefix_path.sh'
[2.694s] Level 1:colcon.colcon_core.environment:checking '/home/dimash/debug_clear_ws/install/clearpath_msgs/bin'
[2.694s] Level 1:colcon.colcon_core.environment:checking '/home/dimash/debug_clear_ws/install/clearpath_msgs/lib/pkgconfig/clearpath_msgs.pc'
[2.694s] Level 1:colcon.colcon_core.environment:checking '/home/dimash/debug_clear_ws/install/clearpath_msgs/lib/python3.10/site-packages'
[2.693s] DEBUG:colcon.colcon_core.event_handler.log_command:Invoked command in '/home/dimash/debug_clear_ws/build/clearpath_msgs' returned '0': CMAKE_PREFIX_PATH=/home/dimash/debug_clear_ws/install/clearpath_platform_msgs:/home/dimash/debug_clear_ws/install/yolo_bringup:/home/dimash/debug_clear_ws/install/mpc_low:/home/dimash/debug_clear_ws/install/yolo_msgs:/home/dimash/debug_clear_ws/install/point_cloud_debug:/home/dimash/debug_clear_ws/install/move_model_plugin:/home/dimash/debug_clear_ws/install/clearpath_simulator:/home/dimash/debug_clear_ws/install/clearpath_gz:/home/dimash/debug_clear_ws/install/clearpath_generator_gz:/home/dimash/debug_clear_ws/install/clearpath_common:/home/dimash/debug_clear_ws/install/clearpath_generator_common:/home/dimash/debug_clear_ws/install/clearpath_description:/home/dimash/debug_clear_ws/install/clearpath_sensors_description:/home/dimash/debug_clear_ws/install/clearpath_platform:/home/dimash/debug_clear_ws/install/clearpath_msgs:/home/dimash/debug_clear_ws/install/clearpath_platform_description:/home/dimash/debug_clear_ws/install/clearpath_nav2_demos:/home/dimash/debug_clear_ws/install/clearpath_mounts_description:/home/dimash/debug_clear_ws/install/clearpath_manipulators:/home/dimash/debug_clear_ws/install/clearpath_manipulators_description:/home/dimash/debug_clear_ws/install/clearpath_customization:/home/dimash/debug_clear_ws/install/clearpath_control:/home/dimash/debug_clear_ws/install/yolo_ros:/home/dimash/debug_clear_ws/install/person_movement:/home/dimash/debug_clear_ws/install/clearpath_config:/opt/ros/humble LD_LIBRARY_PATH=/home/dimash/debug_clear_ws/install/clearpath_platform_msgs/lib:/home/dimash/debug_clear_ws/install/mpc_low/lib:/home/dimash/debug_clear_ws/install/yolo_msgs/lib:/home/dimash/debug_clear_ws/install/move_model_plugin/lib:/home/dimash/debug_clear_ws/install/clearpath_platform/lib:/opt/ros/humble/opt/rviz_ogre_vendor/lib:/opt/ros/humble/lib/x86_64-linux-gnu:/opt/ros/humble/lib:/home/dimash/acados/lib:/home/dimash/acados/lib /usr/bin/cmake --install /home/dimash/debug_clear_ws/build/clearpath_msgs
[2.695s] Level 1:colcon.colcon_core.environment:checking '/home/dimash/debug_clear_ws/install/clearpath_msgs/bin'
[2.695s] INFO:colcon.colcon_core.shell:Creating package script '/home/dimash/debug_clear_ws/install/clearpath_msgs/share/clearpath_msgs/package.ps1'
[2.696s] INFO:colcon.colcon_core.shell:Creating package descriptor '/home/dimash/debug_clear_ws/install/clearpath_msgs/share/clearpath_msgs/package.dsv'
[2.697s] INFO:colcon.colcon_core.shell:Creating package script '/home/dimash/debug_clear_ws/install/clearpath_msgs/share/clearpath_msgs/package.sh'
[2.697s] INFO:colcon.colcon_core.shell:Creating package script '/home/dimash/debug_clear_ws/install/clearpath_msgs/share/clearpath_msgs/package.bash'
[2.698s] INFO:colcon.colcon_core.shell:Creating package script '/home/dimash/debug_clear_ws/install/clearpath_msgs/share/clearpath_msgs/package.zsh'
[2.699s] Level 1:colcon.colcon_core.environment:create_file_with_runtime_dependencies(/home/dimash/debug_clear_ws/install/clearpath_msgs/share/colcon-core/packages/clearpath_msgs)
[2.699s] Level 1:colcon.colcon_core.environment:create_environment_scripts_only(clearpath_msgs)
[2.700s] Level 1:colcon.colcon_core.environment:checking '/home/dimash/debug_clear_ws/install/clearpath_msgs' for CMake module files
[2.701s] Level 1:colcon.colcon_core.environment:checking '/home/dimash/debug_clear_ws/install/clearpath_msgs' for CMake config files
[2.701s] Level 1:colcon.colcon_core.shell:create_environment_hook('clearpath_msgs', 'cmake_prefix_path')
[2.701s] INFO:colcon.colcon_core.shell:Creating environment hook '/home/dimash/debug_clear_ws/install/clearpath_msgs/share/clearpath_msgs/hook/cmake_prefix_path.ps1'
[2.702s] INFO:colcon.colcon_core.shell:Creating environment descriptor '/home/dimash/debug_clear_ws/install/clearpath_msgs/share/clearpath_msgs/hook/cmake_prefix_path.dsv'
[2.702s] INFO:colcon.colcon_core.shell:Creating environment hook '/home/dimash/debug_clear_ws/install/clearpath_msgs/share/clearpath_msgs/hook/cmake_prefix_path.sh'
[2.703s] Level 1:colcon.colcon_core.environment:checking '/home/dimash/debug_clear_ws/install/clearpath_msgs/bin'
[2.703s] Level 1:colcon.colcon_core.environment:checking '/home/dimash/debug_clear_ws/install/clearpath_msgs/lib/pkgconfig/clearpath_msgs.pc'
[2.703s] Level 1:colcon.colcon_core.environment:checking '/home/dimash/debug_clear_ws/install/clearpath_msgs/lib/python3.10/site-packages'
[2.704s] Level 1:colcon.colcon_core.environment:checking '/home/dimash/debug_clear_ws/install/clearpath_msgs/bin'
[2.704s] INFO:colcon.colcon_core.shell:Creating package script '/home/dimash/debug_clear_ws/install/clearpath_msgs/share/clearpath_msgs/package.ps1'
[2.705s] INFO:colcon.colcon_core.shell:Creating package descriptor '/home/dimash/debug_clear_ws/install/clearpath_msgs/share/clearpath_msgs/package.dsv'
[2.706s] INFO:colcon.colcon_core.shell:Creating package script '/home/dimash/debug_clear_ws/install/clearpath_msgs/share/clearpath_msgs/package.sh'
[2.706s] INFO:colcon.colcon_core.shell:Creating package script '/home/dimash/debug_clear_ws/install/clearpath_msgs/share/clearpath_msgs/package.bash'
[2.707s] INFO:colcon.colcon_core.shell:Creating package script '/home/dimash/debug_clear_ws/install/clearpath_msgs/share/clearpath_msgs/package.zsh'
[2.708s] Level 1:colcon.colcon_core.environment:create_file_with_runtime_dependencies(/home/dimash/debug_clear_ws/install/clearpath_msgs/share/colcon-core/packages/clearpath_msgs)
[2.714s] DEBUG:colcon.colcon_core.event_handler.log_command:Invoking command in '/home/dimash/debug_clear_ws/src/person_movement': PYTHONPATH=/home/dimash/debug_clear_ws/build/person_movement/prefix_override:/usr/lib/python3/dist-packages/colcon_core/task/python/colcon_distutils_commands:/home/dimash/debug_clear_ws/install/person_movement/lib/python3.10/site-packages:${PYTHONPATH} /usr/bin/python3 -W ignore:setup.py install is deprecated -W ignore:easy_install command is deprecated setup.py egg_info --egg-base ../../build/person_movement build --build-base /home/dimash/debug_clear_ws/build/person_movement/build install --record /home/dimash/debug_clear_ws/build/person_movement/install.log --single-version-externally-managed install_data
[2.719s] Level 1:colcon.colcon_core.environment:checking '/home/dimash/debug_clear_ws/install/clearpath_config' for CMake module files
[2.720s] Level 1:colcon.colcon_core.environment:checking '/home/dimash/debug_clear_ws/install/clearpath_config' for CMake config files
[2.721s] Level 1:colcon.colcon_core.environment:checking '/home/dimash/debug_clear_ws/install/clearpath_config/lib'
[2.721s] Level 1:colcon.colcon_core.environment:checking '/home/dimash/debug_clear_ws/install/clearpath_config/bin'
[2.721s] Level 1:colcon.colcon_core.environment:checking '/home/dimash/debug_clear_ws/install/clearpath_config/lib/pkgconfig/clearpath_config.pc'
[2.722s] Level 1:colcon.colcon_core.environment:checking '/home/dimash/debug_clear_ws/install/clearpath_config/lib/python3.10/site-packages'
[2.722s] Level 1:colcon.colcon_core.shell:create_environment_hook('clearpath_config', 'pythonpath')
[2.722s] INFO:colcon.colcon_core.shell:Creating environment hook '/home/dimash/debug_clear_ws/install/clearpath_config/share/clearpath_config/hook/pythonpath.ps1'
[2.723s] DEBUG:colcon.colcon_core.event_handler.log_command:Invoked command in '/home/dimash/debug_clear_ws/src/clearpath_config' returned '0': PYTHONPATH=/home/dimash/debug_clear_ws/build/clearpath_config/prefix_override:/usr/lib/python3/dist-packages/colcon_core/task/python/colcon_distutils_commands:/home/dimash/debug_clear_ws/install/clearpath_config/lib/python3.10/site-packages:${PYTHONPATH} /usr/bin/python3 -W ignore:setup.py install is deprecated -W ignore:easy_install command is deprecated setup.py egg_info --egg-base ../../build/clearpath_config build --build-base /home/dimash/debug_clear_ws/build/clearpath_config/build install --record /home/dimash/debug_clear_ws/build/clearpath_config/install.log --single-version-externally-managed install_data
[2.723s] INFO:colcon.colcon_core.shell:Creating environment descriptor '/home/dimash/debug_clear_ws/install/clearpath_config/share/clearpath_config/hook/pythonpath.dsv'
[2.724s] INFO:colcon.colcon_core.shell:Creating environment hook '/home/dimash/debug_clear_ws/install/clearpath_config/share/clearpath_config/hook/pythonpath.sh'
[2.725s] Level 1:colcon.colcon_core.environment:checking '/home/dimash/debug_clear_ws/install/clearpath_config/bin'
[2.725s] Level 1:colcon.colcon_core.environment:create_environment_scripts_only(clearpath_config)
[2.726s] INFO:colcon.colcon_core.shell:Creating package script '/home/dimash/debug_clear_ws/install/clearpath_config/share/clearpath_config/package.ps1'
[2.726s] INFO:colcon.colcon_core.shell:Creating package descriptor '/home/dimash/debug_clear_ws/install/clearpath_config/share/clearpath_config/package.dsv'
[2.727s] INFO:colcon.colcon_core.shell:Creating package script '/home/dimash/debug_clear_ws/install/clearpath_config/share/clearpath_config/package.sh'
[2.728s] INFO:colcon.colcon_core.shell:Creating package script '/home/dimash/debug_clear_ws/install/clearpath_config/share/clearpath_config/package.bash'
[2.728s] INFO:colcon.colcon_core.shell:Creating package script '/home/dimash/debug_clear_ws/install/clearpath_config/share/clearpath_config/package.zsh'
[2.729s] Level 1:colcon.colcon_core.environment:create_file_with_runtime_dependencies(/home/dimash/debug_clear_ws/install/clearpath_config/share/colcon-core/packages/clearpath_config)
[2.730s] INFO:colcon.colcon_ros.task.ament_cmake.build:Building ROS package in '/home/dimash/debug_clear_ws/src/clearpath_nav2_demos' with build type 'ament_cmake'
[2.731s] INFO:colcon.colcon_cmake.task.cmake.build:Building CMake package in '/home/dimash/debug_clear_ws/src/clearpath_nav2_demos'
[2.731s] INFO:colcon.colcon_core.shell:Skip shell extension 'powershell' for command environment: Not usable outside of PowerShell
[2.734s] DEBUG:colcon.colcon_core.shell:Skip shell extension 'dsv' for command environment
[2.764s] Level 1:colcon.colcon_core.environment:create_environment_scripts_only(clearpath_platform)
[2.765s] Level 1:colcon.colcon_core.environment:checking '/home/dimash/debug_clear_ws/install/clearpath_platform' for CMake module files
[2.766s] Level 1:colcon.colcon_core.environment:checking '/home/dimash/debug_clear_ws/install/clearpath_platform' for CMake config files
[2.768s] Level 1:colcon.colcon_core.shell:create_environment_hook('clearpath_platform', 'cmake_prefix_path')
[2.767s] DEBUG:colcon.colcon_core.event_handler.log_command:Invoked command in '/home/dimash/debug_clear_ws/build/clearpath_platform' returned '0': CMAKE_PREFIX_PATH=/home/dimash/debug_clear_ws/install/clearpath_platform_msgs:/home/dimash/debug_clear_ws/install/clearpath_platform_description:/home/dimash/debug_clear_ws/install/clearpath_control:/home/dimash/debug_clear_ws/install/yolo_bringup:/home/dimash/debug_clear_ws/install/mpc_low:/home/dimash/debug_clear_ws/install/yolo_msgs:/home/dimash/debug_clear_ws/install/point_cloud_debug:/home/dimash/debug_clear_ws/install/move_model_plugin:/home/dimash/debug_clear_ws/install/clearpath_simulator:/home/dimash/debug_clear_ws/install/clearpath_gz:/home/dimash/debug_clear_ws/install/clearpath_generator_gz:/home/dimash/debug_clear_ws/install/clearpath_common:/home/dimash/debug_clear_ws/install/clearpath_generator_common:/home/dimash/debug_clear_ws/install/clearpath_description:/home/dimash/debug_clear_ws/install/clearpath_sensors_description:/home/dimash/debug_clear_ws/install/clearpath_platform:/home/dimash/debug_clear_ws/install/clearpath_msgs:/home/dimash/debug_clear_ws/install/clearpath_nav2_demos:/home/dimash/debug_clear_ws/install/clearpath_mounts_description:/home/dimash/debug_clear_ws/install/clearpath_manipulators:/home/dimash/debug_clear_ws/install/clearpath_manipulators_description:/home/dimash/debug_clear_ws/install/clearpath_customization:/home/dimash/debug_clear_ws/install/yolo_ros:/home/dimash/debug_clear_ws/install/person_movement:/home/dimash/debug_clear_ws/install/clearpath_config:/opt/ros/humble LD_LIBRARY_PATH=/home/dimash/debug_clear_ws/install/clearpath_platform_msgs/lib:/home/dimash/debug_clear_ws/install/mpc_low/lib:/home/dimash/debug_clear_ws/install/yolo_msgs/lib:/home/dimash/debug_clear_ws/install/move_model_plugin/lib:/home/dimash/debug_clear_ws/install/clearpath_platform/lib:/opt/ros/humble/opt/rviz_ogre_vendor/lib:/opt/ros/humble/lib/x86_64-linux-gnu:/opt/ros/humble/lib:/home/dimash/acados/lib:/home/dimash/acados/lib /usr/bin/cmake --install /home/dimash/debug_clear_ws/build/clearpath_platform
[2.768s] INFO:colcon.colcon_core.shell:Creating environment hook '/home/dimash/debug_clear_ws/install/clearpath_platform/share/clearpath_platform/hook/cmake_prefix_path.ps1'
[2.769s] INFO:colcon.colcon_core.shell:Creating environment descriptor '/home/dimash/debug_clear_ws/install/clearpath_platform/share/clearpath_platform/hook/cmake_prefix_path.dsv'
[2.770s] INFO:colcon.colcon_core.shell:Creating environment hook '/home/dimash/debug_clear_ws/install/clearpath_platform/share/clearpath_platform/hook/cmake_prefix_path.sh'
[2.770s] Level 1:colcon.colcon_core.environment:checking '/home/dimash/debug_clear_ws/install/clearpath_platform/lib'
[2.770s] Level 1:colcon.colcon_core.shell:create_environment_hook('clearpath_platform', 'ld_library_path_lib')
[2.771s] INFO:colcon.colcon_core.shell:Creating environment hook '/home/dimash/debug_clear_ws/install/clearpath_platform/share/clearpath_platform/hook/ld_library_path_lib.ps1'
[2.771s] INFO:colcon.colcon_core.shell:Creating environment descriptor '/home/dimash/debug_clear_ws/install/clearpath_platform/share/clearpath_platform/hook/ld_library_path_lib.dsv'
[2.772s] INFO:colcon.colcon_core.shell:Creating environment hook '/home/dimash/debug_clear_ws/install/clearpath_platform/share/clearpath_platform/hook/ld_library_path_lib.sh'
[2.773s] Level 1:colcon.colcon_core.environment:checking '/home/dimash/debug_clear_ws/install/clearpath_platform/bin'
[2.773s] Level 1:colcon.colcon_core.environment:checking '/home/dimash/debug_clear_ws/install/clearpath_platform/lib/pkgconfig/clearpath_platform.pc'
[2.773s] Level 1:colcon.colcon_core.environment:checking '/home/dimash/debug_clear_ws/install/clearpath_platform/lib/python3.10/site-packages'
[2.773s] Level 1:colcon.colcon_core.environment:checking '/home/dimash/debug_clear_ws/install/clearpath_platform/bin'
[2.774s] INFO:colcon.colcon_core.shell:Creating package script '/home/dimash/debug_clear_ws/install/clearpath_platform/share/clearpath_platform/package.ps1'
[2.775s] INFO:colcon.colcon_core.shell:Creating package descriptor '/home/dimash/debug_clear_ws/install/clearpath_platform/share/clearpath_platform/package.dsv'
[2.776s] INFO:colcon.colcon_core.shell:Creating package script '/home/dimash/debug_clear_ws/install/clearpath_platform/share/clearpath_platform/package.sh'
[2.776s] INFO:colcon.colcon_core.shell:Creating package script '/home/dimash/debug_clear_ws/install/clearpath_platform/share/clearpath_platform/package.bash'
[2.777s] INFO:colcon.colcon_core.shell:Creating package script '/home/dimash/debug_clear_ws/install/clearpath_platform/share/clearpath_platform/package.zsh'
[2.777s] Level 1:colcon.colcon_core.environment:create_file_with_runtime_dependencies(/home/dimash/debug_clear_ws/install/clearpath_platform/share/colcon-core/packages/clearpath_platform)
[2.778s] Level 1:colcon.colcon_core.environment:create_environment_scripts_only(clearpath_platform)
[2.778s] Level 1:colcon.colcon_core.environment:checking '/home/dimash/debug_clear_ws/install/clearpath_platform' for CMake module files
[2.780s] Level 1:colcon.colcon_core.environment:checking '/home/dimash/debug_clear_ws/install/clearpath_platform' for CMake config files
[2.780s] Level 1:colcon.colcon_core.shell:create_environment_hook('clearpath_platform', 'cmake_prefix_path')
[2.781s] INFO:colcon.colcon_core.shell:Creating environment hook '/home/dimash/debug_clear_ws/install/clearpath_platform/share/clearpath_platform/hook/cmake_prefix_path.ps1'
[2.781s] INFO:colcon.colcon_core.shell:Creating environment descriptor '/home/dimash/debug_clear_ws/install/clearpath_platform/share/clearpath_platform/hook/cmake_prefix_path.dsv'
[2.782s] INFO:colcon.colcon_core.shell:Creating environment hook '/home/dimash/debug_clear_ws/install/clearpath_platform/share/clearpath_platform/hook/cmake_prefix_path.sh'
[2.783s] Level 1:colcon.colcon_core.environment:checking '/home/dimash/debug_clear_ws/install/clearpath_platform/lib'
[2.783s] Level 1:colcon.colcon_core.shell:create_environment_hook('clearpath_platform', 'ld_library_path_lib')
[2.783s] INFO:colcon.colcon_core.shell:Creating environment hook '/home/dimash/debug_clear_ws/install/clearpath_platform/share/clearpath_platform/hook/ld_library_path_lib.ps1'
[2.784s] INFO:colcon.colcon_core.shell:Creating environment descriptor '/home/dimash/debug_clear_ws/install/clearpath_platform/share/clearpath_platform/hook/ld_library_path_lib.dsv'
[2.785s] INFO:colcon.colcon_core.shell:Creating environment hook '/home/dimash/debug_clear_ws/install/clearpath_platform/share/clearpath_platform/hook/ld_library_path_lib.sh'
[2.785s] Level 1:colcon.colcon_core.environment:checking '/home/dimash/debug_clear_ws/install/clearpath_platform/bin'
[2.785s] Level 1:colcon.colcon_core.environment:checking '/home/dimash/debug_clear_ws/install/clearpath_platform/lib/pkgconfig/clearpath_platform.pc'
[2.786s] Level 1:colcon.colcon_core.environment:checking '/home/dimash/debug_clear_ws/install/clearpath_platform/lib/python3.10/site-packages'
[2.786s] Level 1:colcon.colcon_core.environment:checking '/home/dimash/debug_clear_ws/install/clearpath_platform/bin'
[2.786s] INFO:colcon.colcon_core.shell:Creating package script '/home/dimash/debug_clear_ws/install/clearpath_platform/share/clearpath_platform/package.ps1'
[2.787s] INFO:colcon.colcon_core.shell:Creating package descriptor '/home/dimash/debug_clear_ws/install/clearpath_platform/share/clearpath_platform/package.dsv'
[2.788s] INFO:colcon.colcon_core.shell:Creating package script '/home/dimash/debug_clear_ws/install/clearpath_platform/share/clearpath_platform/package.sh'
[2.789s] INFO:colcon.colcon_core.shell:Creating package script '/home/dimash/debug_clear_ws/install/clearpath_platform/share/clearpath_platform/package.bash'
[2.789s] INFO:colcon.colcon_core.shell:Creating package script '/home/dimash/debug_clear_ws/install/clearpath_platform/share/clearpath_platform/package.zsh'
[2.790s] Level 1:colcon.colcon_core.environment:create_file_with_runtime_dependencies(/home/dimash/debug_clear_ws/install/clearpath_platform/share/colcon-core/packages/clearpath_platform)
[2.791s] INFO:colcon.colcon_ros.task.ament_cmake.build:Building ROS package in '/home/dimash/debug_clear_ws/src/clearpath_common/clearpath_generator_common' with build type 'ament_cmake'
[2.792s] INFO:colcon.colcon_cmake.task.cmake.build:Building CMake package in '/home/dimash/debug_clear_ws/src/clearpath_common/clearpath_generator_common'
[2.792s] INFO:colcon.colcon_core.shell:Skip shell extension 'powershell' for command environment: Not usable outside of PowerShell
[2.792s] DEBUG:colcon.colcon_core.shell:Skip shell extension 'dsv' for command environment
[2.809s] DEBUG:colcon.colcon_core.event_handler.log_command:Invoking command in '/home/dimash/debug_clear_ws/build/clearpath_nav2_demos': AMENT_PREFIX_PATH=/home/dimash/debug_clear_ws/install/clearpath_config:/home/dimash/debug_clear_ws/install/yolo_bringup:/home/dimash/debug_clear_ws/install/yolo_ros:/home/dimash/debug_clear_ws/install/mpc_low:/home/dimash/debug_clear_ws/install/yolo_msgs:/home/dimash/debug_clear_ws/install/point_cloud_debug:/home/dimash/debug_clear_ws/install/person_movement:/home/dimash/debug_clear_ws/install/move_model_plugin:/home/dimash/debug_clear_ws/install/clearpath_simulator:/home/dimash/debug_clear_ws/install/clearpath_gz:/home/dimash/debug_clear_ws/install/clearpath_generator_gz:/home/dimash/debug_clear_ws/install/clearpath_common:/home/dimash/debug_clear_ws/install/clearpath_generator_common:/home/dimash/debug_clear_ws/install/clearpath_description:/home/dimash/debug_clear_ws/install/clearpath_sensors_description:/home/dimash/debug_clear_ws/install/clearpath_platform:/home/dimash/debug_clear_ws/install/clearpath_msgs:/home/dimash/debug_clear_ws/install/clearpath_platform_msgs:/home/dimash/debug_clear_ws/install/clearpath_platform_description:/home/dimash/debug_clear_ws/install/clearpath_nav2_demos:/home/dimash/debug_clear_ws/install/clearpath_mounts_description:/home/dimash/debug_clear_ws/install/clearpath_manipulators:/home/dimash/debug_clear_ws/install/clearpath_manipulators_description:/home/dimash/debug_clear_ws/install/clearpath_customization:/home/dimash/debug_clear_ws/install/clearpath_control:/opt/ros/humble CMAKE_PREFIX_PATH=${CMAKE_PREFIX_PATH}:/home/dimash/debug_clear_ws/install/yolo_ros:/home/dimash/debug_clear_ws/install/person_movement:/home/dimash/debug_clear_ws/install/clearpath_config:/opt/ros/humble PYTHONPATH=/home/dimash/debug_clear_ws/install/clearpath_config/lib/python3.10/site-packages:/home/dimash/debug_clear_ws/install/yolo_ros/lib/python3.10/site-packages:/home/dimash/debug_clear_ws/install/yolo_msgs/local/lib/python3.10/dist-packages:/home/dimash/debug_clear_ws/install/person_movement/lib/python3.10/site-packages:/home/dimash/debug_clear_ws/install/clearpath_generator_gz/local/lib/python3.10/dist-packages:/home/dimash/debug_clear_ws/install/clearpath_generator_common/local/lib/python3.10/dist-packages:/home/dimash/debug_clear_ws/install/clearpath_platform_msgs/local/lib/python3.10/dist-packages:/opt/ros/humble/lib/python3.10/site-packages:/opt/ros/humble/local/lib/python3.10/dist-packages:/home/dimash/acados/lib /usr/bin/cmake --build /home/dimash/debug_clear_ws/build/clearpath_nav2_demos -- -j8 -l8
[2.844s] DEBUG:colcon.colcon_core.event_handler.log_command:Invoking command in '/home/dimash/debug_clear_ws/build/clearpath_generator_common': AMENT_PREFIX_PATH=/home/dimash/debug_clear_ws/install/clearpath_config:/home/dimash/debug_clear_ws/install/yolo_bringup:/home/dimash/debug_clear_ws/install/yolo_ros:/home/dimash/debug_clear_ws/install/mpc_low:/home/dimash/debug_clear_ws/install/yolo_msgs:/home/dimash/debug_clear_ws/install/point_cloud_debug:/home/dimash/debug_clear_ws/install/person_movement:/home/dimash/debug_clear_ws/install/move_model_plugin:/home/dimash/debug_clear_ws/install/clearpath_simulator:/home/dimash/debug_clear_ws/install/clearpath_gz:/home/dimash/debug_clear_ws/install/clearpath_generator_gz:/home/dimash/debug_clear_ws/install/clearpath_common:/home/dimash/debug_clear_ws/install/clearpath_generator_common:/home/dimash/debug_clear_ws/install/clearpath_description:/home/dimash/debug_clear_ws/install/clearpath_sensors_description:/home/dimash/debug_clear_ws/install/clearpath_platform:/home/dimash/debug_clear_ws/install/clearpath_msgs:/home/dimash/debug_clear_ws/install/clearpath_platform_msgs:/home/dimash/debug_clear_ws/install/clearpath_platform_description:/home/dimash/debug_clear_ws/install/clearpath_nav2_demos:/home/dimash/debug_clear_ws/install/clearpath_mounts_description:/home/dimash/debug_clear_ws/install/clearpath_manipulators:/home/dimash/debug_clear_ws/install/clearpath_manipulators_description:/home/dimash/debug_clear_ws/install/clearpath_customization:/home/dimash/debug_clear_ws/install/clearpath_control:/opt/ros/humble CMAKE_PREFIX_PATH=/home/dimash/debug_clear_ws/install/clearpath_platform:/home/dimash/debug_clear_ws/install/clearpath_manipulators:/home/dimash/debug_clear_ws/install/clearpath_description:/home/dimash/debug_clear_ws/install/clearpath_sensors_description:/home/dimash/debug_clear_ws/install/clearpath_platform_msgs:/home/dimash/debug_clear_ws/install/clearpath_platform_description:/home/dimash/debug_clear_ws/install/clearpath_mounts_description:/home/dimash/debug_clear_ws/install/clearpath_manipulators_description:/home/dimash/debug_clear_ws/install/clearpath_control:/home/dimash/debug_clear_ws/install/yolo_bringup:/home/dimash/debug_clear_ws/install/mpc_low:/home/dimash/debug_clear_ws/install/yolo_msgs:/home/dimash/debug_clear_ws/install/point_cloud_debug:/home/dimash/debug_clear_ws/install/move_model_plugin:/home/dimash/debug_clear_ws/install/clearpath_simulator:/home/dimash/debug_clear_ws/install/clearpath_gz:/home/dimash/debug_clear_ws/install/clearpath_generator_gz:/home/dimash/debug_clear_ws/install/clearpath_common:/home/dimash/debug_clear_ws/install/clearpath_generator_common:/home/dimash/debug_clear_ws/install/clearpath_msgs:/home/dimash/debug_clear_ws/install/clearpath_nav2_demos:/home/dimash/debug_clear_ws/install/clearpath_customization:/home/dimash/debug_clear_ws/install/yolo_ros:/home/dimash/debug_clear_ws/install/person_movement:/home/dimash/debug_clear_ws/install/clearpath_config:/opt/ros/humble LD_LIBRARY_PATH=/home/dimash/debug_clear_ws/install/clearpath_platform/lib:/home/dimash/debug_clear_ws/install/clearpath_platform_msgs/lib:/home/dimash/debug_clear_ws/install/mpc_low/lib:/home/dimash/debug_clear_ws/install/yolo_msgs/lib:/home/dimash/debug_clear_ws/install/move_model_plugin/lib:/opt/ros/humble/opt/rviz_ogre_vendor/lib:/opt/ros/humble/lib/x86_64-linux-gnu:/opt/ros/humble/lib:/home/dimash/acados/lib:/home/dimash/acados/lib PYTHONPATH=/home/dimash/debug_clear_ws/install/clearpath_config/lib/python3.10/site-packages:/home/dimash/debug_clear_ws/install/yolo_ros/lib/python3.10/site-packages:/home/dimash/debug_clear_ws/install/yolo_msgs/local/lib/python3.10/dist-packages:/home/dimash/debug_clear_ws/install/person_movement/lib/python3.10/site-packages:/home/dimash/debug_clear_ws/install/clearpath_generator_gz/local/lib/python3.10/dist-packages:/home/dimash/debug_clear_ws/install/clearpath_generator_common/local/lib/python3.10/dist-packages:/home/dimash/debug_clear_ws/install/clearpath_platform_msgs/local/lib/python3.10/dist-packages:/opt/ros/humble/lib/python3.10/site-packages:/opt/ros/humble/local/lib/python3.10/dist-packages:/home/dimash/acados/lib /usr/bin/cmake --build /home/dimash/debug_clear_ws/build/clearpath_generator_common -- -j8 -l8
[2.882s] DEBUG:colcon.colcon_core.event_handler.log_command:Invoked command in '/home/dimash/debug_clear_ws/build/clearpath_nav2_demos' returned '0': AMENT_PREFIX_PATH=/home/dimash/debug_clear_ws/install/clearpath_config:/home/dimash/debug_clear_ws/install/yolo_bringup:/home/dimash/debug_clear_ws/install/yolo_ros:/home/dimash/debug_clear_ws/install/mpc_low:/home/dimash/debug_clear_ws/install/yolo_msgs:/home/dimash/debug_clear_ws/install/point_cloud_debug:/home/dimash/debug_clear_ws/install/person_movement:/home/dimash/debug_clear_ws/install/move_model_plugin:/home/dimash/debug_clear_ws/install/clearpath_simulator:/home/dimash/debug_clear_ws/install/clearpath_gz:/home/dimash/debug_clear_ws/install/clearpath_generator_gz:/home/dimash/debug_clear_ws/install/clearpath_common:/home/dimash/debug_clear_ws/install/clearpath_generator_common:/home/dimash/debug_clear_ws/install/clearpath_description:/home/dimash/debug_clear_ws/install/clearpath_sensors_description:/home/dimash/debug_clear_ws/install/clearpath_platform:/home/dimash/debug_clear_ws/install/clearpath_msgs:/home/dimash/debug_clear_ws/install/clearpath_platform_msgs:/home/dimash/debug_clear_ws/install/clearpath_platform_description:/home/dimash/debug_clear_ws/install/clearpath_nav2_demos:/home/dimash/debug_clear_ws/install/clearpath_mounts_description:/home/dimash/debug_clear_ws/install/clearpath_manipulators:/home/dimash/debug_clear_ws/install/clearpath_manipulators_description:/home/dimash/debug_clear_ws/install/clearpath_customization:/home/dimash/debug_clear_ws/install/clearpath_control:/opt/ros/humble CMAKE_PREFIX_PATH=${CMAKE_PREFIX_PATH}:/home/dimash/debug_clear_ws/install/yolo_ros:/home/dimash/debug_clear_ws/install/person_movement:/home/dimash/debug_clear_ws/install/clearpath_config:/opt/ros/humble PYTHONPATH=/home/dimash/debug_clear_ws/install/clearpath_config/lib/python3.10/site-packages:/home/dimash/debug_clear_ws/install/yolo_ros/lib/python3.10/site-packages:/home/dimash/debug_clear_ws/install/yolo_msgs/local/lib/python3.10/dist-packages:/home/dimash/debug_clear_ws/install/person_movement/lib/python3.10/site-packages:/home/dimash/debug_clear_ws/install/clearpath_generator_gz/local/lib/python3.10/dist-packages:/home/dimash/debug_clear_ws/install/clearpath_generator_common/local/lib/python3.10/dist-packages:/home/dimash/debug_clear_ws/install/clearpath_platform_msgs/local/lib/python3.10/dist-packages:/opt/ros/humble/lib/python3.10/site-packages:/opt/ros/humble/local/lib/python3.10/dist-packages:/home/dimash/acados/lib /usr/bin/cmake --build /home/dimash/debug_clear_ws/build/clearpath_nav2_demos -- -j8 -l8
[2.884s] DEBUG:colcon.colcon_core.event_handler.log_command:Invoking command in '/home/dimash/debug_clear_ws/build/clearpath_nav2_demos': AMENT_PREFIX_PATH=/home/dimash/debug_clear_ws/install/clearpath_config:/home/dimash/debug_clear_ws/install/yolo_bringup:/home/dimash/debug_clear_ws/install/yolo_ros:/home/dimash/debug_clear_ws/install/mpc_low:/home/dimash/debug_clear_ws/install/yolo_msgs:/home/dimash/debug_clear_ws/install/point_cloud_debug:/home/dimash/debug_clear_ws/install/person_movement:/home/dimash/debug_clear_ws/install/move_model_plugin:/home/dimash/debug_clear_ws/install/clearpath_simulator:/home/dimash/debug_clear_ws/install/clearpath_gz:/home/dimash/debug_clear_ws/install/clearpath_generator_gz:/home/dimash/debug_clear_ws/install/clearpath_common:/home/dimash/debug_clear_ws/install/clearpath_generator_common:/home/dimash/debug_clear_ws/install/clearpath_description:/home/dimash/debug_clear_ws/install/clearpath_sensors_description:/home/dimash/debug_clear_ws/install/clearpath_platform:/home/dimash/debug_clear_ws/install/clearpath_msgs:/home/dimash/debug_clear_ws/install/clearpath_platform_msgs:/home/dimash/debug_clear_ws/install/clearpath_platform_description:/home/dimash/debug_clear_ws/install/clearpath_nav2_demos:/home/dimash/debug_clear_ws/install/clearpath_mounts_description:/home/dimash/debug_clear_ws/install/clearpath_manipulators:/home/dimash/debug_clear_ws/install/clearpath_manipulators_description:/home/dimash/debug_clear_ws/install/clearpath_customization:/home/dimash/debug_clear_ws/install/clearpath_control:/opt/ros/humble CMAKE_PREFIX_PATH=${CMAKE_PREFIX_PATH}:/home/dimash/debug_clear_ws/install/yolo_ros:/home/dimash/debug_clear_ws/install/person_movement:/home/dimash/debug_clear_ws/install/clearpath_config:/opt/ros/humble PYTHONPATH=/home/dimash/debug_clear_ws/install/clearpath_config/lib/python3.10/site-packages:/home/dimash/debug_clear_ws/install/yolo_ros/lib/python3.10/site-packages:/home/dimash/debug_clear_ws/install/yolo_msgs/local/lib/python3.10/dist-packages:/home/dimash/debug_clear_ws/install/person_movement/lib/python3.10/site-packages:/home/dimash/debug_clear_ws/install/clearpath_generator_gz/local/lib/python3.10/dist-packages:/home/dimash/debug_clear_ws/install/clearpath_generator_common/local/lib/python3.10/dist-packages:/home/dimash/debug_clear_ws/install/clearpath_platform_msgs/local/lib/python3.10/dist-packages:/opt/ros/humble/lib/python3.10/site-packages:/opt/ros/humble/local/lib/python3.10/dist-packages:/home/dimash/acados/lib /usr/bin/cmake --install /home/dimash/debug_clear_ws/build/clearpath_nav2_demos
[2.906s] Level 1:colcon.colcon_core.environment:create_environment_scripts_only(clearpath_nav2_demos)
[2.907s] Level 1:colcon.colcon_core.environment:checking '/home/dimash/debug_clear_ws/install/clearpath_nav2_demos' for CMake module files
[2.908s] Level 1:colcon.colcon_core.environment:checking '/home/dimash/debug_clear_ws/install/clearpath_nav2_demos' for CMake config files
[2.908s] Level 1:colcon.colcon_core.shell:create_environment_hook('clearpath_nav2_demos', 'cmake_prefix_path')
[2.909s] INFO:colcon.colcon_core.shell:Creating environment hook '/home/dimash/debug_clear_ws/install/clearpath_nav2_demos/share/clearpath_nav2_demos/hook/cmake_prefix_path.ps1'
[2.909s] INFO:colcon.colcon_core.shell:Creating environment descriptor '/home/dimash/debug_clear_ws/install/clearpath_nav2_demos/share/clearpath_nav2_demos/hook/cmake_prefix_path.dsv'
[2.915s] DEBUG:colcon.colcon_core.event_handler.log_command:Invoked command in '/home/dimash/debug_clear_ws/build/clearpath_nav2_demos' returned '0': AMENT_PREFIX_PATH=/home/dimash/debug_clear_ws/install/clearpath_config:/home/dimash/debug_clear_ws/install/yolo_bringup:/home/dimash/debug_clear_ws/install/yolo_ros:/home/dimash/debug_clear_ws/install/mpc_low:/home/dimash/debug_clear_ws/install/yolo_msgs:/home/dimash/debug_clear_ws/install/point_cloud_debug:/home/dimash/debug_clear_ws/install/person_movement:/home/dimash/debug_clear_ws/install/move_model_plugin:/home/dimash/debug_clear_ws/install/clearpath_simulator:/home/dimash/debug_clear_ws/install/clearpath_gz:/home/dimash/debug_clear_ws/install/clearpath_generator_gz:/home/dimash/debug_clear_ws/install/clearpath_common:/home/dimash/debug_clear_ws/install/clearpath_generator_common:/home/dimash/debug_clear_ws/install/clearpath_description:/home/dimash/debug_clear_ws/install/clearpath_sensors_description:/home/dimash/debug_clear_ws/install/clearpath_platform:/home/dimash/debug_clear_ws/install/clearpath_msgs:/home/dimash/debug_clear_ws/install/clearpath_platform_msgs:/home/dimash/debug_clear_ws/install/clearpath_platform_description:/home/dimash/debug_clear_ws/install/clearpath_nav2_demos:/home/dimash/debug_clear_ws/install/clearpath_mounts_description:/home/dimash/debug_clear_ws/install/clearpath_manipulators:/home/dimash/debug_clear_ws/install/clearpath_manipulators_description:/home/dimash/debug_clear_ws/install/clearpath_customization:/home/dimash/debug_clear_ws/install/clearpath_control:/opt/ros/humble CMAKE_PREFIX_PATH=${CMAKE_PREFIX_PATH}:/home/dimash/debug_clear_ws/install/yolo_ros:/home/dimash/debug_clear_ws/install/person_movement:/home/dimash/debug_clear_ws/install/clearpath_config:/opt/ros/humble PYTHONPATH=/home/dimash/debug_clear_ws/install/clearpath_config/lib/python3.10/site-packages:/home/dimash/debug_clear_ws/install/yolo_ros/lib/python3.10/site-packages:/home/dimash/debug_clear_ws/install/yolo_msgs/local/lib/python3.10/dist-packages:/home/dimash/debug_clear_ws/install/person_movement/lib/python3.10/site-packages:/home/dimash/debug_clear_ws/install/clearpath_generator_gz/local/lib/python3.10/dist-packages:/home/dimash/debug_clear_ws/install/clearpath_generator_common/local/lib/python3.10/dist-packages:/home/dimash/debug_clear_ws/install/clearpath_platform_msgs/local/lib/python3.10/dist-packages:/opt/ros/humble/lib/python3.10/site-packages:/opt/ros/humble/local/lib/python3.10/dist-packages:/home/dimash/acados/lib /usr/bin/cmake --install /home/dimash/debug_clear_ws/build/clearpath_nav2_demos
[2.915s] INFO:colcon.colcon_core.shell:Creating environment hook '/home/dimash/debug_clear_ws/install/clearpath_nav2_demos/share/clearpath_nav2_demos/hook/cmake_prefix_path.sh'
[2.916s] Level 1:colcon.colcon_core.environment:checking '/home/dimash/debug_clear_ws/install/clearpath_nav2_demos/bin'
[2.916s] Level 1:colcon.colcon_core.environment:checking '/home/dimash/debug_clear_ws/install/clearpath_nav2_demos/lib/pkgconfig/clearpath_nav2_demos.pc'
[2.920s] Level 1:colcon.colcon_core.environment:checking '/home/dimash/debug_clear_ws/install/clearpath_nav2_demos/lib/python3.10/site-packages'
[2.920s] Level 1:colcon.colcon_core.environment:checking '/home/dimash/debug_clear_ws/install/clearpath_nav2_demos/bin'
[2.921s] INFO:colcon.colcon_core.shell:Creating package script '/home/dimash/debug_clear_ws/install/clearpath_nav2_demos/share/clearpath_nav2_demos/package.ps1'
[2.921s] INFO:colcon.colcon_core.shell:Creating package descriptor '/home/dimash/debug_clear_ws/install/clearpath_nav2_demos/share/clearpath_nav2_demos/package.dsv'
[2.922s] INFO:colcon.colcon_core.shell:Creating package script '/home/dimash/debug_clear_ws/install/clearpath_nav2_demos/share/clearpath_nav2_demos/package.sh'
[2.923s] INFO:colcon.colcon_core.shell:Creating package script '/home/dimash/debug_clear_ws/install/clearpath_nav2_demos/share/clearpath_nav2_demos/package.bash'
[2.923s] INFO:colcon.colcon_core.shell:Creating package script '/home/dimash/debug_clear_ws/install/clearpath_nav2_demos/share/clearpath_nav2_demos/package.zsh'
[2.929s] Level 1:colcon.colcon_core.environment:create_file_with_runtime_dependencies(/home/dimash/debug_clear_ws/install/clearpath_nav2_demos/share/colcon-core/packages/clearpath_nav2_demos)
[2.930s] Level 1:colcon.colcon_core.environment:create_environment_scripts_only(clearpath_nav2_demos)
[2.930s] Level 1:colcon.colcon_core.environment:checking '/home/dimash/debug_clear_ws/install/clearpath_nav2_demos' for CMake module files
[2.931s] Level 1:colcon.colcon_core.environment:checking '/home/dimash/debug_clear_ws/install/clearpath_nav2_demos' for CMake config files
[2.931s] Level 1:colcon.colcon_core.shell:create_environment_hook('clearpath_nav2_demos', 'cmake_prefix_path')
[2.932s] INFO:colcon.colcon_core.shell:Creating environment hook '/home/dimash/debug_clear_ws/install/clearpath_nav2_demos/share/clearpath_nav2_demos/hook/cmake_prefix_path.ps1'
[2.932s] INFO:colcon.colcon_core.shell:Creating environment descriptor '/home/dimash/debug_clear_ws/install/clearpath_nav2_demos/share/clearpath_nav2_demos/hook/cmake_prefix_path.dsv'
[2.935s] INFO:colcon.colcon_core.shell:Creating environment hook '/home/dimash/debug_clear_ws/install/clearpath_nav2_demos/share/clearpath_nav2_demos/hook/cmake_prefix_path.sh'
[2.936s] Level 1:colcon.colcon_core.environment:checking '/home/dimash/debug_clear_ws/install/clearpath_nav2_demos/bin'
[2.936s] Level 1:colcon.colcon_core.environment:checking '/home/dimash/debug_clear_ws/install/clearpath_nav2_demos/lib/pkgconfig/clearpath_nav2_demos.pc'
[2.936s] Level 1:colcon.colcon_core.environment:checking '/home/dimash/debug_clear_ws/install/clearpath_nav2_demos/lib/python3.10/site-packages'
[2.936s] Level 1:colcon.colcon_core.environment:checking '/home/dimash/debug_clear_ws/install/clearpath_nav2_demos/bin'
[2.937s] INFO:colcon.colcon_core.shell:Creating package script '/home/dimash/debug_clear_ws/install/clearpath_nav2_demos/share/clearpath_nav2_demos/package.ps1'
[2.937s] INFO:colcon.colcon_core.shell:Creating package descriptor '/home/dimash/debug_clear_ws/install/clearpath_nav2_demos/share/clearpath_nav2_demos/package.dsv'
[2.938s] INFO:colcon.colcon_core.shell:Creating package script '/home/dimash/debug_clear_ws/install/clearpath_nav2_demos/share/clearpath_nav2_demos/package.sh'
[2.944s] INFO:colcon.colcon_core.shell:Creating package script '/home/dimash/debug_clear_ws/install/clearpath_nav2_demos/share/clearpath_nav2_demos/package.bash'
[2.945s] INFO:colcon.colcon_core.shell:Creating package script '/home/dimash/debug_clear_ws/install/clearpath_nav2_demos/share/clearpath_nav2_demos/package.zsh'
[2.945s] Level 1:colcon.colcon_core.environment:create_file_with_runtime_dependencies(/home/dimash/debug_clear_ws/install/clearpath_nav2_demos/share/colcon-core/packages/clearpath_nav2_demos)
[3.383s] Level 1:colcon.colcon_core.environment:checking '/home/dimash/debug_clear_ws/install/person_movement' for CMake module files
[3.383s] Level 1:colcon.colcon_core.environment:checking '/home/dimash/debug_clear_ws/install/person_movement' for CMake config files
[3.384s] DEBUG:colcon.colcon_core.event_handler.log_command:Invoked command in '/home/dimash/debug_clear_ws/src/person_movement' returned '0': PYTHONPATH=/home/dimash/debug_clear_ws/build/person_movement/prefix_override:/usr/lib/python3/dist-packages/colcon_core/task/python/colcon_distutils_commands:/home/dimash/debug_clear_ws/install/person_movement/lib/python3.10/site-packages:${PYTHONPATH} /usr/bin/python3 -W ignore:setup.py install is deprecated -W ignore:easy_install command is deprecated setup.py egg_info --egg-base ../../build/person_movement build --build-base /home/dimash/debug_clear_ws/build/person_movement/build install --record /home/dimash/debug_clear_ws/build/person_movement/install.log --single-version-externally-managed install_data
[3.385s] Level 1:colcon.colcon_core.environment:checking '/home/dimash/debug_clear_ws/install/person_movement/lib'
[3.385s] Level 1:colcon.colcon_core.environment:checking '/home/dimash/debug_clear_ws/install/person_movement/bin'
[3.385s] Level 1:colcon.colcon_core.environment:checking '/home/dimash/debug_clear_ws/install/person_movement/lib/pkgconfig/person_movement.pc'
[3.385s] Level 1:colcon.colcon_core.environment:checking '/home/dimash/debug_clear_ws/install/person_movement/lib/python3.10/site-packages'
[3.385s] Level 1:colcon.colcon_core.shell:create_environment_hook('person_movement', 'pythonpath')
[3.386s] INFO:colcon.colcon_core.shell:Creating environment hook '/home/dimash/debug_clear_ws/install/person_movement/share/person_movement/hook/pythonpath.ps1'
[3.389s] INFO:colcon.colcon_core.shell:Creating environment descriptor '/home/dimash/debug_clear_ws/install/person_movement/share/person_movement/hook/pythonpath.dsv'
[3.391s] INFO:colcon.colcon_core.shell:Creating environment hook '/home/dimash/debug_clear_ws/install/person_movement/share/person_movement/hook/pythonpath.sh'
[3.392s] Level 1:colcon.colcon_core.environment:checking '/home/dimash/debug_clear_ws/install/person_movement/bin'
[3.392s] Level 1:colcon.colcon_core.environment:create_environment_scripts_only(person_movement)
[3.393s] INFO:colcon.colcon_core.shell:Creating package script '/home/dimash/debug_clear_ws/install/person_movement/share/person_movement/package.ps1'
[3.394s] INFO:colcon.colcon_core.shell:Creating package descriptor '/home/dimash/debug_clear_ws/install/person_movement/share/person_movement/package.dsv'
[3.396s] INFO:colcon.colcon_core.shell:Creating package script '/home/dimash/debug_clear_ws/install/person_movement/share/person_movement/package.sh'
[3.397s] INFO:colcon.colcon_core.shell:Creating package script '/home/dimash/debug_clear_ws/install/person_movement/share/person_movement/package.bash'
[3.398s] INFO:colcon.colcon_core.shell:Creating package script '/home/dimash/debug_clear_ws/install/person_movement/share/person_movement/package.zsh'
[3.399s] Level 1:colcon.colcon_core.environment:create_file_with_runtime_dependencies(/home/dimash/debug_clear_ws/install/person_movement/share/colcon-core/packages/person_movement)
[3.526s] DEBUG:colcon.colcon_core.event_handler.log_command:Invoked command in '/home/dimash/debug_clear_ws/build/clearpath_generator_common' returned '0': AMENT_PREFIX_PATH=/home/dimash/debug_clear_ws/install/clearpath_config:/home/dimash/debug_clear_ws/install/yolo_bringup:/home/dimash/debug_clear_ws/install/yolo_ros:/home/dimash/debug_clear_ws/install/mpc_low:/home/dimash/debug_clear_ws/install/yolo_msgs:/home/dimash/debug_clear_ws/install/point_cloud_debug:/home/dimash/debug_clear_ws/install/person_movement:/home/dimash/debug_clear_ws/install/move_model_plugin:/home/dimash/debug_clear_ws/install/clearpath_simulator:/home/dimash/debug_clear_ws/install/clearpath_gz:/home/dimash/debug_clear_ws/install/clearpath_generator_gz:/home/dimash/debug_clear_ws/install/clearpath_common:/home/dimash/debug_clear_ws/install/clearpath_generator_common:/home/dimash/debug_clear_ws/install/clearpath_description:/home/dimash/debug_clear_ws/install/clearpath_sensors_description:/home/dimash/debug_clear_ws/install/clearpath_platform:/home/dimash/debug_clear_ws/install/clearpath_msgs:/home/dimash/debug_clear_ws/install/clearpath_platform_msgs:/home/dimash/debug_clear_ws/install/clearpath_platform_description:/home/dimash/debug_clear_ws/install/clearpath_nav2_demos:/home/dimash/debug_clear_ws/install/clearpath_mounts_description:/home/dimash/debug_clear_ws/install/clearpath_manipulators:/home/dimash/debug_clear_ws/install/clearpath_manipulators_description:/home/dimash/debug_clear_ws/install/clearpath_customization:/home/dimash/debug_clear_ws/install/clearpath_control:/opt/ros/humble CMAKE_PREFIX_PATH=/home/dimash/debug_clear_ws/install/clearpath_platform:/home/dimash/debug_clear_ws/install/clearpath_manipulators:/home/dimash/debug_clear_ws/install/clearpath_description:/home/dimash/debug_clear_ws/install/clearpath_sensors_description:/home/dimash/debug_clear_ws/install/clearpath_platform_msgs:/home/dimash/debug_clear_ws/install/clearpath_platform_description:/home/dimash/debug_clear_ws/install/clearpath_mounts_description:/home/dimash/debug_clear_ws/install/clearpath_manipulators_description:/home/dimash/debug_clear_ws/install/clearpath_control:/home/dimash/debug_clear_ws/install/yolo_bringup:/home/dimash/debug_clear_ws/install/mpc_low:/home/dimash/debug_clear_ws/install/yolo_msgs:/home/dimash/debug_clear_ws/install/point_cloud_debug:/home/dimash/debug_clear_ws/install/move_model_plugin:/home/dimash/debug_clear_ws/install/clearpath_simulator:/home/dimash/debug_clear_ws/install/clearpath_gz:/home/dimash/debug_clear_ws/install/clearpath_generator_gz:/home/dimash/debug_clear_ws/install/clearpath_common:/home/dimash/debug_clear_ws/install/clearpath_generator_common:/home/dimash/debug_clear_ws/install/clearpath_msgs:/home/dimash/debug_clear_ws/install/clearpath_nav2_demos:/home/dimash/debug_clear_ws/install/clearpath_customization:/home/dimash/debug_clear_ws/install/yolo_ros:/home/dimash/debug_clear_ws/install/person_movement:/home/dimash/debug_clear_ws/install/clearpath_config:/opt/ros/humble LD_LIBRARY_PATH=/home/dimash/debug_clear_ws/install/clearpath_platform/lib:/home/dimash/debug_clear_ws/install/clearpath_platform_msgs/lib:/home/dimash/debug_clear_ws/install/mpc_low/lib:/home/dimash/debug_clear_ws/install/yolo_msgs/lib:/home/dimash/debug_clear_ws/install/move_model_plugin/lib:/opt/ros/humble/opt/rviz_ogre_vendor/lib:/opt/ros/humble/lib/x86_64-linux-gnu:/opt/ros/humble/lib:/home/dimash/acados/lib:/home/dimash/acados/lib PYTHONPATH=/home/dimash/debug_clear_ws/install/clearpath_config/lib/python3.10/site-packages:/home/dimash/debug_clear_ws/install/yolo_ros/lib/python3.10/site-packages:/home/dimash/debug_clear_ws/install/yolo_msgs/local/lib/python3.10/dist-packages:/home/dimash/debug_clear_ws/install/person_movement/lib/python3.10/site-packages:/home/dimash/debug_clear_ws/install/clearpath_generator_gz/local/lib/python3.10/dist-packages:/home/dimash/debug_clear_ws/install/clearpath_generator_common/local/lib/python3.10/dist-packages:/home/dimash/debug_clear_ws/install/clearpath_platform_msgs/local/lib/python3.10/dist-packages:/opt/ros/humble/lib/python3.10/site-packages:/opt/ros/humble/local/lib/python3.10/dist-packages:/home/dimash/acados/lib /usr/bin/cmake --build /home/dimash/debug_clear_ws/build/clearpath_generator_common -- -j8 -l8
[3.527s] DEBUG:colcon.colcon_core.event_handler.log_command:Invoking command in '/home/dimash/debug_clear_ws/build/clearpath_generator_common': AMENT_PREFIX_PATH=/home/dimash/debug_clear_ws/install/clearpath_config:/home/dimash/debug_clear_ws/install/yolo_bringup:/home/dimash/debug_clear_ws/install/yolo_ros:/home/dimash/debug_clear_ws/install/mpc_low:/home/dimash/debug_clear_ws/install/yolo_msgs:/home/dimash/debug_clear_ws/install/point_cloud_debug:/home/dimash/debug_clear_ws/install/person_movement:/home/dimash/debug_clear_ws/install/move_model_plugin:/home/dimash/debug_clear_ws/install/clearpath_simulator:/home/dimash/debug_clear_ws/install/clearpath_gz:/home/dimash/debug_clear_ws/install/clearpath_generator_gz:/home/dimash/debug_clear_ws/install/clearpath_common:/home/dimash/debug_clear_ws/install/clearpath_generator_common:/home/dimash/debug_clear_ws/install/clearpath_description:/home/dimash/debug_clear_ws/install/clearpath_sensors_description:/home/dimash/debug_clear_ws/install/clearpath_platform:/home/dimash/debug_clear_ws/install/clearpath_msgs:/home/dimash/debug_clear_ws/install/clearpath_platform_msgs:/home/dimash/debug_clear_ws/install/clearpath_platform_description:/home/dimash/debug_clear_ws/install/clearpath_nav2_demos:/home/dimash/debug_clear_ws/install/clearpath_mounts_description:/home/dimash/debug_clear_ws/install/clearpath_manipulators:/home/dimash/debug_clear_ws/install/clearpath_manipulators_description:/home/dimash/debug_clear_ws/install/clearpath_customization:/home/dimash/debug_clear_ws/install/clearpath_control:/opt/ros/humble CMAKE_PREFIX_PATH=/home/dimash/debug_clear_ws/install/clearpath_platform:/home/dimash/debug_clear_ws/install/clearpath_manipulators:/home/dimash/debug_clear_ws/install/clearpath_description:/home/dimash/debug_clear_ws/install/clearpath_sensors_description:/home/dimash/debug_clear_ws/install/clearpath_platform_msgs:/home/dimash/debug_clear_ws/install/clearpath_platform_description:/home/dimash/debug_clear_ws/install/clearpath_mounts_description:/home/dimash/debug_clear_ws/install/clearpath_manipulators_description:/home/dimash/debug_clear_ws/install/clearpath_control:/home/dimash/debug_clear_ws/install/yolo_bringup:/home/dimash/debug_clear_ws/install/mpc_low:/home/dimash/debug_clear_ws/install/yolo_msgs:/home/dimash/debug_clear_ws/install/point_cloud_debug:/home/dimash/debug_clear_ws/install/move_model_plugin:/home/dimash/debug_clear_ws/install/clearpath_simulator:/home/dimash/debug_clear_ws/install/clearpath_gz:/home/dimash/debug_clear_ws/install/clearpath_generator_gz:/home/dimash/debug_clear_ws/install/clearpath_common:/home/dimash/debug_clear_ws/install/clearpath_generator_common:/home/dimash/debug_clear_ws/install/clearpath_msgs:/home/dimash/debug_clear_ws/install/clearpath_nav2_demos:/home/dimash/debug_clear_ws/install/clearpath_customization:/home/dimash/debug_clear_ws/install/yolo_ros:/home/dimash/debug_clear_ws/install/person_movement:/home/dimash/debug_clear_ws/install/clearpath_config:/opt/ros/humble LD_LIBRARY_PATH=/home/dimash/debug_clear_ws/install/clearpath_platform/lib:/home/dimash/debug_clear_ws/install/clearpath_platform_msgs/lib:/home/dimash/debug_clear_ws/install/mpc_low/lib:/home/dimash/debug_clear_ws/install/yolo_msgs/lib:/home/dimash/debug_clear_ws/install/move_model_plugin/lib:/opt/ros/humble/opt/rviz_ogre_vendor/lib:/opt/ros/humble/lib/x86_64-linux-gnu:/opt/ros/humble/lib:/home/dimash/acados/lib:/home/dimash/acados/lib PYTHONPATH=/home/dimash/debug_clear_ws/install/clearpath_config/lib/python3.10/site-packages:/home/dimash/debug_clear_ws/install/yolo_ros/lib/python3.10/site-packages:/home/dimash/debug_clear_ws/install/yolo_msgs/local/lib/python3.10/dist-packages:/home/dimash/debug_clear_ws/install/person_movement/lib/python3.10/site-packages:/home/dimash/debug_clear_ws/install/clearpath_generator_gz/local/lib/python3.10/dist-packages:/home/dimash/debug_clear_ws/install/clearpath_generator_common/local/lib/python3.10/dist-packages:/home/dimash/debug_clear_ws/install/clearpath_platform_msgs/local/lib/python3.10/dist-packages:/opt/ros/humble/lib/python3.10/site-packages:/opt/ros/humble/local/lib/python3.10/dist-packages:/home/dimash/acados/lib /usr/bin/cmake --install /home/dimash/debug_clear_ws/build/clearpath_generator_common
[3.578s] DEBUG:colcon.colcon_core.event_handler.log_command:Invoking command in '/home/dimash/debug_clear_ws/src/yolo_ros/yolo_ros': CMAKE_PREFIX_PATH=/home/dimash/debug_clear_ws/install/yolo_msgs:/home/dimash/debug_clear_ws/install/yolo_bringup:/home/dimash/debug_clear_ws/install/mpc_low:/home/dimash/debug_clear_ws/install/point_cloud_debug:/home/dimash/debug_clear_ws/install/move_model_plugin:/home/dimash/debug_clear_ws/install/clearpath_simulator:/home/dimash/debug_clear_ws/install/clearpath_gz:/home/dimash/debug_clear_ws/install/clearpath_generator_gz:/home/dimash/debug_clear_ws/install/clearpath_common:/home/dimash/debug_clear_ws/install/clearpath_generator_common:/home/dimash/debug_clear_ws/install/clearpath_description:/home/dimash/debug_clear_ws/install/clearpath_sensors_description:/home/dimash/debug_clear_ws/install/clearpath_platform:/home/dimash/debug_clear_ws/install/clearpath_msgs:/home/dimash/debug_clear_ws/install/clearpath_platform_msgs:/home/dimash/debug_clear_ws/install/clearpath_platform_description:/home/dimash/debug_clear_ws/install/clearpath_nav2_demos:/home/dimash/debug_clear_ws/install/clearpath_mounts_description:/home/dimash/debug_clear_ws/install/clearpath_manipulators:/home/dimash/debug_clear_ws/install/clearpath_manipulators_description:/home/dimash/debug_clear_ws/install/clearpath_customization:/home/dimash/debug_clear_ws/install/clearpath_control LD_LIBRARY_PATH=/home/dimash/debug_clear_ws/install/yolo_msgs/lib:/home/dimash/debug_clear_ws/install/mpc_low/lib:/home/dimash/debug_clear_ws/install/move_model_plugin/lib:/home/dimash/debug_clear_ws/install/clearpath_platform/lib:/home/dimash/debug_clear_ws/install/clearpath_platform_msgs/lib:/opt/ros/humble/opt/rviz_ogre_vendor/lib:/opt/ros/humble/lib/x86_64-linux-gnu:/opt/ros/humble/lib:/home/dimash/acados/lib:/home/dimash/acados/lib PYTHONPATH=/home/dimash/debug_clear_ws/build/yolo_ros/prefix_override:/usr/lib/python3/dist-packages/colcon_core/task/python/colcon_distutils_commands:/home/dimash/debug_clear_ws/install/yolo_ros/lib/python3.10/site-packages:${PYTHONPATH} /usr/bin/python3 -W ignore:setup.py install is deprecated -W ignore:easy_install command is deprecated setup.py egg_info --egg-base ../../../build/yolo_ros build --build-base /home/dimash/debug_clear_ws/build/yolo_ros/build install --record /home/dimash/debug_clear_ws/build/yolo_ros/install.log --single-version-externally-managed install_data
[3.612s] Level 1:colcon.colcon_core.environment:create_environment_scripts_only(clearpath_generator_common)
[3.612s] Level 1:colcon.colcon_core.environment:checking '/home/dimash/debug_clear_ws/install/clearpath_generator_common' for CMake module files
[3.614s] Level 1:colcon.colcon_core.environment:checking '/home/dimash/debug_clear_ws/install/clearpath_generator_common' for CMake config files
[3.614s] Level 1:colcon.colcon_core.shell:create_environment_hook('clearpath_generator_common', 'cmake_prefix_path')
[3.614s] INFO:colcon.colcon_core.shell:Creating environment hook '/home/dimash/debug_clear_ws/install/clearpath_generator_common/share/clearpath_generator_common/hook/cmake_prefix_path.ps1'
[3.615s] INFO:colcon.colcon_core.shell:Creating environment descriptor '/home/dimash/debug_clear_ws/install/clearpath_generator_common/share/clearpath_generator_common/hook/cmake_prefix_path.dsv'
[3.613s] DEBUG:colcon.colcon_core.event_handler.log_command:Invoked command in '/home/dimash/debug_clear_ws/build/clearpath_generator_common' returned '0': AMENT_PREFIX_PATH=/home/dimash/debug_clear_ws/install/clearpath_config:/home/dimash/debug_clear_ws/install/yolo_bringup:/home/dimash/debug_clear_ws/install/yolo_ros:/home/dimash/debug_clear_ws/install/mpc_low:/home/dimash/debug_clear_ws/install/yolo_msgs:/home/dimash/debug_clear_ws/install/point_cloud_debug:/home/dimash/debug_clear_ws/install/person_movement:/home/dimash/debug_clear_ws/install/move_model_plugin:/home/dimash/debug_clear_ws/install/clearpath_simulator:/home/dimash/debug_clear_ws/install/clearpath_gz:/home/dimash/debug_clear_ws/install/clearpath_generator_gz:/home/dimash/debug_clear_ws/install/clearpath_common:/home/dimash/debug_clear_ws/install/clearpath_generator_common:/home/dimash/debug_clear_ws/install/clearpath_description:/home/dimash/debug_clear_ws/install/clearpath_sensors_description:/home/dimash/debug_clear_ws/install/clearpath_platform:/home/dimash/debug_clear_ws/install/clearpath_msgs:/home/dimash/debug_clear_ws/install/clearpath_platform_msgs:/home/dimash/debug_clear_ws/install/clearpath_platform_description:/home/dimash/debug_clear_ws/install/clearpath_nav2_demos:/home/dimash/debug_clear_ws/install/clearpath_mounts_description:/home/dimash/debug_clear_ws/install/clearpath_manipulators:/home/dimash/debug_clear_ws/install/clearpath_manipulators_description:/home/dimash/debug_clear_ws/install/clearpath_customization:/home/dimash/debug_clear_ws/install/clearpath_control:/opt/ros/humble CMAKE_PREFIX_PATH=/home/dimash/debug_clear_ws/install/clearpath_platform:/home/dimash/debug_clear_ws/install/clearpath_manipulators:/home/dimash/debug_clear_ws/install/clearpath_description:/home/dimash/debug_clear_ws/install/clearpath_sensors_description:/home/dimash/debug_clear_ws/install/clearpath_platform_msgs:/home/dimash/debug_clear_ws/install/clearpath_platform_description:/home/dimash/debug_clear_ws/install/clearpath_mounts_description:/home/dimash/debug_clear_ws/install/clearpath_manipulators_description:/home/dimash/debug_clear_ws/install/clearpath_control:/home/dimash/debug_clear_ws/install/yolo_bringup:/home/dimash/debug_clear_ws/install/mpc_low:/home/dimash/debug_clear_ws/install/yolo_msgs:/home/dimash/debug_clear_ws/install/point_cloud_debug:/home/dimash/debug_clear_ws/install/move_model_plugin:/home/dimash/debug_clear_ws/install/clearpath_simulator:/home/dimash/debug_clear_ws/install/clearpath_gz:/home/dimash/debug_clear_ws/install/clearpath_generator_gz:/home/dimash/debug_clear_ws/install/clearpath_common:/home/dimash/debug_clear_ws/install/clearpath_generator_common:/home/dimash/debug_clear_ws/install/clearpath_msgs:/home/dimash/debug_clear_ws/install/clearpath_nav2_demos:/home/dimash/debug_clear_ws/install/clearpath_customization:/home/dimash/debug_clear_ws/install/yolo_ros:/home/dimash/debug_clear_ws/install/person_movement:/home/dimash/debug_clear_ws/install/clearpath_config:/opt/ros/humble LD_LIBRARY_PATH=/home/dimash/debug_clear_ws/install/clearpath_platform/lib:/home/dimash/debug_clear_ws/install/clearpath_platform_msgs/lib:/home/dimash/debug_clear_ws/install/mpc_low/lib:/home/dimash/debug_clear_ws/install/yolo_msgs/lib:/home/dimash/debug_clear_ws/install/move_model_plugin/lib:/opt/ros/humble/opt/rviz_ogre_vendor/lib:/opt/ros/humble/lib/x86_64-linux-gnu:/opt/ros/humble/lib:/home/dimash/acados/lib:/home/dimash/acados/lib PYTHONPATH=/home/dimash/debug_clear_ws/install/clearpath_config/lib/python3.10/site-packages:/home/dimash/debug_clear_ws/install/yolo_ros/lib/python3.10/site-packages:/home/dimash/debug_clear_ws/install/yolo_msgs/local/lib/python3.10/dist-packages:/home/dimash/debug_clear_ws/install/person_movement/lib/python3.10/site-packages:/home/dimash/debug_clear_ws/install/clearpath_generator_gz/local/lib/python3.10/dist-packages:/home/dimash/debug_clear_ws/install/clearpath_generator_common/local/lib/python3.10/dist-packages:/home/dimash/debug_clear_ws/install/clearpath_platform_msgs/local/lib/python3.10/dist-packages:/opt/ros/humble/lib/python3.10/site-packages:/opt/ros/humble/local/lib/python3.10/dist-packages:/home/dimash/acados/lib /usr/bin/cmake --install /home/dimash/debug_clear_ws/build/clearpath_generator_common
[3.616s] INFO:colcon.colcon_core.shell:Creating environment hook '/home/dimash/debug_clear_ws/install/clearpath_generator_common/share/clearpath_generator_common/hook/cmake_prefix_path.sh'
[3.616s] Level 1:colcon.colcon_core.environment:checking '/home/dimash/debug_clear_ws/install/clearpath_generator_common/lib'
[3.616s] Level 1:colcon.colcon_core.environment:checking '/home/dimash/debug_clear_ws/install/clearpath_generator_common/bin'
[3.617s] Level 1:colcon.colcon_core.environment:checking '/home/dimash/debug_clear_ws/install/clearpath_generator_common/lib/pkgconfig/clearpath_generator_common.pc'
[3.617s] Level 1:colcon.colcon_core.environment:checking '/home/dimash/debug_clear_ws/install/clearpath_generator_common/lib/python3.10/site-packages'
[3.617s] Level 1:colcon.colcon_core.environment:checking '/home/dimash/debug_clear_ws/install/clearpath_generator_common/bin'
[3.618s] INFO:colcon.colcon_core.shell:Creating package script '/home/dimash/debug_clear_ws/install/clearpath_generator_common/share/clearpath_generator_common/package.ps1'
[3.618s] INFO:colcon.colcon_core.shell:Creating package descriptor '/home/dimash/debug_clear_ws/install/clearpath_generator_common/share/clearpath_generator_common/package.dsv'
[3.619s] INFO:colcon.colcon_core.shell:Creating package script '/home/dimash/debug_clear_ws/install/clearpath_generator_common/share/clearpath_generator_common/package.sh'
[3.620s] INFO:colcon.colcon_core.shell:Creating package script '/home/dimash/debug_clear_ws/install/clearpath_generator_common/share/clearpath_generator_common/package.bash'
[3.620s] INFO:colcon.colcon_core.shell:Creating package script '/home/dimash/debug_clear_ws/install/clearpath_generator_common/share/clearpath_generator_common/package.zsh'
[3.621s] Level 1:colcon.colcon_core.environment:create_file_with_runtime_dependencies(/home/dimash/debug_clear_ws/install/clearpath_generator_common/share/colcon-core/packages/clearpath_generator_common)
[3.622s] Level 1:colcon.colcon_core.environment:create_environment_scripts_only(clearpath_generator_common)
[3.622s] Level 1:colcon.colcon_core.environment:checking '/home/dimash/debug_clear_ws/install/clearpath_generator_common' for CMake module files
[3.623s] Level 1:colcon.colcon_core.environment:checking '/home/dimash/debug_clear_ws/install/clearpath_generator_common' for CMake config files
[3.623s] Level 1:colcon.colcon_core.shell:create_environment_hook('clearpath_generator_common', 'cmake_prefix_path')
[3.623s] INFO:colcon.colcon_core.shell:Creating environment hook '/home/dimash/debug_clear_ws/install/clearpath_generator_common/share/clearpath_generator_common/hook/cmake_prefix_path.ps1'
[3.624s] INFO:colcon.colcon_core.shell:Creating environment descriptor '/home/dimash/debug_clear_ws/install/clearpath_generator_common/share/clearpath_generator_common/hook/cmake_prefix_path.dsv'
[3.625s] INFO:colcon.colcon_core.shell:Creating environment hook '/home/dimash/debug_clear_ws/install/clearpath_generator_common/share/clearpath_generator_common/hook/cmake_prefix_path.sh'
[3.626s] Level 1:colcon.colcon_core.environment:checking '/home/dimash/debug_clear_ws/install/clearpath_generator_common/lib'
[3.626s] Level 1:colcon.colcon_core.environment:checking '/home/dimash/debug_clear_ws/install/clearpath_generator_common/bin'
[3.626s] Level 1:colcon.colcon_core.environment:checking '/home/dimash/debug_clear_ws/install/clearpath_generator_common/lib/pkgconfig/clearpath_generator_common.pc'
[3.626s] Level 1:colcon.colcon_core.environment:checking '/home/dimash/debug_clear_ws/install/clearpath_generator_common/lib/python3.10/site-packages'
[3.627s] Level 1:colcon.colcon_core.environment:checking '/home/dimash/debug_clear_ws/install/clearpath_generator_common/bin'
[3.627s] INFO:colcon.colcon_core.shell:Creating package script '/home/dimash/debug_clear_ws/install/clearpath_generator_common/share/clearpath_generator_common/package.ps1'
[3.628s] INFO:colcon.colcon_core.shell:Creating package descriptor '/home/dimash/debug_clear_ws/install/clearpath_generator_common/share/clearpath_generator_common/package.dsv'
[3.629s] INFO:colcon.colcon_core.shell:Creating package script '/home/dimash/debug_clear_ws/install/clearpath_generator_common/share/clearpath_generator_common/package.sh'
[3.629s] INFO:colcon.colcon_core.shell:Creating package script '/home/dimash/debug_clear_ws/install/clearpath_generator_common/share/clearpath_generator_common/package.bash'
[3.630s] INFO:colcon.colcon_core.shell:Creating package script '/home/dimash/debug_clear_ws/install/clearpath_generator_common/share/clearpath_generator_common/package.zsh'
[3.631s] Level 1:colcon.colcon_core.environment:create_file_with_runtime_dependencies(/home/dimash/debug_clear_ws/install/clearpath_generator_common/share/colcon-core/packages/clearpath_generator_common)
[3.631s] INFO:colcon.colcon_ros.task.ament_cmake.build:Building ROS package in '/home/dimash/debug_clear_ws/src/clearpath_common/clearpath_common' with build type 'ament_cmake'
[3.631s] INFO:colcon.colcon_cmake.task.cmake.build:Building CMake package in '/home/dimash/debug_clear_ws/src/clearpath_common/clearpath_common'
[3.632s] INFO:colcon.colcon_core.shell:Skip shell extension 'powershell' for command environment: Not usable outside of PowerShell
[3.632s] DEBUG:colcon.colcon_core.shell:Skip shell extension 'dsv' for command environment
[3.642s] INFO:colcon.colcon_ros.task.ament_cmake.build:Building ROS package in '/home/dimash/debug_clear_ws/src/clearpath_simulator/clearpath_generator_gz' with build type 'ament_cmake'
[3.643s] INFO:colcon.colcon_cmake.task.cmake.build:Building CMake package in '/home/dimash/debug_clear_ws/src/clearpath_simulator/clearpath_generator_gz'
[3.643s] INFO:colcon.colcon_core.shell:Skip shell extension 'powershell' for command environment: Not usable outside of PowerShell
[3.643s] DEBUG:colcon.colcon_core.shell:Skip shell extension 'dsv' for command environment
[3.677s] DEBUG:colcon.colcon_core.event_handler.log_command:Invoking command in '/home/dimash/debug_clear_ws/build/clearpath_common': AMENT_PREFIX_PATH=/home/dimash/debug_clear_ws/install/clearpath_config:/home/dimash/debug_clear_ws/install/yolo_bringup:/home/dimash/debug_clear_ws/install/yolo_ros:/home/dimash/debug_clear_ws/install/mpc_low:/home/dimash/debug_clear_ws/install/yolo_msgs:/home/dimash/debug_clear_ws/install/point_cloud_debug:/home/dimash/debug_clear_ws/install/person_movement:/home/dimash/debug_clear_ws/install/move_model_plugin:/home/dimash/debug_clear_ws/install/clearpath_simulator:/home/dimash/debug_clear_ws/install/clearpath_gz:/home/dimash/debug_clear_ws/install/clearpath_generator_gz:/home/dimash/debug_clear_ws/install/clearpath_common:/home/dimash/debug_clear_ws/install/clearpath_generator_common:/home/dimash/debug_clear_ws/install/clearpath_description:/home/dimash/debug_clear_ws/install/clearpath_sensors_description:/home/dimash/debug_clear_ws/install/clearpath_platform:/home/dimash/debug_clear_ws/install/clearpath_msgs:/home/dimash/debug_clear_ws/install/clearpath_platform_msgs:/home/dimash/debug_clear_ws/install/clearpath_platform_description:/home/dimash/debug_clear_ws/install/clearpath_nav2_demos:/home/dimash/debug_clear_ws/install/clearpath_mounts_description:/home/dimash/debug_clear_ws/install/clearpath_manipulators:/home/dimash/debug_clear_ws/install/clearpath_manipulators_description:/home/dimash/debug_clear_ws/install/clearpath_customization:/home/dimash/debug_clear_ws/install/clearpath_control:/opt/ros/humble CMAKE_PREFIX_PATH=/home/dimash/debug_clear_ws/install/clearpath_generator_common:/home/dimash/debug_clear_ws/install/clearpath_platform:/home/dimash/debug_clear_ws/install/clearpath_manipulators:/home/dimash/debug_clear_ws/install/clearpath_description:/home/dimash/debug_clear_ws/install/clearpath_sensors_description:/home/dimash/debug_clear_ws/install/clearpath_platform_msgs:/home/dimash/debug_clear_ws/install/clearpath_platform_description:/home/dimash/debug_clear_ws/install/clearpath_mounts_description:/home/dimash/debug_clear_ws/install/clearpath_manipulators_description:/home/dimash/debug_clear_ws/install/clearpath_control:/home/dimash/debug_clear_ws/install/yolo_bringup:/home/dimash/debug_clear_ws/install/mpc_low:/home/dimash/debug_clear_ws/install/yolo_msgs:/home/dimash/debug_clear_ws/install/point_cloud_debug:/home/dimash/debug_clear_ws/install/move_model_plugin:/home/dimash/debug_clear_ws/install/clearpath_simulator:/home/dimash/debug_clear_ws/install/clearpath_gz:/home/dimash/debug_clear_ws/install/clearpath_generator_gz:/home/dimash/debug_clear_ws/install/clearpath_common:/home/dimash/debug_clear_ws/install/clearpath_msgs:/home/dimash/debug_clear_ws/install/clearpath_nav2_demos:/home/dimash/debug_clear_ws/install/clearpath_customization:/home/dimash/debug_clear_ws/install/yolo_ros:/home/dimash/debug_clear_ws/install/person_movement:/home/dimash/debug_clear_ws/install/clearpath_config:/opt/ros/humble LD_LIBRARY_PATH=/home/dimash/debug_clear_ws/install/clearpath_platform/lib:/home/dimash/debug_clear_ws/install/clearpath_platform_msgs/lib:/home/dimash/debug_clear_ws/install/mpc_low/lib:/home/dimash/debug_clear_ws/install/yolo_msgs/lib:/home/dimash/debug_clear_ws/install/move_model_plugin/lib:/opt/ros/humble/opt/rviz_ogre_vendor/lib:/opt/ros/humble/lib/x86_64-linux-gnu:/opt/ros/humble/lib:/home/dimash/acados/lib:/home/dimash/acados/lib PYTHONPATH=/home/dimash/debug_clear_ws/install/clearpath_config/lib/python3.10/site-packages:/home/dimash/debug_clear_ws/install/yolo_ros/lib/python3.10/site-packages:/home/dimash/debug_clear_ws/install/yolo_msgs/local/lib/python3.10/dist-packages:/home/dimash/debug_clear_ws/install/person_movement/lib/python3.10/site-packages:/home/dimash/debug_clear_ws/install/clearpath_generator_gz/local/lib/python3.10/dist-packages:/home/dimash/debug_clear_ws/install/clearpath_generator_common/local/lib/python3.10/dist-packages:/home/dimash/debug_clear_ws/install/clearpath_platform_msgs/local/lib/python3.10/dist-packages:/opt/ros/humble/lib/python3.10/site-packages:/opt/ros/humble/local/lib/python3.10/dist-packages:/home/dimash/acados/lib /usr/bin/cmake --build /home/dimash/debug_clear_ws/build/clearpath_common -- -j8 -l8
[3.687s] DEBUG:colcon.colcon_core.event_handler.log_command:Invoking command in '/home/dimash/debug_clear_ws/build/clearpath_generator_gz': AMENT_PREFIX_PATH=/home/dimash/debug_clear_ws/install/clearpath_config:/home/dimash/debug_clear_ws/install/yolo_bringup:/home/dimash/debug_clear_ws/install/yolo_ros:/home/dimash/debug_clear_ws/install/mpc_low:/home/dimash/debug_clear_ws/install/yolo_msgs:/home/dimash/debug_clear_ws/install/point_cloud_debug:/home/dimash/debug_clear_ws/install/person_movement:/home/dimash/debug_clear_ws/install/move_model_plugin:/home/dimash/debug_clear_ws/install/clearpath_simulator:/home/dimash/debug_clear_ws/install/clearpath_gz:/home/dimash/debug_clear_ws/install/clearpath_generator_gz:/home/dimash/debug_clear_ws/install/clearpath_common:/home/dimash/debug_clear_ws/install/clearpath_generator_common:/home/dimash/debug_clear_ws/install/clearpath_description:/home/dimash/debug_clear_ws/install/clearpath_sensors_description:/home/dimash/debug_clear_ws/install/clearpath_platform:/home/dimash/debug_clear_ws/install/clearpath_msgs:/home/dimash/debug_clear_ws/install/clearpath_platform_msgs:/home/dimash/debug_clear_ws/install/clearpath_platform_description:/home/dimash/debug_clear_ws/install/clearpath_nav2_demos:/home/dimash/debug_clear_ws/install/clearpath_mounts_description:/home/dimash/debug_clear_ws/install/clearpath_manipulators:/home/dimash/debug_clear_ws/install/clearpath_manipulators_description:/home/dimash/debug_clear_ws/install/clearpath_customization:/home/dimash/debug_clear_ws/install/clearpath_control:/opt/ros/humble CMAKE_PREFIX_PATH=/home/dimash/debug_clear_ws/install/clearpath_generator_common:/home/dimash/debug_clear_ws/install/clearpath_platform:/home/dimash/debug_clear_ws/install/clearpath_manipulators:/home/dimash/debug_clear_ws/install/clearpath_description:/home/dimash/debug_clear_ws/install/clearpath_sensors_description:/home/dimash/debug_clear_ws/install/clearpath_platform_msgs:/home/dimash/debug_clear_ws/install/clearpath_platform_description:/home/dimash/debug_clear_ws/install/clearpath_mounts_description:/home/dimash/debug_clear_ws/install/clearpath_manipulators_description:/home/dimash/debug_clear_ws/install/clearpath_control:/home/dimash/debug_clear_ws/install/yolo_bringup:/home/dimash/debug_clear_ws/install/mpc_low:/home/dimash/debug_clear_ws/install/yolo_msgs:/home/dimash/debug_clear_ws/install/point_cloud_debug:/home/dimash/debug_clear_ws/install/move_model_plugin:/home/dimash/debug_clear_ws/install/clearpath_simulator:/home/dimash/debug_clear_ws/install/clearpath_gz:/home/dimash/debug_clear_ws/install/clearpath_generator_gz:/home/dimash/debug_clear_ws/install/clearpath_common:/home/dimash/debug_clear_ws/install/clearpath_msgs:/home/dimash/debug_clear_ws/install/clearpath_nav2_demos:/home/dimash/debug_clear_ws/install/clearpath_customization:/home/dimash/debug_clear_ws/install/yolo_ros:/home/dimash/debug_clear_ws/install/person_movement:/home/dimash/debug_clear_ws/install/clearpath_config:/opt/ros/humble LD_LIBRARY_PATH=/home/dimash/debug_clear_ws/install/clearpath_platform/lib:/home/dimash/debug_clear_ws/install/clearpath_platform_msgs/lib:/home/dimash/debug_clear_ws/install/mpc_low/lib:/home/dimash/debug_clear_ws/install/yolo_msgs/lib:/home/dimash/debug_clear_ws/install/move_model_plugin/lib:/opt/ros/humble/opt/rviz_ogre_vendor/lib:/opt/ros/humble/lib/x86_64-linux-gnu:/opt/ros/humble/lib:/home/dimash/acados/lib:/home/dimash/acados/lib PYTHONPATH=/home/dimash/debug_clear_ws/install/clearpath_config/lib/python3.10/site-packages:/home/dimash/debug_clear_ws/install/yolo_ros/lib/python3.10/site-packages:/home/dimash/debug_clear_ws/install/yolo_msgs/local/lib/python3.10/dist-packages:/home/dimash/debug_clear_ws/install/person_movement/lib/python3.10/site-packages:/home/dimash/debug_clear_ws/install/clearpath_generator_gz/local/lib/python3.10/dist-packages:/home/dimash/debug_clear_ws/install/clearpath_generator_common/local/lib/python3.10/dist-packages:/home/dimash/debug_clear_ws/install/clearpath_platform_msgs/local/lib/python3.10/dist-packages:/opt/ros/humble/lib/python3.10/site-packages:/opt/ros/humble/local/lib/python3.10/dist-packages:/home/dimash/acados/lib /usr/bin/cmake --build /home/dimash/debug_clear_ws/build/clearpath_generator_gz -- -j8 -l8
[3.734s] DEBUG:colcon.colcon_core.event_handler.log_command:Invoked command in '/home/dimash/debug_clear_ws/build/clearpath_common' returned '0': AMENT_PREFIX_PATH=/home/dimash/debug_clear_ws/install/clearpath_config:/home/dimash/debug_clear_ws/install/yolo_bringup:/home/dimash/debug_clear_ws/install/yolo_ros:/home/dimash/debug_clear_ws/install/mpc_low:/home/dimash/debug_clear_ws/install/yolo_msgs:/home/dimash/debug_clear_ws/install/point_cloud_debug:/home/dimash/debug_clear_ws/install/person_movement:/home/dimash/debug_clear_ws/install/move_model_plugin:/home/dimash/debug_clear_ws/install/clearpath_simulator:/home/dimash/debug_clear_ws/install/clearpath_gz:/home/dimash/debug_clear_ws/install/clearpath_generator_gz:/home/dimash/debug_clear_ws/install/clearpath_common:/home/dimash/debug_clear_ws/install/clearpath_generator_common:/home/dimash/debug_clear_ws/install/clearpath_description:/home/dimash/debug_clear_ws/install/clearpath_sensors_description:/home/dimash/debug_clear_ws/install/clearpath_platform:/home/dimash/debug_clear_ws/install/clearpath_msgs:/home/dimash/debug_clear_ws/install/clearpath_platform_msgs:/home/dimash/debug_clear_ws/install/clearpath_platform_description:/home/dimash/debug_clear_ws/install/clearpath_nav2_demos:/home/dimash/debug_clear_ws/install/clearpath_mounts_description:/home/dimash/debug_clear_ws/install/clearpath_manipulators:/home/dimash/debug_clear_ws/install/clearpath_manipulators_description:/home/dimash/debug_clear_ws/install/clearpath_customization:/home/dimash/debug_clear_ws/install/clearpath_control:/opt/ros/humble CMAKE_PREFIX_PATH=/home/dimash/debug_clear_ws/install/clearpath_generator_common:/home/dimash/debug_clear_ws/install/clearpath_platform:/home/dimash/debug_clear_ws/install/clearpath_manipulators:/home/dimash/debug_clear_ws/install/clearpath_description:/home/dimash/debug_clear_ws/install/clearpath_sensors_description:/home/dimash/debug_clear_ws/install/clearpath_platform_msgs:/home/dimash/debug_clear_ws/install/clearpath_platform_description:/home/dimash/debug_clear_ws/install/clearpath_mounts_description:/home/dimash/debug_clear_ws/install/clearpath_manipulators_description:/home/dimash/debug_clear_ws/install/clearpath_control:/home/dimash/debug_clear_ws/install/yolo_bringup:/home/dimash/debug_clear_ws/install/mpc_low:/home/dimash/debug_clear_ws/install/yolo_msgs:/home/dimash/debug_clear_ws/install/point_cloud_debug:/home/dimash/debug_clear_ws/install/move_model_plugin:/home/dimash/debug_clear_ws/install/clearpath_simulator:/home/dimash/debug_clear_ws/install/clearpath_gz:/home/dimash/debug_clear_ws/install/clearpath_generator_gz:/home/dimash/debug_clear_ws/install/clearpath_common:/home/dimash/debug_clear_ws/install/clearpath_msgs:/home/dimash/debug_clear_ws/install/clearpath_nav2_demos:/home/dimash/debug_clear_ws/install/clearpath_customization:/home/dimash/debug_clear_ws/install/yolo_ros:/home/dimash/debug_clear_ws/install/person_movement:/home/dimash/debug_clear_ws/install/clearpath_config:/opt/ros/humble LD_LIBRARY_PATH=/home/dimash/debug_clear_ws/install/clearpath_platform/lib:/home/dimash/debug_clear_ws/install/clearpath_platform_msgs/lib:/home/dimash/debug_clear_ws/install/mpc_low/lib:/home/dimash/debug_clear_ws/install/yolo_msgs/lib:/home/dimash/debug_clear_ws/install/move_model_plugin/lib:/opt/ros/humble/opt/rviz_ogre_vendor/lib:/opt/ros/humble/lib/x86_64-linux-gnu:/opt/ros/humble/lib:/home/dimash/acados/lib:/home/dimash/acados/lib PYTHONPATH=/home/dimash/debug_clear_ws/install/clearpath_config/lib/python3.10/site-packages:/home/dimash/debug_clear_ws/install/yolo_ros/lib/python3.10/site-packages:/home/dimash/debug_clear_ws/install/yolo_msgs/local/lib/python3.10/dist-packages:/home/dimash/debug_clear_ws/install/person_movement/lib/python3.10/site-packages:/home/dimash/debug_clear_ws/install/clearpath_generator_gz/local/lib/python3.10/dist-packages:/home/dimash/debug_clear_ws/install/clearpath_generator_common/local/lib/python3.10/dist-packages:/home/dimash/debug_clear_ws/install/clearpath_platform_msgs/local/lib/python3.10/dist-packages:/opt/ros/humble/lib/python3.10/site-packages:/opt/ros/humble/local/lib/python3.10/dist-packages:/home/dimash/acados/lib /usr/bin/cmake --build /home/dimash/debug_clear_ws/build/clearpath_common -- -j8 -l8
[3.735s] DEBUG:colcon.colcon_core.event_handler.log_command:Invoking command in '/home/dimash/debug_clear_ws/build/clearpath_common': AMENT_PREFIX_PATH=/home/dimash/debug_clear_ws/install/clearpath_config:/home/dimash/debug_clear_ws/install/yolo_bringup:/home/dimash/debug_clear_ws/install/yolo_ros:/home/dimash/debug_clear_ws/install/mpc_low:/home/dimash/debug_clear_ws/install/yolo_msgs:/home/dimash/debug_clear_ws/install/point_cloud_debug:/home/dimash/debug_clear_ws/install/person_movement:/home/dimash/debug_clear_ws/install/move_model_plugin:/home/dimash/debug_clear_ws/install/clearpath_simulator:/home/dimash/debug_clear_ws/install/clearpath_gz:/home/dimash/debug_clear_ws/install/clearpath_generator_gz:/home/dimash/debug_clear_ws/install/clearpath_common:/home/dimash/debug_clear_ws/install/clearpath_generator_common:/home/dimash/debug_clear_ws/install/clearpath_description:/home/dimash/debug_clear_ws/install/clearpath_sensors_description:/home/dimash/debug_clear_ws/install/clearpath_platform:/home/dimash/debug_clear_ws/install/clearpath_msgs:/home/dimash/debug_clear_ws/install/clearpath_platform_msgs:/home/dimash/debug_clear_ws/install/clearpath_platform_description:/home/dimash/debug_clear_ws/install/clearpath_nav2_demos:/home/dimash/debug_clear_ws/install/clearpath_mounts_description:/home/dimash/debug_clear_ws/install/clearpath_manipulators:/home/dimash/debug_clear_ws/install/clearpath_manipulators_description:/home/dimash/debug_clear_ws/install/clearpath_customization:/home/dimash/debug_clear_ws/install/clearpath_control:/opt/ros/humble CMAKE_PREFIX_PATH=/home/dimash/debug_clear_ws/install/clearpath_generator_common:/home/dimash/debug_clear_ws/install/clearpath_platform:/home/dimash/debug_clear_ws/install/clearpath_manipulators:/home/dimash/debug_clear_ws/install/clearpath_description:/home/dimash/debug_clear_ws/install/clearpath_sensors_description:/home/dimash/debug_clear_ws/install/clearpath_platform_msgs:/home/dimash/debug_clear_ws/install/clearpath_platform_description:/home/dimash/debug_clear_ws/install/clearpath_mounts_description:/home/dimash/debug_clear_ws/install/clearpath_manipulators_description:/home/dimash/debug_clear_ws/install/clearpath_control:/home/dimash/debug_clear_ws/install/yolo_bringup:/home/dimash/debug_clear_ws/install/mpc_low:/home/dimash/debug_clear_ws/install/yolo_msgs:/home/dimash/debug_clear_ws/install/point_cloud_debug:/home/dimash/debug_clear_ws/install/move_model_plugin:/home/dimash/debug_clear_ws/install/clearpath_simulator:/home/dimash/debug_clear_ws/install/clearpath_gz:/home/dimash/debug_clear_ws/install/clearpath_generator_gz:/home/dimash/debug_clear_ws/install/clearpath_common:/home/dimash/debug_clear_ws/install/clearpath_msgs:/home/dimash/debug_clear_ws/install/clearpath_nav2_demos:/home/dimash/debug_clear_ws/install/clearpath_customization:/home/dimash/debug_clear_ws/install/yolo_ros:/home/dimash/debug_clear_ws/install/person_movement:/home/dimash/debug_clear_ws/install/clearpath_config:/opt/ros/humble LD_LIBRARY_PATH=/home/dimash/debug_clear_ws/install/clearpath_platform/lib:/home/dimash/debug_clear_ws/install/clearpath_platform_msgs/lib:/home/dimash/debug_clear_ws/install/mpc_low/lib:/home/dimash/debug_clear_ws/install/yolo_msgs/lib:/home/dimash/debug_clear_ws/install/move_model_plugin/lib:/opt/ros/humble/opt/rviz_ogre_vendor/lib:/opt/ros/humble/lib/x86_64-linux-gnu:/opt/ros/humble/lib:/home/dimash/acados/lib:/home/dimash/acados/lib PYTHONPATH=/home/dimash/debug_clear_ws/install/clearpath_config/lib/python3.10/site-packages:/home/dimash/debug_clear_ws/install/yolo_ros/lib/python3.10/site-packages:/home/dimash/debug_clear_ws/install/yolo_msgs/local/lib/python3.10/dist-packages:/home/dimash/debug_clear_ws/install/person_movement/lib/python3.10/site-packages:/home/dimash/debug_clear_ws/install/clearpath_generator_gz/local/lib/python3.10/dist-packages:/home/dimash/debug_clear_ws/install/clearpath_generator_common/local/lib/python3.10/dist-packages:/home/dimash/debug_clear_ws/install/clearpath_platform_msgs/local/lib/python3.10/dist-packages:/opt/ros/humble/lib/python3.10/site-packages:/opt/ros/humble/local/lib/python3.10/dist-packages:/home/dimash/acados/lib /usr/bin/cmake --install /home/dimash/debug_clear_ws/build/clearpath_common
[3.749s] Level 1:colcon.colcon_core.environment:create_environment_scripts_only(clearpath_common)
[3.749s] Level 1:colcon.colcon_core.environment:checking '/home/dimash/debug_clear_ws/install/clearpath_common' for CMake module files
[3.750s] DEBUG:colcon.colcon_core.event_handler.log_command:Invoked command in '/home/dimash/debug_clear_ws/build/clearpath_common' returned '0': AMENT_PREFIX_PATH=/home/dimash/debug_clear_ws/install/clearpath_config:/home/dimash/debug_clear_ws/install/yolo_bringup:/home/dimash/debug_clear_ws/install/yolo_ros:/home/dimash/debug_clear_ws/install/mpc_low:/home/dimash/debug_clear_ws/install/yolo_msgs:/home/dimash/debug_clear_ws/install/point_cloud_debug:/home/dimash/debug_clear_ws/install/person_movement:/home/dimash/debug_clear_ws/install/move_model_plugin:/home/dimash/debug_clear_ws/install/clearpath_simulator:/home/dimash/debug_clear_ws/install/clearpath_gz:/home/dimash/debug_clear_ws/install/clearpath_generator_gz:/home/dimash/debug_clear_ws/install/clearpath_common:/home/dimash/debug_clear_ws/install/clearpath_generator_common:/home/dimash/debug_clear_ws/install/clearpath_description:/home/dimash/debug_clear_ws/install/clearpath_sensors_description:/home/dimash/debug_clear_ws/install/clearpath_platform:/home/dimash/debug_clear_ws/install/clearpath_msgs:/home/dimash/debug_clear_ws/install/clearpath_platform_msgs:/home/dimash/debug_clear_ws/install/clearpath_platform_description:/home/dimash/debug_clear_ws/install/clearpath_nav2_demos:/home/dimash/debug_clear_ws/install/clearpath_mounts_description:/home/dimash/debug_clear_ws/install/clearpath_manipulators:/home/dimash/debug_clear_ws/install/clearpath_manipulators_description:/home/dimash/debug_clear_ws/install/clearpath_customization:/home/dimash/debug_clear_ws/install/clearpath_control:/opt/ros/humble CMAKE_PREFIX_PATH=/home/dimash/debug_clear_ws/install/clearpath_generator_common:/home/dimash/debug_clear_ws/install/clearpath_platform:/home/dimash/debug_clear_ws/install/clearpath_manipulators:/home/dimash/debug_clear_ws/install/clearpath_description:/home/dimash/debug_clear_ws/install/clearpath_sensors_description:/home/dimash/debug_clear_ws/install/clearpath_platform_msgs:/home/dimash/debug_clear_ws/install/clearpath_platform_description:/home/dimash/debug_clear_ws/install/clearpath_mounts_description:/home/dimash/debug_clear_ws/install/clearpath_manipulators_description:/home/dimash/debug_clear_ws/install/clearpath_control:/home/dimash/debug_clear_ws/install/yolo_bringup:/home/dimash/debug_clear_ws/install/mpc_low:/home/dimash/debug_clear_ws/install/yolo_msgs:/home/dimash/debug_clear_ws/install/point_cloud_debug:/home/dimash/debug_clear_ws/install/move_model_plugin:/home/dimash/debug_clear_ws/install/clearpath_simulator:/home/dimash/debug_clear_ws/install/clearpath_gz:/home/dimash/debug_clear_ws/install/clearpath_generator_gz:/home/dimash/debug_clear_ws/install/clearpath_common:/home/dimash/debug_clear_ws/install/clearpath_msgs:/home/dimash/debug_clear_ws/install/clearpath_nav2_demos:/home/dimash/debug_clear_ws/install/clearpath_customization:/home/dimash/debug_clear_ws/install/yolo_ros:/home/dimash/debug_clear_ws/install/person_movement:/home/dimash/debug_clear_ws/install/clearpath_config:/opt/ros/humble LD_LIBRARY_PATH=/home/dimash/debug_clear_ws/install/clearpath_platform/lib:/home/dimash/debug_clear_ws/install/clearpath_platform_msgs/lib:/home/dimash/debug_clear_ws/install/mpc_low/lib:/home/dimash/debug_clear_ws/install/yolo_msgs/lib:/home/dimash/debug_clear_ws/install/move_model_plugin/lib:/opt/ros/humble/opt/rviz_ogre_vendor/lib:/opt/ros/humble/lib/x86_64-linux-gnu:/opt/ros/humble/lib:/home/dimash/acados/lib:/home/dimash/acados/lib PYTHONPATH=/home/dimash/debug_clear_ws/install/clearpath_config/lib/python3.10/site-packages:/home/dimash/debug_clear_ws/install/yolo_ros/lib/python3.10/site-packages:/home/dimash/debug_clear_ws/install/yolo_msgs/local/lib/python3.10/dist-packages:/home/dimash/debug_clear_ws/install/person_movement/lib/python3.10/site-packages:/home/dimash/debug_clear_ws/install/clearpath_generator_gz/local/lib/python3.10/dist-packages:/home/dimash/debug_clear_ws/install/clearpath_generator_common/local/lib/python3.10/dist-packages:/home/dimash/debug_clear_ws/install/clearpath_platform_msgs/local/lib/python3.10/dist-packages:/opt/ros/humble/lib/python3.10/site-packages:/opt/ros/humble/local/lib/python3.10/dist-packages:/home/dimash/acados/lib /usr/bin/cmake --install /home/dimash/debug_clear_ws/build/clearpath_common
[3.752s] Level 1:colcon.colcon_core.environment:checking '/home/dimash/debug_clear_ws/install/clearpath_common' for CMake config files
[3.752s] Level 1:colcon.colcon_core.shell:create_environment_hook('clearpath_common', 'cmake_prefix_path')
[3.753s] INFO:colcon.colcon_core.shell:Creating environment hook '/home/dimash/debug_clear_ws/install/clearpath_common/share/clearpath_common/hook/cmake_prefix_path.ps1'
[3.754s] INFO:colcon.colcon_core.shell:Creating environment descriptor '/home/dimash/debug_clear_ws/install/clearpath_common/share/clearpath_common/hook/cmake_prefix_path.dsv'
[3.757s] INFO:colcon.colcon_core.shell:Creating environment hook '/home/dimash/debug_clear_ws/install/clearpath_common/share/clearpath_common/hook/cmake_prefix_path.sh'
[3.758s] Level 1:colcon.colcon_core.environment:checking '/home/dimash/debug_clear_ws/install/clearpath_common/bin'
[3.758s] Level 1:colcon.colcon_core.environment:checking '/home/dimash/debug_clear_ws/install/clearpath_common/lib/pkgconfig/clearpath_common.pc'
[3.759s] Level 1:colcon.colcon_core.environment:checking '/home/dimash/debug_clear_ws/install/clearpath_common/lib/python3.10/site-packages'
[3.759s] Level 1:colcon.colcon_core.environment:checking '/home/dimash/debug_clear_ws/install/clearpath_common/bin'
[3.760s] INFO:colcon.colcon_core.shell:Creating package script '/home/dimash/debug_clear_ws/install/clearpath_common/share/clearpath_common/package.ps1'
[3.760s] INFO:colcon.colcon_core.shell:Creating package descriptor '/home/dimash/debug_clear_ws/install/clearpath_common/share/clearpath_common/package.dsv'
[3.761s] INFO:colcon.colcon_core.shell:Creating package script '/home/dimash/debug_clear_ws/install/clearpath_common/share/clearpath_common/package.sh'
[3.762s] INFO:colcon.colcon_core.shell:Creating package script '/home/dimash/debug_clear_ws/install/clearpath_common/share/clearpath_common/package.bash'
[3.764s] INFO:colcon.colcon_core.shell:Creating package script '/home/dimash/debug_clear_ws/install/clearpath_common/share/clearpath_common/package.zsh'
[3.765s] Level 1:colcon.colcon_core.environment:create_file_with_runtime_dependencies(/home/dimash/debug_clear_ws/install/clearpath_common/share/colcon-core/packages/clearpath_common)
[3.766s] Level 1:colcon.colcon_core.environment:create_environment_scripts_only(clearpath_common)
[3.766s] Level 1:colcon.colcon_core.environment:checking '/home/dimash/debug_clear_ws/install/clearpath_common' for CMake module files
[3.767s] Level 1:colcon.colcon_core.environment:checking '/home/dimash/debug_clear_ws/install/clearpath_common' for CMake config files
[3.769s] Level 1:colcon.colcon_core.shell:create_environment_hook('clearpath_common', 'cmake_prefix_path')
[3.769s] INFO:colcon.colcon_core.shell:Creating environment hook '/home/dimash/debug_clear_ws/install/clearpath_common/share/clearpath_common/hook/cmake_prefix_path.ps1'
[3.770s] INFO:colcon.colcon_core.shell:Creating environment descriptor '/home/dimash/debug_clear_ws/install/clearpath_common/share/clearpath_common/hook/cmake_prefix_path.dsv'
[3.771s] INFO:colcon.colcon_core.shell:Creating environment hook '/home/dimash/debug_clear_ws/install/clearpath_common/share/clearpath_common/hook/cmake_prefix_path.sh'
[3.771s] Level 1:colcon.colcon_core.environment:checking '/home/dimash/debug_clear_ws/install/clearpath_common/bin'
[3.771s] Level 1:colcon.colcon_core.environment:checking '/home/dimash/debug_clear_ws/install/clearpath_common/lib/pkgconfig/clearpath_common.pc'
[3.772s] Level 1:colcon.colcon_core.environment:checking '/home/dimash/debug_clear_ws/install/clearpath_common/lib/python3.10/site-packages'
[3.772s] Level 1:colcon.colcon_core.environment:checking '/home/dimash/debug_clear_ws/install/clearpath_common/bin'
[3.773s] INFO:colcon.colcon_core.shell:Creating package script '/home/dimash/debug_clear_ws/install/clearpath_common/share/clearpath_common/package.ps1'
[3.774s] INFO:colcon.colcon_core.shell:Creating package descriptor '/home/dimash/debug_clear_ws/install/clearpath_common/share/clearpath_common/package.dsv'
[3.775s] INFO:colcon.colcon_core.shell:Creating package script '/home/dimash/debug_clear_ws/install/clearpath_common/share/clearpath_common/package.sh'
[3.776s] INFO:colcon.colcon_core.shell:Creating package script '/home/dimash/debug_clear_ws/install/clearpath_common/share/clearpath_common/package.bash'
[3.776s] INFO:colcon.colcon_core.shell:Creating package script '/home/dimash/debug_clear_ws/install/clearpath_common/share/clearpath_common/package.zsh'
[3.777s] Level 1:colcon.colcon_core.environment:create_file_with_runtime_dependencies(/home/dimash/debug_clear_ws/install/clearpath_common/share/colcon-core/packages/clearpath_common)
[4.089s] Level 1:colcon.colcon_core.environment:checking '/home/dimash/debug_clear_ws/install/yolo_ros' for CMake module files
[4.090s] DEBUG:colcon.colcon_core.event_handler.log_command:Invoked command in '/home/dimash/debug_clear_ws/src/yolo_ros/yolo_ros' returned '0': CMAKE_PREFIX_PATH=/home/dimash/debug_clear_ws/install/yolo_msgs:/home/dimash/debug_clear_ws/install/yolo_bringup:/home/dimash/debug_clear_ws/install/mpc_low:/home/dimash/debug_clear_ws/install/point_cloud_debug:/home/dimash/debug_clear_ws/install/move_model_plugin:/home/dimash/debug_clear_ws/install/clearpath_simulator:/home/dimash/debug_clear_ws/install/clearpath_gz:/home/dimash/debug_clear_ws/install/clearpath_generator_gz:/home/dimash/debug_clear_ws/install/clearpath_common:/home/dimash/debug_clear_ws/install/clearpath_generator_common:/home/dimash/debug_clear_ws/install/clearpath_description:/home/dimash/debug_clear_ws/install/clearpath_sensors_description:/home/dimash/debug_clear_ws/install/clearpath_platform:/home/dimash/debug_clear_ws/install/clearpath_msgs:/home/dimash/debug_clear_ws/install/clearpath_platform_msgs:/home/dimash/debug_clear_ws/install/clearpath_platform_description:/home/dimash/debug_clear_ws/install/clearpath_nav2_demos:/home/dimash/debug_clear_ws/install/clearpath_mounts_description:/home/dimash/debug_clear_ws/install/clearpath_manipulators:/home/dimash/debug_clear_ws/install/clearpath_manipulators_description:/home/dimash/debug_clear_ws/install/clearpath_customization:/home/dimash/debug_clear_ws/install/clearpath_control LD_LIBRARY_PATH=/home/dimash/debug_clear_ws/install/yolo_msgs/lib:/home/dimash/debug_clear_ws/install/mpc_low/lib:/home/dimash/debug_clear_ws/install/move_model_plugin/lib:/home/dimash/debug_clear_ws/install/clearpath_platform/lib:/home/dimash/debug_clear_ws/install/clearpath_platform_msgs/lib:/opt/ros/humble/opt/rviz_ogre_vendor/lib:/opt/ros/humble/lib/x86_64-linux-gnu:/opt/ros/humble/lib:/home/dimash/acados/lib:/home/dimash/acados/lib PYTHONPATH=/home/dimash/debug_clear_ws/build/yolo_ros/prefix_override:/usr/lib/python3/dist-packages/colcon_core/task/python/colcon_distutils_commands:/home/dimash/debug_clear_ws/install/yolo_ros/lib/python3.10/site-packages:${PYTHONPATH} /usr/bin/python3 -W ignore:setup.py install is deprecated -W ignore:easy_install command is deprecated setup.py egg_info --egg-base ../../../build/yolo_ros build --build-base /home/dimash/debug_clear_ws/build/yolo_ros/build install --record /home/dimash/debug_clear_ws/build/yolo_ros/install.log --single-version-externally-managed install_data
[4.091s] Level 1:colcon.colcon_core.environment:checking '/home/dimash/debug_clear_ws/install/yolo_ros' for CMake config files
[4.091s] Level 1:colcon.colcon_core.environment:checking '/home/dimash/debug_clear_ws/install/yolo_ros/lib'
[4.091s] Level 1:colcon.colcon_core.environment:checking '/home/dimash/debug_clear_ws/install/yolo_ros/bin'
[4.091s] Level 1:colcon.colcon_core.environment:checking '/home/dimash/debug_clear_ws/install/yolo_ros/lib/pkgconfig/yolo_ros.pc'
[4.091s] Level 1:colcon.colcon_core.environment:checking '/home/dimash/debug_clear_ws/install/yolo_ros/lib/python3.10/site-packages'
[4.091s] Level 1:colcon.colcon_core.shell:create_environment_hook('yolo_ros', 'pythonpath')
[4.092s] INFO:colcon.colcon_core.shell:Creating environment hook '/home/dimash/debug_clear_ws/install/yolo_ros/share/yolo_ros/hook/pythonpath.ps1'
[4.092s] INFO:colcon.colcon_core.shell:Creating environment descriptor '/home/dimash/debug_clear_ws/install/yolo_ros/share/yolo_ros/hook/pythonpath.dsv'
[4.093s] INFO:colcon.colcon_core.shell:Creating environment hook '/home/dimash/debug_clear_ws/install/yolo_ros/share/yolo_ros/hook/pythonpath.sh'
[4.093s] Level 1:colcon.colcon_core.environment:checking '/home/dimash/debug_clear_ws/install/yolo_ros/bin'
[4.093s] Level 1:colcon.colcon_core.environment:create_environment_scripts_only(yolo_ros)
[4.094s] INFO:colcon.colcon_core.shell:Creating package script '/home/dimash/debug_clear_ws/install/yolo_ros/share/yolo_ros/package.ps1'
[4.095s] INFO:colcon.colcon_core.shell:Creating package descriptor '/home/dimash/debug_clear_ws/install/yolo_ros/share/yolo_ros/package.dsv'
[4.095s] INFO:colcon.colcon_core.shell:Creating package script '/home/dimash/debug_clear_ws/install/yolo_ros/share/yolo_ros/package.sh'
[4.096s] INFO:colcon.colcon_core.shell:Creating package script '/home/dimash/debug_clear_ws/install/yolo_ros/share/yolo_ros/package.bash'
[4.096s] INFO:colcon.colcon_core.shell:Creating package script '/home/dimash/debug_clear_ws/install/yolo_ros/share/yolo_ros/package.zsh'
[4.097s] Level 1:colcon.colcon_core.environment:create_file_with_runtime_dependencies(/home/dimash/debug_clear_ws/install/yolo_ros/share/colcon-core/packages/yolo_ros)
[4.097s] INFO:colcon.colcon_ros.task.ament_cmake.build:Building ROS package in '/home/dimash/debug_clear_ws/src/yolo_ros/yolo_bringup' with build type 'ament_cmake'
[4.098s] INFO:colcon.colcon_cmake.task.cmake.build:Building CMake package in '/home/dimash/debug_clear_ws/src/yolo_ros/yolo_bringup'
[4.098s] INFO:colcon.colcon_core.shell:Skip shell extension 'powershell' for command environment: Not usable outside of PowerShell
[4.098s] DEBUG:colcon.colcon_core.shell:Skip shell extension 'dsv' for command environment
[4.112s] DEBUG:colcon.colcon_core.event_handler.log_command:Invoking command in '/home/dimash/debug_clear_ws/build/yolo_bringup': AMENT_PREFIX_PATH=/home/dimash/debug_clear_ws/install/yolo_ros:/home/dimash/debug_clear_ws/install/yolo_bringup:/home/dimash/debug_clear_ws/install/mpc_low:/home/dimash/debug_clear_ws/install/yolo_msgs:/home/dimash/debug_clear_ws/install/point_cloud_debug:/home/dimash/debug_clear_ws/install/person_movement:/home/dimash/debug_clear_ws/install/move_model_plugin:/home/dimash/debug_clear_ws/install/clearpath_simulator:/home/dimash/debug_clear_ws/install/clearpath_gz:/home/dimash/debug_clear_ws/install/clearpath_generator_gz:/home/dimash/debug_clear_ws/install/clearpath_common:/home/dimash/debug_clear_ws/install/clearpath_generator_common:/home/dimash/debug_clear_ws/install/clearpath_description:/home/dimash/debug_clear_ws/install/clearpath_sensors_description:/home/dimash/debug_clear_ws/install/clearpath_platform:/home/dimash/debug_clear_ws/install/clearpath_msgs:/home/dimash/debug_clear_ws/install/clearpath_platform_msgs:/home/dimash/debug_clear_ws/install/clearpath_platform_description:/home/dimash/debug_clear_ws/install/clearpath_nav2_demos:/home/dimash/debug_clear_ws/install/clearpath_mounts_description:/home/dimash/debug_clear_ws/install/clearpath_manipulators:/home/dimash/debug_clear_ws/install/clearpath_manipulators_description:/home/dimash/debug_clear_ws/install/clearpath_customization:/home/dimash/debug_clear_ws/install/clearpath_control:/home/dimash/debug_clear_ws/install/clearpath_config:/opt/ros/humble CMAKE_PREFIX_PATH=/home/dimash/debug_clear_ws/install/yolo_msgs:/home/dimash/debug_clear_ws/install/yolo_bringup:/home/dimash/debug_clear_ws/install/mpc_low:/home/dimash/debug_clear_ws/install/point_cloud_debug:/home/dimash/debug_clear_ws/install/move_model_plugin:/home/dimash/debug_clear_ws/install/clearpath_simulator:/home/dimash/debug_clear_ws/install/clearpath_gz:/home/dimash/debug_clear_ws/install/clearpath_generator_gz:/home/dimash/debug_clear_ws/install/clearpath_common:/home/dimash/debug_clear_ws/install/clearpath_generator_common:/home/dimash/debug_clear_ws/install/clearpath_description:/home/dimash/debug_clear_ws/install/clearpath_sensors_description:/home/dimash/debug_clear_ws/install/clearpath_platform:/home/dimash/debug_clear_ws/install/clearpath_msgs:/home/dimash/debug_clear_ws/install/clearpath_platform_msgs:/home/dimash/debug_clear_ws/install/clearpath_platform_description:/home/dimash/debug_clear_ws/install/clearpath_nav2_demos:/home/dimash/debug_clear_ws/install/clearpath_mounts_description:/home/dimash/debug_clear_ws/install/clearpath_manipulators:/home/dimash/debug_clear_ws/install/clearpath_manipulators_description:/home/dimash/debug_clear_ws/install/clearpath_customization:/home/dimash/debug_clear_ws/install/clearpath_control:/home/dimash/debug_clear_ws/install/yolo_ros:/home/dimash/debug_clear_ws/install/person_movement:/home/dimash/debug_clear_ws/install/clearpath_config:/opt/ros/humble LD_LIBRARY_PATH=/home/dimash/debug_clear_ws/install/yolo_msgs/lib:/home/dimash/debug_clear_ws/install/mpc_low/lib:/home/dimash/debug_clear_ws/install/move_model_plugin/lib:/home/dimash/debug_clear_ws/install/clearpath_platform/lib:/home/dimash/debug_clear_ws/install/clearpath_platform_msgs/lib:/opt/ros/humble/opt/rviz_ogre_vendor/lib:/opt/ros/humble/lib/x86_64-linux-gnu:/opt/ros/humble/lib:/home/dimash/acados/lib:/home/dimash/acados/lib /usr/bin/cmake --build /home/dimash/debug_clear_ws/build/yolo_bringup -- -j8 -l8
[4.157s] DEBUG:colcon.colcon_core.event_handler.log_command:Invoked command in '/home/dimash/debug_clear_ws/build/yolo_bringup' returned '0': AMENT_PREFIX_PATH=/home/dimash/debug_clear_ws/install/yolo_ros:/home/dimash/debug_clear_ws/install/yolo_bringup:/home/dimash/debug_clear_ws/install/mpc_low:/home/dimash/debug_clear_ws/install/yolo_msgs:/home/dimash/debug_clear_ws/install/point_cloud_debug:/home/dimash/debug_clear_ws/install/person_movement:/home/dimash/debug_clear_ws/install/move_model_plugin:/home/dimash/debug_clear_ws/install/clearpath_simulator:/home/dimash/debug_clear_ws/install/clearpath_gz:/home/dimash/debug_clear_ws/install/clearpath_generator_gz:/home/dimash/debug_clear_ws/install/clearpath_common:/home/dimash/debug_clear_ws/install/clearpath_generator_common:/home/dimash/debug_clear_ws/install/clearpath_description:/home/dimash/debug_clear_ws/install/clearpath_sensors_description:/home/dimash/debug_clear_ws/install/clearpath_platform:/home/dimash/debug_clear_ws/install/clearpath_msgs:/home/dimash/debug_clear_ws/install/clearpath_platform_msgs:/home/dimash/debug_clear_ws/install/clearpath_platform_description:/home/dimash/debug_clear_ws/install/clearpath_nav2_demos:/home/dimash/debug_clear_ws/install/clearpath_mounts_description:/home/dimash/debug_clear_ws/install/clearpath_manipulators:/home/dimash/debug_clear_ws/install/clearpath_manipulators_description:/home/dimash/debug_clear_ws/install/clearpath_customization:/home/dimash/debug_clear_ws/install/clearpath_control:/home/dimash/debug_clear_ws/install/clearpath_config:/opt/ros/humble CMAKE_PREFIX_PATH=/home/dimash/debug_clear_ws/install/yolo_msgs:/home/dimash/debug_clear_ws/install/yolo_bringup:/home/dimash/debug_clear_ws/install/mpc_low:/home/dimash/debug_clear_ws/install/point_cloud_debug:/home/dimash/debug_clear_ws/install/move_model_plugin:/home/dimash/debug_clear_ws/install/clearpath_simulator:/home/dimash/debug_clear_ws/install/clearpath_gz:/home/dimash/debug_clear_ws/install/clearpath_generator_gz:/home/dimash/debug_clear_ws/install/clearpath_common:/home/dimash/debug_clear_ws/install/clearpath_generator_common:/home/dimash/debug_clear_ws/install/clearpath_description:/home/dimash/debug_clear_ws/install/clearpath_sensors_description:/home/dimash/debug_clear_ws/install/clearpath_platform:/home/dimash/debug_clear_ws/install/clearpath_msgs:/home/dimash/debug_clear_ws/install/clearpath_platform_msgs:/home/dimash/debug_clear_ws/install/clearpath_platform_description:/home/dimash/debug_clear_ws/install/clearpath_nav2_demos:/home/dimash/debug_clear_ws/install/clearpath_mounts_description:/home/dimash/debug_clear_ws/install/clearpath_manipulators:/home/dimash/debug_clear_ws/install/clearpath_manipulators_description:/home/dimash/debug_clear_ws/install/clearpath_customization:/home/dimash/debug_clear_ws/install/clearpath_control:/home/dimash/debug_clear_ws/install/yolo_ros:/home/dimash/debug_clear_ws/install/person_movement:/home/dimash/debug_clear_ws/install/clearpath_config:/opt/ros/humble LD_LIBRARY_PATH=/home/dimash/debug_clear_ws/install/yolo_msgs/lib:/home/dimash/debug_clear_ws/install/mpc_low/lib:/home/dimash/debug_clear_ws/install/move_model_plugin/lib:/home/dimash/debug_clear_ws/install/clearpath_platform/lib:/home/dimash/debug_clear_ws/install/clearpath_platform_msgs/lib:/opt/ros/humble/opt/rviz_ogre_vendor/lib:/opt/ros/humble/lib/x86_64-linux-gnu:/opt/ros/humble/lib:/home/dimash/acados/lib:/home/dimash/acados/lib /usr/bin/cmake --build /home/dimash/debug_clear_ws/build/yolo_bringup -- -j8 -l8
[4.158s] DEBUG:colcon.colcon_core.event_handler.log_command:Invoking command in '/home/dimash/debug_clear_ws/build/yolo_bringup': AMENT_PREFIX_PATH=/home/dimash/debug_clear_ws/install/yolo_ros:/home/dimash/debug_clear_ws/install/yolo_bringup:/home/dimash/debug_clear_ws/install/mpc_low:/home/dimash/debug_clear_ws/install/yolo_msgs:/home/dimash/debug_clear_ws/install/point_cloud_debug:/home/dimash/debug_clear_ws/install/person_movement:/home/dimash/debug_clear_ws/install/move_model_plugin:/home/dimash/debug_clear_ws/install/clearpath_simulator:/home/dimash/debug_clear_ws/install/clearpath_gz:/home/dimash/debug_clear_ws/install/clearpath_generator_gz:/home/dimash/debug_clear_ws/install/clearpath_common:/home/dimash/debug_clear_ws/install/clearpath_generator_common:/home/dimash/debug_clear_ws/install/clearpath_description:/home/dimash/debug_clear_ws/install/clearpath_sensors_description:/home/dimash/debug_clear_ws/install/clearpath_platform:/home/dimash/debug_clear_ws/install/clearpath_msgs:/home/dimash/debug_clear_ws/install/clearpath_platform_msgs:/home/dimash/debug_clear_ws/install/clearpath_platform_description:/home/dimash/debug_clear_ws/install/clearpath_nav2_demos:/home/dimash/debug_clear_ws/install/clearpath_mounts_description:/home/dimash/debug_clear_ws/install/clearpath_manipulators:/home/dimash/debug_clear_ws/install/clearpath_manipulators_description:/home/dimash/debug_clear_ws/install/clearpath_customization:/home/dimash/debug_clear_ws/install/clearpath_control:/home/dimash/debug_clear_ws/install/clearpath_config:/opt/ros/humble CMAKE_PREFIX_PATH=/home/dimash/debug_clear_ws/install/yolo_msgs:/home/dimash/debug_clear_ws/install/yolo_bringup:/home/dimash/debug_clear_ws/install/mpc_low:/home/dimash/debug_clear_ws/install/point_cloud_debug:/home/dimash/debug_clear_ws/install/move_model_plugin:/home/dimash/debug_clear_ws/install/clearpath_simulator:/home/dimash/debug_clear_ws/install/clearpath_gz:/home/dimash/debug_clear_ws/install/clearpath_generator_gz:/home/dimash/debug_clear_ws/install/clearpath_common:/home/dimash/debug_clear_ws/install/clearpath_generator_common:/home/dimash/debug_clear_ws/install/clearpath_description:/home/dimash/debug_clear_ws/install/clearpath_sensors_description:/home/dimash/debug_clear_ws/install/clearpath_platform:/home/dimash/debug_clear_ws/install/clearpath_msgs:/home/dimash/debug_clear_ws/install/clearpath_platform_msgs:/home/dimash/debug_clear_ws/install/clearpath_platform_description:/home/dimash/debug_clear_ws/install/clearpath_nav2_demos:/home/dimash/debug_clear_ws/install/clearpath_mounts_description:/home/dimash/debug_clear_ws/install/clearpath_manipulators:/home/dimash/debug_clear_ws/install/clearpath_manipulators_description:/home/dimash/debug_clear_ws/install/clearpath_customization:/home/dimash/debug_clear_ws/install/clearpath_control:/home/dimash/debug_clear_ws/install/yolo_ros:/home/dimash/debug_clear_ws/install/person_movement:/home/dimash/debug_clear_ws/install/clearpath_config:/opt/ros/humble LD_LIBRARY_PATH=/home/dimash/debug_clear_ws/install/yolo_msgs/lib:/home/dimash/debug_clear_ws/install/mpc_low/lib:/home/dimash/debug_clear_ws/install/move_model_plugin/lib:/home/dimash/debug_clear_ws/install/clearpath_platform/lib:/home/dimash/debug_clear_ws/install/clearpath_platform_msgs/lib:/opt/ros/humble/opt/rviz_ogre_vendor/lib:/opt/ros/humble/lib/x86_64-linux-gnu:/opt/ros/humble/lib:/home/dimash/acados/lib:/home/dimash/acados/lib /usr/bin/cmake --install /home/dimash/debug_clear_ws/build/yolo_bringup
[4.168s] Level 1:colcon.colcon_core.environment:create_environment_scripts_only(yolo_bringup)
[4.169s] Level 1:colcon.colcon_core.environment:checking '/home/dimash/debug_clear_ws/install/yolo_bringup' for CMake module files
[4.169s] DEBUG:colcon.colcon_core.event_handler.log_command:Invoked command in '/home/dimash/debug_clear_ws/build/yolo_bringup' returned '0': AMENT_PREFIX_PATH=/home/dimash/debug_clear_ws/install/yolo_ros:/home/dimash/debug_clear_ws/install/yolo_bringup:/home/dimash/debug_clear_ws/install/mpc_low:/home/dimash/debug_clear_ws/install/yolo_msgs:/home/dimash/debug_clear_ws/install/point_cloud_debug:/home/dimash/debug_clear_ws/install/person_movement:/home/dimash/debug_clear_ws/install/move_model_plugin:/home/dimash/debug_clear_ws/install/clearpath_simulator:/home/dimash/debug_clear_ws/install/clearpath_gz:/home/dimash/debug_clear_ws/install/clearpath_generator_gz:/home/dimash/debug_clear_ws/install/clearpath_common:/home/dimash/debug_clear_ws/install/clearpath_generator_common:/home/dimash/debug_clear_ws/install/clearpath_description:/home/dimash/debug_clear_ws/install/clearpath_sensors_description:/home/dimash/debug_clear_ws/install/clearpath_platform:/home/dimash/debug_clear_ws/install/clearpath_msgs:/home/dimash/debug_clear_ws/install/clearpath_platform_msgs:/home/dimash/debug_clear_ws/install/clearpath_platform_description:/home/dimash/debug_clear_ws/install/clearpath_nav2_demos:/home/dimash/debug_clear_ws/install/clearpath_mounts_description:/home/dimash/debug_clear_ws/install/clearpath_manipulators:/home/dimash/debug_clear_ws/install/clearpath_manipulators_description:/home/dimash/debug_clear_ws/install/clearpath_customization:/home/dimash/debug_clear_ws/install/clearpath_control:/home/dimash/debug_clear_ws/install/clearpath_config:/opt/ros/humble CMAKE_PREFIX_PATH=/home/dimash/debug_clear_ws/install/yolo_msgs:/home/dimash/debug_clear_ws/install/yolo_bringup:/home/dimash/debug_clear_ws/install/mpc_low:/home/dimash/debug_clear_ws/install/point_cloud_debug:/home/dimash/debug_clear_ws/install/move_model_plugin:/home/dimash/debug_clear_ws/install/clearpath_simulator:/home/dimash/debug_clear_ws/install/clearpath_gz:/home/dimash/debug_clear_ws/install/clearpath_generator_gz:/home/dimash/debug_clear_ws/install/clearpath_common:/home/dimash/debug_clear_ws/install/clearpath_generator_common:/home/dimash/debug_clear_ws/install/clearpath_description:/home/dimash/debug_clear_ws/install/clearpath_sensors_description:/home/dimash/debug_clear_ws/install/clearpath_platform:/home/dimash/debug_clear_ws/install/clearpath_msgs:/home/dimash/debug_clear_ws/install/clearpath_platform_msgs:/home/dimash/debug_clear_ws/install/clearpath_platform_description:/home/dimash/debug_clear_ws/install/clearpath_nav2_demos:/home/dimash/debug_clear_ws/install/clearpath_mounts_description:/home/dimash/debug_clear_ws/install/clearpath_manipulators:/home/dimash/debug_clear_ws/install/clearpath_manipulators_description:/home/dimash/debug_clear_ws/install/clearpath_customization:/home/dimash/debug_clear_ws/install/clearpath_control:/home/dimash/debug_clear_ws/install/yolo_ros:/home/dimash/debug_clear_ws/install/person_movement:/home/dimash/debug_clear_ws/install/clearpath_config:/opt/ros/humble LD_LIBRARY_PATH=/home/dimash/debug_clear_ws/install/yolo_msgs/lib:/home/dimash/debug_clear_ws/install/mpc_low/lib:/home/dimash/debug_clear_ws/install/move_model_plugin/lib:/home/dimash/debug_clear_ws/install/clearpath_platform/lib:/home/dimash/debug_clear_ws/install/clearpath_platform_msgs/lib:/opt/ros/humble/opt/rviz_ogre_vendor/lib:/opt/ros/humble/lib/x86_64-linux-gnu:/opt/ros/humble/lib:/home/dimash/acados/lib:/home/dimash/acados/lib /usr/bin/cmake --install /home/dimash/debug_clear_ws/build/yolo_bringup
[4.170s] Level 1:colcon.colcon_core.environment:checking '/home/dimash/debug_clear_ws/install/yolo_bringup' for CMake config files
[4.170s] Level 1:colcon.colcon_core.shell:create_environment_hook('yolo_bringup', 'cmake_prefix_path')
[4.170s] INFO:colcon.colcon_core.shell:Creating environment hook '/home/dimash/debug_clear_ws/install/yolo_bringup/share/yolo_bringup/hook/cmake_prefix_path.ps1'
[4.171s] INFO:colcon.colcon_core.shell:Creating environment descriptor '/home/dimash/debug_clear_ws/install/yolo_bringup/share/yolo_bringup/hook/cmake_prefix_path.dsv'
[4.171s] INFO:colcon.colcon_core.shell:Creating environment hook '/home/dimash/debug_clear_ws/install/yolo_bringup/share/yolo_bringup/hook/cmake_prefix_path.sh'
[4.172s] Level 1:colcon.colcon_core.environment:checking '/home/dimash/debug_clear_ws/install/yolo_bringup/bin'
[4.172s] Level 1:colcon.colcon_core.environment:checking '/home/dimash/debug_clear_ws/install/yolo_bringup/lib/pkgconfig/yolo_bringup.pc'
[4.172s] Level 1:colcon.colcon_core.environment:checking '/home/dimash/debug_clear_ws/install/yolo_bringup/lib/python3.10/site-packages'
[4.172s] Level 1:colcon.colcon_core.environment:checking '/home/dimash/debug_clear_ws/install/yolo_bringup/bin'
[4.173s] INFO:colcon.colcon_core.shell:Creating package script '/home/dimash/debug_clear_ws/install/yolo_bringup/share/yolo_bringup/package.ps1'
[4.173s] INFO:colcon.colcon_core.shell:Creating package descriptor '/home/dimash/debug_clear_ws/install/yolo_bringup/share/yolo_bringup/package.dsv'
[4.174s] INFO:colcon.colcon_core.shell:Creating package script '/home/dimash/debug_clear_ws/install/yolo_bringup/share/yolo_bringup/package.sh'
[4.174s] INFO:colcon.colcon_core.shell:Creating package script '/home/dimash/debug_clear_ws/install/yolo_bringup/share/yolo_bringup/package.bash'
[4.174s] INFO:colcon.colcon_core.shell:Creating package script '/home/dimash/debug_clear_ws/install/yolo_bringup/share/yolo_bringup/package.zsh'
[4.175s] Level 1:colcon.colcon_core.environment:create_file_with_runtime_dependencies(/home/dimash/debug_clear_ws/install/yolo_bringup/share/colcon-core/packages/yolo_bringup)
[4.175s] Level 1:colcon.colcon_core.environment:create_environment_scripts_only(yolo_bringup)
[4.175s] Level 1:colcon.colcon_core.environment:checking '/home/dimash/debug_clear_ws/install/yolo_bringup' for CMake module files
[4.176s] Level 1:colcon.colcon_core.environment:checking '/home/dimash/debug_clear_ws/install/yolo_bringup' for CMake config files
[4.176s] Level 1:colcon.colcon_core.shell:create_environment_hook('yolo_bringup', 'cmake_prefix_path')
[4.176s] INFO:colcon.colcon_core.shell:Creating environment hook '/home/dimash/debug_clear_ws/install/yolo_bringup/share/yolo_bringup/hook/cmake_prefix_path.ps1'
[4.177s] INFO:colcon.colcon_core.shell:Creating environment descriptor '/home/dimash/debug_clear_ws/install/yolo_bringup/share/yolo_bringup/hook/cmake_prefix_path.dsv'
[4.177s] INFO:colcon.colcon_core.shell:Creating environment hook '/home/dimash/debug_clear_ws/install/yolo_bringup/share/yolo_bringup/hook/cmake_prefix_path.sh'
[4.178s] Level 1:colcon.colcon_core.environment:checking '/home/dimash/debug_clear_ws/install/yolo_bringup/bin'
[4.178s] Level 1:colcon.colcon_core.environment:checking '/home/dimash/debug_clear_ws/install/yolo_bringup/lib/pkgconfig/yolo_bringup.pc'
[4.178s] Level 1:colcon.colcon_core.environment:checking '/home/dimash/debug_clear_ws/install/yolo_bringup/lib/python3.10/site-packages'
[4.178s] Level 1:colcon.colcon_core.environment:checking '/home/dimash/debug_clear_ws/install/yolo_bringup/bin'
[4.178s] INFO:colcon.colcon_core.shell:Creating package script '/home/dimash/debug_clear_ws/install/yolo_bringup/share/yolo_bringup/package.ps1'
[4.179s] INFO:colcon.colcon_core.shell:Creating package descriptor '/home/dimash/debug_clear_ws/install/yolo_bringup/share/yolo_bringup/package.dsv'
[4.180s] INFO:colcon.colcon_core.shell:Creating package script '/home/dimash/debug_clear_ws/install/yolo_bringup/share/yolo_bringup/package.sh'
[4.180s] INFO:colcon.colcon_core.shell:Creating package script '/home/dimash/debug_clear_ws/install/yolo_bringup/share/yolo_bringup/package.bash'
[4.181s] INFO:colcon.colcon_core.shell:Creating package script '/home/dimash/debug_clear_ws/install/yolo_bringup/share/yolo_bringup/package.zsh'
[4.181s] Level 1:colcon.colcon_core.environment:create_file_with_runtime_dependencies(/home/dimash/debug_clear_ws/install/yolo_bringup/share/colcon-core/packages/yolo_bringup)
[4.264s] DEBUG:colcon.colcon_core.event_handler.log_command:Invoked command in '/home/dimash/debug_clear_ws/build/clearpath_generator_gz' returned '0': AMENT_PREFIX_PATH=/home/dimash/debug_clear_ws/install/clearpath_config:/home/dimash/debug_clear_ws/install/yolo_bringup:/home/dimash/debug_clear_ws/install/yolo_ros:/home/dimash/debug_clear_ws/install/mpc_low:/home/dimash/debug_clear_ws/install/yolo_msgs:/home/dimash/debug_clear_ws/install/point_cloud_debug:/home/dimash/debug_clear_ws/install/person_movement:/home/dimash/debug_clear_ws/install/move_model_plugin:/home/dimash/debug_clear_ws/install/clearpath_simulator:/home/dimash/debug_clear_ws/install/clearpath_gz:/home/dimash/debug_clear_ws/install/clearpath_generator_gz:/home/dimash/debug_clear_ws/install/clearpath_common:/home/dimash/debug_clear_ws/install/clearpath_generator_common:/home/dimash/debug_clear_ws/install/clearpath_description:/home/dimash/debug_clear_ws/install/clearpath_sensors_description:/home/dimash/debug_clear_ws/install/clearpath_platform:/home/dimash/debug_clear_ws/install/clearpath_msgs:/home/dimash/debug_clear_ws/install/clearpath_platform_msgs:/home/dimash/debug_clear_ws/install/clearpath_platform_description:/home/dimash/debug_clear_ws/install/clearpath_nav2_demos:/home/dimash/debug_clear_ws/install/clearpath_mounts_description:/home/dimash/debug_clear_ws/install/clearpath_manipulators:/home/dimash/debug_clear_ws/install/clearpath_manipulators_description:/home/dimash/debug_clear_ws/install/clearpath_customization:/home/dimash/debug_clear_ws/install/clearpath_control:/opt/ros/humble CMAKE_PREFIX_PATH=/home/dimash/debug_clear_ws/install/clearpath_generator_common:/home/dimash/debug_clear_ws/install/clearpath_platform:/home/dimash/debug_clear_ws/install/clearpath_manipulators:/home/dimash/debug_clear_ws/install/clearpath_description:/home/dimash/debug_clear_ws/install/clearpath_sensors_description:/home/dimash/debug_clear_ws/install/clearpath_platform_msgs:/home/dimash/debug_clear_ws/install/clearpath_platform_description:/home/dimash/debug_clear_ws/install/clearpath_mounts_description:/home/dimash/debug_clear_ws/install/clearpath_manipulators_description:/home/dimash/debug_clear_ws/install/clearpath_control:/home/dimash/debug_clear_ws/install/yolo_bringup:/home/dimash/debug_clear_ws/install/mpc_low:/home/dimash/debug_clear_ws/install/yolo_msgs:/home/dimash/debug_clear_ws/install/point_cloud_debug:/home/dimash/debug_clear_ws/install/move_model_plugin:/home/dimash/debug_clear_ws/install/clearpath_simulator:/home/dimash/debug_clear_ws/install/clearpath_gz:/home/dimash/debug_clear_ws/install/clearpath_generator_gz:/home/dimash/debug_clear_ws/install/clearpath_common:/home/dimash/debug_clear_ws/install/clearpath_msgs:/home/dimash/debug_clear_ws/install/clearpath_nav2_demos:/home/dimash/debug_clear_ws/install/clearpath_customization:/home/dimash/debug_clear_ws/install/yolo_ros:/home/dimash/debug_clear_ws/install/person_movement:/home/dimash/debug_clear_ws/install/clearpath_config:/opt/ros/humble LD_LIBRARY_PATH=/home/dimash/debug_clear_ws/install/clearpath_platform/lib:/home/dimash/debug_clear_ws/install/clearpath_platform_msgs/lib:/home/dimash/debug_clear_ws/install/mpc_low/lib:/home/dimash/debug_clear_ws/install/yolo_msgs/lib:/home/dimash/debug_clear_ws/install/move_model_plugin/lib:/opt/ros/humble/opt/rviz_ogre_vendor/lib:/opt/ros/humble/lib/x86_64-linux-gnu:/opt/ros/humble/lib:/home/dimash/acados/lib:/home/dimash/acados/lib PYTHONPATH=/home/dimash/debug_clear_ws/install/clearpath_config/lib/python3.10/site-packages:/home/dimash/debug_clear_ws/install/yolo_ros/lib/python3.10/site-packages:/home/dimash/debug_clear_ws/install/yolo_msgs/local/lib/python3.10/dist-packages:/home/dimash/debug_clear_ws/install/person_movement/lib/python3.10/site-packages:/home/dimash/debug_clear_ws/install/clearpath_generator_gz/local/lib/python3.10/dist-packages:/home/dimash/debug_clear_ws/install/clearpath_generator_common/local/lib/python3.10/dist-packages:/home/dimash/debug_clear_ws/install/clearpath_platform_msgs/local/lib/python3.10/dist-packages:/opt/ros/humble/lib/python3.10/site-packages:/opt/ros/humble/local/lib/python3.10/dist-packages:/home/dimash/acados/lib /usr/bin/cmake --build /home/dimash/debug_clear_ws/build/clearpath_generator_gz -- -j8 -l8
[4.266s] DEBUG:colcon.colcon_core.event_handler.log_command:Invoking command in '/home/dimash/debug_clear_ws/build/clearpath_generator_gz': AMENT_PREFIX_PATH=/home/dimash/debug_clear_ws/install/clearpath_config:/home/dimash/debug_clear_ws/install/yolo_bringup:/home/dimash/debug_clear_ws/install/yolo_ros:/home/dimash/debug_clear_ws/install/mpc_low:/home/dimash/debug_clear_ws/install/yolo_msgs:/home/dimash/debug_clear_ws/install/point_cloud_debug:/home/dimash/debug_clear_ws/install/person_movement:/home/dimash/debug_clear_ws/install/move_model_plugin:/home/dimash/debug_clear_ws/install/clearpath_simulator:/home/dimash/debug_clear_ws/install/clearpath_gz:/home/dimash/debug_clear_ws/install/clearpath_generator_gz:/home/dimash/debug_clear_ws/install/clearpath_common:/home/dimash/debug_clear_ws/install/clearpath_generator_common:/home/dimash/debug_clear_ws/install/clearpath_description:/home/dimash/debug_clear_ws/install/clearpath_sensors_description:/home/dimash/debug_clear_ws/install/clearpath_platform:/home/dimash/debug_clear_ws/install/clearpath_msgs:/home/dimash/debug_clear_ws/install/clearpath_platform_msgs:/home/dimash/debug_clear_ws/install/clearpath_platform_description:/home/dimash/debug_clear_ws/install/clearpath_nav2_demos:/home/dimash/debug_clear_ws/install/clearpath_mounts_description:/home/dimash/debug_clear_ws/install/clearpath_manipulators:/home/dimash/debug_clear_ws/install/clearpath_manipulators_description:/home/dimash/debug_clear_ws/install/clearpath_customization:/home/dimash/debug_clear_ws/install/clearpath_control:/opt/ros/humble CMAKE_PREFIX_PATH=/home/dimash/debug_clear_ws/install/clearpath_generator_common:/home/dimash/debug_clear_ws/install/clearpath_platform:/home/dimash/debug_clear_ws/install/clearpath_manipulators:/home/dimash/debug_clear_ws/install/clearpath_description:/home/dimash/debug_clear_ws/install/clearpath_sensors_description:/home/dimash/debug_clear_ws/install/clearpath_platform_msgs:/home/dimash/debug_clear_ws/install/clearpath_platform_description:/home/dimash/debug_clear_ws/install/clearpath_mounts_description:/home/dimash/debug_clear_ws/install/clearpath_manipulators_description:/home/dimash/debug_clear_ws/install/clearpath_control:/home/dimash/debug_clear_ws/install/yolo_bringup:/home/dimash/debug_clear_ws/install/mpc_low:/home/dimash/debug_clear_ws/install/yolo_msgs:/home/dimash/debug_clear_ws/install/point_cloud_debug:/home/dimash/debug_clear_ws/install/move_model_plugin:/home/dimash/debug_clear_ws/install/clearpath_simulator:/home/dimash/debug_clear_ws/install/clearpath_gz:/home/dimash/debug_clear_ws/install/clearpath_generator_gz:/home/dimash/debug_clear_ws/install/clearpath_common:/home/dimash/debug_clear_ws/install/clearpath_msgs:/home/dimash/debug_clear_ws/install/clearpath_nav2_demos:/home/dimash/debug_clear_ws/install/clearpath_customization:/home/dimash/debug_clear_ws/install/yolo_ros:/home/dimash/debug_clear_ws/install/person_movement:/home/dimash/debug_clear_ws/install/clearpath_config:/opt/ros/humble LD_LIBRARY_PATH=/home/dimash/debug_clear_ws/install/clearpath_platform/lib:/home/dimash/debug_clear_ws/install/clearpath_platform_msgs/lib:/home/dimash/debug_clear_ws/install/mpc_low/lib:/home/dimash/debug_clear_ws/install/yolo_msgs/lib:/home/dimash/debug_clear_ws/install/move_model_plugin/lib:/opt/ros/humble/opt/rviz_ogre_vendor/lib:/opt/ros/humble/lib/x86_64-linux-gnu:/opt/ros/humble/lib:/home/dimash/acados/lib:/home/dimash/acados/lib PYTHONPATH=/home/dimash/debug_clear_ws/install/clearpath_config/lib/python3.10/site-packages:/home/dimash/debug_clear_ws/install/yolo_ros/lib/python3.10/site-packages:/home/dimash/debug_clear_ws/install/yolo_msgs/local/lib/python3.10/dist-packages:/home/dimash/debug_clear_ws/install/person_movement/lib/python3.10/site-packages:/home/dimash/debug_clear_ws/install/clearpath_generator_gz/local/lib/python3.10/dist-packages:/home/dimash/debug_clear_ws/install/clearpath_generator_common/local/lib/python3.10/dist-packages:/home/dimash/debug_clear_ws/install/clearpath_platform_msgs/local/lib/python3.10/dist-packages:/opt/ros/humble/lib/python3.10/site-packages:/opt/ros/humble/local/lib/python3.10/dist-packages:/home/dimash/acados/lib /usr/bin/cmake --install /home/dimash/debug_clear_ws/build/clearpath_generator_gz
[4.342s] Level 1:colcon.colcon_core.environment:create_environment_scripts_only(clearpath_generator_gz)
[4.342s] Level 1:colcon.colcon_core.environment:checking '/home/dimash/debug_clear_ws/install/clearpath_generator_gz' for CMake module files
[4.343s] DEBUG:colcon.colcon_core.event_handler.log_command:Invoked command in '/home/dimash/debug_clear_ws/build/clearpath_generator_gz' returned '0': AMENT_PREFIX_PATH=/home/dimash/debug_clear_ws/install/clearpath_config:/home/dimash/debug_clear_ws/install/yolo_bringup:/home/dimash/debug_clear_ws/install/yolo_ros:/home/dimash/debug_clear_ws/install/mpc_low:/home/dimash/debug_clear_ws/install/yolo_msgs:/home/dimash/debug_clear_ws/install/point_cloud_debug:/home/dimash/debug_clear_ws/install/person_movement:/home/dimash/debug_clear_ws/install/move_model_plugin:/home/dimash/debug_clear_ws/install/clearpath_simulator:/home/dimash/debug_clear_ws/install/clearpath_gz:/home/dimash/debug_clear_ws/install/clearpath_generator_gz:/home/dimash/debug_clear_ws/install/clearpath_common:/home/dimash/debug_clear_ws/install/clearpath_generator_common:/home/dimash/debug_clear_ws/install/clearpath_description:/home/dimash/debug_clear_ws/install/clearpath_sensors_description:/home/dimash/debug_clear_ws/install/clearpath_platform:/home/dimash/debug_clear_ws/install/clearpath_msgs:/home/dimash/debug_clear_ws/install/clearpath_platform_msgs:/home/dimash/debug_clear_ws/install/clearpath_platform_description:/home/dimash/debug_clear_ws/install/clearpath_nav2_demos:/home/dimash/debug_clear_ws/install/clearpath_mounts_description:/home/dimash/debug_clear_ws/install/clearpath_manipulators:/home/dimash/debug_clear_ws/install/clearpath_manipulators_description:/home/dimash/debug_clear_ws/install/clearpath_customization:/home/dimash/debug_clear_ws/install/clearpath_control:/opt/ros/humble CMAKE_PREFIX_PATH=/home/dimash/debug_clear_ws/install/clearpath_generator_common:/home/dimash/debug_clear_ws/install/clearpath_platform:/home/dimash/debug_clear_ws/install/clearpath_manipulators:/home/dimash/debug_clear_ws/install/clearpath_description:/home/dimash/debug_clear_ws/install/clearpath_sensors_description:/home/dimash/debug_clear_ws/install/clearpath_platform_msgs:/home/dimash/debug_clear_ws/install/clearpath_platform_description:/home/dimash/debug_clear_ws/install/clearpath_mounts_description:/home/dimash/debug_clear_ws/install/clearpath_manipulators_description:/home/dimash/debug_clear_ws/install/clearpath_control:/home/dimash/debug_clear_ws/install/yolo_bringup:/home/dimash/debug_clear_ws/install/mpc_low:/home/dimash/debug_clear_ws/install/yolo_msgs:/home/dimash/debug_clear_ws/install/point_cloud_debug:/home/dimash/debug_clear_ws/install/move_model_plugin:/home/dimash/debug_clear_ws/install/clearpath_simulator:/home/dimash/debug_clear_ws/install/clearpath_gz:/home/dimash/debug_clear_ws/install/clearpath_generator_gz:/home/dimash/debug_clear_ws/install/clearpath_common:/home/dimash/debug_clear_ws/install/clearpath_msgs:/home/dimash/debug_clear_ws/install/clearpath_nav2_demos:/home/dimash/debug_clear_ws/install/clearpath_customization:/home/dimash/debug_clear_ws/install/yolo_ros:/home/dimash/debug_clear_ws/install/person_movement:/home/dimash/debug_clear_ws/install/clearpath_config:/opt/ros/humble LD_LIBRARY_PATH=/home/dimash/debug_clear_ws/install/clearpath_platform/lib:/home/dimash/debug_clear_ws/install/clearpath_platform_msgs/lib:/home/dimash/debug_clear_ws/install/mpc_low/lib:/home/dimash/debug_clear_ws/install/yolo_msgs/lib:/home/dimash/debug_clear_ws/install/move_model_plugin/lib:/opt/ros/humble/opt/rviz_ogre_vendor/lib:/opt/ros/humble/lib/x86_64-linux-gnu:/opt/ros/humble/lib:/home/dimash/acados/lib:/home/dimash/acados/lib PYTHONPATH=/home/dimash/debug_clear_ws/install/clearpath_config/lib/python3.10/site-packages:/home/dimash/debug_clear_ws/install/yolo_ros/lib/python3.10/site-packages:/home/dimash/debug_clear_ws/install/yolo_msgs/local/lib/python3.10/dist-packages:/home/dimash/debug_clear_ws/install/person_movement/lib/python3.10/site-packages:/home/dimash/debug_clear_ws/install/clearpath_generator_gz/local/lib/python3.10/dist-packages:/home/dimash/debug_clear_ws/install/clearpath_generator_common/local/lib/python3.10/dist-packages:/home/dimash/debug_clear_ws/install/clearpath_platform_msgs/local/lib/python3.10/dist-packages:/opt/ros/humble/lib/python3.10/site-packages:/opt/ros/humble/local/lib/python3.10/dist-packages:/home/dimash/acados/lib /usr/bin/cmake --install /home/dimash/debug_clear_ws/build/clearpath_generator_gz
[4.343s] Level 1:colcon.colcon_core.environment:checking '/home/dimash/debug_clear_ws/install/clearpath_generator_gz' for CMake config files
[4.343s] Level 1:colcon.colcon_core.shell:create_environment_hook('clearpath_generator_gz', 'cmake_prefix_path')
[4.344s] INFO:colcon.colcon_core.shell:Creating environment hook '/home/dimash/debug_clear_ws/install/clearpath_generator_gz/share/clearpath_generator_gz/hook/cmake_prefix_path.ps1'
[4.344s] INFO:colcon.colcon_core.shell:Creating environment descriptor '/home/dimash/debug_clear_ws/install/clearpath_generator_gz/share/clearpath_generator_gz/hook/cmake_prefix_path.dsv'
[4.345s] INFO:colcon.colcon_core.shell:Creating environment hook '/home/dimash/debug_clear_ws/install/clearpath_generator_gz/share/clearpath_generator_gz/hook/cmake_prefix_path.sh'
[4.345s] Level 1:colcon.colcon_core.environment:checking '/home/dimash/debug_clear_ws/install/clearpath_generator_gz/lib'
[4.346s] Level 1:colcon.colcon_core.environment:checking '/home/dimash/debug_clear_ws/install/clearpath_generator_gz/bin'
[4.346s] Level 1:colcon.colcon_core.environment:checking '/home/dimash/debug_clear_ws/install/clearpath_generator_gz/lib/pkgconfig/clearpath_generator_gz.pc'
[4.346s] Level 1:colcon.colcon_core.environment:checking '/home/dimash/debug_clear_ws/install/clearpath_generator_gz/lib/python3.10/site-packages'
[4.346s] Level 1:colcon.colcon_core.environment:checking '/home/dimash/debug_clear_ws/install/clearpath_generator_gz/bin'
[4.347s] INFO:colcon.colcon_core.shell:Creating package script '/home/dimash/debug_clear_ws/install/clearpath_generator_gz/share/clearpath_generator_gz/package.ps1'
[4.347s] INFO:colcon.colcon_core.shell:Creating package descriptor '/home/dimash/debug_clear_ws/install/clearpath_generator_gz/share/clearpath_generator_gz/package.dsv'
[4.348s] INFO:colcon.colcon_core.shell:Creating package script '/home/dimash/debug_clear_ws/install/clearpath_generator_gz/share/clearpath_generator_gz/package.sh'
[4.348s] INFO:colcon.colcon_core.shell:Creating package script '/home/dimash/debug_clear_ws/install/clearpath_generator_gz/share/clearpath_generator_gz/package.bash'
[4.349s] INFO:colcon.colcon_core.shell:Creating package script '/home/dimash/debug_clear_ws/install/clearpath_generator_gz/share/clearpath_generator_gz/package.zsh'
[4.349s] Level 1:colcon.colcon_core.environment:create_file_with_runtime_dependencies(/home/dimash/debug_clear_ws/install/clearpath_generator_gz/share/colcon-core/packages/clearpath_generator_gz)
[4.350s] Level 1:colcon.colcon_core.environment:create_environment_scripts_only(clearpath_generator_gz)
[4.350s] Level 1:colcon.colcon_core.environment:checking '/home/dimash/debug_clear_ws/install/clearpath_generator_gz' for CMake module files
[4.351s] Level 1:colcon.colcon_core.environment:checking '/home/dimash/debug_clear_ws/install/clearpath_generator_gz' for CMake config files
[4.351s] Level 1:colcon.colcon_core.shell:create_environment_hook('clearpath_generator_gz', 'cmake_prefix_path')
[4.352s] INFO:colcon.colcon_core.shell:Creating environment hook '/home/dimash/debug_clear_ws/install/clearpath_generator_gz/share/clearpath_generator_gz/hook/cmake_prefix_path.ps1'
[4.352s] INFO:colcon.colcon_core.shell:Creating environment descriptor '/home/dimash/debug_clear_ws/install/clearpath_generator_gz/share/clearpath_generator_gz/hook/cmake_prefix_path.dsv'
[4.353s] INFO:colcon.colcon_core.shell:Creating environment hook '/home/dimash/debug_clear_ws/install/clearpath_generator_gz/share/clearpath_generator_gz/hook/cmake_prefix_path.sh'
[4.353s] Level 1:colcon.colcon_core.environment:checking '/home/dimash/debug_clear_ws/install/clearpath_generator_gz/lib'
[4.354s] Level 1:colcon.colcon_core.environment:checking '/home/dimash/debug_clear_ws/install/clearpath_generator_gz/bin'
[4.354s] Level 1:colcon.colcon_core.environment:checking '/home/dimash/debug_clear_ws/install/clearpath_generator_gz/lib/pkgconfig/clearpath_generator_gz.pc'
[4.354s] Level 1:colcon.colcon_core.environment:checking '/home/dimash/debug_clear_ws/install/clearpath_generator_gz/lib/python3.10/site-packages'
[4.354s] Level 1:colcon.colcon_core.environment:checking '/home/dimash/debug_clear_ws/install/clearpath_generator_gz/bin'
[4.355s] INFO:colcon.colcon_core.shell:Creating package script '/home/dimash/debug_clear_ws/install/clearpath_generator_gz/share/clearpath_generator_gz/package.ps1'
[4.356s] INFO:colcon.colcon_core.shell:Creating package descriptor '/home/dimash/debug_clear_ws/install/clearpath_generator_gz/share/clearpath_generator_gz/package.dsv'
[4.356s] INFO:colcon.colcon_core.shell:Creating package script '/home/dimash/debug_clear_ws/install/clearpath_generator_gz/share/clearpath_generator_gz/package.sh'
[4.357s] INFO:colcon.colcon_core.shell:Creating package script '/home/dimash/debug_clear_ws/install/clearpath_generator_gz/share/clearpath_generator_gz/package.bash'
[4.357s] INFO:colcon.colcon_core.shell:Creating package script '/home/dimash/debug_clear_ws/install/clearpath_generator_gz/share/clearpath_generator_gz/package.zsh'
[4.358s] Level 1:colcon.colcon_core.environment:create_file_with_runtime_dependencies(/home/dimash/debug_clear_ws/install/clearpath_generator_gz/share/colcon-core/packages/clearpath_generator_gz)
[4.358s] INFO:colcon.colcon_ros.task.ament_cmake.build:Building ROS package in '/home/dimash/debug_clear_ws/src/clearpath_simulator/clearpath_gz' with build type 'ament_cmake'
[4.358s] INFO:colcon.colcon_cmake.task.cmake.build:Building CMake package in '/home/dimash/debug_clear_ws/src/clearpath_simulator/clearpath_gz'
[4.359s] INFO:colcon.colcon_core.shell:Skip shell extension 'powershell' for command environment: Not usable outside of PowerShell
[4.359s] DEBUG:colcon.colcon_core.shell:Skip shell extension 'dsv' for command environment
[4.384s] DEBUG:colcon.colcon_core.event_handler.log_command:Invoking command in '/home/dimash/debug_clear_ws/build/clearpath_gz': AMENT_PREFIX_PATH=/home/dimash/debug_clear_ws/install/clearpath_config:/home/dimash/debug_clear_ws/install/yolo_bringup:/home/dimash/debug_clear_ws/install/yolo_ros:/home/dimash/debug_clear_ws/install/mpc_low:/home/dimash/debug_clear_ws/install/yolo_msgs:/home/dimash/debug_clear_ws/install/point_cloud_debug:/home/dimash/debug_clear_ws/install/person_movement:/home/dimash/debug_clear_ws/install/move_model_plugin:/home/dimash/debug_clear_ws/install/clearpath_simulator:/home/dimash/debug_clear_ws/install/clearpath_gz:/home/dimash/debug_clear_ws/install/clearpath_generator_gz:/home/dimash/debug_clear_ws/install/clearpath_common:/home/dimash/debug_clear_ws/install/clearpath_generator_common:/home/dimash/debug_clear_ws/install/clearpath_description:/home/dimash/debug_clear_ws/install/clearpath_sensors_description:/home/dimash/debug_clear_ws/install/clearpath_platform:/home/dimash/debug_clear_ws/install/clearpath_msgs:/home/dimash/debug_clear_ws/install/clearpath_platform_msgs:/home/dimash/debug_clear_ws/install/clearpath_platform_description:/home/dimash/debug_clear_ws/install/clearpath_nav2_demos:/home/dimash/debug_clear_ws/install/clearpath_mounts_description:/home/dimash/debug_clear_ws/install/clearpath_manipulators:/home/dimash/debug_clear_ws/install/clearpath_manipulators_description:/home/dimash/debug_clear_ws/install/clearpath_customization:/home/dimash/debug_clear_ws/install/clearpath_control:/opt/ros/humble CMAKE_PREFIX_PATH=/home/dimash/debug_clear_ws/install/clearpath_generator_gz:/home/dimash/debug_clear_ws/install/clearpath_common:/home/dimash/debug_clear_ws/install/clearpath_generator_common:/home/dimash/debug_clear_ws/install/clearpath_platform:/home/dimash/debug_clear_ws/install/clearpath_manipulators:/home/dimash/debug_clear_ws/install/clearpath_description:/home/dimash/debug_clear_ws/install/clearpath_sensors_description:/home/dimash/debug_clear_ws/install/clearpath_platform_msgs:/home/dimash/debug_clear_ws/install/clearpath_platform_description:/home/dimash/debug_clear_ws/install/clearpath_mounts_description:/home/dimash/debug_clear_ws/install/clearpath_manipulators_description:/home/dimash/debug_clear_ws/install/clearpath_control:/home/dimash/debug_clear_ws/install/yolo_bringup:/home/dimash/debug_clear_ws/install/mpc_low:/home/dimash/debug_clear_ws/install/yolo_msgs:/home/dimash/debug_clear_ws/install/point_cloud_debug:/home/dimash/debug_clear_ws/install/move_model_plugin:/home/dimash/debug_clear_ws/install/clearpath_simulator:/home/dimash/debug_clear_ws/install/clearpath_gz:/home/dimash/debug_clear_ws/install/clearpath_msgs:/home/dimash/debug_clear_ws/install/clearpath_nav2_demos:/home/dimash/debug_clear_ws/install/clearpath_customization:/home/dimash/debug_clear_ws/install/yolo_ros:/home/dimash/debug_clear_ws/install/person_movement:/home/dimash/debug_clear_ws/install/clearpath_config:/opt/ros/humble LD_LIBRARY_PATH=/home/dimash/debug_clear_ws/install/clearpath_platform/lib:/home/dimash/debug_clear_ws/install/clearpath_platform_msgs/lib:/home/dimash/debug_clear_ws/install/mpc_low/lib:/home/dimash/debug_clear_ws/install/yolo_msgs/lib:/home/dimash/debug_clear_ws/install/move_model_plugin/lib:/opt/ros/humble/opt/rviz_ogre_vendor/lib:/opt/ros/humble/lib/x86_64-linux-gnu:/opt/ros/humble/lib:/home/dimash/acados/lib:/home/dimash/acados/lib PYTHONPATH=/home/dimash/debug_clear_ws/install/clearpath_config/lib/python3.10/site-packages:/home/dimash/debug_clear_ws/install/yolo_ros/lib/python3.10/site-packages:/home/dimash/debug_clear_ws/install/yolo_msgs/local/lib/python3.10/dist-packages:/home/dimash/debug_clear_ws/install/person_movement/lib/python3.10/site-packages:/home/dimash/debug_clear_ws/install/clearpath_generator_gz/local/lib/python3.10/dist-packages:/home/dimash/debug_clear_ws/install/clearpath_generator_common/local/lib/python3.10/dist-packages:/home/dimash/debug_clear_ws/install/clearpath_platform_msgs/local/lib/python3.10/dist-packages:/opt/ros/humble/lib/python3.10/site-packages:/opt/ros/humble/local/lib/python3.10/dist-packages:/home/dimash/acados/lib /usr/bin/cmake --build /home/dimash/debug_clear_ws/build/clearpath_gz -- -j8 -l8
[4.424s] DEBUG:colcon.colcon_core.event_handler.log_command:Invoked command in '/home/dimash/debug_clear_ws/build/clearpath_gz' returned '0': AMENT_PREFIX_PATH=/home/dimash/debug_clear_ws/install/clearpath_config:/home/dimash/debug_clear_ws/install/yolo_bringup:/home/dimash/debug_clear_ws/install/yolo_ros:/home/dimash/debug_clear_ws/install/mpc_low:/home/dimash/debug_clear_ws/install/yolo_msgs:/home/dimash/debug_clear_ws/install/point_cloud_debug:/home/dimash/debug_clear_ws/install/person_movement:/home/dimash/debug_clear_ws/install/move_model_plugin:/home/dimash/debug_clear_ws/install/clearpath_simulator:/home/dimash/debug_clear_ws/install/clearpath_gz:/home/dimash/debug_clear_ws/install/clearpath_generator_gz:/home/dimash/debug_clear_ws/install/clearpath_common:/home/dimash/debug_clear_ws/install/clearpath_generator_common:/home/dimash/debug_clear_ws/install/clearpath_description:/home/dimash/debug_clear_ws/install/clearpath_sensors_description:/home/dimash/debug_clear_ws/install/clearpath_platform:/home/dimash/debug_clear_ws/install/clearpath_msgs:/home/dimash/debug_clear_ws/install/clearpath_platform_msgs:/home/dimash/debug_clear_ws/install/clearpath_platform_description:/home/dimash/debug_clear_ws/install/clearpath_nav2_demos:/home/dimash/debug_clear_ws/install/clearpath_mounts_description:/home/dimash/debug_clear_ws/install/clearpath_manipulators:/home/dimash/debug_clear_ws/install/clearpath_manipulators_description:/home/dimash/debug_clear_ws/install/clearpath_customization:/home/dimash/debug_clear_ws/install/clearpath_control:/opt/ros/humble CMAKE_PREFIX_PATH=/home/dimash/debug_clear_ws/install/clearpath_generator_gz:/home/dimash/debug_clear_ws/install/clearpath_common:/home/dimash/debug_clear_ws/install/clearpath_generator_common:/home/dimash/debug_clear_ws/install/clearpath_platform:/home/dimash/debug_clear_ws/install/clearpath_manipulators:/home/dimash/debug_clear_ws/install/clearpath_description:/home/dimash/debug_clear_ws/install/clearpath_sensors_description:/home/dimash/debug_clear_ws/install/clearpath_platform_msgs:/home/dimash/debug_clear_ws/install/clearpath_platform_description:/home/dimash/debug_clear_ws/install/clearpath_mounts_description:/home/dimash/debug_clear_ws/install/clearpath_manipulators_description:/home/dimash/debug_clear_ws/install/clearpath_control:/home/dimash/debug_clear_ws/install/yolo_bringup:/home/dimash/debug_clear_ws/install/mpc_low:/home/dimash/debug_clear_ws/install/yolo_msgs:/home/dimash/debug_clear_ws/install/point_cloud_debug:/home/dimash/debug_clear_ws/install/move_model_plugin:/home/dimash/debug_clear_ws/install/clearpath_simulator:/home/dimash/debug_clear_ws/install/clearpath_gz:/home/dimash/debug_clear_ws/install/clearpath_msgs:/home/dimash/debug_clear_ws/install/clearpath_nav2_demos:/home/dimash/debug_clear_ws/install/clearpath_customization:/home/dimash/debug_clear_ws/install/yolo_ros:/home/dimash/debug_clear_ws/install/person_movement:/home/dimash/debug_clear_ws/install/clearpath_config:/opt/ros/humble LD_LIBRARY_PATH=/home/dimash/debug_clear_ws/install/clearpath_platform/lib:/home/dimash/debug_clear_ws/install/clearpath_platform_msgs/lib:/home/dimash/debug_clear_ws/install/mpc_low/lib:/home/dimash/debug_clear_ws/install/yolo_msgs/lib:/home/dimash/debug_clear_ws/install/move_model_plugin/lib:/opt/ros/humble/opt/rviz_ogre_vendor/lib:/opt/ros/humble/lib/x86_64-linux-gnu:/opt/ros/humble/lib:/home/dimash/acados/lib:/home/dimash/acados/lib PYTHONPATH=/home/dimash/debug_clear_ws/install/clearpath_config/lib/python3.10/site-packages:/home/dimash/debug_clear_ws/install/yolo_ros/lib/python3.10/site-packages:/home/dimash/debug_clear_ws/install/yolo_msgs/local/lib/python3.10/dist-packages:/home/dimash/debug_clear_ws/install/person_movement/lib/python3.10/site-packages:/home/dimash/debug_clear_ws/install/clearpath_generator_gz/local/lib/python3.10/dist-packages:/home/dimash/debug_clear_ws/install/clearpath_generator_common/local/lib/python3.10/dist-packages:/home/dimash/debug_clear_ws/install/clearpath_platform_msgs/local/lib/python3.10/dist-packages:/opt/ros/humble/lib/python3.10/site-packages:/opt/ros/humble/local/lib/python3.10/dist-packages:/home/dimash/acados/lib /usr/bin/cmake --build /home/dimash/debug_clear_ws/build/clearpath_gz -- -j8 -l8
[4.426s] DEBUG:colcon.colcon_core.event_handler.log_command:Invoking command in '/home/dimash/debug_clear_ws/build/clearpath_gz': AMENT_PREFIX_PATH=/home/dimash/debug_clear_ws/install/clearpath_config:/home/dimash/debug_clear_ws/install/yolo_bringup:/home/dimash/debug_clear_ws/install/yolo_ros:/home/dimash/debug_clear_ws/install/mpc_low:/home/dimash/debug_clear_ws/install/yolo_msgs:/home/dimash/debug_clear_ws/install/point_cloud_debug:/home/dimash/debug_clear_ws/install/person_movement:/home/dimash/debug_clear_ws/install/move_model_plugin:/home/dimash/debug_clear_ws/install/clearpath_simulator:/home/dimash/debug_clear_ws/install/clearpath_gz:/home/dimash/debug_clear_ws/install/clearpath_generator_gz:/home/dimash/debug_clear_ws/install/clearpath_common:/home/dimash/debug_clear_ws/install/clearpath_generator_common:/home/dimash/debug_clear_ws/install/clearpath_description:/home/dimash/debug_clear_ws/install/clearpath_sensors_description:/home/dimash/debug_clear_ws/install/clearpath_platform:/home/dimash/debug_clear_ws/install/clearpath_msgs:/home/dimash/debug_clear_ws/install/clearpath_platform_msgs:/home/dimash/debug_clear_ws/install/clearpath_platform_description:/home/dimash/debug_clear_ws/install/clearpath_nav2_demos:/home/dimash/debug_clear_ws/install/clearpath_mounts_description:/home/dimash/debug_clear_ws/install/clearpath_manipulators:/home/dimash/debug_clear_ws/install/clearpath_manipulators_description:/home/dimash/debug_clear_ws/install/clearpath_customization:/home/dimash/debug_clear_ws/install/clearpath_control:/opt/ros/humble CMAKE_PREFIX_PATH=/home/dimash/debug_clear_ws/install/clearpath_generator_gz:/home/dimash/debug_clear_ws/install/clearpath_common:/home/dimash/debug_clear_ws/install/clearpath_generator_common:/home/dimash/debug_clear_ws/install/clearpath_platform:/home/dimash/debug_clear_ws/install/clearpath_manipulators:/home/dimash/debug_clear_ws/install/clearpath_description:/home/dimash/debug_clear_ws/install/clearpath_sensors_description:/home/dimash/debug_clear_ws/install/clearpath_platform_msgs:/home/dimash/debug_clear_ws/install/clearpath_platform_description:/home/dimash/debug_clear_ws/install/clearpath_mounts_description:/home/dimash/debug_clear_ws/install/clearpath_manipulators_description:/home/dimash/debug_clear_ws/install/clearpath_control:/home/dimash/debug_clear_ws/install/yolo_bringup:/home/dimash/debug_clear_ws/install/mpc_low:/home/dimash/debug_clear_ws/install/yolo_msgs:/home/dimash/debug_clear_ws/install/point_cloud_debug:/home/dimash/debug_clear_ws/install/move_model_plugin:/home/dimash/debug_clear_ws/install/clearpath_simulator:/home/dimash/debug_clear_ws/install/clearpath_gz:/home/dimash/debug_clear_ws/install/clearpath_msgs:/home/dimash/debug_clear_ws/install/clearpath_nav2_demos:/home/dimash/debug_clear_ws/install/clearpath_customization:/home/dimash/debug_clear_ws/install/yolo_ros:/home/dimash/debug_clear_ws/install/person_movement:/home/dimash/debug_clear_ws/install/clearpath_config:/opt/ros/humble LD_LIBRARY_PATH=/home/dimash/debug_clear_ws/install/clearpath_platform/lib:/home/dimash/debug_clear_ws/install/clearpath_platform_msgs/lib:/home/dimash/debug_clear_ws/install/mpc_low/lib:/home/dimash/debug_clear_ws/install/yolo_msgs/lib:/home/dimash/debug_clear_ws/install/move_model_plugin/lib:/opt/ros/humble/opt/rviz_ogre_vendor/lib:/opt/ros/humble/lib/x86_64-linux-gnu:/opt/ros/humble/lib:/home/dimash/acados/lib:/home/dimash/acados/lib PYTHONPATH=/home/dimash/debug_clear_ws/install/clearpath_config/lib/python3.10/site-packages:/home/dimash/debug_clear_ws/install/yolo_ros/lib/python3.10/site-packages:/home/dimash/debug_clear_ws/install/yolo_msgs/local/lib/python3.10/dist-packages:/home/dimash/debug_clear_ws/install/person_movement/lib/python3.10/site-packages:/home/dimash/debug_clear_ws/install/clearpath_generator_gz/local/lib/python3.10/dist-packages:/home/dimash/debug_clear_ws/install/clearpath_generator_common/local/lib/python3.10/dist-packages:/home/dimash/debug_clear_ws/install/clearpath_platform_msgs/local/lib/python3.10/dist-packages:/opt/ros/humble/lib/python3.10/site-packages:/opt/ros/humble/local/lib/python3.10/dist-packages:/home/dimash/acados/lib /usr/bin/cmake --install /home/dimash/debug_clear_ws/build/clearpath_gz
[4.436s] Level 1:colcon.colcon_core.environment:create_environment_scripts_only(clearpath_gz)
[4.436s] Level 1:colcon.colcon_core.environment:checking '/home/dimash/debug_clear_ws/install/clearpath_gz' for CMake module files
[4.439s] Level 1:colcon.colcon_core.environment:checking '/home/dimash/debug_clear_ws/install/clearpath_gz' for CMake config files
[4.439s] DEBUG:colcon.colcon_core.event_handler.log_command:Invoked command in '/home/dimash/debug_clear_ws/build/clearpath_gz' returned '0': AMENT_PREFIX_PATH=/home/dimash/debug_clear_ws/install/clearpath_config:/home/dimash/debug_clear_ws/install/yolo_bringup:/home/dimash/debug_clear_ws/install/yolo_ros:/home/dimash/debug_clear_ws/install/mpc_low:/home/dimash/debug_clear_ws/install/yolo_msgs:/home/dimash/debug_clear_ws/install/point_cloud_debug:/home/dimash/debug_clear_ws/install/person_movement:/home/dimash/debug_clear_ws/install/move_model_plugin:/home/dimash/debug_clear_ws/install/clearpath_simulator:/home/dimash/debug_clear_ws/install/clearpath_gz:/home/dimash/debug_clear_ws/install/clearpath_generator_gz:/home/dimash/debug_clear_ws/install/clearpath_common:/home/dimash/debug_clear_ws/install/clearpath_generator_common:/home/dimash/debug_clear_ws/install/clearpath_description:/home/dimash/debug_clear_ws/install/clearpath_sensors_description:/home/dimash/debug_clear_ws/install/clearpath_platform:/home/dimash/debug_clear_ws/install/clearpath_msgs:/home/dimash/debug_clear_ws/install/clearpath_platform_msgs:/home/dimash/debug_clear_ws/install/clearpath_platform_description:/home/dimash/debug_clear_ws/install/clearpath_nav2_demos:/home/dimash/debug_clear_ws/install/clearpath_mounts_description:/home/dimash/debug_clear_ws/install/clearpath_manipulators:/home/dimash/debug_clear_ws/install/clearpath_manipulators_description:/home/dimash/debug_clear_ws/install/clearpath_customization:/home/dimash/debug_clear_ws/install/clearpath_control:/opt/ros/humble CMAKE_PREFIX_PATH=/home/dimash/debug_clear_ws/install/clearpath_generator_gz:/home/dimash/debug_clear_ws/install/clearpath_common:/home/dimash/debug_clear_ws/install/clearpath_generator_common:/home/dimash/debug_clear_ws/install/clearpath_platform:/home/dimash/debug_clear_ws/install/clearpath_manipulators:/home/dimash/debug_clear_ws/install/clearpath_description:/home/dimash/debug_clear_ws/install/clearpath_sensors_description:/home/dimash/debug_clear_ws/install/clearpath_platform_msgs:/home/dimash/debug_clear_ws/install/clearpath_platform_description:/home/dimash/debug_clear_ws/install/clearpath_mounts_description:/home/dimash/debug_clear_ws/install/clearpath_manipulators_description:/home/dimash/debug_clear_ws/install/clearpath_control:/home/dimash/debug_clear_ws/install/yolo_bringup:/home/dimash/debug_clear_ws/install/mpc_low:/home/dimash/debug_clear_ws/install/yolo_msgs:/home/dimash/debug_clear_ws/install/point_cloud_debug:/home/dimash/debug_clear_ws/install/move_model_plugin:/home/dimash/debug_clear_ws/install/clearpath_simulator:/home/dimash/debug_clear_ws/install/clearpath_gz:/home/dimash/debug_clear_ws/install/clearpath_msgs:/home/dimash/debug_clear_ws/install/clearpath_nav2_demos:/home/dimash/debug_clear_ws/install/clearpath_customization:/home/dimash/debug_clear_ws/install/yolo_ros:/home/dimash/debug_clear_ws/install/person_movement:/home/dimash/debug_clear_ws/install/clearpath_config:/opt/ros/humble LD_LIBRARY_PATH=/home/dimash/debug_clear_ws/install/clearpath_platform/lib:/home/dimash/debug_clear_ws/install/clearpath_platform_msgs/lib:/home/dimash/debug_clear_ws/install/mpc_low/lib:/home/dimash/debug_clear_ws/install/yolo_msgs/lib:/home/dimash/debug_clear_ws/install/move_model_plugin/lib:/opt/ros/humble/opt/rviz_ogre_vendor/lib:/opt/ros/humble/lib/x86_64-linux-gnu:/opt/ros/humble/lib:/home/dimash/acados/lib:/home/dimash/acados/lib PYTHONPATH=/home/dimash/debug_clear_ws/install/clearpath_config/lib/python3.10/site-packages:/home/dimash/debug_clear_ws/install/yolo_ros/lib/python3.10/site-packages:/home/dimash/debug_clear_ws/install/yolo_msgs/local/lib/python3.10/dist-packages:/home/dimash/debug_clear_ws/install/person_movement/lib/python3.10/site-packages:/home/dimash/debug_clear_ws/install/clearpath_generator_gz/local/lib/python3.10/dist-packages:/home/dimash/debug_clear_ws/install/clearpath_generator_common/local/lib/python3.10/dist-packages:/home/dimash/debug_clear_ws/install/clearpath_platform_msgs/local/lib/python3.10/dist-packages:/opt/ros/humble/lib/python3.10/site-packages:/opt/ros/humble/local/lib/python3.10/dist-packages:/home/dimash/acados/lib /usr/bin/cmake --install /home/dimash/debug_clear_ws/build/clearpath_gz
[4.440s] Level 1:colcon.colcon_core.shell:create_environment_hook('clearpath_gz', 'cmake_prefix_path')
[4.440s] INFO:colcon.colcon_core.shell:Creating environment hook '/home/dimash/debug_clear_ws/install/clearpath_gz/share/clearpath_gz/hook/cmake_prefix_path.ps1'
[4.440s] INFO:colcon.colcon_core.shell:Creating environment descriptor '/home/dimash/debug_clear_ws/install/clearpath_gz/share/clearpath_gz/hook/cmake_prefix_path.dsv'
[4.441s] INFO:colcon.colcon_core.shell:Creating environment hook '/home/dimash/debug_clear_ws/install/clearpath_gz/share/clearpath_gz/hook/cmake_prefix_path.sh'
[4.441s] Level 1:colcon.colcon_core.environment:checking '/home/dimash/debug_clear_ws/install/clearpath_gz/bin'
[4.441s] Level 1:colcon.colcon_core.environment:checking '/home/dimash/debug_clear_ws/install/clearpath_gz/lib/pkgconfig/clearpath_gz.pc'
[4.442s] Level 1:colcon.colcon_core.environment:checking '/home/dimash/debug_clear_ws/install/clearpath_gz/lib/python3.10/site-packages'
[4.442s] Level 1:colcon.colcon_core.environment:checking '/home/dimash/debug_clear_ws/install/clearpath_gz/bin'
[4.442s] INFO:colcon.colcon_core.shell:Creating package script '/home/dimash/debug_clear_ws/install/clearpath_gz/share/clearpath_gz/package.ps1'
[4.443s] INFO:colcon.colcon_core.shell:Creating package descriptor '/home/dimash/debug_clear_ws/install/clearpath_gz/share/clearpath_gz/package.dsv'
[4.443s] INFO:colcon.colcon_core.shell:Creating package script '/home/dimash/debug_clear_ws/install/clearpath_gz/share/clearpath_gz/package.sh'
[4.443s] INFO:colcon.colcon_core.shell:Creating package script '/home/dimash/debug_clear_ws/install/clearpath_gz/share/clearpath_gz/package.bash'
[4.444s] INFO:colcon.colcon_core.shell:Creating package script '/home/dimash/debug_clear_ws/install/clearpath_gz/share/clearpath_gz/package.zsh'
[4.444s] Level 1:colcon.colcon_core.environment:create_file_with_runtime_dependencies(/home/dimash/debug_clear_ws/install/clearpath_gz/share/colcon-core/packages/clearpath_gz)
[4.445s] Level 1:colcon.colcon_core.environment:create_environment_scripts_only(clearpath_gz)
[4.445s] Level 1:colcon.colcon_core.environment:checking '/home/dimash/debug_clear_ws/install/clearpath_gz' for CMake module files
[4.445s] Level 1:colcon.colcon_core.environment:checking '/home/dimash/debug_clear_ws/install/clearpath_gz' for CMake config files
[4.446s] Level 1:colcon.colcon_core.shell:create_environment_hook('clearpath_gz', 'cmake_prefix_path')
[4.446s] INFO:colcon.colcon_core.shell:Creating environment hook '/home/dimash/debug_clear_ws/install/clearpath_gz/share/clearpath_gz/hook/cmake_prefix_path.ps1'
[4.446s] INFO:colcon.colcon_core.shell:Creating environment descriptor '/home/dimash/debug_clear_ws/install/clearpath_gz/share/clearpath_gz/hook/cmake_prefix_path.dsv'
[4.447s] INFO:colcon.colcon_core.shell:Creating environment hook '/home/dimash/debug_clear_ws/install/clearpath_gz/share/clearpath_gz/hook/cmake_prefix_path.sh'
[4.448s] Level 1:colcon.colcon_core.environment:checking '/home/dimash/debug_clear_ws/install/clearpath_gz/bin'
[4.448s] Level 1:colcon.colcon_core.environment:checking '/home/dimash/debug_clear_ws/install/clearpath_gz/lib/pkgconfig/clearpath_gz.pc'
[4.448s] Level 1:colcon.colcon_core.environment:checking '/home/dimash/debug_clear_ws/install/clearpath_gz/lib/python3.10/site-packages'
[4.448s] Level 1:colcon.colcon_core.environment:checking '/home/dimash/debug_clear_ws/install/clearpath_gz/bin'
[4.449s] INFO:colcon.colcon_core.shell:Creating package script '/home/dimash/debug_clear_ws/install/clearpath_gz/share/clearpath_gz/package.ps1'
[4.449s] INFO:colcon.colcon_core.shell:Creating package descriptor '/home/dimash/debug_clear_ws/install/clearpath_gz/share/clearpath_gz/package.dsv'
[4.450s] INFO:colcon.colcon_core.shell:Creating package script '/home/dimash/debug_clear_ws/install/clearpath_gz/share/clearpath_gz/package.sh'
[4.450s] INFO:colcon.colcon_core.shell:Creating package script '/home/dimash/debug_clear_ws/install/clearpath_gz/share/clearpath_gz/package.bash'
[4.451s] INFO:colcon.colcon_core.shell:Creating package script '/home/dimash/debug_clear_ws/install/clearpath_gz/share/clearpath_gz/package.zsh'
[4.451s] Level 1:colcon.colcon_core.environment:create_file_with_runtime_dependencies(/home/dimash/debug_clear_ws/install/clearpath_gz/share/colcon-core/packages/clearpath_gz)
[4.451s] INFO:colcon.colcon_ros.task.ament_cmake.build:Building ROS package in '/home/dimash/debug_clear_ws/src/clearpath_simulator/clearpath_simulator' with build type 'ament_cmake'
[4.452s] INFO:colcon.colcon_cmake.task.cmake.build:Building CMake package in '/home/dimash/debug_clear_ws/src/clearpath_simulator/clearpath_simulator'
[4.452s] INFO:colcon.colcon_core.shell:Skip shell extension 'powershell' for command environment: Not usable outside of PowerShell
[4.452s] DEBUG:colcon.colcon_core.shell:Skip shell extension 'dsv' for command environment
[4.477s] DEBUG:colcon.colcon_core.event_handler.log_command:Invoking command in '/home/dimash/debug_clear_ws/build/clearpath_simulator': AMENT_PREFIX_PATH=/home/dimash/debug_clear_ws/install/clearpath_config:/home/dimash/debug_clear_ws/install/yolo_bringup:/home/dimash/debug_clear_ws/install/yolo_ros:/home/dimash/debug_clear_ws/install/mpc_low:/home/dimash/debug_clear_ws/install/yolo_msgs:/home/dimash/debug_clear_ws/install/point_cloud_debug:/home/dimash/debug_clear_ws/install/person_movement:/home/dimash/debug_clear_ws/install/move_model_plugin:/home/dimash/debug_clear_ws/install/clearpath_simulator:/home/dimash/debug_clear_ws/install/clearpath_gz:/home/dimash/debug_clear_ws/install/clearpath_generator_gz:/home/dimash/debug_clear_ws/install/clearpath_common:/home/dimash/debug_clear_ws/install/clearpath_generator_common:/home/dimash/debug_clear_ws/install/clearpath_description:/home/dimash/debug_clear_ws/install/clearpath_sensors_description:/home/dimash/debug_clear_ws/install/clearpath_platform:/home/dimash/debug_clear_ws/install/clearpath_msgs:/home/dimash/debug_clear_ws/install/clearpath_platform_msgs:/home/dimash/debug_clear_ws/install/clearpath_platform_description:/home/dimash/debug_clear_ws/install/clearpath_nav2_demos:/home/dimash/debug_clear_ws/install/clearpath_mounts_description:/home/dimash/debug_clear_ws/install/clearpath_manipulators:/home/dimash/debug_clear_ws/install/clearpath_manipulators_description:/home/dimash/debug_clear_ws/install/clearpath_customization:/home/dimash/debug_clear_ws/install/clearpath_control:/opt/ros/humble CMAKE_PREFIX_PATH=/home/dimash/debug_clear_ws/install/clearpath_gz:/home/dimash/debug_clear_ws/install/clearpath_generator_gz:/home/dimash/debug_clear_ws/install/clearpath_common:/home/dimash/debug_clear_ws/install/clearpath_generator_common:/home/dimash/debug_clear_ws/install/clearpath_platform:/home/dimash/debug_clear_ws/install/clearpath_manipulators:/home/dimash/debug_clear_ws/install/clearpath_description:/home/dimash/debug_clear_ws/install/clearpath_sensors_description:/home/dimash/debug_clear_ws/install/clearpath_platform_msgs:/home/dimash/debug_clear_ws/install/clearpath_platform_description:/home/dimash/debug_clear_ws/install/clearpath_mounts_description:/home/dimash/debug_clear_ws/install/clearpath_manipulators_description:/home/dimash/debug_clear_ws/install/clearpath_control:/home/dimash/debug_clear_ws/install/yolo_bringup:/home/dimash/debug_clear_ws/install/mpc_low:/home/dimash/debug_clear_ws/install/yolo_msgs:/home/dimash/debug_clear_ws/install/point_cloud_debug:/home/dimash/debug_clear_ws/install/move_model_plugin:/home/dimash/debug_clear_ws/install/clearpath_simulator:/home/dimash/debug_clear_ws/install/clearpath_msgs:/home/dimash/debug_clear_ws/install/clearpath_nav2_demos:/home/dimash/debug_clear_ws/install/clearpath_customization:/home/dimash/debug_clear_ws/install/yolo_ros:/home/dimash/debug_clear_ws/install/person_movement:/home/dimash/debug_clear_ws/install/clearpath_config:/opt/ros/humble LD_LIBRARY_PATH=/home/dimash/debug_clear_ws/install/clearpath_platform/lib:/home/dimash/debug_clear_ws/install/clearpath_platform_msgs/lib:/home/dimash/debug_clear_ws/install/mpc_low/lib:/home/dimash/debug_clear_ws/install/yolo_msgs/lib:/home/dimash/debug_clear_ws/install/move_model_plugin/lib:/opt/ros/humble/opt/rviz_ogre_vendor/lib:/opt/ros/humble/lib/x86_64-linux-gnu:/opt/ros/humble/lib:/home/dimash/acados/lib:/home/dimash/acados/lib PYTHONPATH=/home/dimash/debug_clear_ws/install/clearpath_config/lib/python3.10/site-packages:/home/dimash/debug_clear_ws/install/yolo_ros/lib/python3.10/site-packages:/home/dimash/debug_clear_ws/install/yolo_msgs/local/lib/python3.10/dist-packages:/home/dimash/debug_clear_ws/install/person_movement/lib/python3.10/site-packages:/home/dimash/debug_clear_ws/install/clearpath_generator_gz/local/lib/python3.10/dist-packages:/home/dimash/debug_clear_ws/install/clearpath_generator_common/local/lib/python3.10/dist-packages:/home/dimash/debug_clear_ws/install/clearpath_platform_msgs/local/lib/python3.10/dist-packages:/opt/ros/humble/lib/python3.10/site-packages:/opt/ros/humble/local/lib/python3.10/dist-packages:/home/dimash/acados/lib /usr/bin/cmake --build /home/dimash/debug_clear_ws/build/clearpath_simulator -- -j8 -l8
[4.513s] DEBUG:colcon.colcon_core.event_handler.log_command:Invoked command in '/home/dimash/debug_clear_ws/build/clearpath_simulator' returned '0': AMENT_PREFIX_PATH=/home/dimash/debug_clear_ws/install/clearpath_config:/home/dimash/debug_clear_ws/install/yolo_bringup:/home/dimash/debug_clear_ws/install/yolo_ros:/home/dimash/debug_clear_ws/install/mpc_low:/home/dimash/debug_clear_ws/install/yolo_msgs:/home/dimash/debug_clear_ws/install/point_cloud_debug:/home/dimash/debug_clear_ws/install/person_movement:/home/dimash/debug_clear_ws/install/move_model_plugin:/home/dimash/debug_clear_ws/install/clearpath_simulator:/home/dimash/debug_clear_ws/install/clearpath_gz:/home/dimash/debug_clear_ws/install/clearpath_generator_gz:/home/dimash/debug_clear_ws/install/clearpath_common:/home/dimash/debug_clear_ws/install/clearpath_generator_common:/home/dimash/debug_clear_ws/install/clearpath_description:/home/dimash/debug_clear_ws/install/clearpath_sensors_description:/home/dimash/debug_clear_ws/install/clearpath_platform:/home/dimash/debug_clear_ws/install/clearpath_msgs:/home/dimash/debug_clear_ws/install/clearpath_platform_msgs:/home/dimash/debug_clear_ws/install/clearpath_platform_description:/home/dimash/debug_clear_ws/install/clearpath_nav2_demos:/home/dimash/debug_clear_ws/install/clearpath_mounts_description:/home/dimash/debug_clear_ws/install/clearpath_manipulators:/home/dimash/debug_clear_ws/install/clearpath_manipulators_description:/home/dimash/debug_clear_ws/install/clearpath_customization:/home/dimash/debug_clear_ws/install/clearpath_control:/opt/ros/humble CMAKE_PREFIX_PATH=/home/dimash/debug_clear_ws/install/clearpath_gz:/home/dimash/debug_clear_ws/install/clearpath_generator_gz:/home/dimash/debug_clear_ws/install/clearpath_common:/home/dimash/debug_clear_ws/install/clearpath_generator_common:/home/dimash/debug_clear_ws/install/clearpath_platform:/home/dimash/debug_clear_ws/install/clearpath_manipulators:/home/dimash/debug_clear_ws/install/clearpath_description:/home/dimash/debug_clear_ws/install/clearpath_sensors_description:/home/dimash/debug_clear_ws/install/clearpath_platform_msgs:/home/dimash/debug_clear_ws/install/clearpath_platform_description:/home/dimash/debug_clear_ws/install/clearpath_mounts_description:/home/dimash/debug_clear_ws/install/clearpath_manipulators_description:/home/dimash/debug_clear_ws/install/clearpath_control:/home/dimash/debug_clear_ws/install/yolo_bringup:/home/dimash/debug_clear_ws/install/mpc_low:/home/dimash/debug_clear_ws/install/yolo_msgs:/home/dimash/debug_clear_ws/install/point_cloud_debug:/home/dimash/debug_clear_ws/install/move_model_plugin:/home/dimash/debug_clear_ws/install/clearpath_simulator:/home/dimash/debug_clear_ws/install/clearpath_msgs:/home/dimash/debug_clear_ws/install/clearpath_nav2_demos:/home/dimash/debug_clear_ws/install/clearpath_customization:/home/dimash/debug_clear_ws/install/yolo_ros:/home/dimash/debug_clear_ws/install/person_movement:/home/dimash/debug_clear_ws/install/clearpath_config:/opt/ros/humble LD_LIBRARY_PATH=/home/dimash/debug_clear_ws/install/clearpath_platform/lib:/home/dimash/debug_clear_ws/install/clearpath_platform_msgs/lib:/home/dimash/debug_clear_ws/install/mpc_low/lib:/home/dimash/debug_clear_ws/install/yolo_msgs/lib:/home/dimash/debug_clear_ws/install/move_model_plugin/lib:/opt/ros/humble/opt/rviz_ogre_vendor/lib:/opt/ros/humble/lib/x86_64-linux-gnu:/opt/ros/humble/lib:/home/dimash/acados/lib:/home/dimash/acados/lib PYTHONPATH=/home/dimash/debug_clear_ws/install/clearpath_config/lib/python3.10/site-packages:/home/dimash/debug_clear_ws/install/yolo_ros/lib/python3.10/site-packages:/home/dimash/debug_clear_ws/install/yolo_msgs/local/lib/python3.10/dist-packages:/home/dimash/debug_clear_ws/install/person_movement/lib/python3.10/site-packages:/home/dimash/debug_clear_ws/install/clearpath_generator_gz/local/lib/python3.10/dist-packages:/home/dimash/debug_clear_ws/install/clearpath_generator_common/local/lib/python3.10/dist-packages:/home/dimash/debug_clear_ws/install/clearpath_platform_msgs/local/lib/python3.10/dist-packages:/opt/ros/humble/lib/python3.10/site-packages:/opt/ros/humble/local/lib/python3.10/dist-packages:/home/dimash/acados/lib /usr/bin/cmake --build /home/dimash/debug_clear_ws/build/clearpath_simulator -- -j8 -l8
[4.515s] DEBUG:colcon.colcon_core.event_handler.log_command:Invoking command in '/home/dimash/debug_clear_ws/build/clearpath_simulator': AMENT_PREFIX_PATH=/home/dimash/debug_clear_ws/install/clearpath_config:/home/dimash/debug_clear_ws/install/yolo_bringup:/home/dimash/debug_clear_ws/install/yolo_ros:/home/dimash/debug_clear_ws/install/mpc_low:/home/dimash/debug_clear_ws/install/yolo_msgs:/home/dimash/debug_clear_ws/install/point_cloud_debug:/home/dimash/debug_clear_ws/install/person_movement:/home/dimash/debug_clear_ws/install/move_model_plugin:/home/dimash/debug_clear_ws/install/clearpath_simulator:/home/dimash/debug_clear_ws/install/clearpath_gz:/home/dimash/debug_clear_ws/install/clearpath_generator_gz:/home/dimash/debug_clear_ws/install/clearpath_common:/home/dimash/debug_clear_ws/install/clearpath_generator_common:/home/dimash/debug_clear_ws/install/clearpath_description:/home/dimash/debug_clear_ws/install/clearpath_sensors_description:/home/dimash/debug_clear_ws/install/clearpath_platform:/home/dimash/debug_clear_ws/install/clearpath_msgs:/home/dimash/debug_clear_ws/install/clearpath_platform_msgs:/home/dimash/debug_clear_ws/install/clearpath_platform_description:/home/dimash/debug_clear_ws/install/clearpath_nav2_demos:/home/dimash/debug_clear_ws/install/clearpath_mounts_description:/home/dimash/debug_clear_ws/install/clearpath_manipulators:/home/dimash/debug_clear_ws/install/clearpath_manipulators_description:/home/dimash/debug_clear_ws/install/clearpath_customization:/home/dimash/debug_clear_ws/install/clearpath_control:/opt/ros/humble CMAKE_PREFIX_PATH=/home/dimash/debug_clear_ws/install/clearpath_gz:/home/dimash/debug_clear_ws/install/clearpath_generator_gz:/home/dimash/debug_clear_ws/install/clearpath_common:/home/dimash/debug_clear_ws/install/clearpath_generator_common:/home/dimash/debug_clear_ws/install/clearpath_platform:/home/dimash/debug_clear_ws/install/clearpath_manipulators:/home/dimash/debug_clear_ws/install/clearpath_description:/home/dimash/debug_clear_ws/install/clearpath_sensors_description:/home/dimash/debug_clear_ws/install/clearpath_platform_msgs:/home/dimash/debug_clear_ws/install/clearpath_platform_description:/home/dimash/debug_clear_ws/install/clearpath_mounts_description:/home/dimash/debug_clear_ws/install/clearpath_manipulators_description:/home/dimash/debug_clear_ws/install/clearpath_control:/home/dimash/debug_clear_ws/install/yolo_bringup:/home/dimash/debug_clear_ws/install/mpc_low:/home/dimash/debug_clear_ws/install/yolo_msgs:/home/dimash/debug_clear_ws/install/point_cloud_debug:/home/dimash/debug_clear_ws/install/move_model_plugin:/home/dimash/debug_clear_ws/install/clearpath_simulator:/home/dimash/debug_clear_ws/install/clearpath_msgs:/home/dimash/debug_clear_ws/install/clearpath_nav2_demos:/home/dimash/debug_clear_ws/install/clearpath_customization:/home/dimash/debug_clear_ws/install/yolo_ros:/home/dimash/debug_clear_ws/install/person_movement:/home/dimash/debug_clear_ws/install/clearpath_config:/opt/ros/humble LD_LIBRARY_PATH=/home/dimash/debug_clear_ws/install/clearpath_platform/lib:/home/dimash/debug_clear_ws/install/clearpath_platform_msgs/lib:/home/dimash/debug_clear_ws/install/mpc_low/lib:/home/dimash/debug_clear_ws/install/yolo_msgs/lib:/home/dimash/debug_clear_ws/install/move_model_plugin/lib:/opt/ros/humble/opt/rviz_ogre_vendor/lib:/opt/ros/humble/lib/x86_64-linux-gnu:/opt/ros/humble/lib:/home/dimash/acados/lib:/home/dimash/acados/lib PYTHONPATH=/home/dimash/debug_clear_ws/install/clearpath_config/lib/python3.10/site-packages:/home/dimash/debug_clear_ws/install/yolo_ros/lib/python3.10/site-packages:/home/dimash/debug_clear_ws/install/yolo_msgs/local/lib/python3.10/dist-packages:/home/dimash/debug_clear_ws/install/person_movement/lib/python3.10/site-packages:/home/dimash/debug_clear_ws/install/clearpath_generator_gz/local/lib/python3.10/dist-packages:/home/dimash/debug_clear_ws/install/clearpath_generator_common/local/lib/python3.10/dist-packages:/home/dimash/debug_clear_ws/install/clearpath_platform_msgs/local/lib/python3.10/dist-packages:/opt/ros/humble/lib/python3.10/site-packages:/opt/ros/humble/local/lib/python3.10/dist-packages:/home/dimash/acados/lib /usr/bin/cmake --install /home/dimash/debug_clear_ws/build/clearpath_simulator
[4.524s] Level 1:colcon.colcon_core.environment:create_environment_scripts_only(clearpath_simulator)
[4.524s] Level 1:colcon.colcon_core.environment:checking '/home/dimash/debug_clear_ws/install/clearpath_simulator' for CMake module files
[4.525s] DEBUG:colcon.colcon_core.event_handler.log_command:Invoked command in '/home/dimash/debug_clear_ws/build/clearpath_simulator' returned '0': AMENT_PREFIX_PATH=/home/dimash/debug_clear_ws/install/clearpath_config:/home/dimash/debug_clear_ws/install/yolo_bringup:/home/dimash/debug_clear_ws/install/yolo_ros:/home/dimash/debug_clear_ws/install/mpc_low:/home/dimash/debug_clear_ws/install/yolo_msgs:/home/dimash/debug_clear_ws/install/point_cloud_debug:/home/dimash/debug_clear_ws/install/person_movement:/home/dimash/debug_clear_ws/install/move_model_plugin:/home/dimash/debug_clear_ws/install/clearpath_simulator:/home/dimash/debug_clear_ws/install/clearpath_gz:/home/dimash/debug_clear_ws/install/clearpath_generator_gz:/home/dimash/debug_clear_ws/install/clearpath_common:/home/dimash/debug_clear_ws/install/clearpath_generator_common:/home/dimash/debug_clear_ws/install/clearpath_description:/home/dimash/debug_clear_ws/install/clearpath_sensors_description:/home/dimash/debug_clear_ws/install/clearpath_platform:/home/dimash/debug_clear_ws/install/clearpath_msgs:/home/dimash/debug_clear_ws/install/clearpath_platform_msgs:/home/dimash/debug_clear_ws/install/clearpath_platform_description:/home/dimash/debug_clear_ws/install/clearpath_nav2_demos:/home/dimash/debug_clear_ws/install/clearpath_mounts_description:/home/dimash/debug_clear_ws/install/clearpath_manipulators:/home/dimash/debug_clear_ws/install/clearpath_manipulators_description:/home/dimash/debug_clear_ws/install/clearpath_customization:/home/dimash/debug_clear_ws/install/clearpath_control:/opt/ros/humble CMAKE_PREFIX_PATH=/home/dimash/debug_clear_ws/install/clearpath_gz:/home/dimash/debug_clear_ws/install/clearpath_generator_gz:/home/dimash/debug_clear_ws/install/clearpath_common:/home/dimash/debug_clear_ws/install/clearpath_generator_common:/home/dimash/debug_clear_ws/install/clearpath_platform:/home/dimash/debug_clear_ws/install/clearpath_manipulators:/home/dimash/debug_clear_ws/install/clearpath_description:/home/dimash/debug_clear_ws/install/clearpath_sensors_description:/home/dimash/debug_clear_ws/install/clearpath_platform_msgs:/home/dimash/debug_clear_ws/install/clearpath_platform_description:/home/dimash/debug_clear_ws/install/clearpath_mounts_description:/home/dimash/debug_clear_ws/install/clearpath_manipulators_description:/home/dimash/debug_clear_ws/install/clearpath_control:/home/dimash/debug_clear_ws/install/yolo_bringup:/home/dimash/debug_clear_ws/install/mpc_low:/home/dimash/debug_clear_ws/install/yolo_msgs:/home/dimash/debug_clear_ws/install/point_cloud_debug:/home/dimash/debug_clear_ws/install/move_model_plugin:/home/dimash/debug_clear_ws/install/clearpath_simulator:/home/dimash/debug_clear_ws/install/clearpath_msgs:/home/dimash/debug_clear_ws/install/clearpath_nav2_demos:/home/dimash/debug_clear_ws/install/clearpath_customization:/home/dimash/debug_clear_ws/install/yolo_ros:/home/dimash/debug_clear_ws/install/person_movement:/home/dimash/debug_clear_ws/install/clearpath_config:/opt/ros/humble LD_LIBRARY_PATH=/home/dimash/debug_clear_ws/install/clearpath_platform/lib:/home/dimash/debug_clear_ws/install/clearpath_platform_msgs/lib:/home/dimash/debug_clear_ws/install/mpc_low/lib:/home/dimash/debug_clear_ws/install/yolo_msgs/lib:/home/dimash/debug_clear_ws/install/move_model_plugin/lib:/opt/ros/humble/opt/rviz_ogre_vendor/lib:/opt/ros/humble/lib/x86_64-linux-gnu:/opt/ros/humble/lib:/home/dimash/acados/lib:/home/dimash/acados/lib PYTHONPATH=/home/dimash/debug_clear_ws/install/clearpath_config/lib/python3.10/site-packages:/home/dimash/debug_clear_ws/install/yolo_ros/lib/python3.10/site-packages:/home/dimash/debug_clear_ws/install/yolo_msgs/local/lib/python3.10/dist-packages:/home/dimash/debug_clear_ws/install/person_movement/lib/python3.10/site-packages:/home/dimash/debug_clear_ws/install/clearpath_generator_gz/local/lib/python3.10/dist-packages:/home/dimash/debug_clear_ws/install/clearpath_generator_common/local/lib/python3.10/dist-packages:/home/dimash/debug_clear_ws/install/clearpath_platform_msgs/local/lib/python3.10/dist-packages:/opt/ros/humble/lib/python3.10/site-packages:/opt/ros/humble/local/lib/python3.10/dist-packages:/home/dimash/acados/lib /usr/bin/cmake --install /home/dimash/debug_clear_ws/build/clearpath_simulator
[4.525s] Level 1:colcon.colcon_core.environment:checking '/home/dimash/debug_clear_ws/install/clearpath_simulator' for CMake config files
[4.526s] Level 1:colcon.colcon_core.shell:create_environment_hook('clearpath_simulator', 'cmake_prefix_path')
[4.526s] INFO:colcon.colcon_core.shell:Creating environment hook '/home/dimash/debug_clear_ws/install/clearpath_simulator/share/clearpath_simulator/hook/cmake_prefix_path.ps1'
[4.526s] INFO:colcon.colcon_core.shell:Creating environment descriptor '/home/dimash/debug_clear_ws/install/clearpath_simulator/share/clearpath_simulator/hook/cmake_prefix_path.dsv'
[4.527s] INFO:colcon.colcon_core.shell:Creating environment hook '/home/dimash/debug_clear_ws/install/clearpath_simulator/share/clearpath_simulator/hook/cmake_prefix_path.sh'
[4.527s] Level 1:colcon.colcon_core.environment:checking '/home/dimash/debug_clear_ws/install/clearpath_simulator/bin'
[4.527s] Level 1:colcon.colcon_core.environment:checking '/home/dimash/debug_clear_ws/install/clearpath_simulator/lib/pkgconfig/clearpath_simulator.pc'
[4.527s] Level 1:colcon.colcon_core.environment:checking '/home/dimash/debug_clear_ws/install/clearpath_simulator/lib/python3.10/site-packages'
[4.528s] Level 1:colcon.colcon_core.environment:checking '/home/dimash/debug_clear_ws/install/clearpath_simulator/bin'
[4.528s] INFO:colcon.colcon_core.shell:Creating package script '/home/dimash/debug_clear_ws/install/clearpath_simulator/share/clearpath_simulator/package.ps1'
[4.528s] INFO:colcon.colcon_core.shell:Creating package descriptor '/home/dimash/debug_clear_ws/install/clearpath_simulator/share/clearpath_simulator/package.dsv'
[4.529s] INFO:colcon.colcon_core.shell:Creating package script '/home/dimash/debug_clear_ws/install/clearpath_simulator/share/clearpath_simulator/package.sh'
[4.529s] INFO:colcon.colcon_core.shell:Creating package script '/home/dimash/debug_clear_ws/install/clearpath_simulator/share/clearpath_simulator/package.bash'
[4.530s] INFO:colcon.colcon_core.shell:Creating package script '/home/dimash/debug_clear_ws/install/clearpath_simulator/share/clearpath_simulator/package.zsh'
[4.530s] Level 1:colcon.colcon_core.environment:create_file_with_runtime_dependencies(/home/dimash/debug_clear_ws/install/clearpath_simulator/share/colcon-core/packages/clearpath_simulator)
[4.531s] Level 1:colcon.colcon_core.environment:create_environment_scripts_only(clearpath_simulator)
[4.531s] Level 1:colcon.colcon_core.environment:checking '/home/dimash/debug_clear_ws/install/clearpath_simulator' for CMake module files
[4.532s] Level 1:colcon.colcon_core.environment:checking '/home/dimash/debug_clear_ws/install/clearpath_simulator' for CMake config files
[4.532s] Level 1:colcon.colcon_core.shell:create_environment_hook('clearpath_simulator', 'cmake_prefix_path')
[4.532s] INFO:colcon.colcon_core.shell:Creating environment hook '/home/dimash/debug_clear_ws/install/clearpath_simulator/share/clearpath_simulator/hook/cmake_prefix_path.ps1'
[4.532s] INFO:colcon.colcon_core.shell:Creating environment descriptor '/home/dimash/debug_clear_ws/install/clearpath_simulator/share/clearpath_simulator/hook/cmake_prefix_path.dsv'
[4.533s] INFO:colcon.colcon_core.shell:Creating environment hook '/home/dimash/debug_clear_ws/install/clearpath_simulator/share/clearpath_simulator/hook/cmake_prefix_path.sh'
[4.534s] Level 1:colcon.colcon_core.environment:checking '/home/dimash/debug_clear_ws/install/clearpath_simulator/bin'
[4.534s] Level 1:colcon.colcon_core.environment:checking '/home/dimash/debug_clear_ws/install/clearpath_simulator/lib/pkgconfig/clearpath_simulator.pc'
[4.534s] Level 1:colcon.colcon_core.environment:checking '/home/dimash/debug_clear_ws/install/clearpath_simulator/lib/python3.10/site-packages'
[4.534s] Level 1:colcon.colcon_core.environment:checking '/home/dimash/debug_clear_ws/install/clearpath_simulator/bin'
[4.535s] INFO:colcon.colcon_core.shell:Creating package script '/home/dimash/debug_clear_ws/install/clearpath_simulator/share/clearpath_simulator/package.ps1'
[4.536s] INFO:colcon.colcon_core.shell:Creating package descriptor '/home/dimash/debug_clear_ws/install/clearpath_simulator/share/clearpath_simulator/package.dsv'
[4.536s] INFO:colcon.colcon_core.shell:Creating package script '/home/dimash/debug_clear_ws/install/clearpath_simulator/share/clearpath_simulator/package.sh'
[4.537s] INFO:colcon.colcon_core.shell:Creating package script '/home/dimash/debug_clear_ws/install/clearpath_simulator/share/clearpath_simulator/package.bash'
[4.538s] INFO:colcon.colcon_core.shell:Creating package script '/home/dimash/debug_clear_ws/install/clearpath_simulator/share/clearpath_simulator/package.zsh'
[4.538s] Level 1:colcon.colcon_core.environment:create_file_with_runtime_dependencies(/home/dimash/debug_clear_ws/install/clearpath_simulator/share/colcon-core/packages/clearpath_simulator)
[11.893s] DEBUG:colcon.colcon_core.event_handler.log_command:Invoked command in '/home/dimash/debug_clear_ws/build/mpc_low' returned '0': CMAKE_PREFIX_PATH=/home/dimash/debug_clear_ws/install/yolo_msgs:/home/dimash/debug_clear_ws/install/yolo_bringup:/home/dimash/debug_clear_ws/install/mpc_low:/home/dimash/debug_clear_ws/install/point_cloud_debug:/home/dimash/debug_clear_ws/install/move_model_plugin:/home/dimash/debug_clear_ws/install/clearpath_simulator:/home/dimash/debug_clear_ws/install/clearpath_gz:/home/dimash/debug_clear_ws/install/clearpath_generator_gz:/home/dimash/debug_clear_ws/install/clearpath_common:/home/dimash/debug_clear_ws/install/clearpath_generator_common:/home/dimash/debug_clear_ws/install/clearpath_description:/home/dimash/debug_clear_ws/install/clearpath_sensors_description:/home/dimash/debug_clear_ws/install/clearpath_platform:/home/dimash/debug_clear_ws/install/clearpath_msgs:/home/dimash/debug_clear_ws/install/clearpath_platform_msgs:/home/dimash/debug_clear_ws/install/clearpath_platform_description:/home/dimash/debug_clear_ws/install/clearpath_nav2_demos:/home/dimash/debug_clear_ws/install/clearpath_mounts_description:/home/dimash/debug_clear_ws/install/clearpath_manipulators:/home/dimash/debug_clear_ws/install/clearpath_manipulators_description:/home/dimash/debug_clear_ws/install/clearpath_customization:/home/dimash/debug_clear_ws/install/clearpath_control:/home/dimash/debug_clear_ws/install/yolo_ros:/home/dimash/debug_clear_ws/install/person_movement:/home/dimash/debug_clear_ws/install/clearpath_config:/opt/ros/humble LD_LIBRARY_PATH=/home/dimash/debug_clear_ws/install/yolo_msgs/lib:/home/dimash/debug_clear_ws/install/mpc_low/lib:/home/dimash/debug_clear_ws/install/move_model_plugin/lib:/home/dimash/debug_clear_ws/install/clearpath_platform/lib:/home/dimash/debug_clear_ws/install/clearpath_platform_msgs/lib:/opt/ros/humble/opt/rviz_ogre_vendor/lib:/opt/ros/humble/lib/x86_64-linux-gnu:/opt/ros/humble/lib:/home/dimash/acados/lib:/home/dimash/acados/lib /usr/bin/cmake --build /home/dimash/debug_clear_ws/build/mpc_low -- -j8 -l8
[11.895s] DEBUG:colcon.colcon_core.event_handler.log_command:Invoking command in '/home/dimash/debug_clear_ws/build/mpc_low': CMAKE_PREFIX_PATH=/home/dimash/debug_clear_ws/install/yolo_msgs:/home/dimash/debug_clear_ws/install/yolo_bringup:/home/dimash/debug_clear_ws/install/mpc_low:/home/dimash/debug_clear_ws/install/point_cloud_debug:/home/dimash/debug_clear_ws/install/move_model_plugin:/home/dimash/debug_clear_ws/install/clearpath_simulator:/home/dimash/debug_clear_ws/install/clearpath_gz:/home/dimash/debug_clear_ws/install/clearpath_generator_gz:/home/dimash/debug_clear_ws/install/clearpath_common:/home/dimash/debug_clear_ws/install/clearpath_generator_common:/home/dimash/debug_clear_ws/install/clearpath_description:/home/dimash/debug_clear_ws/install/clearpath_sensors_description:/home/dimash/debug_clear_ws/install/clearpath_platform:/home/dimash/debug_clear_ws/install/clearpath_msgs:/home/dimash/debug_clear_ws/install/clearpath_platform_msgs:/home/dimash/debug_clear_ws/install/clearpath_platform_description:/home/dimash/debug_clear_ws/install/clearpath_nav2_demos:/home/dimash/debug_clear_ws/install/clearpath_mounts_description:/home/dimash/debug_clear_ws/install/clearpath_manipulators:/home/dimash/debug_clear_ws/install/clearpath_manipulators_description:/home/dimash/debug_clear_ws/install/clearpath_customization:/home/dimash/debug_clear_ws/install/clearpath_control:/home/dimash/debug_clear_ws/install/yolo_ros:/home/dimash/debug_clear_ws/install/person_movement:/home/dimash/debug_clear_ws/install/clearpath_config:/opt/ros/humble LD_LIBRARY_PATH=/home/dimash/debug_clear_ws/install/yolo_msgs/lib:/home/dimash/debug_clear_ws/install/mpc_low/lib:/home/dimash/debug_clear_ws/install/move_model_plugin/lib:/home/dimash/debug_clear_ws/install/clearpath_platform/lib:/home/dimash/debug_clear_ws/install/clearpath_platform_msgs/lib:/opt/ros/humble/opt/rviz_ogre_vendor/lib:/opt/ros/humble/lib/x86_64-linux-gnu:/opt/ros/humble/lib:/home/dimash/acados/lib:/home/dimash/acados/lib /usr/bin/cmake --install /home/dimash/debug_clear_ws/build/mpc_low
[11.907s] Level 1:colcon.colcon_core.environment:create_environment_scripts_only(mpc_low)
[11.908s] Level 1:colcon.colcon_core.environment:checking '/home/dimash/debug_clear_ws/install/mpc_low' for CMake module files
[11.909s] Level 1:colcon.colcon_core.environment:checking '/home/dimash/debug_clear_ws/install/mpc_low' for CMake config files
[11.913s] DEBUG:colcon.colcon_core.event_handler.log_command:Invoked command in '/home/dimash/debug_clear_ws/build/mpc_low' returned '0': CMAKE_PREFIX_PATH=/home/dimash/debug_clear_ws/install/yolo_msgs:/home/dimash/debug_clear_ws/install/yolo_bringup:/home/dimash/debug_clear_ws/install/mpc_low:/home/dimash/debug_clear_ws/install/point_cloud_debug:/home/dimash/debug_clear_ws/install/move_model_plugin:/home/dimash/debug_clear_ws/install/clearpath_simulator:/home/dimash/debug_clear_ws/install/clearpath_gz:/home/dimash/debug_clear_ws/install/clearpath_generator_gz:/home/dimash/debug_clear_ws/install/clearpath_common:/home/dimash/debug_clear_ws/install/clearpath_generator_common:/home/dimash/debug_clear_ws/install/clearpath_description:/home/dimash/debug_clear_ws/install/clearpath_sensors_description:/home/dimash/debug_clear_ws/install/clearpath_platform:/home/dimash/debug_clear_ws/install/clearpath_msgs:/home/dimash/debug_clear_ws/install/clearpath_platform_msgs:/home/dimash/debug_clear_ws/install/clearpath_platform_description:/home/dimash/debug_clear_ws/install/clearpath_nav2_demos:/home/dimash/debug_clear_ws/install/clearpath_mounts_description:/home/dimash/debug_clear_ws/install/clearpath_manipulators:/home/dimash/debug_clear_ws/install/clearpath_manipulators_description:/home/dimash/debug_clear_ws/install/clearpath_customization:/home/dimash/debug_clear_ws/install/clearpath_control:/home/dimash/debug_clear_ws/install/yolo_ros:/home/dimash/debug_clear_ws/install/person_movement:/home/dimash/debug_clear_ws/install/clearpath_config:/opt/ros/humble LD_LIBRARY_PATH=/home/dimash/debug_clear_ws/install/yolo_msgs/lib:/home/dimash/debug_clear_ws/install/mpc_low/lib:/home/dimash/debug_clear_ws/install/move_model_plugin/lib:/home/dimash/debug_clear_ws/install/clearpath_platform/lib:/home/dimash/debug_clear_ws/install/clearpath_platform_msgs/lib:/opt/ros/humble/opt/rviz_ogre_vendor/lib:/opt/ros/humble/lib/x86_64-linux-gnu:/opt/ros/humble/lib:/home/dimash/acados/lib:/home/dimash/acados/lib /usr/bin/cmake --install /home/dimash/debug_clear_ws/build/mpc_low
[11.913s] Level 1:colcon.colcon_core.shell:create_environment_hook('mpc_low', 'cmake_prefix_path')
[11.913s] INFO:colcon.colcon_core.shell:Creating environment hook '/home/dimash/debug_clear_ws/install/mpc_low/share/mpc_low/hook/cmake_prefix_path.ps1'
[11.914s] INFO:colcon.colcon_core.shell:Creating environment descriptor '/home/dimash/debug_clear_ws/install/mpc_low/share/mpc_low/hook/cmake_prefix_path.dsv'
[11.914s] INFO:colcon.colcon_core.shell:Creating environment hook '/home/dimash/debug_clear_ws/install/mpc_low/share/mpc_low/hook/cmake_prefix_path.sh'
[11.915s] Level 1:colcon.colcon_core.environment:checking '/home/dimash/debug_clear_ws/install/mpc_low/lib'
[11.915s] Level 1:colcon.colcon_core.shell:create_environment_hook('mpc_low', 'ld_library_path_lib')
[11.915s] INFO:colcon.colcon_core.shell:Creating environment hook '/home/dimash/debug_clear_ws/install/mpc_low/share/mpc_low/hook/ld_library_path_lib.ps1'
[11.915s] INFO:colcon.colcon_core.shell:Creating environment descriptor '/home/dimash/debug_clear_ws/install/mpc_low/share/mpc_low/hook/ld_library_path_lib.dsv'
[11.916s] INFO:colcon.colcon_core.shell:Creating environment hook '/home/dimash/debug_clear_ws/install/mpc_low/share/mpc_low/hook/ld_library_path_lib.sh'
[11.916s] Level 1:colcon.colcon_core.environment:checking '/home/dimash/debug_clear_ws/install/mpc_low/bin'
[11.916s] Level 1:colcon.colcon_core.environment:checking '/home/dimash/debug_clear_ws/install/mpc_low/lib/pkgconfig/mpc_low.pc'
[11.916s] Level 1:colcon.colcon_core.environment:checking '/home/dimash/debug_clear_ws/install/mpc_low/lib/python3.10/site-packages'
[11.916s] Level 1:colcon.colcon_core.environment:checking '/home/dimash/debug_clear_ws/install/mpc_low/bin'
[11.917s] INFO:colcon.colcon_core.shell:Creating package script '/home/dimash/debug_clear_ws/install/mpc_low/share/mpc_low/package.ps1'
[11.917s] INFO:colcon.colcon_core.shell:Creating package descriptor '/home/dimash/debug_clear_ws/install/mpc_low/share/mpc_low/package.dsv'
[11.918s] INFO:colcon.colcon_core.shell:Creating package script '/home/dimash/debug_clear_ws/install/mpc_low/share/mpc_low/package.sh'
[11.918s] INFO:colcon.colcon_core.shell:Creating package script '/home/dimash/debug_clear_ws/install/mpc_low/share/mpc_low/package.bash'
[11.918s] INFO:colcon.colcon_core.shell:Creating package script '/home/dimash/debug_clear_ws/install/mpc_low/share/mpc_low/package.zsh'
[11.919s] Level 1:colcon.colcon_core.environment:create_file_with_runtime_dependencies(/home/dimash/debug_clear_ws/install/mpc_low/share/colcon-core/packages/mpc_low)
[11.919s] Level 1:colcon.colcon_core.environment:create_environment_scripts_only(mpc_low)
[11.919s] Level 1:colcon.colcon_core.environment:checking '/home/dimash/debug_clear_ws/install/mpc_low' for CMake module files
[11.920s] Level 1:colcon.colcon_core.environment:checking '/home/dimash/debug_clear_ws/install/mpc_low' for CMake config files
[11.920s] Level 1:colcon.colcon_core.shell:create_environment_hook('mpc_low', 'cmake_prefix_path')
[11.920s] INFO:colcon.colcon_core.shell:Creating environment hook '/home/dimash/debug_clear_ws/install/mpc_low/share/mpc_low/hook/cmake_prefix_path.ps1'
[11.920s] INFO:colcon.colcon_core.shell:Creating environment descriptor '/home/dimash/debug_clear_ws/install/mpc_low/share/mpc_low/hook/cmake_prefix_path.dsv'
[11.921s] INFO:colcon.colcon_core.shell:Creating environment hook '/home/dimash/debug_clear_ws/install/mpc_low/share/mpc_low/hook/cmake_prefix_path.sh'
[11.921s] Level 1:colcon.colcon_core.environment:checking '/home/dimash/debug_clear_ws/install/mpc_low/lib'
[11.921s] Level 1:colcon.colcon_core.shell:create_environment_hook('mpc_low', 'ld_library_path_lib')
[11.921s] INFO:colcon.colcon_core.shell:Creating environment hook '/home/dimash/debug_clear_ws/install/mpc_low/share/mpc_low/hook/ld_library_path_lib.ps1'
[11.922s] INFO:colcon.colcon_core.shell:Creating environment descriptor '/home/dimash/debug_clear_ws/install/mpc_low/share/mpc_low/hook/ld_library_path_lib.dsv'
[11.922s] INFO:colcon.colcon_core.shell:Creating environment hook '/home/dimash/debug_clear_ws/install/mpc_low/share/mpc_low/hook/ld_library_path_lib.sh'
[11.922s] Level 1:colcon.colcon_core.environment:checking '/home/dimash/debug_clear_ws/install/mpc_low/bin'
[11.922s] Level 1:colcon.colcon_core.environment:checking '/home/dimash/debug_clear_ws/install/mpc_low/lib/pkgconfig/mpc_low.pc'
[11.922s] Level 1:colcon.colcon_core.environment:checking '/home/dimash/debug_clear_ws/install/mpc_low/lib/python3.10/site-packages'
[11.923s] Level 1:colcon.colcon_core.environment:checking '/home/dimash/debug_clear_ws/install/mpc_low/bin'
[11.923s] INFO:colcon.colcon_core.shell:Creating package script '/home/dimash/debug_clear_ws/install/mpc_low/share/mpc_low/package.ps1'
[11.923s] INFO:colcon.colcon_core.shell:Creating package descriptor '/home/dimash/debug_clear_ws/install/mpc_low/share/mpc_low/package.dsv'
[11.924s] INFO:colcon.colcon_core.shell:Creating package script '/home/dimash/debug_clear_ws/install/mpc_low/share/mpc_low/package.sh'
[11.924s] INFO:colcon.colcon_core.shell:Creating package script '/home/dimash/debug_clear_ws/install/mpc_low/share/mpc_low/package.bash'
[11.925s] INFO:colcon.colcon_core.shell:Creating package script '/home/dimash/debug_clear_ws/install/mpc_low/share/mpc_low/package.zsh'
[11.925s] Level 1:colcon.colcon_core.environment:create_file_with_runtime_dependencies(/home/dimash/debug_clear_ws/install/mpc_low/share/colcon-core/packages/mpc_low)
[11.925s] DEBUG:colcon.colcon_parallel_executor.executor.parallel:closing loop
[11.926s] DEBUG:colcon.colcon_parallel_executor.executor.parallel:loop closed
[11.926s] DEBUG:colcon.colcon_parallel_executor.executor.parallel:run_until_complete finished with '0'
[11.926s] DEBUG:colcon.colcon_core.event_reactor:joining thread
[11.931s] INFO:colcon.colcon_core.plugin_system:Skipping extension 'colcon_notification.desktop_notification.terminal_notifier': Not used on non-Darwin systems
[11.931s] INFO:colcon.colcon_core.plugin_system:Skipping extension 'colcon_notification.desktop_notification.win32': Not used on non-Windows systems
[11.931s] INFO:colcon.colcon_notification.desktop_notification:Sending desktop notification using 'notify2'
[11.943s] DEBUG:colcon.colcon_core.event_reactor:joined thread
[11.944s] INFO:colcon.colcon_core.shell:Creating prefix script '/home/dimash/debug_clear_ws/install/local_setup.ps1'
[11.944s] INFO:colcon.colcon_core.shell:Creating prefix util module '/home/dimash/debug_clear_ws/install/_local_setup_util_ps1.py'
[11.946s] INFO:colcon.colcon_core.shell:Creating prefix chain script '/home/dimash/debug_clear_ws/install/setup.ps1'
[11.947s] INFO:colcon.colcon_core.shell:Creating prefix script '/home/dimash/debug_clear_ws/install/local_setup.sh'
[11.948s] INFO:colcon.colcon_core.shell:Creating prefix util module '/home/dimash/debug_clear_ws/install/_local_setup_util_sh.py'
[11.948s] INFO:colcon.colcon_core.shell:Creating prefix chain script '/home/dimash/debug_clear_ws/install/setup.sh'
[11.950s] INFO:colcon.colcon_core.shell:Creating prefix script '/home/dimash/debug_clear_ws/install/local_setup.bash'
[11.951s] INFO:colcon.colcon_core.shell:Creating prefix chain script '/home/dimash/debug_clear_ws/install/setup.bash'
[11.952s] INFO:colcon.colcon_core.shell:Creating prefix script '/home/dimash/debug_clear_ws/install/local_setup.zsh'
[11.953s] INFO:colcon.colcon_core.shell:Creating prefix chain script '/home/dimash/debug_clear_ws/install/setup.zsh'
