[0.130s] [34mcolcon[0m [1;30mDEBUG[0m [32mCommand line arguments: ['/usr/bin/colcon', 'build'][0m
[0.130s] [34mcolcon[0m [1;30mDEBUG[0m [32mParsed command line arguments: Namespace(log_base=None, log_level=None, verb_name='build', build_base='build', install_base='install', merge_install=False, symlink_install=False, test_result_base=None, continue_on_error=False, executor='parallel', parallel_workers=12, event_handlers=None, ignore_user_meta=False, metas=['./colcon.meta'], base_paths=['.'], packages_ignore=None, packages_ignore_regex=None, paths=None, packages_up_to=None, packages_up_to_regex=None, packages_above=None, packages_above_and_dependencies=None, packages_above_depth=None, packages_select_by_dep=None, packages_skip_by_dep=None, packages_skip_up_to=None, packages_select_build_failed=False, packages_skip_build_finished=False, packages_select_test_failures=False, packages_skip_test_passed=False, packages_select=None, packages_skip=None, packages_select_regex=None, packages_skip_regex=None, packages_start=None, packages_end=None, allow_overriding=[], cmake_args=None, cmake_target=None, cmake_target_skip_unavailable=False, cmake_clean_cache=False, cmake_clean_first=False, cmake_force_configure=False, ament_cmake_args=None, catkin_cmake_args=None, catkin_skip_building_tests=False, mixin_files=None, mixin=None, verb_parser=<colcon_mixin.mixin.mixin_argument.MixinArgumentDecorator object at 0x7a439a52ec80>, verb_extension=<colcon_core.verb.build.BuildVerb object at 0x7a439a6e0160>, main=<bound method BuildVerb.main of <colcon_core.verb.build.BuildVerb object at 0x7a439a6e0160>>, mixin_verb=('build',))[0m
[0.170s] [34mcolcon.colcon_core.package_discovery[0m [1;30mLevel 1[0m discover_packages(colcon_meta) check parameters
[0.170s] [34mcolcon.colcon_core.package_discovery[0m [1;30mLevel 1[0m discover_packages(recursive) check parameters
[0.170s] [34mcolcon.colcon_core.package_discovery[0m [1;30mLevel 1[0m discover_packages(ignore) check parameters
[0.170s] [34mcolcon.colcon_core.package_discovery[0m [1;30mLevel 1[0m discover_packages(path) check parameters
[0.170s] [34mcolcon.colcon_core.package_discovery[0m [1;30mLevel 1[0m discover_packages(colcon_meta) discover
[0.170s] [34mcolcon.colcon_core.package_discovery[0m [1;30mLevel 1[0m discover_packages(recursive) discover
[0.170s] [34mcolcon.colcon_core.package_discovery[0m [1;30mINFO[0m Crawling recursively for packages in '/home/robot/debug_clear_ws'
[0.170s] [34mcolcon.colcon_core.package_identification[0m [1;30mLevel 1[0m _identify(.) by extensions ['ignore', 'ignore_ament_install']
[0.171s] [34mcolcon.colcon_core.package_identification[0m [1;30mLevel 1[0m _identify(.) by extension 'ignore'
[0.171s] [34mcolcon.colcon_core.package_identification[0m [1;30mLevel 1[0m _identify(.) by extension 'ignore_ament_install'
[0.171s] [34mcolcon.colcon_core.package_identification[0m [1;30mLevel 1[0m _identify(.) by extensions ['colcon_pkg']
[0.171s] [34mcolcon.colcon_core.package_identification[0m [1;30mLevel 1[0m _identify(.) by extension 'colcon_pkg'
[0.171s] [34mcolcon.colcon_core.package_identification[0m [1;30mLevel 1[0m _identify(.) by extensions ['colcon_meta']
[0.171s] [34mcolcon.colcon_core.package_identification[0m [1;30mLevel 1[0m _identify(.) by extension 'colcon_meta'
[0.171s] [34mcolcon.colcon_core.package_identification[0m [1;30mLevel 1[0m _identify(.) by extensions ['ros']
[0.171s] [34mcolcon.colcon_core.package_identification[0m [1;30mLevel 1[0m _identify(.) by extension 'ros'
[0.187s] [34mcolcon.colcon_core.package_identification[0m [1;30mLevel 1[0m _identify(.) by extensions ['cmake', 'python']
[0.187s] [34mcolcon.colcon_core.package_identification[0m [1;30mLevel 1[0m _identify(.) by extension 'cmake'
[0.187s] [34mcolcon.colcon_core.package_identification[0m [1;30mLevel 1[0m _identify(.) by extension 'python'
[0.187s] [34mcolcon.colcon_core.package_identification[0m [1;30mLevel 1[0m _identify(.) by extensions ['python_setup_py']
[0.187s] [34mcolcon.colcon_core.package_identification[0m [1;30mLevel 1[0m _identify(.) by extension 'python_setup_py'
[0.187s] [34mcolcon.colcon_core.package_identification[0m [1;30mLevel 1[0m _identify(build) by extensions ['ignore', 'ignore_ament_install']
[0.187s] [34mcolcon.colcon_core.package_identification[0m [1;30mLevel 1[0m _identify(build) by extension 'ignore'
[0.187s] [34mcolcon.colcon_core.package_identification[0m [1;30mLevel 1[0m _identify(build) ignored
[0.187s] [34mcolcon.colcon_core.package_identification[0m [1;30mLevel 1[0m _identify(install) by extensions ['ignore', 'ignore_ament_install']
[0.187s] [34mcolcon.colcon_core.package_identification[0m [1;30mLevel 1[0m _identify(install) by extension 'ignore'
[0.187s] [34mcolcon.colcon_core.package_identification[0m [1;30mLevel 1[0m _identify(install) ignored
[0.188s] [34mcolcon.colcon_core.package_identification[0m [1;30mLevel 1[0m _identify(log) by extensions ['ignore', 'ignore_ament_install']
[0.188s] [34mcolcon.colcon_core.package_identification[0m [1;30mLevel 1[0m _identify(log) by extension 'ignore'
[0.188s] [34mcolcon.colcon_core.package_identification[0m [1;30mLevel 1[0m _identify(log) ignored
[0.188s] [34mcolcon.colcon_core.package_identification[0m [1;30mLevel 1[0m _identify(manipulators) by extensions ['ignore', 'ignore_ament_install']
[0.188s] [34mcolcon.colcon_core.package_identification[0m [1;30mLevel 1[0m _identify(manipulators) by extension 'ignore'
[0.188s] [34mcolcon.colcon_core.package_identification[0m [1;30mLevel 1[0m _identify(manipulators) by extension 'ignore_ament_install'
[0.188s] [34mcolcon.colcon_core.package_identification[0m [1;30mLevel 1[0m _identify(manipulators) by extensions ['colcon_pkg']
[0.188s] [34mcolcon.colcon_core.package_identification[0m [1;30mLevel 1[0m _identify(manipulators) by extension 'colcon_pkg'
[0.188s] [34mcolcon.colcon_core.package_identification[0m [1;30mLevel 1[0m _identify(manipulators) by extensions ['colcon_meta']
[0.188s] [34mcolcon.colcon_core.package_identification[0m [1;30mLevel 1[0m _identify(manipulators) by extension 'colcon_meta'
[0.188s] [34mcolcon.colcon_core.package_identification[0m [1;30mLevel 1[0m _identify(manipulators) by extensions ['ros']
[0.188s] [34mcolcon.colcon_core.package_identification[0m [1;30mLevel 1[0m _identify(manipulators) by extension 'ros'
[0.188s] [34mcolcon.colcon_core.package_identification[0m [1;30mLevel 1[0m _identify(manipulators) by extensions ['cmake', 'python']
[0.188s] [34mcolcon.colcon_core.package_identification[0m [1;30mLevel 1[0m _identify(manipulators) by extension 'cmake'
[0.188s] [34mcolcon.colcon_core.package_identification[0m [1;30mLevel 1[0m _identify(manipulators) by extension 'python'
[0.188s] [34mcolcon.colcon_core.package_identification[0m [1;30mLevel 1[0m _identify(manipulators) by extensions ['python_setup_py']
[0.188s] [34mcolcon.colcon_core.package_identification[0m [1;30mLevel 1[0m _identify(manipulators) by extension 'python_setup_py'
[0.189s] [34mcolcon.colcon_core.package_identification[0m [1;30mLevel 1[0m _identify(manipulators/config) by extensions ['ignore', 'ignore_ament_install']
[0.189s] [34mcolcon.colcon_core.package_identification[0m [1;30mLevel 1[0m _identify(manipulators/config) by extension 'ignore'
[0.189s] [34mcolcon.colcon_core.package_identification[0m [1;30mLevel 1[0m _identify(manipulators/config) by extension 'ignore_ament_install'
[0.189s] [34mcolcon.colcon_core.package_identification[0m [1;30mLevel 1[0m _identify(manipulators/config) by extensions ['colcon_pkg']
[0.189s] [34mcolcon.colcon_core.package_identification[0m [1;30mLevel 1[0m _identify(manipulators/config) by extension 'colcon_pkg'
[0.189s] [34mcolcon.colcon_core.package_identification[0m [1;30mLevel 1[0m _identify(manipulators/config) by extensions ['colcon_meta']
[0.189s] [34mcolcon.colcon_core.package_identification[0m [1;30mLevel 1[0m _identify(manipulators/config) by extension 'colcon_meta'
[0.189s] [34mcolcon.colcon_core.package_identification[0m [1;30mLevel 1[0m _identify(manipulators/config) by extensions ['ros']
[0.189s] [34mcolcon.colcon_core.package_identification[0m [1;30mLevel 1[0m _identify(manipulators/config) by extension 'ros'
[0.189s] [34mcolcon.colcon_core.package_identification[0m [1;30mLevel 1[0m _identify(manipulators/config) by extensions ['cmake', 'python']
[0.189s] [34mcolcon.colcon_core.package_identification[0m [1;30mLevel 1[0m _identify(manipulators/config) by extension 'cmake'
[0.189s] [34mcolcon.colcon_core.package_identification[0m [1;30mLevel 1[0m _identify(manipulators/config) by extension 'python'
[0.189s] [34mcolcon.colcon_core.package_identification[0m [1;30mLevel 1[0m _identify(manipulators/config) by extensions ['python_setup_py']
[0.189s] [34mcolcon.colcon_core.package_identification[0m [1;30mLevel 1[0m _identify(manipulators/config) by extension 'python_setup_py'
[0.189s] [34mcolcon.colcon_core.package_identification[0m [1;30mLevel 1[0m _identify(manipulators/launch) by extensions ['ignore', 'ignore_ament_install']
[0.189s] [34mcolcon.colcon_core.package_identification[0m [1;30mLevel 1[0m _identify(manipulators/launch) by extension 'ignore'
[0.189s] [34mcolcon.colcon_core.package_identification[0m [1;30mLevel 1[0m _identify(manipulators/launch) by extension 'ignore_ament_install'
[0.190s] [34mcolcon.colcon_core.package_identification[0m [1;30mLevel 1[0m _identify(manipulators/launch) by extensions ['colcon_pkg']
[0.190s] [34mcolcon.colcon_core.package_identification[0m [1;30mLevel 1[0m _identify(manipulators/launch) by extension 'colcon_pkg'
[0.190s] [34mcolcon.colcon_core.package_identification[0m [1;30mLevel 1[0m _identify(manipulators/launch) by extensions ['colcon_meta']
[0.190s] [34mcolcon.colcon_core.package_identification[0m [1;30mLevel 1[0m _identify(manipulators/launch) by extension 'colcon_meta'
[0.190s] [34mcolcon.colcon_core.package_identification[0m [1;30mLevel 1[0m _identify(manipulators/launch) by extensions ['ros']
[0.190s] [34mcolcon.colcon_core.package_identification[0m [1;30mLevel 1[0m _identify(manipulators/launch) by extension 'ros'
[0.190s] [34mcolcon.colcon_core.package_identification[0m [1;30mLevel 1[0m _identify(manipulators/launch) by extensions ['cmake', 'python']
[0.190s] [34mcolcon.colcon_core.package_identification[0m [1;30mLevel 1[0m _identify(manipulators/launch) by extension 'cmake'
[0.190s] [34mcolcon.colcon_core.package_identification[0m [1;30mLevel 1[0m _identify(manipulators/launch) by extension 'python'
[0.190s] [34mcolcon.colcon_core.package_identification[0m [1;30mLevel 1[0m _identify(manipulators/launch) by extensions ['python_setup_py']
[0.190s] [34mcolcon.colcon_core.package_identification[0m [1;30mLevel 1[0m _identify(manipulators/launch) by extension 'python_setup_py'
[0.190s] [34mcolcon.colcon_core.package_identification[0m [1;30mLevel 1[0m _identify(platform) by extensions ['ignore', 'ignore_ament_install']
[0.190s] [34mcolcon.colcon_core.package_identification[0m [1;30mLevel 1[0m _identify(platform) by extension 'ignore'
[0.190s] [34mcolcon.colcon_core.package_identification[0m [1;30mLevel 1[0m _identify(platform) by extension 'ignore_ament_install'
[0.190s] [34mcolcon.colcon_core.package_identification[0m [1;30mLevel 1[0m _identify(platform) by extensions ['colcon_pkg']
[0.190s] [34mcolcon.colcon_core.package_identification[0m [1;30mLevel 1[0m _identify(platform) by extension 'colcon_pkg'
[0.191s] [34mcolcon.colcon_core.package_identification[0m [1;30mLevel 1[0m _identify(platform) by extensions ['colcon_meta']
[0.191s] [34mcolcon.colcon_core.package_identification[0m [1;30mLevel 1[0m _identify(platform) by extension 'colcon_meta'
[0.191s] [34mcolcon.colcon_core.package_identification[0m [1;30mLevel 1[0m _identify(platform) by extensions ['ros']
[0.191s] [34mcolcon.colcon_core.package_identification[0m [1;30mLevel 1[0m _identify(platform) by extension 'ros'
[0.191s] [34mcolcon.colcon_core.package_identification[0m [1;30mLevel 1[0m _identify(platform) by extensions ['cmake', 'python']
[0.191s] [34mcolcon.colcon_core.package_identification[0m [1;30mLevel 1[0m _identify(platform) by extension 'cmake'
[0.191s] [34mcolcon.colcon_core.package_identification[0m [1;30mLevel 1[0m _identify(platform) by extension 'python'
[0.191s] [34mcolcon.colcon_core.package_identification[0m [1;30mLevel 1[0m _identify(platform) by extensions ['python_setup_py']
[0.191s] [34mcolcon.colcon_core.package_identification[0m [1;30mLevel 1[0m _identify(platform) by extension 'python_setup_py'
[0.191s] [34mcolcon.colcon_core.package_identification[0m [1;30mLevel 1[0m _identify(platform/config) by extensions ['ignore', 'ignore_ament_install']
[0.191s] [34mcolcon.colcon_core.package_identification[0m [1;30mLevel 1[0m _identify(platform/config) by extension 'ignore'
[0.191s] [34mcolcon.colcon_core.package_identification[0m [1;30mLevel 1[0m _identify(platform/config) by extension 'ignore_ament_install'
[0.191s] [34mcolcon.colcon_core.package_identification[0m [1;30mLevel 1[0m _identify(platform/config) by extensions ['colcon_pkg']
[0.191s] [34mcolcon.colcon_core.package_identification[0m [1;30mLevel 1[0m _identify(platform/config) by extension 'colcon_pkg'
[0.191s] [34mcolcon.colcon_core.package_identification[0m [1;30mLevel 1[0m _identify(platform/config) by extensions ['colcon_meta']
[0.191s] [34mcolcon.colcon_core.package_identification[0m [1;30mLevel 1[0m _identify(platform/config) by extension 'colcon_meta'
[0.191s] [34mcolcon.colcon_core.package_identification[0m [1;30mLevel 1[0m _identify(platform/config) by extensions ['ros']
[0.191s] [34mcolcon.colcon_core.package_identification[0m [1;30mLevel 1[0m _identify(platform/config) by extension 'ros'
[0.192s] [34mcolcon.colcon_core.package_identification[0m [1;30mLevel 1[0m _identify(platform/config) by extensions ['cmake', 'python']
[0.192s] [34mcolcon.colcon_core.package_identification[0m [1;30mLevel 1[0m _identify(platform/config) by extension 'cmake'
[0.192s] [34mcolcon.colcon_core.package_identification[0m [1;30mLevel 1[0m _identify(platform/config) by extension 'python'
[0.192s] [34mcolcon.colcon_core.package_identification[0m [1;30mLevel 1[0m _identify(platform/config) by extensions ['python_setup_py']
[0.192s] [34mcolcon.colcon_core.package_identification[0m [1;30mLevel 1[0m _identify(platform/config) by extension 'python_setup_py'
[0.192s] [34mcolcon.colcon_core.package_identification[0m [1;30mLevel 1[0m _identify(platform/launch) by extensions ['ignore', 'ignore_ament_install']
[0.192s] [34mcolcon.colcon_core.package_identification[0m [1;30mLevel 1[0m _identify(platform/launch) by extension 'ignore'
[0.192s] [34mcolcon.colcon_core.package_identification[0m [1;30mLevel 1[0m _identify(platform/launch) by extension 'ignore_ament_install'
[0.192s] [34mcolcon.colcon_core.package_identification[0m [1;30mLevel 1[0m _identify(platform/launch) by extensions ['colcon_pkg']
[0.192s] [34mcolcon.colcon_core.package_identification[0m [1;30mLevel 1[0m _identify(platform/launch) by extension 'colcon_pkg'
[0.192s] [34mcolcon.colcon_core.package_identification[0m [1;30mLevel 1[0m _identify(platform/launch) by extensions ['colcon_meta']
[0.192s] [34mcolcon.colcon_core.package_identification[0m [1;30mLevel 1[0m _identify(platform/launch) by extension 'colcon_meta'
[0.192s] [34mcolcon.colcon_core.package_identification[0m [1;30mLevel 1[0m _identify(platform/launch) by extensions ['ros']
[0.192s] [34mcolcon.colcon_core.package_identification[0m [1;30mLevel 1[0m _identify(platform/launch) by extension 'ros'
[0.192s] [34mcolcon.colcon_core.package_identification[0m [1;30mLevel 1[0m _identify(platform/launch) by extensions ['cmake', 'python']
[0.192s] [34mcolcon.colcon_core.package_identification[0m [1;30mLevel 1[0m _identify(platform/launch) by extension 'cmake'
[0.192s] [34mcolcon.colcon_core.package_identification[0m [1;30mLevel 1[0m _identify(platform/launch) by extension 'python'
[0.193s] [34mcolcon.colcon_core.package_identification[0m [1;30mLevel 1[0m _identify(platform/launch) by extensions ['python_setup_py']
[0.193s] [34mcolcon.colcon_core.package_identification[0m [1;30mLevel 1[0m _identify(platform/launch) by extension 'python_setup_py'
[0.193s] [34mcolcon.colcon_core.package_identification[0m [1;30mLevel 1[0m _identify(platform/launch/__pycache__) by extensions ['ignore', 'ignore_ament_install']
[0.193s] [34mcolcon.colcon_core.package_identification[0m [1;30mLevel 1[0m _identify(platform/launch/__pycache__) by extension 'ignore'
[0.193s] [34mcolcon.colcon_core.package_identification[0m [1;30mLevel 1[0m _identify(platform/launch/__pycache__) by extension 'ignore_ament_install'
[0.193s] [34mcolcon.colcon_core.package_identification[0m [1;30mLevel 1[0m _identify(platform/launch/__pycache__) by extensions ['colcon_pkg']
[0.193s] [34mcolcon.colcon_core.package_identification[0m [1;30mLevel 1[0m _identify(platform/launch/__pycache__) by extension 'colcon_pkg'
[0.193s] [34mcolcon.colcon_core.package_identification[0m [1;30mLevel 1[0m _identify(platform/launch/__pycache__) by extensions ['colcon_meta']
[0.193s] [34mcolcon.colcon_core.package_identification[0m [1;30mLevel 1[0m _identify(platform/launch/__pycache__) by extension 'colcon_meta'
[0.193s] [34mcolcon.colcon_core.package_identification[0m [1;30mLevel 1[0m _identify(platform/launch/__pycache__) by extensions ['ros']
[0.193s] [34mcolcon.colcon_core.package_identification[0m [1;30mLevel 1[0m _identify(platform/launch/__pycache__) by extension 'ros'
[0.193s] [34mcolcon.colcon_core.package_identification[0m [1;30mLevel 1[0m _identify(platform/launch/__pycache__) by extensions ['cmake', 'python']
[0.193s] [34mcolcon.colcon_core.package_identification[0m [1;30mLevel 1[0m _identify(platform/launch/__pycache__) by extension 'cmake'
[0.193s] [34mcolcon.colcon_core.package_identification[0m [1;30mLevel 1[0m _identify(platform/launch/__pycache__) by extension 'python'
[0.193s] [34mcolcon.colcon_core.package_identification[0m [1;30mLevel 1[0m _identify(platform/launch/__pycache__) by extensions ['python_setup_py']
[0.193s] [34mcolcon.colcon_core.package_identification[0m [1;30mLevel 1[0m _identify(platform/launch/__pycache__) by extension 'python_setup_py'
[0.193s] [34mcolcon.colcon_core.package_identification[0m [1;30mLevel 1[0m _identify(sensors) by extensions ['ignore', 'ignore_ament_install']
[0.194s] [34mcolcon.colcon_core.package_identification[0m [1;30mLevel 1[0m _identify(sensors) by extension 'ignore'
[0.194s] [34mcolcon.colcon_core.package_identification[0m [1;30mLevel 1[0m _identify(sensors) by extension 'ignore_ament_install'
[0.194s] [34mcolcon.colcon_core.package_identification[0m [1;30mLevel 1[0m _identify(sensors) by extensions ['colcon_pkg']
[0.194s] [34mcolcon.colcon_core.package_identification[0m [1;30mLevel 1[0m _identify(sensors) by extension 'colcon_pkg'
[0.194s] [34mcolcon.colcon_core.package_identification[0m [1;30mLevel 1[0m _identify(sensors) by extensions ['colcon_meta']
[0.194s] [34mcolcon.colcon_core.package_identification[0m [1;30mLevel 1[0m _identify(sensors) by extension 'colcon_meta'
[0.194s] [34mcolcon.colcon_core.package_identification[0m [1;30mLevel 1[0m _identify(sensors) by extensions ['ros']
[0.194s] [34mcolcon.colcon_core.package_identification[0m [1;30mLevel 1[0m _identify(sensors) by extension 'ros'
[0.194s] [34mcolcon.colcon_core.package_identification[0m [1;30mLevel 1[0m _identify(sensors) by extensions ['cmake', 'python']
[0.194s] [34mcolcon.colcon_core.package_identification[0m [1;30mLevel 1[0m _identify(sensors) by extension 'cmake'
[0.194s] [34mcolcon.colcon_core.package_identification[0m [1;30mLevel 1[0m _identify(sensors) by extension 'python'
[0.194s] [34mcolcon.colcon_core.package_identification[0m [1;30mLevel 1[0m _identify(sensors) by extensions ['python_setup_py']
[0.194s] [34mcolcon.colcon_core.package_identification[0m [1;30mLevel 1[0m _identify(sensors) by extension 'python_setup_py'
[0.194s] [34mcolcon.colcon_core.package_identification[0m [1;30mLevel 1[0m _identify(sensors/config) by extensions ['ignore', 'ignore_ament_install']
[0.194s] [34mcolcon.colcon_core.package_identification[0m [1;30mLevel 1[0m _identify(sensors/config) by extension 'ignore'
[0.195s] [34mcolcon.colcon_core.package_identification[0m [1;30mLevel 1[0m _identify(sensors/config) by extension 'ignore_ament_install'
[0.195s] [34mcolcon.colcon_core.package_identification[0m [1;30mLevel 1[0m _identify(sensors/config) by extensions ['colcon_pkg']
[0.195s] [34mcolcon.colcon_core.package_identification[0m [1;30mLevel 1[0m _identify(sensors/config) by extension 'colcon_pkg'
[0.195s] [34mcolcon.colcon_core.package_identification[0m [1;30mLevel 1[0m _identify(sensors/config) by extensions ['colcon_meta']
[0.195s] [34mcolcon.colcon_core.package_identification[0m [1;30mLevel 1[0m _identify(sensors/config) by extension 'colcon_meta'
[0.195s] [34mcolcon.colcon_core.package_identification[0m [1;30mLevel 1[0m _identify(sensors/config) by extensions ['ros']
[0.195s] [34mcolcon.colcon_core.package_identification[0m [1;30mLevel 1[0m _identify(sensors/config) by extension 'ros'
[0.195s] [34mcolcon.colcon_core.package_identification[0m [1;30mLevel 1[0m _identify(sensors/config) by extensions ['cmake', 'python']
[0.195s] [34mcolcon.colcon_core.package_identification[0m [1;30mLevel 1[0m _identify(sensors/config) by extension 'cmake'
[0.195s] [34mcolcon.colcon_core.package_identification[0m [1;30mLevel 1[0m _identify(sensors/config) by extension 'python'
[0.195s] [34mcolcon.colcon_core.package_identification[0m [1;30mLevel 1[0m _identify(sensors/config) by extensions ['python_setup_py']
[0.195s] [34mcolcon.colcon_core.package_identification[0m [1;30mLevel 1[0m _identify(sensors/config) by extension 'python_setup_py'
[0.195s] [34mcolcon.colcon_core.package_identification[0m [1;30mLevel 1[0m _identify(sensors/launch) by extensions ['ignore', 'ignore_ament_install']
[0.195s] [34mcolcon.colcon_core.package_identification[0m [1;30mLevel 1[0m _identify(sensors/launch) by extension 'ignore'
[0.195s] [34mcolcon.colcon_core.package_identification[0m [1;30mLevel 1[0m _identify(sensors/launch) by extension 'ignore_ament_install'
[0.195s] [34mcolcon.colcon_core.package_identification[0m [1;30mLevel 1[0m _identify(sensors/launch) by extensions ['colcon_pkg']
[0.195s] [34mcolcon.colcon_core.package_identification[0m [1;30mLevel 1[0m _identify(sensors/launch) by extension 'colcon_pkg'
[0.195s] [34mcolcon.colcon_core.package_identification[0m [1;30mLevel 1[0m _identify(sensors/launch) by extensions ['colcon_meta']
[0.196s] [34mcolcon.colcon_core.package_identification[0m [1;30mLevel 1[0m _identify(sensors/launch) by extension 'colcon_meta'
[0.196s] [34mcolcon.colcon_core.package_identification[0m [1;30mLevel 1[0m _identify(sensors/launch) by extensions ['ros']
[0.196s] [34mcolcon.colcon_core.package_identification[0m [1;30mLevel 1[0m _identify(sensors/launch) by extension 'ros'
[0.196s] [34mcolcon.colcon_core.package_identification[0m [1;30mLevel 1[0m _identify(sensors/launch) by extensions ['cmake', 'python']
[0.196s] [34mcolcon.colcon_core.package_identification[0m [1;30mLevel 1[0m _identify(sensors/launch) by extension 'cmake'
[0.196s] [34mcolcon.colcon_core.package_identification[0m [1;30mLevel 1[0m _identify(sensors/launch) by extension 'python'
[0.196s] [34mcolcon.colcon_core.package_identification[0m [1;30mLevel 1[0m _identify(sensors/launch) by extensions ['python_setup_py']
[0.196s] [34mcolcon.colcon_core.package_identification[0m [1;30mLevel 1[0m _identify(sensors/launch) by extension 'python_setup_py'
[0.196s] [34mcolcon.colcon_core.package_identification[0m [1;30mLevel 1[0m _identify(sensors/launch/__pycache__) by extensions ['ignore', 'ignore_ament_install']
[0.196s] [34mcolcon.colcon_core.package_identification[0m [1;30mLevel 1[0m _identify(sensors/launch/__pycache__) by extension 'ignore'
[0.196s] [34mcolcon.colcon_core.package_identification[0m [1;30mLevel 1[0m _identify(sensors/launch/__pycache__) by extension 'ignore_ament_install'
[0.196s] [34mcolcon.colcon_core.package_identification[0m [1;30mLevel 1[0m _identify(sensors/launch/__pycache__) by extensions ['colcon_pkg']
[0.196s] [34mcolcon.colcon_core.package_identification[0m [1;30mLevel 1[0m _identify(sensors/launch/__pycache__) by extension 'colcon_pkg'
[0.196s] [34mcolcon.colcon_core.package_identification[0m [1;30mLevel 1[0m _identify(sensors/launch/__pycache__) by extensions ['colcon_meta']
[0.196s] [34mcolcon.colcon_core.package_identification[0m [1;30mLevel 1[0m _identify(sensors/launch/__pycache__) by extension 'colcon_meta'
[0.196s] [34mcolcon.colcon_core.package_identification[0m [1;30mLevel 1[0m _identify(sensors/launch/__pycache__) by extensions ['ros']
[0.196s] [34mcolcon.colcon_core.package_identification[0m [1;30mLevel 1[0m _identify(sensors/launch/__pycache__) by extension 'ros'
[0.197s] [34mcolcon.colcon_core.package_identification[0m [1;30mLevel 1[0m _identify(sensors/launch/__pycache__) by extensions ['cmake', 'python']
[0.197s] [34mcolcon.colcon_core.package_identification[0m [1;30mLevel 1[0m _identify(sensors/launch/__pycache__) by extension 'cmake'
[0.197s] [34mcolcon.colcon_core.package_identification[0m [1;30mLevel 1[0m _identify(sensors/launch/__pycache__) by extension 'python'
[0.197s] [34mcolcon.colcon_core.package_identification[0m [1;30mLevel 1[0m _identify(sensors/launch/__pycache__) by extensions ['python_setup_py']
[0.197s] [34mcolcon.colcon_core.package_identification[0m [1;30mLevel 1[0m _identify(sensors/launch/__pycache__) by extension 'python_setup_py'
[0.197s] [34mcolcon.colcon_core.package_identification[0m [1;30mLevel 1[0m _identify(src) by extensions ['ignore', 'ignore_ament_install']
[0.197s] [34mcolcon.colcon_core.package_identification[0m [1;30mLevel 1[0m _identify(src) by extension 'ignore'
[0.197s] [34mcolcon.colcon_core.package_identification[0m [1;30mLevel 1[0m _identify(src) by extension 'ignore_ament_install'
[0.197s] [34mcolcon.colcon_core.package_identification[0m [1;30mLevel 1[0m _identify(src) by extensions ['colcon_pkg']
[0.197s] [34mcolcon.colcon_core.package_identification[0m [1;30mLevel 1[0m _identify(src) by extension 'colcon_pkg'
[0.197s] [34mcolcon.colcon_core.package_identification[0m [1;30mLevel 1[0m _identify(src) by extensions ['colcon_meta']
[0.197s] [34mcolcon.colcon_core.package_identification[0m [1;30mLevel 1[0m _identify(src) by extension 'colcon_meta'
[0.197s] [34mcolcon.colcon_core.package_identification[0m [1;30mLevel 1[0m _identify(src) by extensions ['ros']
[0.197s] [34mcolcon.colcon_core.package_identification[0m [1;30mLevel 1[0m _identify(src) by extension 'ros'
[0.197s] [34mcolcon.colcon_core.package_identification[0m [1;30mLevel 1[0m _identify(src) by extensions ['cmake', 'python']
[0.197s] [34mcolcon.colcon_core.package_identification[0m [1;30mLevel 1[0m _identify(src) by extension 'cmake'
[0.197s] [34mcolcon.colcon_core.package_identification[0m [1;30mLevel 1[0m _identify(src) by extension 'python'
[0.197s] [34mcolcon.colcon_core.package_identification[0m [1;30mLevel 1[0m _identify(src) by extensions ['python_setup_py']
[0.198s] [34mcolcon.colcon_core.package_identification[0m [1;30mLevel 1[0m _identify(src) by extension 'python_setup_py'
[0.198s] [34mcolcon.colcon_core.package_identification[0m [1;30mLevel 1[0m _identify(src/clearpath_common) by extensions ['ignore', 'ignore_ament_install']
[0.198s] [34mcolcon.colcon_core.package_identification[0m [1;30mLevel 1[0m _identify(src/clearpath_common) by extension 'ignore'
[0.198s] [34mcolcon.colcon_core.package_identification[0m [1;30mLevel 1[0m _identify(src/clearpath_common) by extension 'ignore_ament_install'
[0.198s] [34mcolcon.colcon_core.package_identification[0m [1;30mLevel 1[0m _identify(src/clearpath_common) by extensions ['colcon_pkg']
[0.198s] [34mcolcon.colcon_core.package_identification[0m [1;30mLevel 1[0m _identify(src/clearpath_common) by extension 'colcon_pkg'
[0.198s] [34mcolcon.colcon_core.package_identification[0m [1;30mLevel 1[0m _identify(src/clearpath_common) by extensions ['colcon_meta']
[0.198s] [34mcolcon.colcon_core.package_identification[0m [1;30mLevel 1[0m _identify(src/clearpath_common) by extension 'colcon_meta'
[0.198s] [34mcolcon.colcon_core.package_identification[0m [1;30mLevel 1[0m _identify(src/clearpath_common) by extensions ['ros']
[0.198s] [34mcolcon.colcon_core.package_identification[0m [1;30mLevel 1[0m _identify(src/clearpath_common) by extension 'ros'
[0.198s] [34mcolcon.colcon_core.package_identification[0m [1;30mLevel 1[0m _identify(src/clearpath_common) by extensions ['cmake', 'python']
[0.198s] [34mcolcon.colcon_core.package_identification[0m [1;30mLevel 1[0m _identify(src/clearpath_common) by extension 'cmake'
[0.198s] [34mcolcon.colcon_core.package_identification[0m [1;30mLevel 1[0m _identify(src/clearpath_common) by extension 'python'
[0.198s] [34mcolcon.colcon_core.package_identification[0m [1;30mLevel 1[0m _identify(src/clearpath_common) by extensions ['python_setup_py']
[0.198s] [34mcolcon.colcon_core.package_identification[0m [1;30mLevel 1[0m _identify(src/clearpath_common) by extension 'python_setup_py'
[0.198s] [34mcolcon.colcon_core.package_identification[0m [1;30mLevel 1[0m _identify(src/clearpath_common/clearpath_common) by extensions ['ignore', 'ignore_ament_install']
[0.198s] [34mcolcon.colcon_core.package_identification[0m [1;30mLevel 1[0m _identify(src/clearpath_common/clearpath_common) by extension 'ignore'
[0.199s] [34mcolcon.colcon_core.package_identification[0m [1;30mLevel 1[0m _identify(src/clearpath_common/clearpath_common) by extension 'ignore_ament_install'
[0.199s] [34mcolcon.colcon_core.package_identification[0m [1;30mLevel 1[0m _identify(src/clearpath_common/clearpath_common) by extensions ['colcon_pkg']
[0.199s] [34mcolcon.colcon_core.package_identification[0m [1;30mLevel 1[0m _identify(src/clearpath_common/clearpath_common) by extension 'colcon_pkg'
[0.199s] [34mcolcon.colcon_core.package_identification[0m [1;30mLevel 1[0m _identify(src/clearpath_common/clearpath_common) by extensions ['colcon_meta']
[0.199s] [34mcolcon.colcon_core.package_identification[0m [1;30mLevel 1[0m _identify(src/clearpath_common/clearpath_common) by extension 'colcon_meta'
[0.199s] [34mcolcon.colcon_core.package_identification[0m [1;30mLevel 1[0m _identify(src/clearpath_common/clearpath_common) by extensions ['ros']
[0.199s] [34mcolcon.colcon_core.package_identification[0m [1;30mLevel 1[0m _identify(src/clearpath_common/clearpath_common) by extension 'ros'
[0.201s] [34mcolcon.colcon_core.package_identification[0m [1;30mDEBUG[0m [32mPackage 'src/clearpath_common/clearpath_common' with type 'ros.ament_cmake' and name 'clearpath_common'[0m
[0.201s] [34mcolcon.colcon_core.package_identification[0m [1;30mLevel 1[0m _identify(src/clearpath_common/clearpath_control) by extensions ['ignore', 'ignore_ament_install']
[0.202s] [34mcolcon.colcon_core.package_identification[0m [1;30mLevel 1[0m _identify(src/clearpath_common/clearpath_control) by extension 'ignore'
[0.202s] [34mcolcon.colcon_core.package_identification[0m [1;30mLevel 1[0m _identify(src/clearpath_common/clearpath_control) by extension 'ignore_ament_install'
[0.202s] [34mcolcon.colcon_core.package_identification[0m [1;30mLevel 1[0m _identify(src/clearpath_common/clearpath_control) by extensions ['colcon_pkg']
[0.202s] [34mcolcon.colcon_core.package_identification[0m [1;30mLevel 1[0m _identify(src/clearpath_common/clearpath_control) by extension 'colcon_pkg'
[0.202s] [34mcolcon.colcon_core.package_identification[0m [1;30mLevel 1[0m _identify(src/clearpath_common/clearpath_control) by extensions ['colcon_meta']
[0.202s] [34mcolcon.colcon_core.package_identification[0m [1;30mLevel 1[0m _identify(src/clearpath_common/clearpath_control) by extension 'colcon_meta'
[0.202s] [34mcolcon.colcon_core.package_identification[0m [1;30mLevel 1[0m _identify(src/clearpath_common/clearpath_control) by extensions ['ros']
[0.202s] [34mcolcon.colcon_core.package_identification[0m [1;30mLevel 1[0m _identify(src/clearpath_common/clearpath_control) by extension 'ros'
[0.203s] [34mcolcon.colcon_core.package_identification[0m [1;30mDEBUG[0m [32mPackage 'src/clearpath_common/clearpath_control' with type 'ros.ament_cmake' and name 'clearpath_control'[0m
[0.203s] [34mcolcon.colcon_core.package_identification[0m [1;30mLevel 1[0m _identify(src/clearpath_common/clearpath_customization) by extensions ['ignore', 'ignore_ament_install']
[0.203s] [34mcolcon.colcon_core.package_identification[0m [1;30mLevel 1[0m _identify(src/clearpath_common/clearpath_customization) by extension 'ignore'
[0.203s] [34mcolcon.colcon_core.package_identification[0m [1;30mLevel 1[0m _identify(src/clearpath_common/clearpath_customization) by extension 'ignore_ament_install'
[0.203s] [34mcolcon.colcon_core.package_identification[0m [1;30mLevel 1[0m _identify(src/clearpath_common/clearpath_customization) by extensions ['colcon_pkg']
[0.203s] [34mcolcon.colcon_core.package_identification[0m [1;30mLevel 1[0m _identify(src/clearpath_common/clearpath_customization) by extension 'colcon_pkg'
[0.203s] [34mcolcon.colcon_core.package_identification[0m [1;30mLevel 1[0m _identify(src/clearpath_common/clearpath_customization) by extensions ['colcon_meta']
[0.203s] [34mcolcon.colcon_core.package_identification[0m [1;30mLevel 1[0m _identify(src/clearpath_common/clearpath_customization) by extension 'colcon_meta'
[0.203s] [34mcolcon.colcon_core.package_identification[0m [1;30mLevel 1[0m _identify(src/clearpath_common/clearpath_customization) by extensions ['ros']
[0.203s] [34mcolcon.colcon_core.package_identification[0m [1;30mLevel 1[0m _identify(src/clearpath_common/clearpath_customization) by extension 'ros'
[0.204s] [34mcolcon.colcon_core.package_identification[0m [1;30mDEBUG[0m [32mPackage 'src/clearpath_common/clearpath_customization' with type 'ros.ament_cmake' and name 'clearpath_customization'[0m
[0.204s] [34mcolcon.colcon_core.package_identification[0m [1;30mLevel 1[0m _identify(src/clearpath_common/clearpath_description) by extensions ['ignore', 'ignore_ament_install']
[0.204s] [34mcolcon.colcon_core.package_identification[0m [1;30mLevel 1[0m _identify(src/clearpath_common/clearpath_description) by extension 'ignore'
[0.204s] [34mcolcon.colcon_core.package_identification[0m [1;30mLevel 1[0m _identify(src/clearpath_common/clearpath_description) by extension 'ignore_ament_install'
[0.204s] [34mcolcon.colcon_core.package_identification[0m [1;30mLevel 1[0m _identify(src/clearpath_common/clearpath_description) by extensions ['colcon_pkg']
[0.204s] [34mcolcon.colcon_core.package_identification[0m [1;30mLevel 1[0m _identify(src/clearpath_common/clearpath_description) by extension 'colcon_pkg'
[0.204s] [34mcolcon.colcon_core.package_identification[0m [1;30mLevel 1[0m _identify(src/clearpath_common/clearpath_description) by extensions ['colcon_meta']
[0.204s] [34mcolcon.colcon_core.package_identification[0m [1;30mLevel 1[0m _identify(src/clearpath_common/clearpath_description) by extension 'colcon_meta'
[0.204s] [34mcolcon.colcon_core.package_identification[0m [1;30mLevel 1[0m _identify(src/clearpath_common/clearpath_description) by extensions ['ros']
[0.204s] [34mcolcon.colcon_core.package_identification[0m [1;30mLevel 1[0m _identify(src/clearpath_common/clearpath_description) by extension 'ros'
[0.205s] [34mcolcon.colcon_core.package_identification[0m [1;30mDEBUG[0m [32mPackage 'src/clearpath_common/clearpath_description' with type 'ros.ament_cmake' and name 'clearpath_description'[0m
[0.205s] [34mcolcon.colcon_core.package_identification[0m [1;30mLevel 1[0m _identify(src/clearpath_common/clearpath_generator_common) by extensions ['ignore', 'ignore_ament_install']
[0.205s] [34mcolcon.colcon_core.package_identification[0m [1;30mLevel 1[0m _identify(src/clearpath_common/clearpath_generator_common) by extension 'ignore'
[0.205s] [34mcolcon.colcon_core.package_identification[0m [1;30mLevel 1[0m _identify(src/clearpath_common/clearpath_generator_common) by extension 'ignore_ament_install'
[0.205s] [34mcolcon.colcon_core.package_identification[0m [1;30mLevel 1[0m _identify(src/clearpath_common/clearpath_generator_common) by extensions ['colcon_pkg']
[0.205s] [34mcolcon.colcon_core.package_identification[0m [1;30mLevel 1[0m _identify(src/clearpath_common/clearpath_generator_common) by extension 'colcon_pkg'
[0.205s] [34mcolcon.colcon_core.package_identification[0m [1;30mLevel 1[0m _identify(src/clearpath_common/clearpath_generator_common) by extensions ['colcon_meta']
[0.205s] [34mcolcon.colcon_core.package_identification[0m [1;30mLevel 1[0m _identify(src/clearpath_common/clearpath_generator_common) by extension 'colcon_meta'
[0.206s] [34mcolcon.colcon_core.package_identification[0m [1;30mLevel 1[0m _identify(src/clearpath_common/clearpath_generator_common) by extensions ['ros']
[0.206s] [34mcolcon.colcon_core.package_identification[0m [1;30mLevel 1[0m _identify(src/clearpath_common/clearpath_generator_common) by extension 'ros'
[0.207s] [34mcolcon.colcon_core.package_identification[0m [1;30mDEBUG[0m [32mPackage 'src/clearpath_common/clearpath_generator_common' with type 'ros.ament_cmake' and name 'clearpath_generator_common'[0m
[0.207s] [34mcolcon.colcon_core.package_identification[0m [1;30mLevel 1[0m _identify(src/clearpath_common/clearpath_manipulators) by extensions ['ignore', 'ignore_ament_install']
[0.207s] [34mcolcon.colcon_core.package_identification[0m [1;30mLevel 1[0m _identify(src/clearpath_common/clearpath_manipulators) by extension 'ignore'
[0.207s] [34mcolcon.colcon_core.package_identification[0m [1;30mLevel 1[0m _identify(src/clearpath_common/clearpath_manipulators) by extension 'ignore_ament_install'
[0.207s] [34mcolcon.colcon_core.package_identification[0m [1;30mLevel 1[0m _identify(src/clearpath_common/clearpath_manipulators) by extensions ['colcon_pkg']
[0.207s] [34mcolcon.colcon_core.package_identification[0m [1;30mLevel 1[0m _identify(src/clearpath_common/clearpath_manipulators) by extension 'colcon_pkg'
[0.207s] [34mcolcon.colcon_core.package_identification[0m [1;30mLevel 1[0m _identify(src/clearpath_common/clearpath_manipulators) by extensions ['colcon_meta']
[0.207s] [34mcolcon.colcon_core.package_identification[0m [1;30mLevel 1[0m _identify(src/clearpath_common/clearpath_manipulators) by extension 'colcon_meta'
[0.207s] [34mcolcon.colcon_core.package_identification[0m [1;30mLevel 1[0m _identify(src/clearpath_common/clearpath_manipulators) by extensions ['ros']
[0.207s] [34mcolcon.colcon_core.package_identification[0m [1;30mLevel 1[0m _identify(src/clearpath_common/clearpath_manipulators) by extension 'ros'
[0.209s] [34mcolcon.colcon_core.package_identification[0m [1;30mDEBUG[0m [32mPackage 'src/clearpath_common/clearpath_manipulators' with type 'ros.ament_cmake' and name 'clearpath_manipulators'[0m
[0.209s] [34mcolcon.colcon_core.package_identification[0m [1;30mLevel 1[0m _identify(src/clearpath_common/clearpath_manipulators_description) by extensions ['ignore', 'ignore_ament_install']
[0.209s] [34mcolcon.colcon_core.package_identification[0m [1;30mLevel 1[0m _identify(src/clearpath_common/clearpath_manipulators_description) by extension 'ignore'
[0.209s] [34mcolcon.colcon_core.package_identification[0m [1;30mLevel 1[0m _identify(src/clearpath_common/clearpath_manipulators_description) by extension 'ignore_ament_install'
[0.209s] [34mcolcon.colcon_core.package_identification[0m [1;30mLevel 1[0m _identify(src/clearpath_common/clearpath_manipulators_description) by extensions ['colcon_pkg']
[0.209s] [34mcolcon.colcon_core.package_identification[0m [1;30mLevel 1[0m _identify(src/clearpath_common/clearpath_manipulators_description) by extension 'colcon_pkg'
[0.209s] [34mcolcon.colcon_core.package_identification[0m [1;30mLevel 1[0m _identify(src/clearpath_common/clearpath_manipulators_description) by extensions ['colcon_meta']
[0.209s] [34mcolcon.colcon_core.package_identification[0m [1;30mLevel 1[0m _identify(src/clearpath_common/clearpath_manipulators_description) by extension 'colcon_meta'
[0.209s] [34mcolcon.colcon_core.package_identification[0m [1;30mLevel 1[0m _identify(src/clearpath_common/clearpath_manipulators_description) by extensions ['ros']
[0.209s] [34mcolcon.colcon_core.package_identification[0m [1;30mLevel 1[0m _identify(src/clearpath_common/clearpath_manipulators_description) by extension 'ros'
[0.210s] [34mcolcon.colcon_core.package_identification[0m [1;30mDEBUG[0m [32mPackage 'src/clearpath_common/clearpath_manipulators_description' with type 'ros.ament_cmake' and name 'clearpath_manipulators_description'[0m
[0.210s] [34mcolcon.colcon_core.package_identification[0m [1;30mLevel 1[0m _identify(src/clearpath_common/clearpath_mounts_description) by extensions ['ignore', 'ignore_ament_install']
[0.210s] [34mcolcon.colcon_core.package_identification[0m [1;30mLevel 1[0m _identify(src/clearpath_common/clearpath_mounts_description) by extension 'ignore'
[0.210s] [34mcolcon.colcon_core.package_identification[0m [1;30mLevel 1[0m _identify(src/clearpath_common/clearpath_mounts_description) by extension 'ignore_ament_install'
[0.210s] [34mcolcon.colcon_core.package_identification[0m [1;30mLevel 1[0m _identify(src/clearpath_common/clearpath_mounts_description) by extensions ['colcon_pkg']
[0.210s] [34mcolcon.colcon_core.package_identification[0m [1;30mLevel 1[0m _identify(src/clearpath_common/clearpath_mounts_description) by extension 'colcon_pkg'
[0.210s] [34mcolcon.colcon_core.package_identification[0m [1;30mLevel 1[0m _identify(src/clearpath_common/clearpath_mounts_description) by extensions ['colcon_meta']
[0.210s] [34mcolcon.colcon_core.package_identification[0m [1;30mLevel 1[0m _identify(src/clearpath_common/clearpath_mounts_description) by extension 'colcon_meta'
[0.210s] [34mcolcon.colcon_core.package_identification[0m [1;30mLevel 1[0m _identify(src/clearpath_common/clearpath_mounts_description) by extensions ['ros']
[0.210s] [34mcolcon.colcon_core.package_identification[0m [1;30mLevel 1[0m _identify(src/clearpath_common/clearpath_mounts_description) by extension 'ros'
[0.211s] [34mcolcon.colcon_core.package_identification[0m [1;30mDEBUG[0m [32mPackage 'src/clearpath_common/clearpath_mounts_description' with type 'ros.ament_cmake' and name 'clearpath_mounts_description'[0m
[0.211s] [34mcolcon.colcon_core.package_identification[0m [1;30mLevel 1[0m _identify(src/clearpath_common/clearpath_platform) by extensions ['ignore', 'ignore_ament_install']
[0.211s] [34mcolcon.colcon_core.package_identification[0m [1;30mLevel 1[0m _identify(src/clearpath_common/clearpath_platform) by extension 'ignore'
[0.211s] [34mcolcon.colcon_core.package_identification[0m [1;30mLevel 1[0m _identify(src/clearpath_common/clearpath_platform) by extension 'ignore_ament_install'
[0.211s] [34mcolcon.colcon_core.package_identification[0m [1;30mLevel 1[0m _identify(src/clearpath_common/clearpath_platform) by extensions ['colcon_pkg']
[0.211s] [34mcolcon.colcon_core.package_identification[0m [1;30mLevel 1[0m _identify(src/clearpath_common/clearpath_platform) by extension 'colcon_pkg'
[0.211s] [34mcolcon.colcon_core.package_identification[0m [1;30mLevel 1[0m _identify(src/clearpath_common/clearpath_platform) by extensions ['colcon_meta']
[0.211s] [34mcolcon.colcon_core.package_identification[0m [1;30mLevel 1[0m _identify(src/clearpath_common/clearpath_platform) by extension 'colcon_meta'
[0.211s] [34mcolcon.colcon_core.package_identification[0m [1;30mLevel 1[0m _identify(src/clearpath_common/clearpath_platform) by extensions ['ros']
[0.211s] [34mcolcon.colcon_core.package_identification[0m [1;30mLevel 1[0m _identify(src/clearpath_common/clearpath_platform) by extension 'ros'
[0.213s] [34mcolcon.colcon_core.package_identification[0m [1;30mDEBUG[0m [32mPackage 'src/clearpath_common/clearpath_platform' with type 'ros.ament_cmake' and name 'clearpath_platform'[0m
[0.213s] [34mcolcon.colcon_core.package_identification[0m [1;30mLevel 1[0m _identify(src/clearpath_common/clearpath_platform_description) by extensions ['ignore', 'ignore_ament_install']
[0.214s] [34mcolcon.colcon_core.package_identification[0m [1;30mLevel 1[0m _identify(src/clearpath_common/clearpath_platform_description) by extension 'ignore'
[0.214s] [34mcolcon.colcon_core.package_identification[0m [1;30mLevel 1[0m _identify(src/clearpath_common/clearpath_platform_description) by extension 'ignore_ament_install'
[0.214s] [34mcolcon.colcon_core.package_identification[0m [1;30mLevel 1[0m _identify(src/clearpath_common/clearpath_platform_description) by extensions ['colcon_pkg']
[0.214s] [34mcolcon.colcon_core.package_identification[0m [1;30mLevel 1[0m _identify(src/clearpath_common/clearpath_platform_description) by extension 'colcon_pkg'
[0.214s] [34mcolcon.colcon_core.package_identification[0m [1;30mLevel 1[0m _identify(src/clearpath_common/clearpath_platform_description) by extensions ['colcon_meta']
[0.214s] [34mcolcon.colcon_core.package_identification[0m [1;30mLevel 1[0m _identify(src/clearpath_common/clearpath_platform_description) by extension 'colcon_meta'
[0.214s] [34mcolcon.colcon_core.package_identification[0m [1;30mLevel 1[0m _identify(src/clearpath_common/clearpath_platform_description) by extensions ['ros']
[0.214s] [34mcolcon.colcon_core.package_identification[0m [1;30mLevel 1[0m _identify(src/clearpath_common/clearpath_platform_description) by extension 'ros'
[0.215s] [34mcolcon.colcon_core.package_identification[0m [1;30mDEBUG[0m [32mPackage 'src/clearpath_common/clearpath_platform_description' with type 'ros.ament_cmake' and name 'clearpath_platform_description'[0m
[0.215s] [34mcolcon.colcon_core.package_identification[0m [1;30mLevel 1[0m _identify(src/clearpath_common/clearpath_sensors_description) by extensions ['ignore', 'ignore_ament_install']
[0.215s] [34mcolcon.colcon_core.package_identification[0m [1;30mLevel 1[0m _identify(src/clearpath_common/clearpath_sensors_description) by extension 'ignore'
[0.215s] [34mcolcon.colcon_core.package_identification[0m [1;30mLevel 1[0m _identify(src/clearpath_common/clearpath_sensors_description) by extension 'ignore_ament_install'
[0.215s] [34mcolcon.colcon_core.package_identification[0m [1;30mLevel 1[0m _identify(src/clearpath_common/clearpath_sensors_description) by extensions ['colcon_pkg']
[0.215s] [34mcolcon.colcon_core.package_identification[0m [1;30mLevel 1[0m _identify(src/clearpath_common/clearpath_sensors_description) by extension 'colcon_pkg'
[0.215s] [34mcolcon.colcon_core.package_identification[0m [1;30mLevel 1[0m _identify(src/clearpath_common/clearpath_sensors_description) by extensions ['colcon_meta']
[0.215s] [34mcolcon.colcon_core.package_identification[0m [1;30mLevel 1[0m _identify(src/clearpath_common/clearpath_sensors_description) by extension 'colcon_meta'
[0.215s] [34mcolcon.colcon_core.package_identification[0m [1;30mLevel 1[0m _identify(src/clearpath_common/clearpath_sensors_description) by extensions ['ros']
[0.215s] [34mcolcon.colcon_core.package_identification[0m [1;30mLevel 1[0m _identify(src/clearpath_common/clearpath_sensors_description) by extension 'ros'
[0.216s] [34mcolcon.colcon_core.package_identification[0m [1;30mDEBUG[0m [32mPackage 'src/clearpath_common/clearpath_sensors_description' with type 'ros.ament_cmake' and name 'clearpath_sensors_description'[0m
[0.216s] [34mcolcon.colcon_core.package_identification[0m [1;30mLevel 1[0m _identify(src/clearpath_config) by extensions ['ignore', 'ignore_ament_install']
[0.216s] [34mcolcon.colcon_core.package_identification[0m [1;30mLevel 1[0m _identify(src/clearpath_config) by extension 'ignore'
[0.216s] [34mcolcon.colcon_core.package_identification[0m [1;30mLevel 1[0m _identify(src/clearpath_config) by extension 'ignore_ament_install'
[0.216s] [34mcolcon.colcon_core.package_identification[0m [1;30mLevel 1[0m _identify(src/clearpath_config) by extensions ['colcon_pkg']
[0.216s] [34mcolcon.colcon_core.package_identification[0m [1;30mLevel 1[0m _identify(src/clearpath_config) by extension 'colcon_pkg'
[0.216s] [34mcolcon.colcon_core.package_identification[0m [1;30mLevel 1[0m _identify(src/clearpath_config) by extensions ['colcon_meta']
[0.216s] [34mcolcon.colcon_core.package_identification[0m [1;30mLevel 1[0m _identify(src/clearpath_config) by extension 'colcon_meta'
[0.216s] [34mcolcon.colcon_core.package_identification[0m [1;30mLevel 1[0m _identify(src/clearpath_config) by extensions ['ros']
[0.216s] [34mcolcon.colcon_core.package_identification[0m [1;30mLevel 1[0m _identify(src/clearpath_config) by extension 'ros'
[0.217s] [34mcolcon.colcon_core.package_identification[0m [1;30mDEBUG[0m [32mPackage 'src/clearpath_config' with type 'ros.ament_python' and name 'clearpath_config'[0m
[0.217s] [34mcolcon.colcon_core.package_identification[0m [1;30mLevel 1[0m _identify(src/clearpath_msgs) by extensions ['ignore', 'ignore_ament_install']
[0.217s] [34mcolcon.colcon_core.package_identification[0m [1;30mLevel 1[0m _identify(src/clearpath_msgs) by extension 'ignore'
[0.217s] [34mcolcon.colcon_core.package_identification[0m [1;30mLevel 1[0m _identify(src/clearpath_msgs) by extension 'ignore_ament_install'
[0.217s] [34mcolcon.colcon_core.package_identification[0m [1;30mLevel 1[0m _identify(src/clearpath_msgs) by extensions ['colcon_pkg']
[0.217s] [34mcolcon.colcon_core.package_identification[0m [1;30mLevel 1[0m _identify(src/clearpath_msgs) by extension 'colcon_pkg'
[0.217s] [34mcolcon.colcon_core.package_identification[0m [1;30mLevel 1[0m _identify(src/clearpath_msgs) by extensions ['colcon_meta']
[0.217s] [34mcolcon.colcon_core.package_identification[0m [1;30mLevel 1[0m _identify(src/clearpath_msgs) by extension 'colcon_meta'
[0.217s] [34mcolcon.colcon_core.package_identification[0m [1;30mLevel 1[0m _identify(src/clearpath_msgs) by extensions ['ros']
[0.218s] [34mcolcon.colcon_core.package_identification[0m [1;30mLevel 1[0m _identify(src/clearpath_msgs) by extension 'ros'
[0.218s] [34mcolcon.colcon_core.package_identification[0m [1;30mLevel 1[0m _identify(src/clearpath_msgs) by extensions ['cmake', 'python']
[0.218s] [34mcolcon.colcon_core.package_identification[0m [1;30mLevel 1[0m _identify(src/clearpath_msgs) by extension 'cmake'
[0.218s] [34mcolcon.colcon_core.package_identification[0m [1;30mLevel 1[0m _identify(src/clearpath_msgs) by extension 'python'
[0.218s] [34mcolcon.colcon_core.package_identification[0m [1;30mLevel 1[0m _identify(src/clearpath_msgs) by extensions ['python_setup_py']
[0.218s] [34mcolcon.colcon_core.package_identification[0m [1;30mLevel 1[0m _identify(src/clearpath_msgs) by extension 'python_setup_py'
[0.218s] [34mcolcon.colcon_core.package_identification[0m [1;30mLevel 1[0m _identify(src/clearpath_msgs/clearpath_msgs) by extensions ['ignore', 'ignore_ament_install']
[0.218s] [34mcolcon.colcon_core.package_identification[0m [1;30mLevel 1[0m _identify(src/clearpath_msgs/clearpath_msgs) by extension 'ignore'
[0.218s] [34mcolcon.colcon_core.package_identification[0m [1;30mLevel 1[0m _identify(src/clearpath_msgs/clearpath_msgs) by extension 'ignore_ament_install'
[0.218s] [34mcolcon.colcon_core.package_identification[0m [1;30mLevel 1[0m _identify(src/clearpath_msgs/clearpath_msgs) by extensions ['colcon_pkg']
[0.218s] [34mcolcon.colcon_core.package_identification[0m [1;30mLevel 1[0m _identify(src/clearpath_msgs/clearpath_msgs) by extension 'colcon_pkg'
[0.218s] [34mcolcon.colcon_core.package_identification[0m [1;30mLevel 1[0m _identify(src/clearpath_msgs/clearpath_msgs) by extensions ['colcon_meta']
[0.218s] [34mcolcon.colcon_core.package_identification[0m [1;30mLevel 1[0m _identify(src/clearpath_msgs/clearpath_msgs) by extension 'colcon_meta'
[0.218s] [34mcolcon.colcon_core.package_identification[0m [1;30mLevel 1[0m _identify(src/clearpath_msgs/clearpath_msgs) by extensions ['ros']
[0.218s] [34mcolcon.colcon_core.package_identification[0m [1;30mLevel 1[0m _identify(src/clearpath_msgs/clearpath_msgs) by extension 'ros'
[0.219s] [34mcolcon.colcon_core.package_identification[0m [1;30mDEBUG[0m [32mPackage 'src/clearpath_msgs/clearpath_msgs' with type 'ros.ament_cmake' and name 'clearpath_msgs'[0m
[0.219s] [34mcolcon.colcon_core.package_identification[0m [1;30mLevel 1[0m _identify(src/clearpath_msgs/clearpath_platform_msgs) by extensions ['ignore', 'ignore_ament_install']
[0.219s] [34mcolcon.colcon_core.package_identification[0m [1;30mLevel 1[0m _identify(src/clearpath_msgs/clearpath_platform_msgs) by extension 'ignore'
[0.219s] [34mcolcon.colcon_core.package_identification[0m [1;30mLevel 1[0m _identify(src/clearpath_msgs/clearpath_platform_msgs) by extension 'ignore_ament_install'
[0.219s] [34mcolcon.colcon_core.package_identification[0m [1;30mLevel 1[0m _identify(src/clearpath_msgs/clearpath_platform_msgs) by extensions ['colcon_pkg']
[0.219s] [34mcolcon.colcon_core.package_identification[0m [1;30mLevel 1[0m _identify(src/clearpath_msgs/clearpath_platform_msgs) by extension 'colcon_pkg'
[0.219s] [34mcolcon.colcon_core.package_identification[0m [1;30mLevel 1[0m _identify(src/clearpath_msgs/clearpath_platform_msgs) by extensions ['colcon_meta']
[0.219s] [34mcolcon.colcon_core.package_identification[0m [1;30mLevel 1[0m _identify(src/clearpath_msgs/clearpath_platform_msgs) by extension 'colcon_meta'
[0.219s] [34mcolcon.colcon_core.package_identification[0m [1;30mLevel 1[0m _identify(src/clearpath_msgs/clearpath_platform_msgs) by extensions ['ros']
[0.219s] [34mcolcon.colcon_core.package_identification[0m [1;30mLevel 1[0m _identify(src/clearpath_msgs/clearpath_platform_msgs) by extension 'ros'
[0.220s] [34mcolcon.colcon_core.package_identification[0m [1;30mDEBUG[0m [32mPackage 'src/clearpath_msgs/clearpath_platform_msgs' with type 'ros.ament_cmake' and name 'clearpath_platform_msgs'[0m
[0.220s] [34mcolcon.colcon_core.package_identification[0m [1;30mLevel 1[0m _identify(src/clearpath_simulator) by extensions ['ignore', 'ignore_ament_install']
[0.220s] [34mcolcon.colcon_core.package_identification[0m [1;30mLevel 1[0m _identify(src/clearpath_simulator) by extension 'ignore'
[0.220s] [34mcolcon.colcon_core.package_identification[0m [1;30mLevel 1[0m _identify(src/clearpath_simulator) by extension 'ignore_ament_install'
[0.220s] [34mcolcon.colcon_core.package_identification[0m [1;30mLevel 1[0m _identify(src/clearpath_simulator) by extensions ['colcon_pkg']
[0.220s] [34mcolcon.colcon_core.package_identification[0m [1;30mLevel 1[0m _identify(src/clearpath_simulator) by extension 'colcon_pkg'
[0.221s] [34mcolcon.colcon_core.package_identification[0m [1;30mLevel 1[0m _identify(src/clearpath_simulator) by extensions ['colcon_meta']
[0.221s] [34mcolcon.colcon_core.package_identification[0m [1;30mLevel 1[0m _identify(src/clearpath_simulator) by extension 'colcon_meta'
[0.221s] [34mcolcon.colcon_core.package_identification[0m [1;30mLevel 1[0m _identify(src/clearpath_simulator) by extensions ['ros']
[0.221s] [34mcolcon.colcon_core.package_identification[0m [1;30mLevel 1[0m _identify(src/clearpath_simulator) by extension 'ros'
[0.221s] [34mcolcon.colcon_core.package_identification[0m [1;30mLevel 1[0m _identify(src/clearpath_simulator) by extensions ['cmake', 'python']
[0.221s] [34mcolcon.colcon_core.package_identification[0m [1;30mLevel 1[0m _identify(src/clearpath_simulator) by extension 'cmake'
[0.221s] [34mcolcon.colcon_core.package_identification[0m [1;30mLevel 1[0m _identify(src/clearpath_simulator) by extension 'python'
[0.221s] [34mcolcon.colcon_core.package_identification[0m [1;30mLevel 1[0m _identify(src/clearpath_simulator) by extensions ['python_setup_py']
[0.221s] [34mcolcon.colcon_core.package_identification[0m [1;30mLevel 1[0m _identify(src/clearpath_simulator) by extension 'python_setup_py'
[0.221s] [34mcolcon.colcon_core.package_identification[0m [1;30mLevel 1[0m _identify(src/clearpath_simulator/clearpath_generator_gz) by extensions ['ignore', 'ignore_ament_install']
[0.221s] [34mcolcon.colcon_core.package_identification[0m [1;30mLevel 1[0m _identify(src/clearpath_simulator/clearpath_generator_gz) by extension 'ignore'
[0.221s] [34mcolcon.colcon_core.package_identification[0m [1;30mLevel 1[0m _identify(src/clearpath_simulator/clearpath_generator_gz) by extension 'ignore_ament_install'
[0.221s] [34mcolcon.colcon_core.package_identification[0m [1;30mLevel 1[0m _identify(src/clearpath_simulator/clearpath_generator_gz) by extensions ['colcon_pkg']
[0.221s] [34mcolcon.colcon_core.package_identification[0m [1;30mLevel 1[0m _identify(src/clearpath_simulator/clearpath_generator_gz) by extension 'colcon_pkg'
[0.221s] [34mcolcon.colcon_core.package_identification[0m [1;30mLevel 1[0m _identify(src/clearpath_simulator/clearpath_generator_gz) by extensions ['colcon_meta']
[0.221s] [34mcolcon.colcon_core.package_identification[0m [1;30mLevel 1[0m _identify(src/clearpath_simulator/clearpath_generator_gz) by extension 'colcon_meta'
[0.221s] [34mcolcon.colcon_core.package_identification[0m [1;30mLevel 1[0m _identify(src/clearpath_simulator/clearpath_generator_gz) by extensions ['ros']
[0.221s] [34mcolcon.colcon_core.package_identification[0m [1;30mLevel 1[0m _identify(src/clearpath_simulator/clearpath_generator_gz) by extension 'ros'
[0.222s] [34mcolcon.colcon_core.package_identification[0m [1;30mDEBUG[0m [32mPackage 'src/clearpath_simulator/clearpath_generator_gz' with type 'ros.ament_cmake' and name 'clearpath_generator_gz'[0m
[0.222s] [34mcolcon.colcon_core.package_identification[0m [1;30mLevel 1[0m _identify(src/clearpath_simulator/clearpath_gz) by extensions ['ignore', 'ignore_ament_install']
[0.222s] [34mcolcon.colcon_core.package_identification[0m [1;30mLevel 1[0m _identify(src/clearpath_simulator/clearpath_gz) by extension 'ignore'
[0.222s] [34mcolcon.colcon_core.package_identification[0m [1;30mLevel 1[0m _identify(src/clearpath_simulator/clearpath_gz) by extension 'ignore_ament_install'
[0.223s] [34mcolcon.colcon_core.package_identification[0m [1;30mLevel 1[0m _identify(src/clearpath_simulator/clearpath_gz) by extensions ['colcon_pkg']
[0.223s] [34mcolcon.colcon_core.package_identification[0m [1;30mLevel 1[0m _identify(src/clearpath_simulator/clearpath_gz) by extension 'colcon_pkg'
[0.223s] [34mcolcon.colcon_core.package_identification[0m [1;30mLevel 1[0m _identify(src/clearpath_simulator/clearpath_gz) by extensions ['colcon_meta']
[0.223s] [34mcolcon.colcon_core.package_identification[0m [1;30mLevel 1[0m _identify(src/clearpath_simulator/clearpath_gz) by extension 'colcon_meta'
[0.223s] [34mcolcon.colcon_core.package_identification[0m [1;30mLevel 1[0m _identify(src/clearpath_simulator/clearpath_gz) by extensions ['ros']
[0.223s] [34mcolcon.colcon_core.package_identification[0m [1;30mLevel 1[0m _identify(src/clearpath_simulator/clearpath_gz) by extension 'ros'
[0.223s] [34mcolcon.colcon_core.package_identification[0m [1;30mDEBUG[0m [32mPackage 'src/clearpath_simulator/clearpath_gz' with type 'ros.ament_cmake' and name 'clearpath_gz'[0m
[0.223s] [34mcolcon.colcon_core.package_identification[0m [1;30mLevel 1[0m _identify(src/clearpath_simulator/clearpath_simulator) by extensions ['ignore', 'ignore_ament_install']
[0.224s] [34mcolcon.colcon_core.package_identification[0m [1;30mLevel 1[0m _identify(src/clearpath_simulator/clearpath_simulator) by extension 'ignore'
[0.224s] [34mcolcon.colcon_core.package_identification[0m [1;30mLevel 1[0m _identify(src/clearpath_simulator/clearpath_simulator) by extension 'ignore_ament_install'
[0.224s] [34mcolcon.colcon_core.package_identification[0m [1;30mLevel 1[0m _identify(src/clearpath_simulator/clearpath_simulator) by extensions ['colcon_pkg']
[0.224s] [34mcolcon.colcon_core.package_identification[0m [1;30mLevel 1[0m _identify(src/clearpath_simulator/clearpath_simulator) by extension 'colcon_pkg'
[0.224s] [34mcolcon.colcon_core.package_identification[0m [1;30mLevel 1[0m _identify(src/clearpath_simulator/clearpath_simulator) by extensions ['colcon_meta']
[0.224s] [34mcolcon.colcon_core.package_identification[0m [1;30mLevel 1[0m _identify(src/clearpath_simulator/clearpath_simulator) by extension 'colcon_meta'
[0.224s] [34mcolcon.colcon_core.package_identification[0m [1;30mLevel 1[0m _identify(src/clearpath_simulator/clearpath_simulator) by extensions ['ros']
[0.224s] [34mcolcon.colcon_core.package_identification[0m [1;30mLevel 1[0m _identify(src/clearpath_simulator/clearpath_simulator) by extension 'ros'
[0.225s] [34mcolcon.colcon_core.package_identification[0m [1;30mDEBUG[0m [32mPackage 'src/clearpath_simulator/clearpath_simulator' with type 'ros.ament_cmake' and name 'clearpath_simulator'[0m
[0.225s] [34mcolcon.colcon_core.package_identification[0m [1;30mLevel 1[0m _identify(src/yolo_ros) by extensions ['ignore', 'ignore_ament_install']
[0.225s] [34mcolcon.colcon_core.package_identification[0m [1;30mLevel 1[0m _identify(src/yolo_ros) by extension 'ignore'
[0.225s] [34mcolcon.colcon_core.package_identification[0m [1;30mLevel 1[0m _identify(src/yolo_ros) by extension 'ignore_ament_install'
[0.225s] [34mcolcon.colcon_core.package_identification[0m [1;30mLevel 1[0m _identify(src/yolo_ros) by extensions ['colcon_pkg']
[0.225s] [34mcolcon.colcon_core.package_identification[0m [1;30mLevel 1[0m _identify(src/yolo_ros) by extension 'colcon_pkg'
[0.225s] [34mcolcon.colcon_core.package_identification[0m [1;30mLevel 1[0m _identify(src/yolo_ros) by extensions ['colcon_meta']
[0.225s] [34mcolcon.colcon_core.package_identification[0m [1;30mLevel 1[0m _identify(src/yolo_ros) by extension 'colcon_meta'
[0.225s] [34mcolcon.colcon_core.package_identification[0m [1;30mLevel 1[0m _identify(src/yolo_ros) by extensions ['ros']
[0.225s] [34mcolcon.colcon_core.package_identification[0m [1;30mLevel 1[0m _identify(src/yolo_ros) by extension 'ros'
[0.225s] [34mcolcon.colcon_core.package_identification[0m [1;30mLevel 1[0m _identify(src/yolo_ros) by extensions ['cmake', 'python']
[0.225s] [34mcolcon.colcon_core.package_identification[0m [1;30mLevel 1[0m _identify(src/yolo_ros) by extension 'cmake'
[0.225s] [34mcolcon.colcon_core.package_identification[0m [1;30mLevel 1[0m _identify(src/yolo_ros) by extension 'python'
[0.225s] [34mcolcon.colcon_core.package_identification[0m [1;30mLevel 1[0m _identify(src/yolo_ros) by extensions ['python_setup_py']
[0.225s] [34mcolcon.colcon_core.package_identification[0m [1;30mLevel 1[0m _identify(src/yolo_ros) by extension 'python_setup_py'
[0.226s] [34mcolcon.colcon_core.package_identification[0m [1;30mLevel 1[0m _identify(src/yolo_ros/docs) by extensions ['ignore', 'ignore_ament_install']
[0.226s] [34mcolcon.colcon_core.package_identification[0m [1;30mLevel 1[0m _identify(src/yolo_ros/docs) by extension 'ignore'
[0.226s] [34mcolcon.colcon_core.package_identification[0m [1;30mLevel 1[0m _identify(src/yolo_ros/docs) by extension 'ignore_ament_install'
[0.226s] [34mcolcon.colcon_core.package_identification[0m [1;30mLevel 1[0m _identify(src/yolo_ros/docs) by extensions ['colcon_pkg']
[0.226s] [34mcolcon.colcon_core.package_identification[0m [1;30mLevel 1[0m _identify(src/yolo_ros/docs) by extension 'colcon_pkg'
[0.226s] [34mcolcon.colcon_core.package_identification[0m [1;30mLevel 1[0m _identify(src/yolo_ros/docs) by extensions ['colcon_meta']
[0.226s] [34mcolcon.colcon_core.package_identification[0m [1;30mLevel 1[0m _identify(src/yolo_ros/docs) by extension 'colcon_meta'
[0.226s] [34mcolcon.colcon_core.package_identification[0m [1;30mLevel 1[0m _identify(src/yolo_ros/docs) by extensions ['ros']
[0.226s] [34mcolcon.colcon_core.package_identification[0m [1;30mLevel 1[0m _identify(src/yolo_ros/docs) by extension 'ros'
[0.226s] [34mcolcon.colcon_core.package_identification[0m [1;30mLevel 1[0m _identify(src/yolo_ros/docs) by extensions ['cmake', 'python']
[0.226s] [34mcolcon.colcon_core.package_identification[0m [1;30mLevel 1[0m _identify(src/yolo_ros/docs) by extension 'cmake'
[0.226s] [34mcolcon.colcon_core.package_identification[0m [1;30mLevel 1[0m _identify(src/yolo_ros/docs) by extension 'python'
[0.226s] [34mcolcon.colcon_core.package_identification[0m [1;30mLevel 1[0m _identify(src/yolo_ros/docs) by extensions ['python_setup_py']
[0.226s] [34mcolcon.colcon_core.package_identification[0m [1;30mLevel 1[0m _identify(src/yolo_ros/docs) by extension 'python_setup_py'
[0.226s] [34mcolcon.colcon_core.package_identification[0m [1;30mLevel 1[0m _identify(src/yolo_ros/yolo_bringup) by extensions ['ignore', 'ignore_ament_install']
[0.226s] [34mcolcon.colcon_core.package_identification[0m [1;30mLevel 1[0m _identify(src/yolo_ros/yolo_bringup) by extension 'ignore'
[0.226s] [34mcolcon.colcon_core.package_identification[0m [1;30mLevel 1[0m _identify(src/yolo_ros/yolo_bringup) by extension 'ignore_ament_install'
[0.226s] [34mcolcon.colcon_core.package_identification[0m [1;30mLevel 1[0m _identify(src/yolo_ros/yolo_bringup) by extensions ['colcon_pkg']
[0.227s] [34mcolcon.colcon_core.package_identification[0m [1;30mLevel 1[0m _identify(src/yolo_ros/yolo_bringup) by extension 'colcon_pkg'
[0.227s] [34mcolcon.colcon_core.package_identification[0m [1;30mLevel 1[0m _identify(src/yolo_ros/yolo_bringup) by extensions ['colcon_meta']
[0.227s] [34mcolcon.colcon_core.package_identification[0m [1;30mLevel 1[0m _identify(src/yolo_ros/yolo_bringup) by extension 'colcon_meta'
[0.227s] [34mcolcon.colcon_core.package_identification[0m [1;30mLevel 1[0m _identify(src/yolo_ros/yolo_bringup) by extensions ['ros']
[0.227s] [34mcolcon.colcon_core.package_identification[0m [1;30mLevel 1[0m _identify(src/yolo_ros/yolo_bringup) by extension 'ros'
[0.227s] [34mcolcon.colcon_core.package_identification[0m [1;30mDEBUG[0m [32mPackage 'src/yolo_ros/yolo_bringup' with type 'ros.ament_cmake' and name 'yolo_bringup'[0m
[0.227s] [34mcolcon.colcon_core.package_identification[0m [1;30mLevel 1[0m _identify(src/yolo_ros/yolo_msgs) by extensions ['ignore', 'ignore_ament_install']
[0.227s] [34mcolcon.colcon_core.package_identification[0m [1;30mLevel 1[0m _identify(src/yolo_ros/yolo_msgs) by extension 'ignore'
[0.228s] [34mcolcon.colcon_core.package_identification[0m [1;30mLevel 1[0m _identify(src/yolo_ros/yolo_msgs) by extension 'ignore_ament_install'
[0.228s] [34mcolcon.colcon_core.package_identification[0m [1;30mLevel 1[0m _identify(src/yolo_ros/yolo_msgs) by extensions ['colcon_pkg']
[0.228s] [34mcolcon.colcon_core.package_identification[0m [1;30mLevel 1[0m _identify(src/yolo_ros/yolo_msgs) by extension 'colcon_pkg'
[0.228s] [34mcolcon.colcon_core.package_identification[0m [1;30mLevel 1[0m _identify(src/yolo_ros/yolo_msgs) by extensions ['colcon_meta']
[0.228s] [34mcolcon.colcon_core.package_identification[0m [1;30mLevel 1[0m _identify(src/yolo_ros/yolo_msgs) by extension 'colcon_meta'
[0.228s] [34mcolcon.colcon_core.package_identification[0m [1;30mLevel 1[0m _identify(src/yolo_ros/yolo_msgs) by extensions ['ros']
[0.228s] [34mcolcon.colcon_core.package_identification[0m [1;30mLevel 1[0m _identify(src/yolo_ros/yolo_msgs) by extension 'ros'
[0.228s] [34mcolcon.colcon_core.package_identification[0m [1;30mDEBUG[0m [32mPackage 'src/yolo_ros/yolo_msgs' with type 'ros.ament_cmake' and name 'yolo_msgs'[0m
[0.229s] [34mcolcon.colcon_core.package_identification[0m [1;30mLevel 1[0m _identify(src/yolo_ros/yolo_ros) by extensions ['ignore', 'ignore_ament_install']
[0.229s] [34mcolcon.colcon_core.package_identification[0m [1;30mLevel 1[0m _identify(src/yolo_ros/yolo_ros) by extension 'ignore'
[0.229s] [34mcolcon.colcon_core.package_identification[0m [1;30mLevel 1[0m _identify(src/yolo_ros/yolo_ros) by extension 'ignore_ament_install'
[0.229s] [34mcolcon.colcon_core.package_identification[0m [1;30mLevel 1[0m _identify(src/yolo_ros/yolo_ros) by extensions ['colcon_pkg']
[0.229s] [34mcolcon.colcon_core.package_identification[0m [1;30mLevel 1[0m _identify(src/yolo_ros/yolo_ros) by extension 'colcon_pkg'
[0.229s] [34mcolcon.colcon_core.package_identification[0m [1;30mLevel 1[0m _identify(src/yolo_ros/yolo_ros) by extensions ['colcon_meta']
[0.229s] [34mcolcon.colcon_core.package_identification[0m [1;30mLevel 1[0m _identify(src/yolo_ros/yolo_ros) by extension 'colcon_meta'
[0.229s] [34mcolcon.colcon_core.package_identification[0m [1;30mLevel 1[0m _identify(src/yolo_ros/yolo_ros) by extensions ['ros']
[0.229s] [34mcolcon.colcon_core.package_identification[0m [1;30mLevel 1[0m _identify(src/yolo_ros/yolo_ros) by extension 'ros'
[0.230s] [34mcolcon.colcon_core.package_identification[0m [1;30mDEBUG[0m [32mPackage 'src/yolo_ros/yolo_ros' with type 'ros.ament_python' and name 'yolo_ros'[0m
[0.230s] [34mcolcon.colcon_core.package_discovery[0m [1;30mLevel 1[0m discover_packages(recursive) using defaults
[0.230s] [34mcolcon.colcon_core.package_discovery[0m [1;30mLevel 1[0m discover_packages(ignore) discover
[0.230s] [34mcolcon.colcon_core.package_discovery[0m [1;30mLevel 1[0m discover_packages(ignore) using defaults
[0.230s] [34mcolcon.colcon_core.package_discovery[0m [1;30mLevel 1[0m discover_packages(path) discover
[0.230s] [34mcolcon.colcon_core.package_discovery[0m [1;30mLevel 1[0m discover_packages(path) using defaults
[0.253s] [34mcolcon.colcon_core.package_discovery[0m [1;30mLevel 1[0m discover_packages(prefix_path) check parameters
[0.253s] [34mcolcon.colcon_core.package_discovery[0m [1;30mLevel 1[0m discover_packages(prefix_path) discover
[0.254s] [34mcolcon.colcon_ros.prefix_path.ament[0m [1;30mWARNING[0m [33mThe path '/home/robot/debug_clear_ws/install/yolov8_bringup' in the environment variable AMENT_PREFIX_PATH doesn't exist[0m
[0.254s] [34mcolcon.colcon_ros.prefix_path.ament[0m [1;30mWARNING[0m [33mThe path '/home/robot/debug_clear_ws/install/yolov8_ros' in the environment variable AMENT_PREFIX_PATH doesn't exist[0m
[0.254s] [34mcolcon.colcon_ros.prefix_path.ament[0m [1;30mWARNING[0m [33mThe path '/home/robot/debug_clear_ws/install/yolov8_msgs' in the environment variable AMENT_PREFIX_PATH doesn't exist[0m
[0.255s] [34mcolcon.colcon_ros.prefix_path.catkin[0m [1;30mWARNING[0m [33mThe path '/home/robot/debug_clear_ws/install/yolov8_bringup' in the environment variable CMAKE_PREFIX_PATH doesn't exist[0m
[0.255s] [34mcolcon.colcon_ros.prefix_path.catkin[0m [1;30mWARNING[0m [33mThe path '/home/robot/debug_clear_ws/install/yolov8_msgs' in the environment variable CMAKE_PREFIX_PATH doesn't exist[0m
[0.256s] [34mcolcon.colcon_installed_package_information.package_discovery[0m [1;30mDEBUG[0m [32mFound 20 installed packages in /home/robot/debug_clear_ws/install[0m
[0.258s] [34mcolcon.colcon_installed_package_information.package_discovery[0m [1;30mDEBUG[0m [32mFound 405 installed packages in /opt/ros/humble[0m
[0.261s] [34mcolcon.colcon_core.package_discovery[0m [1;30mLevel 1[0m discover_packages(prefix_path) using defaults
[0.325s] [34mcolcon.colcon_core.package_selection[0m [1;30mWARNING[0m [33mSome selected packages are already built in one or more underlay workspaces:
	'clearpath_config' is in: /home/robot/debug_clear_ws/install/clearpath_config, /opt/ros/humble
	'clearpath_platform_description' is in: /home/robot/debug_clear_ws/install/clearpath_platform_description, /opt/ros/humble
If a package in a merged underlay workspace is overridden and it installs headers, then all packages in the overlay must sort their include directories by workspace order. Failure to do so may result in build failures or undefined behavior at run time.
If the overridden package is used by another package in any underlay, then the overriding package in the overlay must be API and ABI compatible or undefined behavior at run time may occur.

If you understand the risks and want to override a package anyways, add the following to the command line:
	--allow-overriding clearpath_config clearpath_platform_description

This may be promoted to an error in a future release of colcon-override-check.[0m
[0.326s] [34mcolcon.colcon_core.verb[0m [1;30mLevel 5[0m set package 'clearpath_config' build argument 'cmake_args' from command line to 'None'
[0.326s] [34mcolcon.colcon_core.verb[0m [1;30mLevel 5[0m set package 'clearpath_config' build argument 'cmake_target' from command line to 'None'
[0.326s] [34mcolcon.colcon_core.verb[0m [1;30mLevel 5[0m set package 'clearpath_config' build argument 'cmake_target_skip_unavailable' from command line to 'False'
[0.326s] [34mcolcon.colcon_core.verb[0m [1;30mLevel 5[0m set package 'clearpath_config' build argument 'cmake_clean_cache' from command line to 'False'
[0.326s] [34mcolcon.colcon_core.verb[0m [1;30mLevel 5[0m set package 'clearpath_config' build argument 'cmake_clean_first' from command line to 'False'
[0.327s] [34mcolcon.colcon_core.verb[0m [1;30mLevel 5[0m set package 'clearpath_config' build argument 'cmake_force_configure' from command line to 'False'
[0.327s] [34mcolcon.colcon_core.verb[0m [1;30mLevel 5[0m set package 'clearpath_config' build argument 'ament_cmake_args' from command line to 'None'
[0.327s] [34mcolcon.colcon_core.verb[0m [1;30mLevel 5[0m set package 'clearpath_config' build argument 'catkin_cmake_args' from command line to 'None'
[0.327s] [34mcolcon.colcon_core.verb[0m [1;30mLevel 5[0m set package 'clearpath_config' build argument 'catkin_skip_building_tests' from command line to 'False'
[0.327s] [34mcolcon.colcon_core.verb[0m [1;30mDEBUG[0m [32mBuilding package 'clearpath_config' with the following arguments: {'ament_cmake_args': None, 'build_base': '/home/robot/debug_clear_ws/build/clearpath_config', 'catkin_cmake_args': None, 'catkin_skip_building_tests': False, 'cmake_args': None, 'cmake_clean_cache': False, 'cmake_clean_first': False, 'cmake_force_configure': False, 'cmake_target': None, 'cmake_target_skip_unavailable': False, 'install_base': '/home/robot/debug_clear_ws/install/clearpath_config', 'merge_install': False, 'path': '/home/robot/debug_clear_ws/src/clearpath_config', 'symlink_install': False, 'test_result_base': None}[0m
[0.327s] [34mcolcon.colcon_core.verb[0m [1;30mLevel 5[0m set package 'clearpath_control' build argument 'cmake_args' from command line to 'None'
[0.327s] [34mcolcon.colcon_core.verb[0m [1;30mLevel 5[0m set package 'clearpath_control' build argument 'cmake_target' from command line to 'None'
[0.327s] [34mcolcon.colcon_core.verb[0m [1;30mLevel 5[0m set package 'clearpath_control' build argument 'cmake_target_skip_unavailable' from command line to 'False'
[0.327s] [34mcolcon.colcon_core.verb[0m [1;30mLevel 5[0m set package 'clearpath_control' build argument 'cmake_clean_cache' from command line to 'False'
[0.327s] [34mcolcon.colcon_core.verb[0m [1;30mLevel 5[0m set package 'clearpath_control' build argument 'cmake_clean_first' from command line to 'False'
[0.327s] [34mcolcon.colcon_core.verb[0m [1;30mLevel 5[0m set package 'clearpath_control' build argument 'cmake_force_configure' from command line to 'False'
[0.327s] [34mcolcon.colcon_core.verb[0m [1;30mLevel 5[0m set package 'clearpath_control' build argument 'ament_cmake_args' from command line to 'None'
[0.327s] [34mcolcon.colcon_core.verb[0m [1;30mLevel 5[0m set package 'clearpath_control' build argument 'catkin_cmake_args' from command line to 'None'
[0.327s] [34mcolcon.colcon_core.verb[0m [1;30mLevel 5[0m set package 'clearpath_control' build argument 'catkin_skip_building_tests' from command line to 'False'
[0.327s] [34mcolcon.colcon_core.verb[0m [1;30mDEBUG[0m [32mBuilding package 'clearpath_control' with the following arguments: {'ament_cmake_args': None, 'build_base': '/home/robot/debug_clear_ws/build/clearpath_control', 'catkin_cmake_args': None, 'catkin_skip_building_tests': False, 'cmake_args': None, 'cmake_clean_cache': False, 'cmake_clean_first': False, 'cmake_force_configure': False, 'cmake_target': None, 'cmake_target_skip_unavailable': False, 'install_base': '/home/robot/debug_clear_ws/install/clearpath_control', 'merge_install': False, 'path': '/home/robot/debug_clear_ws/src/clearpath_common/clearpath_control', 'symlink_install': False, 'test_result_base': None}[0m
[0.328s] [34mcolcon.colcon_core.verb[0m [1;30mLevel 5[0m set package 'clearpath_customization' build argument 'cmake_args' from command line to 'None'
[0.328s] [34mcolcon.colcon_core.verb[0m [1;30mLevel 5[0m set package 'clearpath_customization' build argument 'cmake_target' from command line to 'None'
[0.328s] [34mcolcon.colcon_core.verb[0m [1;30mLevel 5[0m set package 'clearpath_customization' build argument 'cmake_target_skip_unavailable' from command line to 'False'
[0.328s] [34mcolcon.colcon_core.verb[0m [1;30mLevel 5[0m set package 'clearpath_customization' build argument 'cmake_clean_cache' from command line to 'False'
[0.328s] [34mcolcon.colcon_core.verb[0m [1;30mLevel 5[0m set package 'clearpath_customization' build argument 'cmake_clean_first' from command line to 'False'
[0.328s] [34mcolcon.colcon_core.verb[0m [1;30mLevel 5[0m set package 'clearpath_customization' build argument 'cmake_force_configure' from command line to 'False'
[0.328s] [34mcolcon.colcon_core.verb[0m [1;30mLevel 5[0m set package 'clearpath_customization' build argument 'ament_cmake_args' from command line to 'None'
[0.328s] [34mcolcon.colcon_core.verb[0m [1;30mLevel 5[0m set package 'clearpath_customization' build argument 'catkin_cmake_args' from command line to 'None'
[0.328s] [34mcolcon.colcon_core.verb[0m [1;30mLevel 5[0m set package 'clearpath_customization' build argument 'catkin_skip_building_tests' from command line to 'False'
[0.328s] [34mcolcon.colcon_core.verb[0m [1;30mDEBUG[0m [32mBuilding package 'clearpath_customization' with the following arguments: {'ament_cmake_args': None, 'build_base': '/home/robot/debug_clear_ws/build/clearpath_customization', 'catkin_cmake_args': None, 'catkin_skip_building_tests': False, 'cmake_args': None, 'cmake_clean_cache': False, 'cmake_clean_first': False, 'cmake_force_configure': False, 'cmake_target': None, 'cmake_target_skip_unavailable': False, 'install_base': '/home/robot/debug_clear_ws/install/clearpath_customization', 'merge_install': False, 'path': '/home/robot/debug_clear_ws/src/clearpath_common/clearpath_customization', 'symlink_install': False, 'test_result_base': None}[0m
[0.329s] [34mcolcon.colcon_core.verb[0m [1;30mLevel 5[0m set package 'clearpath_manipulators_description' build argument 'cmake_args' from command line to 'None'
[0.329s] [34mcolcon.colcon_core.verb[0m [1;30mLevel 5[0m set package 'clearpath_manipulators_description' build argument 'cmake_target' from command line to 'None'
[0.329s] [34mcolcon.colcon_core.verb[0m [1;30mLevel 5[0m set package 'clearpath_manipulators_description' build argument 'cmake_target_skip_unavailable' from command line to 'False'
[0.329s] [34mcolcon.colcon_core.verb[0m [1;30mLevel 5[0m set package 'clearpath_manipulators_description' build argument 'cmake_clean_cache' from command line to 'False'
[0.329s] [34mcolcon.colcon_core.verb[0m [1;30mLevel 5[0m set package 'clearpath_manipulators_description' build argument 'cmake_clean_first' from command line to 'False'
[0.329s] [34mcolcon.colcon_core.verb[0m [1;30mLevel 5[0m set package 'clearpath_manipulators_description' build argument 'cmake_force_configure' from command line to 'False'
[0.329s] [34mcolcon.colcon_core.verb[0m [1;30mLevel 5[0m set package 'clearpath_manipulators_description' build argument 'ament_cmake_args' from command line to 'None'
[0.329s] [34mcolcon.colcon_core.verb[0m [1;30mLevel 5[0m set package 'clearpath_manipulators_description' build argument 'catkin_cmake_args' from command line to 'None'
[0.329s] [34mcolcon.colcon_core.verb[0m [1;30mLevel 5[0m set package 'clearpath_manipulators_description' build argument 'catkin_skip_building_tests' from command line to 'False'
[0.329s] [34mcolcon.colcon_core.verb[0m [1;30mDEBUG[0m [32mBuilding package 'clearpath_manipulators_description' with the following arguments: {'ament_cmake_args': None, 'build_base': '/home/robot/debug_clear_ws/build/clearpath_manipulators_description', 'catkin_cmake_args': None, 'catkin_skip_building_tests': False, 'cmake_args': None, 'cmake_clean_cache': False, 'cmake_clean_first': False, 'cmake_force_configure': False, 'cmake_target': None, 'cmake_target_skip_unavailable': False, 'install_base': '/home/robot/debug_clear_ws/install/clearpath_manipulators_description', 'merge_install': False, 'path': '/home/robot/debug_clear_ws/src/clearpath_common/clearpath_manipulators_description', 'symlink_install': False, 'test_result_base': None}[0m
[0.329s] [34mcolcon.colcon_core.verb[0m [1;30mLevel 5[0m set package 'clearpath_mounts_description' build argument 'cmake_args' from command line to 'None'
[0.329s] [34mcolcon.colcon_core.verb[0m [1;30mLevel 5[0m set package 'clearpath_mounts_description' build argument 'cmake_target' from command line to 'None'
[0.329s] [34mcolcon.colcon_core.verb[0m [1;30mLevel 5[0m set package 'clearpath_mounts_description' build argument 'cmake_target_skip_unavailable' from command line to 'False'
[0.329s] [34mcolcon.colcon_core.verb[0m [1;30mLevel 5[0m set package 'clearpath_mounts_description' build argument 'cmake_clean_cache' from command line to 'False'
[0.329s] [34mcolcon.colcon_core.verb[0m [1;30mLevel 5[0m set package 'clearpath_mounts_description' build argument 'cmake_clean_first' from command line to 'False'
[0.329s] [34mcolcon.colcon_core.verb[0m [1;30mLevel 5[0m set package 'clearpath_mounts_description' build argument 'cmake_force_configure' from command line to 'False'
[0.329s] [34mcolcon.colcon_core.verb[0m [1;30mLevel 5[0m set package 'clearpath_mounts_description' build argument 'ament_cmake_args' from command line to 'None'
[0.329s] [34mcolcon.colcon_core.verb[0m [1;30mLevel 5[0m set package 'clearpath_mounts_description' build argument 'catkin_cmake_args' from command line to 'None'
[0.329s] [34mcolcon.colcon_core.verb[0m [1;30mLevel 5[0m set package 'clearpath_mounts_description' build argument 'catkin_skip_building_tests' from command line to 'False'
[0.330s] [34mcolcon.colcon_core.verb[0m [1;30mDEBUG[0m [32mBuilding package 'clearpath_mounts_description' with the following arguments: {'ament_cmake_args': None, 'build_base': '/home/robot/debug_clear_ws/build/clearpath_mounts_description', 'catkin_cmake_args': None, 'catkin_skip_building_tests': False, 'cmake_args': None, 'cmake_clean_cache': False, 'cmake_clean_first': False, 'cmake_force_configure': False, 'cmake_target': None, 'cmake_target_skip_unavailable': False, 'install_base': '/home/robot/debug_clear_ws/install/clearpath_mounts_description', 'merge_install': False, 'path': '/home/robot/debug_clear_ws/src/clearpath_common/clearpath_mounts_description', 'symlink_install': False, 'test_result_base': None}[0m
[0.330s] [34mcolcon.colcon_core.verb[0m [1;30mLevel 5[0m set package 'clearpath_platform_description' build argument 'cmake_args' from command line to 'None'
[0.330s] [34mcolcon.colcon_core.verb[0m [1;30mLevel 5[0m set package 'clearpath_platform_description' build argument 'cmake_target' from command line to 'None'
[0.330s] [34mcolcon.colcon_core.verb[0m [1;30mLevel 5[0m set package 'clearpath_platform_description' build argument 'cmake_target_skip_unavailable' from command line to 'False'
[0.330s] [34mcolcon.colcon_core.verb[0m [1;30mLevel 5[0m set package 'clearpath_platform_description' build argument 'cmake_clean_cache' from command line to 'False'
[0.330s] [34mcolcon.colcon_core.verb[0m [1;30mLevel 5[0m set package 'clearpath_platform_description' build argument 'cmake_clean_first' from command line to 'False'
[0.330s] [34mcolcon.colcon_core.verb[0m [1;30mLevel 5[0m set package 'clearpath_platform_description' build argument 'cmake_force_configure' from command line to 'False'
[0.330s] [34mcolcon.colcon_core.verb[0m [1;30mLevel 5[0m set package 'clearpath_platform_description' build argument 'ament_cmake_args' from command line to 'None'
[0.330s] [34mcolcon.colcon_core.verb[0m [1;30mLevel 5[0m set package 'clearpath_platform_description' build argument 'catkin_cmake_args' from command line to 'None'
[0.330s] [34mcolcon.colcon_core.verb[0m [1;30mLevel 5[0m set package 'clearpath_platform_description' build argument 'catkin_skip_building_tests' from command line to 'False'
[0.330s] [34mcolcon.colcon_core.verb[0m [1;30mDEBUG[0m [32mBuilding package 'clearpath_platform_description' with the following arguments: {'ament_cmake_args': None, 'build_base': '/home/robot/debug_clear_ws/build/clearpath_platform_description', 'catkin_cmake_args': None, 'catkin_skip_building_tests': False, 'cmake_args': None, 'cmake_clean_cache': False, 'cmake_clean_first': False, 'cmake_force_configure': False, 'cmake_target': None, 'cmake_target_skip_unavailable': False, 'install_base': '/home/robot/debug_clear_ws/install/clearpath_platform_description', 'merge_install': False, 'path': '/home/robot/debug_clear_ws/src/clearpath_common/clearpath_platform_description', 'symlink_install': False, 'test_result_base': None}[0m
[0.331s] [34mcolcon.colcon_core.verb[0m [1;30mLevel 5[0m set package 'clearpath_platform_msgs' build argument 'cmake_args' from command line to 'None'
[0.331s] [34mcolcon.colcon_core.verb[0m [1;30mLevel 5[0m set package 'clearpath_platform_msgs' build argument 'cmake_target' from command line to 'None'
[0.331s] [34mcolcon.colcon_core.verb[0m [1;30mLevel 5[0m set package 'clearpath_platform_msgs' build argument 'cmake_target_skip_unavailable' from command line to 'False'
[0.331s] [34mcolcon.colcon_core.verb[0m [1;30mLevel 5[0m set package 'clearpath_platform_msgs' build argument 'cmake_clean_cache' from command line to 'False'
[0.331s] [34mcolcon.colcon_core.verb[0m [1;30mLevel 5[0m set package 'clearpath_platform_msgs' build argument 'cmake_clean_first' from command line to 'False'
[0.331s] [34mcolcon.colcon_core.verb[0m [1;30mLevel 5[0m set package 'clearpath_platform_msgs' build argument 'cmake_force_configure' from command line to 'False'
[0.331s] [34mcolcon.colcon_core.verb[0m [1;30mLevel 5[0m set package 'clearpath_platform_msgs' build argument 'ament_cmake_args' from command line to 'None'
[0.331s] [34mcolcon.colcon_core.verb[0m [1;30mLevel 5[0m set package 'clearpath_platform_msgs' build argument 'catkin_cmake_args' from command line to 'None'
[0.331s] [34mcolcon.colcon_core.verb[0m [1;30mLevel 5[0m set package 'clearpath_platform_msgs' build argument 'catkin_skip_building_tests' from command line to 'False'
[0.331s] [34mcolcon.colcon_core.verb[0m [1;30mDEBUG[0m [32mBuilding package 'clearpath_platform_msgs' with the following arguments: {'ament_cmake_args': None, 'build_base': '/home/robot/debug_clear_ws/build/clearpath_platform_msgs', 'catkin_cmake_args': None, 'catkin_skip_building_tests': False, 'cmake_args': None, 'cmake_clean_cache': False, 'cmake_clean_first': False, 'cmake_force_configure': False, 'cmake_target': None, 'cmake_target_skip_unavailable': False, 'install_base': '/home/robot/debug_clear_ws/install/clearpath_platform_msgs', 'merge_install': False, 'path': '/home/robot/debug_clear_ws/src/clearpath_msgs/clearpath_platform_msgs', 'symlink_install': False, 'test_result_base': None}[0m
[0.331s] [34mcolcon.colcon_core.verb[0m [1;30mLevel 5[0m set package 'clearpath_sensors_description' build argument 'cmake_args' from command line to 'None'
[0.331s] [34mcolcon.colcon_core.verb[0m [1;30mLevel 5[0m set package 'clearpath_sensors_description' build argument 'cmake_target' from command line to 'None'
[0.331s] [34mcolcon.colcon_core.verb[0m [1;30mLevel 5[0m set package 'clearpath_sensors_description' build argument 'cmake_target_skip_unavailable' from command line to 'False'
[0.331s] [34mcolcon.colcon_core.verb[0m [1;30mLevel 5[0m set package 'clearpath_sensors_description' build argument 'cmake_clean_cache' from command line to 'False'
[0.331s] [34mcolcon.colcon_core.verb[0m [1;30mLevel 5[0m set package 'clearpath_sensors_description' build argument 'cmake_clean_first' from command line to 'False'
[0.331s] [34mcolcon.colcon_core.verb[0m [1;30mLevel 5[0m set package 'clearpath_sensors_description' build argument 'cmake_force_configure' from command line to 'False'
[0.331s] [34mcolcon.colcon_core.verb[0m [1;30mLevel 5[0m set package 'clearpath_sensors_description' build argument 'ament_cmake_args' from command line to 'None'
[0.331s] [34mcolcon.colcon_core.verb[0m [1;30mLevel 5[0m set package 'clearpath_sensors_description' build argument 'catkin_cmake_args' from command line to 'None'
[0.332s] [34mcolcon.colcon_core.verb[0m [1;30mLevel 5[0m set package 'clearpath_sensors_description' build argument 'catkin_skip_building_tests' from command line to 'False'
[0.332s] [34mcolcon.colcon_core.verb[0m [1;30mDEBUG[0m [32mBuilding package 'clearpath_sensors_description' with the following arguments: {'ament_cmake_args': None, 'build_base': '/home/robot/debug_clear_ws/build/clearpath_sensors_description', 'catkin_cmake_args': None, 'catkin_skip_building_tests': False, 'cmake_args': None, 'cmake_clean_cache': False, 'cmake_clean_first': False, 'cmake_force_configure': False, 'cmake_target': None, 'cmake_target_skip_unavailable': False, 'install_base': '/home/robot/debug_clear_ws/install/clearpath_sensors_description', 'merge_install': False, 'path': '/home/robot/debug_clear_ws/src/clearpath_common/clearpath_sensors_description', 'symlink_install': False, 'test_result_base': None}[0m
[0.332s] [34mcolcon.colcon_core.verb[0m [1;30mLevel 5[0m set package 'yolo_msgs' build argument 'cmake_args' from command line to 'None'
[0.332s] [34mcolcon.colcon_core.verb[0m [1;30mLevel 5[0m set package 'yolo_msgs' build argument 'cmake_target' from command line to 'None'
[0.332s] [34mcolcon.colcon_core.verb[0m [1;30mLevel 5[0m set package 'yolo_msgs' build argument 'cmake_target_skip_unavailable' from command line to 'False'
[0.332s] [34mcolcon.colcon_core.verb[0m [1;30mLevel 5[0m set package 'yolo_msgs' build argument 'cmake_clean_cache' from command line to 'False'
[0.332s] [34mcolcon.colcon_core.verb[0m [1;30mLevel 5[0m set package 'yolo_msgs' build argument 'cmake_clean_first' from command line to 'False'
[0.332s] [34mcolcon.colcon_core.verb[0m [1;30mLevel 5[0m set package 'yolo_msgs' build argument 'cmake_force_configure' from command line to 'False'
[0.332s] [34mcolcon.colcon_core.verb[0m [1;30mLevel 5[0m set package 'yolo_msgs' build argument 'ament_cmake_args' from command line to 'None'
[0.332s] [34mcolcon.colcon_core.verb[0m [1;30mLevel 5[0m set package 'yolo_msgs' build argument 'catkin_cmake_args' from command line to 'None'
[0.332s] [34mcolcon.colcon_core.verb[0m [1;30mLevel 5[0m set package 'yolo_msgs' build argument 'catkin_skip_building_tests' from command line to 'False'
[0.332s] [34mcolcon.colcon_core.verb[0m [1;30mDEBUG[0m [32mBuilding package 'yolo_msgs' with the following arguments: {'ament_cmake_args': None, 'build_base': '/home/robot/debug_clear_ws/build/yolo_msgs', 'catkin_cmake_args': None, 'catkin_skip_building_tests': False, 'cmake_args': None, 'cmake_clean_cache': False, 'cmake_clean_first': False, 'cmake_force_configure': False, 'cmake_target': None, 'cmake_target_skip_unavailable': False, 'install_base': '/home/robot/debug_clear_ws/install/yolo_msgs', 'merge_install': False, 'path': '/home/robot/debug_clear_ws/src/yolo_ros/yolo_msgs', 'symlink_install': False, 'test_result_base': None}[0m
[0.333s] [34mcolcon.colcon_core.verb[0m [1;30mLevel 5[0m set package 'clearpath_description' build argument 'cmake_args' from command line to 'None'
[0.333s] [34mcolcon.colcon_core.verb[0m [1;30mLevel 5[0m set package 'clearpath_description' build argument 'cmake_target' from command line to 'None'
[0.333s] [34mcolcon.colcon_core.verb[0m [1;30mLevel 5[0m set package 'clearpath_description' build argument 'cmake_target_skip_unavailable' from command line to 'False'
[0.333s] [34mcolcon.colcon_core.verb[0m [1;30mLevel 5[0m set package 'clearpath_description' build argument 'cmake_clean_cache' from command line to 'False'
[0.333s] [34mcolcon.colcon_core.verb[0m [1;30mLevel 5[0m set package 'clearpath_description' build argument 'cmake_clean_first' from command line to 'False'
[0.333s] [34mcolcon.colcon_core.verb[0m [1;30mLevel 5[0m set package 'clearpath_description' build argument 'cmake_force_configure' from command line to 'False'
[0.333s] [34mcolcon.colcon_core.verb[0m [1;30mLevel 5[0m set package 'clearpath_description' build argument 'ament_cmake_args' from command line to 'None'
[0.333s] [34mcolcon.colcon_core.verb[0m [1;30mLevel 5[0m set package 'clearpath_description' build argument 'catkin_cmake_args' from command line to 'None'
[0.333s] [34mcolcon.colcon_core.verb[0m [1;30mLevel 5[0m set package 'clearpath_description' build argument 'catkin_skip_building_tests' from command line to 'False'
[0.333s] [34mcolcon.colcon_core.verb[0m [1;30mDEBUG[0m [32mBuilding package 'clearpath_description' with the following arguments: {'ament_cmake_args': None, 'build_base': '/home/robot/debug_clear_ws/build/clearpath_description', 'catkin_cmake_args': None, 'catkin_skip_building_tests': False, 'cmake_args': None, 'cmake_clean_cache': False, 'cmake_clean_first': False, 'cmake_force_configure': False, 'cmake_target': None, 'cmake_target_skip_unavailable': False, 'install_base': '/home/robot/debug_clear_ws/install/clearpath_description', 'merge_install': False, 'path': '/home/robot/debug_clear_ws/src/clearpath_common/clearpath_description', 'symlink_install': False, 'test_result_base': None}[0m
[0.333s] [34mcolcon.colcon_core.verb[0m [1;30mLevel 5[0m set package 'clearpath_manipulators' build argument 'cmake_args' from command line to 'None'
[0.333s] [34mcolcon.colcon_core.verb[0m [1;30mLevel 5[0m set package 'clearpath_manipulators' build argument 'cmake_target' from command line to 'None'
[0.333s] [34mcolcon.colcon_core.verb[0m [1;30mLevel 5[0m set package 'clearpath_manipulators' build argument 'cmake_target_skip_unavailable' from command line to 'False'
[0.333s] [34mcolcon.colcon_core.verb[0m [1;30mLevel 5[0m set package 'clearpath_manipulators' build argument 'cmake_clean_cache' from command line to 'False'
[0.333s] [34mcolcon.colcon_core.verb[0m [1;30mLevel 5[0m set package 'clearpath_manipulators' build argument 'cmake_clean_first' from command line to 'False'
[0.333s] [34mcolcon.colcon_core.verb[0m [1;30mLevel 5[0m set package 'clearpath_manipulators' build argument 'cmake_force_configure' from command line to 'False'
[0.333s] [34mcolcon.colcon_core.verb[0m [1;30mLevel 5[0m set package 'clearpath_manipulators' build argument 'ament_cmake_args' from command line to 'None'
[0.333s] [34mcolcon.colcon_core.verb[0m [1;30mLevel 5[0m set package 'clearpath_manipulators' build argument 'catkin_cmake_args' from command line to 'None'
[0.334s] [34mcolcon.colcon_core.verb[0m [1;30mLevel 5[0m set package 'clearpath_manipulators' build argument 'catkin_skip_building_tests' from command line to 'False'
[0.334s] [34mcolcon.colcon_core.verb[0m [1;30mDEBUG[0m [32mBuilding package 'clearpath_manipulators' with the following arguments: {'ament_cmake_args': None, 'build_base': '/home/robot/debug_clear_ws/build/clearpath_manipulators', 'catkin_cmake_args': None, 'catkin_skip_building_tests': False, 'cmake_args': None, 'cmake_clean_cache': False, 'cmake_clean_first': False, 'cmake_force_configure': False, 'cmake_target': None, 'cmake_target_skip_unavailable': False, 'install_base': '/home/robot/debug_clear_ws/install/clearpath_manipulators', 'merge_install': False, 'path': '/home/robot/debug_clear_ws/src/clearpath_common/clearpath_manipulators', 'symlink_install': False, 'test_result_base': None}[0m
[0.334s] [34mcolcon.colcon_core.verb[0m [1;30mLevel 5[0m set package 'clearpath_msgs' build argument 'cmake_args' from command line to 'None'
[0.334s] [34mcolcon.colcon_core.verb[0m [1;30mLevel 5[0m set package 'clearpath_msgs' build argument 'cmake_target' from command line to 'None'
[0.334s] [34mcolcon.colcon_core.verb[0m [1;30mLevel 5[0m set package 'clearpath_msgs' build argument 'cmake_target_skip_unavailable' from command line to 'False'
[0.334s] [34mcolcon.colcon_core.verb[0m [1;30mLevel 5[0m set package 'clearpath_msgs' build argument 'cmake_clean_cache' from command line to 'False'
[0.334s] [34mcolcon.colcon_core.verb[0m [1;30mLevel 5[0m set package 'clearpath_msgs' build argument 'cmake_clean_first' from command line to 'False'
[0.334s] [34mcolcon.colcon_core.verb[0m [1;30mLevel 5[0m set package 'clearpath_msgs' build argument 'cmake_force_configure' from command line to 'False'
[0.334s] [34mcolcon.colcon_core.verb[0m [1;30mLevel 5[0m set package 'clearpath_msgs' build argument 'ament_cmake_args' from command line to 'None'
[0.334s] [34mcolcon.colcon_core.verb[0m [1;30mLevel 5[0m set package 'clearpath_msgs' build argument 'catkin_cmake_args' from command line to 'None'
[0.334s] [34mcolcon.colcon_core.verb[0m [1;30mLevel 5[0m set package 'clearpath_msgs' build argument 'catkin_skip_building_tests' from command line to 'False'
[0.334s] [34mcolcon.colcon_core.verb[0m [1;30mDEBUG[0m [32mBuilding package 'clearpath_msgs' with the following arguments: {'ament_cmake_args': None, 'build_base': '/home/robot/debug_clear_ws/build/clearpath_msgs', 'catkin_cmake_args': None, 'catkin_skip_building_tests': False, 'cmake_args': None, 'cmake_clean_cache': False, 'cmake_clean_first': False, 'cmake_force_configure': False, 'cmake_target': None, 'cmake_target_skip_unavailable': False, 'install_base': '/home/robot/debug_clear_ws/install/clearpath_msgs', 'merge_install': False, 'path': '/home/robot/debug_clear_ws/src/clearpath_msgs/clearpath_msgs', 'symlink_install': False, 'test_result_base': None}[0m
[0.335s] [34mcolcon.colcon_core.verb[0m [1;30mLevel 5[0m set package 'clearpath_platform' build argument 'cmake_args' from command line to 'None'
[0.335s] [34mcolcon.colcon_core.verb[0m [1;30mLevel 5[0m set package 'clearpath_platform' build argument 'cmake_target' from command line to 'None'
[0.335s] [34mcolcon.colcon_core.verb[0m [1;30mLevel 5[0m set package 'clearpath_platform' build argument 'cmake_target_skip_unavailable' from command line to 'False'
[0.335s] [34mcolcon.colcon_core.verb[0m [1;30mLevel 5[0m set package 'clearpath_platform' build argument 'cmake_clean_cache' from command line to 'False'
[0.335s] [34mcolcon.colcon_core.verb[0m [1;30mLevel 5[0m set package 'clearpath_platform' build argument 'cmake_clean_first' from command line to 'False'
[0.335s] [34mcolcon.colcon_core.verb[0m [1;30mLevel 5[0m set package 'clearpath_platform' build argument 'cmake_force_configure' from command line to 'False'
[0.335s] [34mcolcon.colcon_core.verb[0m [1;30mLevel 5[0m set package 'clearpath_platform' build argument 'ament_cmake_args' from command line to 'None'
[0.335s] [34mcolcon.colcon_core.verb[0m [1;30mLevel 5[0m set package 'clearpath_platform' build argument 'catkin_cmake_args' from command line to 'None'
[0.335s] [34mcolcon.colcon_core.verb[0m [1;30mLevel 5[0m set package 'clearpath_platform' build argument 'catkin_skip_building_tests' from command line to 'False'
[0.335s] [34mcolcon.colcon_core.verb[0m [1;30mDEBUG[0m [32mBuilding package 'clearpath_platform' with the following arguments: {'ament_cmake_args': None, 'build_base': '/home/robot/debug_clear_ws/build/clearpath_platform', 'catkin_cmake_args': None, 'catkin_skip_building_tests': False, 'cmake_args': None, 'cmake_clean_cache': False, 'cmake_clean_first': False, 'cmake_force_configure': False, 'cmake_target': None, 'cmake_target_skip_unavailable': False, 'install_base': '/home/robot/debug_clear_ws/install/clearpath_platform', 'merge_install': False, 'path': '/home/robot/debug_clear_ws/src/clearpath_common/clearpath_platform', 'symlink_install': False, 'test_result_base': None}[0m
[0.335s] [34mcolcon.colcon_core.verb[0m [1;30mLevel 5[0m set package 'yolo_ros' build argument 'cmake_args' from command line to 'None'
[0.335s] [34mcolcon.colcon_core.verb[0m [1;30mLevel 5[0m set package 'yolo_ros' build argument 'cmake_target' from command line to 'None'
[0.335s] [34mcolcon.colcon_core.verb[0m [1;30mLevel 5[0m set package 'yolo_ros' build argument 'cmake_target_skip_unavailable' from command line to 'False'
[0.335s] [34mcolcon.colcon_core.verb[0m [1;30mLevel 5[0m set package 'yolo_ros' build argument 'cmake_clean_cache' from command line to 'False'
[0.335s] [34mcolcon.colcon_core.verb[0m [1;30mLevel 5[0m set package 'yolo_ros' build argument 'cmake_clean_first' from command line to 'False'
[0.335s] [34mcolcon.colcon_core.verb[0m [1;30mLevel 5[0m set package 'yolo_ros' build argument 'cmake_force_configure' from command line to 'False'
[0.335s] [34mcolcon.colcon_core.verb[0m [1;30mLevel 5[0m set package 'yolo_ros' build argument 'ament_cmake_args' from command line to 'None'
[0.336s] [34mcolcon.colcon_core.verb[0m [1;30mLevel 5[0m set package 'yolo_ros' build argument 'catkin_cmake_args' from command line to 'None'
[0.336s] [34mcolcon.colcon_core.verb[0m [1;30mLevel 5[0m set package 'yolo_ros' build argument 'catkin_skip_building_tests' from command line to 'False'
[0.336s] [34mcolcon.colcon_core.verb[0m [1;30mDEBUG[0m [32mBuilding package 'yolo_ros' with the following arguments: {'ament_cmake_args': None, 'build_base': '/home/robot/debug_clear_ws/build/yolo_ros', 'catkin_cmake_args': None, 'catkin_skip_building_tests': False, 'cmake_args': None, 'cmake_clean_cache': False, 'cmake_clean_first': False, 'cmake_force_configure': False, 'cmake_target': None, 'cmake_target_skip_unavailable': False, 'install_base': '/home/robot/debug_clear_ws/install/yolo_ros', 'merge_install': False, 'path': '/home/robot/debug_clear_ws/src/yolo_ros/yolo_ros', 'symlink_install': False, 'test_result_base': None}[0m
[0.336s] [34mcolcon.colcon_core.verb[0m [1;30mLevel 5[0m set package 'clearpath_generator_common' build argument 'cmake_args' from command line to 'None'
[0.336s] [34mcolcon.colcon_core.verb[0m [1;30mLevel 5[0m set package 'clearpath_generator_common' build argument 'cmake_target' from command line to 'None'
[0.336s] [34mcolcon.colcon_core.verb[0m [1;30mLevel 5[0m set package 'clearpath_generator_common' build argument 'cmake_target_skip_unavailable' from command line to 'False'
[0.336s] [34mcolcon.colcon_core.verb[0m [1;30mLevel 5[0m set package 'clearpath_generator_common' build argument 'cmake_clean_cache' from command line to 'False'
[0.336s] [34mcolcon.colcon_core.verb[0m [1;30mLevel 5[0m set package 'clearpath_generator_common' build argument 'cmake_clean_first' from command line to 'False'
[0.336s] [34mcolcon.colcon_core.verb[0m [1;30mLevel 5[0m set package 'clearpath_generator_common' build argument 'cmake_force_configure' from command line to 'False'
[0.336s] [34mcolcon.colcon_core.verb[0m [1;30mLevel 5[0m set package 'clearpath_generator_common' build argument 'ament_cmake_args' from command line to 'None'
[0.336s] [34mcolcon.colcon_core.verb[0m [1;30mLevel 5[0m set package 'clearpath_generator_common' build argument 'catkin_cmake_args' from command line to 'None'
[0.336s] [34mcolcon.colcon_core.verb[0m [1;30mLevel 5[0m set package 'clearpath_generator_common' build argument 'catkin_skip_building_tests' from command line to 'False'
[0.336s] [34mcolcon.colcon_core.verb[0m [1;30mDEBUG[0m [32mBuilding package 'clearpath_generator_common' with the following arguments: {'ament_cmake_args': None, 'build_base': '/home/robot/debug_clear_ws/build/clearpath_generator_common', 'catkin_cmake_args': None, 'catkin_skip_building_tests': False, 'cmake_args': None, 'cmake_clean_cache': False, 'cmake_clean_first': False, 'cmake_force_configure': False, 'cmake_target': None, 'cmake_target_skip_unavailable': False, 'install_base': '/home/robot/debug_clear_ws/install/clearpath_generator_common', 'merge_install': False, 'path': '/home/robot/debug_clear_ws/src/clearpath_common/clearpath_generator_common', 'symlink_install': False, 'test_result_base': None}[0m
[0.337s] [34mcolcon.colcon_core.verb[0m [1;30mLevel 5[0m set package 'yolo_bringup' build argument 'cmake_args' from command line to 'None'
[0.337s] [34mcolcon.colcon_core.verb[0m [1;30mLevel 5[0m set package 'yolo_bringup' build argument 'cmake_target' from command line to 'None'
[0.337s] [34mcolcon.colcon_core.verb[0m [1;30mLevel 5[0m set package 'yolo_bringup' build argument 'cmake_target_skip_unavailable' from command line to 'False'
[0.337s] [34mcolcon.colcon_core.verb[0m [1;30mLevel 5[0m set package 'yolo_bringup' build argument 'cmake_clean_cache' from command line to 'False'
[0.337s] [34mcolcon.colcon_core.verb[0m [1;30mLevel 5[0m set package 'yolo_bringup' build argument 'cmake_clean_first' from command line to 'False'
[0.337s] [34mcolcon.colcon_core.verb[0m [1;30mLevel 5[0m set package 'yolo_bringup' build argument 'cmake_force_configure' from command line to 'False'
[0.337s] [34mcolcon.colcon_core.verb[0m [1;30mLevel 5[0m set package 'yolo_bringup' build argument 'ament_cmake_args' from command line to 'None'
[0.337s] [34mcolcon.colcon_core.verb[0m [1;30mLevel 5[0m set package 'yolo_bringup' build argument 'catkin_cmake_args' from command line to 'None'
[0.337s] [34mcolcon.colcon_core.verb[0m [1;30mLevel 5[0m set package 'yolo_bringup' build argument 'catkin_skip_building_tests' from command line to 'False'
[0.337s] [34mcolcon.colcon_core.verb[0m [1;30mDEBUG[0m [32mBuilding package 'yolo_bringup' with the following arguments: {'ament_cmake_args': None, 'build_base': '/home/robot/debug_clear_ws/build/yolo_bringup', 'catkin_cmake_args': None, 'catkin_skip_building_tests': False, 'cmake_args': None, 'cmake_clean_cache': False, 'cmake_clean_first': False, 'cmake_force_configure': False, 'cmake_target': None, 'cmake_target_skip_unavailable': False, 'install_base': '/home/robot/debug_clear_ws/install/yolo_bringup', 'merge_install': False, 'path': '/home/robot/debug_clear_ws/src/yolo_ros/yolo_bringup', 'symlink_install': False, 'test_result_base': None}[0m
[0.337s] [34mcolcon.colcon_core.verb[0m [1;30mLevel 5[0m set package 'clearpath_common' build argument 'cmake_args' from command line to 'None'
[0.337s] [34mcolcon.colcon_core.verb[0m [1;30mLevel 5[0m set package 'clearpath_common' build argument 'cmake_target' from command line to 'None'
[0.337s] [34mcolcon.colcon_core.verb[0m [1;30mLevel 5[0m set package 'clearpath_common' build argument 'cmake_target_skip_unavailable' from command line to 'False'
[0.337s] [34mcolcon.colcon_core.verb[0m [1;30mLevel 5[0m set package 'clearpath_common' build argument 'cmake_clean_cache' from command line to 'False'
[0.338s] [34mcolcon.colcon_core.verb[0m [1;30mLevel 5[0m set package 'clearpath_common' build argument 'cmake_clean_first' from command line to 'False'
[0.338s] [34mcolcon.colcon_core.verb[0m [1;30mLevel 5[0m set package 'clearpath_common' build argument 'cmake_force_configure' from command line to 'False'
[0.338s] [34mcolcon.colcon_core.verb[0m [1;30mLevel 5[0m set package 'clearpath_common' build argument 'ament_cmake_args' from command line to 'None'
[0.338s] [34mcolcon.colcon_core.verb[0m [1;30mLevel 5[0m set package 'clearpath_common' build argument 'catkin_cmake_args' from command line to 'None'
[0.338s] [34mcolcon.colcon_core.verb[0m [1;30mLevel 5[0m set package 'clearpath_common' build argument 'catkin_skip_building_tests' from command line to 'False'
[0.338s] [34mcolcon.colcon_core.verb[0m [1;30mDEBUG[0m [32mBuilding package 'clearpath_common' with the following arguments: {'ament_cmake_args': None, 'build_base': '/home/robot/debug_clear_ws/build/clearpath_common', 'catkin_cmake_args': None, 'catkin_skip_building_tests': False, 'cmake_args': None, 'cmake_clean_cache': False, 'cmake_clean_first': False, 'cmake_force_configure': False, 'cmake_target': None, 'cmake_target_skip_unavailable': False, 'install_base': '/home/robot/debug_clear_ws/install/clearpath_common', 'merge_install': False, 'path': '/home/robot/debug_clear_ws/src/clearpath_common/clearpath_common', 'symlink_install': False, 'test_result_base': None}[0m
[0.338s] [34mcolcon.colcon_core.verb[0m [1;30mLevel 5[0m set package 'clearpath_generator_gz' build argument 'cmake_args' from command line to 'None'
[0.338s] [34mcolcon.colcon_core.verb[0m [1;30mLevel 5[0m set package 'clearpath_generator_gz' build argument 'cmake_target' from command line to 'None'
[0.338s] [34mcolcon.colcon_core.verb[0m [1;30mLevel 5[0m set package 'clearpath_generator_gz' build argument 'cmake_target_skip_unavailable' from command line to 'False'
[0.338s] [34mcolcon.colcon_core.verb[0m [1;30mLevel 5[0m set package 'clearpath_generator_gz' build argument 'cmake_clean_cache' from command line to 'False'
[0.338s] [34mcolcon.colcon_core.verb[0m [1;30mLevel 5[0m set package 'clearpath_generator_gz' build argument 'cmake_clean_first' from command line to 'False'
[0.338s] [34mcolcon.colcon_core.verb[0m [1;30mLevel 5[0m set package 'clearpath_generator_gz' build argument 'cmake_force_configure' from command line to 'False'
[0.338s] [34mcolcon.colcon_core.verb[0m [1;30mLevel 5[0m set package 'clearpath_generator_gz' build argument 'ament_cmake_args' from command line to 'None'
[0.338s] [34mcolcon.colcon_core.verb[0m [1;30mLevel 5[0m set package 'clearpath_generator_gz' build argument 'catkin_cmake_args' from command line to 'None'
[0.338s] [34mcolcon.colcon_core.verb[0m [1;30mLevel 5[0m set package 'clearpath_generator_gz' build argument 'catkin_skip_building_tests' from command line to 'False'
[0.339s] [34mcolcon.colcon_core.verb[0m [1;30mDEBUG[0m [32mBuilding package 'clearpath_generator_gz' with the following arguments: {'ament_cmake_args': None, 'build_base': '/home/robot/debug_clear_ws/build/clearpath_generator_gz', 'catkin_cmake_args': None, 'catkin_skip_building_tests': False, 'cmake_args': None, 'cmake_clean_cache': False, 'cmake_clean_first': False, 'cmake_force_configure': False, 'cmake_target': None, 'cmake_target_skip_unavailable': False, 'install_base': '/home/robot/debug_clear_ws/install/clearpath_generator_gz', 'merge_install': False, 'path': '/home/robot/debug_clear_ws/src/clearpath_simulator/clearpath_generator_gz', 'symlink_install': False, 'test_result_base': None}[0m
[0.339s] [34mcolcon.colcon_core.verb[0m [1;30mLevel 5[0m set package 'clearpath_gz' build argument 'cmake_args' from command line to 'None'
[0.339s] [34mcolcon.colcon_core.verb[0m [1;30mLevel 5[0m set package 'clearpath_gz' build argument 'cmake_target' from command line to 'None'
[0.339s] [34mcolcon.colcon_core.verb[0m [1;30mLevel 5[0m set package 'clearpath_gz' build argument 'cmake_target_skip_unavailable' from command line to 'False'
[0.339s] [34mcolcon.colcon_core.verb[0m [1;30mLevel 5[0m set package 'clearpath_gz' build argument 'cmake_clean_cache' from command line to 'False'
[0.340s] [34mcolcon.colcon_core.verb[0m [1;30mLevel 5[0m set package 'clearpath_gz' build argument 'cmake_clean_first' from command line to 'False'
[0.340s] [34mcolcon.colcon_core.verb[0m [1;30mLevel 5[0m set package 'clearpath_gz' build argument 'cmake_force_configure' from command line to 'False'
[0.340s] [34mcolcon.colcon_core.verb[0m [1;30mLevel 5[0m set package 'clearpath_gz' build argument 'ament_cmake_args' from command line to 'None'
[0.340s] [34mcolcon.colcon_core.verb[0m [1;30mLevel 5[0m set package 'clearpath_gz' build argument 'catkin_cmake_args' from command line to 'None'
[0.340s] [34mcolcon.colcon_core.verb[0m [1;30mLevel 5[0m set package 'clearpath_gz' build argument 'catkin_skip_building_tests' from command line to 'False'
[0.340s] [34mcolcon.colcon_core.verb[0m [1;30mDEBUG[0m [32mBuilding package 'clearpath_gz' with the following arguments: {'ament_cmake_args': None, 'build_base': '/home/robot/debug_clear_ws/build/clearpath_gz', 'catkin_cmake_args': None, 'catkin_skip_building_tests': False, 'cmake_args': None, 'cmake_clean_cache': False, 'cmake_clean_first': False, 'cmake_force_configure': False, 'cmake_target': None, 'cmake_target_skip_unavailable': False, 'install_base': '/home/robot/debug_clear_ws/install/clearpath_gz', 'merge_install': False, 'path': '/home/robot/debug_clear_ws/src/clearpath_simulator/clearpath_gz', 'symlink_install': False, 'test_result_base': None}[0m
[0.340s] [34mcolcon.colcon_core.verb[0m [1;30mLevel 5[0m set package 'clearpath_simulator' build argument 'cmake_args' from command line to 'None'
[0.340s] [34mcolcon.colcon_core.verb[0m [1;30mLevel 5[0m set package 'clearpath_simulator' build argument 'cmake_target' from command line to 'None'
[0.340s] [34mcolcon.colcon_core.verb[0m [1;30mLevel 5[0m set package 'clearpath_simulator' build argument 'cmake_target_skip_unavailable' from command line to 'False'
[0.340s] [34mcolcon.colcon_core.verb[0m [1;30mLevel 5[0m set package 'clearpath_simulator' build argument 'cmake_clean_cache' from command line to 'False'
[0.340s] [34mcolcon.colcon_core.verb[0m [1;30mLevel 5[0m set package 'clearpath_simulator' build argument 'cmake_clean_first' from command line to 'False'
[0.341s] [34mcolcon.colcon_core.verb[0m [1;30mLevel 5[0m set package 'clearpath_simulator' build argument 'cmake_force_configure' from command line to 'False'
[0.341s] [34mcolcon.colcon_core.verb[0m [1;30mLevel 5[0m set package 'clearpath_simulator' build argument 'ament_cmake_args' from command line to 'None'
[0.341s] [34mcolcon.colcon_core.verb[0m [1;30mLevel 5[0m set package 'clearpath_simulator' build argument 'catkin_cmake_args' from command line to 'None'
[0.341s] [34mcolcon.colcon_core.verb[0m [1;30mLevel 5[0m set package 'clearpath_simulator' build argument 'catkin_skip_building_tests' from command line to 'False'
[0.341s] [34mcolcon.colcon_core.verb[0m [1;30mDEBUG[0m [32mBuilding package 'clearpath_simulator' with the following arguments: {'ament_cmake_args': None, 'build_base': '/home/robot/debug_clear_ws/build/clearpath_simulator', 'catkin_cmake_args': None, 'catkin_skip_building_tests': False, 'cmake_args': None, 'cmake_clean_cache': False, 'cmake_clean_first': False, 'cmake_force_configure': False, 'cmake_target': None, 'cmake_target_skip_unavailable': False, 'install_base': '/home/robot/debug_clear_ws/install/clearpath_simulator', 'merge_install': False, 'path': '/home/robot/debug_clear_ws/src/clearpath_simulator/clearpath_simulator', 'symlink_install': False, 'test_result_base': None}[0m
[0.341s] [34mcolcon.colcon_core.executor[0m [1;30mINFO[0m Executing jobs using 'parallel' executor
[0.342s] [34mcolcon.colcon_parallel_executor.executor.parallel[0m [1;30mDEBUG[0m [32mrun_until_complete[0m
[0.343s] [34mcolcon.colcon_ros.task.ament_cmake.build[0m [1;30mINFO[0m Building ROS package in '/home/robot/debug_clear_ws/src/clearpath_common/clearpath_manipulators_description' with build type 'ament_cmake'
[0.343s] [34mcolcon.colcon_cmake.task.cmake.build[0m [1;30mINFO[0m Building CMake package in '/home/robot/debug_clear_ws/src/clearpath_common/clearpath_manipulators_description'
[0.346s] [34mcolcon.colcon_core.plugin_system[0m [1;30mINFO[0m Skipping extension 'colcon_core.shell.bat': Not used on non-Windows systems
[0.346s] [34mcolcon.colcon_core.shell[0m [1;30mINFO[0m Skip shell extension 'powershell' for command environment: Not usable outside of PowerShell
[0.346s] [34mcolcon.colcon_core.shell[0m [1;30mDEBUG[0m [32mSkip shell extension 'dsv' for command environment[0m
[0.351s] [34mcolcon.colcon_ros.task.ament_cmake.build[0m [1;30mINFO[0m Building ROS package in '/home/robot/debug_clear_ws/src/clearpath_common/clearpath_platform_description' with build type 'ament_cmake'
[0.351s] [34mcolcon.colcon_cmake.task.cmake.build[0m [1;30mINFO[0m Building CMake package in '/home/robot/debug_clear_ws/src/clearpath_common/clearpath_platform_description'
[0.351s] [34mcolcon.colcon_core.shell[0m [1;30mINFO[0m Skip shell extension 'powershell' for command environment: Not usable outside of PowerShell
[0.352s] [34mcolcon.colcon_core.shell[0m [1;30mDEBUG[0m [32mSkip shell extension 'dsv' for command environment[0m
[0.358s] [34mcolcon.colcon_ros.task.ament_cmake.build[0m [1;30mINFO[0m Building ROS package in '/home/robot/debug_clear_ws/src/clearpath_msgs/clearpath_platform_msgs' with build type 'ament_cmake'
[0.358s] [34mcolcon.colcon_cmake.task.cmake.build[0m [1;30mINFO[0m Building CMake package in '/home/robot/debug_clear_ws/src/clearpath_msgs/clearpath_platform_msgs'
[0.359s] [34mcolcon.colcon_core.shell[0m [1;30mINFO[0m Skip shell extension 'powershell' for command environment: Not usable outside of PowerShell
[0.359s] [34mcolcon.colcon_core.shell[0m [1;30mDEBUG[0m [32mSkip shell extension 'dsv' for command environment[0m
[0.364s] [34mcolcon.colcon_ros.task.ament_cmake.build[0m [1;30mINFO[0m Building ROS package in '/home/robot/debug_clear_ws/src/clearpath_common/clearpath_control' with build type 'ament_cmake'
[0.364s] [34mcolcon.colcon_cmake.task.cmake.build[0m [1;30mINFO[0m Building CMake package in '/home/robot/debug_clear_ws/src/clearpath_common/clearpath_control'
[0.365s] [34mcolcon.colcon_core.shell[0m [1;30mINFO[0m Skip shell extension 'powershell' for command environment: Not usable outside of PowerShell
[0.365s] [34mcolcon.colcon_core.shell[0m [1;30mDEBUG[0m [32mSkip shell extension 'dsv' for command environment[0m
[0.371s] [34mcolcon.colcon_ros.task.ament_cmake.build[0m [1;30mINFO[0m Building ROS package in '/home/robot/debug_clear_ws/src/clearpath_common/clearpath_mounts_description' with build type 'ament_cmake'
[0.371s] [34mcolcon.colcon_cmake.task.cmake.build[0m [1;30mINFO[0m Building CMake package in '/home/robot/debug_clear_ws/src/clearpath_common/clearpath_mounts_description'
[0.371s] [34mcolcon.colcon_core.shell[0m [1;30mINFO[0m Skip shell extension 'powershell' for command environment: Not usable outside of PowerShell
[0.371s] [34mcolcon.colcon_core.shell[0m [1;30mDEBUG[0m [32mSkip shell extension 'dsv' for command environment[0m
[0.376s] [34mcolcon.colcon_ros.task.ament_cmake.build[0m [1;30mINFO[0m Building ROS package in '/home/robot/debug_clear_ws/src/clearpath_common/clearpath_sensors_description' with build type 'ament_cmake'
[0.376s] [34mcolcon.colcon_cmake.task.cmake.build[0m [1;30mINFO[0m Building CMake package in '/home/robot/debug_clear_ws/src/clearpath_common/clearpath_sensors_description'
[0.376s] [34mcolcon.colcon_core.shell[0m [1;30mINFO[0m Skip shell extension 'powershell' for command environment: Not usable outside of PowerShell
[0.376s] [34mcolcon.colcon_core.shell[0m [1;30mDEBUG[0m [32mSkip shell extension 'dsv' for command environment[0m
[0.381s] [34mcolcon.colcon_ros.task.ament_python.build[0m [1;30mINFO[0m Building ROS package in '/home/robot/debug_clear_ws/src/clearpath_config' with build type 'ament_python'
[0.381s] [34mcolcon.colcon_core.shell[0m [1;30mLevel 1[0m create_environment_hook('clearpath_config', 'ament_prefix_path')
[0.381s] [34mcolcon.colcon_core.shell[0m [1;30mINFO[0m Creating environment hook '/home/robot/debug_clear_ws/install/clearpath_config/share/clearpath_config/hook/ament_prefix_path.ps1'
[0.382s] [34mcolcon.colcon_core.shell[0m [1;30mINFO[0m Creating environment descriptor '/home/robot/debug_clear_ws/install/clearpath_config/share/clearpath_config/hook/ament_prefix_path.dsv'
[0.383s] [34mcolcon.colcon_core.shell[0m [1;30mINFO[0m Creating environment hook '/home/robot/debug_clear_ws/install/clearpath_config/share/clearpath_config/hook/ament_prefix_path.sh'
[0.383s] [34mcolcon.colcon_core.shell[0m [1;30mINFO[0m Skip shell extension 'powershell' for command environment: Not usable outside of PowerShell
[0.383s] [34mcolcon.colcon_core.shell[0m [1;30mDEBUG[0m [32mSkip shell extension 'dsv' for command environment[0m
[0.390s] [34mcolcon.colcon_ros.task.ament_cmake.build[0m [1;30mINFO[0m Building ROS package in '/home/robot/debug_clear_ws/src/yolo_ros/yolo_msgs' with build type 'ament_cmake'
[0.390s] [34mcolcon.colcon_cmake.task.cmake.build[0m [1;30mINFO[0m Building CMake package in '/home/robot/debug_clear_ws/src/yolo_ros/yolo_msgs'
[0.390s] [34mcolcon.colcon_core.shell[0m [1;30mINFO[0m Skip shell extension 'powershell' for command environment: Not usable outside of PowerShell
[0.391s] [34mcolcon.colcon_core.shell[0m [1;30mDEBUG[0m [32mSkip shell extension 'dsv' for command environment[0m
[0.396s] [34mcolcon.colcon_ros.task.ament_cmake.build[0m [1;30mINFO[0m Building ROS package in '/home/robot/debug_clear_ws/src/clearpath_common/clearpath_customization' with build type 'ament_cmake'
[0.396s] [34mcolcon.colcon_cmake.task.cmake.build[0m [1;30mINFO[0m Building CMake package in '/home/robot/debug_clear_ws/src/clearpath_common/clearpath_customization'
[0.397s] [34mcolcon.colcon_core.shell[0m [1;30mINFO[0m Skip shell extension 'powershell' for command environment: Not usable outside of PowerShell
[0.397s] [34mcolcon.colcon_core.shell[0m [1;30mDEBUG[0m [32mSkip shell extension 'dsv' for command environment[0m
[0.408s] [34mcolcon.colcon_core.event_handler.log_command[0m [1;30mDEBUG[0m [32mInvoking command in '/home/robot/debug_clear_ws/build/clearpath_manipulators_description': CMAKE_PREFIX_PATH=${CMAKE_PREFIX_PATH}:/home/robot/debug_clear_ws/install/yolov8_ros:/home/robot/debug_clear_ws/install/yolo_ros:/home/robot/debug_clear_ws/install/clearpath_config:/opt/ros/humble /usr/bin/cmake --build /home/robot/debug_clear_ws/build/clearpath_manipulators_description -- -j12 -l12[0m
[0.411s] [34mcolcon.colcon_core.event_handler.log_command[0m [1;30mDEBUG[0m [32mInvoking command in '/home/robot/debug_clear_ws/build/clearpath_platform_description': CMAKE_PREFIX_PATH=${CMAKE_PREFIX_PATH}:/home/robot/debug_clear_ws/install/yolov8_ros:/home/robot/debug_clear_ws/install/yolo_ros:/home/robot/debug_clear_ws/install/clearpath_config:/opt/ros/humble /usr/bin/cmake --build /home/robot/debug_clear_ws/build/clearpath_platform_description -- -j12 -l12[0m
[0.414s] [34mcolcon.colcon_core.event_handler.log_command[0m [1;30mDEBUG[0m [32mInvoking command in '/home/robot/debug_clear_ws/build/clearpath_platform_msgs': CMAKE_PREFIX_PATH=${CMAKE_PREFIX_PATH}:/home/robot/debug_clear_ws/install/yolov8_ros:/home/robot/debug_clear_ws/install/yolo_ros:/home/robot/debug_clear_ws/install/clearpath_config:/opt/ros/humble /usr/bin/cmake --build /home/robot/debug_clear_ws/build/clearpath_platform_msgs -- -j12 -l12[0m
[0.418s] [34mcolcon.colcon_core.event_handler.log_command[0m [1;30mDEBUG[0m [32mInvoking command in '/home/robot/debug_clear_ws/build/clearpath_control': CMAKE_PREFIX_PATH=${CMAKE_PREFIX_PATH}:/home/robot/debug_clear_ws/install/yolov8_ros:/home/robot/debug_clear_ws/install/yolo_ros:/home/robot/debug_clear_ws/install/clearpath_config:/opt/ros/humble /usr/bin/cmake --build /home/robot/debug_clear_ws/build/clearpath_control -- -j12 -l12[0m
[0.422s] [34mcolcon.colcon_core.event_handler.log_command[0m [1;30mDEBUG[0m [32mInvoking command in '/home/robot/debug_clear_ws/build/clearpath_mounts_description': CMAKE_PREFIX_PATH=${CMAKE_PREFIX_PATH}:/home/robot/debug_clear_ws/install/yolov8_ros:/home/robot/debug_clear_ws/install/yolo_ros:/home/robot/debug_clear_ws/install/clearpath_config:/opt/ros/humble /usr/bin/cmake --build /home/robot/debug_clear_ws/build/clearpath_mounts_description -- -j12 -l12[0m
[0.429s] [34mcolcon.colcon_core.event_handler.log_command[0m [1;30mDEBUG[0m [32mInvoking command in '/home/robot/debug_clear_ws/build/clearpath_sensors_description': CMAKE_PREFIX_PATH=${CMAKE_PREFIX_PATH}:/home/robot/debug_clear_ws/install/yolov8_ros:/home/robot/debug_clear_ws/install/yolo_ros:/home/robot/debug_clear_ws/install/clearpath_config:/opt/ros/humble /usr/bin/cmake --build /home/robot/debug_clear_ws/build/clearpath_sensors_description -- -j12 -l12[0m
[0.768s] [34mcolcon.colcon_core.task.python.build[0m [1;30mINFO[0m Building Python package in '/home/robot/debug_clear_ws/src/clearpath_config'
[0.769s] [34mcolcon.colcon_core.shell[0m [1;30mINFO[0m Skip shell extension 'powershell' for command environment: Not usable outside of PowerShell
[0.769s] [34mcolcon.colcon_core.shell[0m [1;30mDEBUG[0m [32mSkip shell extension 'dsv' for command environment[0m
[0.781s] [34mcolcon.colcon_core.event_handler.log_command[0m [1;30mDEBUG[0m [32mInvoking command in '/home/robot/debug_clear_ws/build/yolo_msgs': CMAKE_PREFIX_PATH=${CMAKE_PREFIX_PATH}:/home/robot/debug_clear_ws/install/yolov8_ros:/home/robot/debug_clear_ws/install/yolo_ros:/home/robot/debug_clear_ws/install/clearpath_config:/opt/ros/humble /usr/bin/cmake --build /home/robot/debug_clear_ws/build/yolo_msgs -- -j12 -l12[0m
[0.792s] [34mcolcon.colcon_core.event_handler.log_command[0m [1;30mDEBUG[0m [32mInvoking command in '/home/robot/debug_clear_ws/build/clearpath_customization': CMAKE_PREFIX_PATH=${CMAKE_PREFIX_PATH}:/home/robot/debug_clear_ws/install/yolov8_ros:/home/robot/debug_clear_ws/install/yolo_ros:/home/robot/debug_clear_ws/install/clearpath_config:/opt/ros/humble /usr/bin/cmake --build /home/robot/debug_clear_ws/build/clearpath_customization -- -j12 -l12[0m
[0.793s] [34mcolcon.colcon_core.event_handler.log_command[0m [1;30mDEBUG[0m [32mInvoked command in '/home/robot/debug_clear_ws/build/clearpath_manipulators_description' returned '0': CMAKE_PREFIX_PATH=${CMAKE_PREFIX_PATH}:/home/robot/debug_clear_ws/install/yolov8_ros:/home/robot/debug_clear_ws/install/yolo_ros:/home/robot/debug_clear_ws/install/clearpath_config:/opt/ros/humble /usr/bin/cmake --build /home/robot/debug_clear_ws/build/clearpath_manipulators_description -- -j12 -l12[0m
[0.806s] [34mcolcon.colcon_core.event_handler.log_command[0m [1;30mDEBUG[0m [32mInvoking command in '/home/robot/debug_clear_ws/build/clearpath_manipulators_description': CMAKE_PREFIX_PATH=${CMAKE_PREFIX_PATH}:/home/robot/debug_clear_ws/install/yolov8_ros:/home/robot/debug_clear_ws/install/yolo_ros:/home/robot/debug_clear_ws/install/clearpath_config:/opt/ros/humble /usr/bin/cmake --install /home/robot/debug_clear_ws/build/clearpath_manipulators_description[0m
[0.807s] [34mcolcon.colcon_core.event_handler.log_command[0m [1;30mDEBUG[0m [32mInvoked command in '/home/robot/debug_clear_ws/build/clearpath_platform_description' returned '0': CMAKE_PREFIX_PATH=${CMAKE_PREFIX_PATH}:/home/robot/debug_clear_ws/install/yolov8_ros:/home/robot/debug_clear_ws/install/yolo_ros:/home/robot/debug_clear_ws/install/clearpath_config:/opt/ros/humble /usr/bin/cmake --build /home/robot/debug_clear_ws/build/clearpath_platform_description -- -j12 -l12[0m
[0.809s] [34mcolcon.colcon_core.event_handler.log_command[0m [1;30mDEBUG[0m [32mInvoking command in '/home/robot/debug_clear_ws/build/clearpath_platform_description': CMAKE_PREFIX_PATH=${CMAKE_PREFIX_PATH}:/home/robot/debug_clear_ws/install/yolov8_ros:/home/robot/debug_clear_ws/install/yolo_ros:/home/robot/debug_clear_ws/install/clearpath_config:/opt/ros/humble /usr/bin/cmake --install /home/robot/debug_clear_ws/build/clearpath_platform_description[0m
[0.810s] [34mcolcon.colcon_core.event_handler.log_command[0m [1;30mDEBUG[0m [32mInvoked command in '/home/robot/debug_clear_ws/build/clearpath_control' returned '0': CMAKE_PREFIX_PATH=${CMAKE_PREFIX_PATH}:/home/robot/debug_clear_ws/install/yolov8_ros:/home/robot/debug_clear_ws/install/yolo_ros:/home/robot/debug_clear_ws/install/clearpath_config:/opt/ros/humble /usr/bin/cmake --build /home/robot/debug_clear_ws/build/clearpath_control -- -j12 -l12[0m
[0.813s] [34mcolcon.colcon_core.event_handler.log_command[0m [1;30mDEBUG[0m [32mInvoking command in '/home/robot/debug_clear_ws/build/clearpath_control': CMAKE_PREFIX_PATH=${CMAKE_PREFIX_PATH}:/home/robot/debug_clear_ws/install/yolov8_ros:/home/robot/debug_clear_ws/install/yolo_ros:/home/robot/debug_clear_ws/install/clearpath_config:/opt/ros/humble /usr/bin/cmake --install /home/robot/debug_clear_ws/build/clearpath_control[0m
[0.813s] [34mcolcon.colcon_core.event_handler.log_command[0m [1;30mDEBUG[0m [32mInvoked command in '/home/robot/debug_clear_ws/build/clearpath_mounts_description' returned '0': CMAKE_PREFIX_PATH=${CMAKE_PREFIX_PATH}:/home/robot/debug_clear_ws/install/yolov8_ros:/home/robot/debug_clear_ws/install/yolo_ros:/home/robot/debug_clear_ws/install/clearpath_config:/opt/ros/humble /usr/bin/cmake --build /home/robot/debug_clear_ws/build/clearpath_mounts_description -- -j12 -l12[0m
[0.816s] [34mcolcon.colcon_core.event_handler.log_command[0m [1;30mDEBUG[0m [32mInvoking command in '/home/robot/debug_clear_ws/build/clearpath_mounts_description': CMAKE_PREFIX_PATH=${CMAKE_PREFIX_PATH}:/home/robot/debug_clear_ws/install/yolov8_ros:/home/robot/debug_clear_ws/install/yolo_ros:/home/robot/debug_clear_ws/install/clearpath_config:/opt/ros/humble /usr/bin/cmake --install /home/robot/debug_clear_ws/build/clearpath_mounts_description[0m
[0.817s] [34mcolcon.colcon_core.event_handler.log_command[0m [1;30mDEBUG[0m [32mInvoked command in '/home/robot/debug_clear_ws/build/clearpath_sensors_description' returned '0': CMAKE_PREFIX_PATH=${CMAKE_PREFIX_PATH}:/home/robot/debug_clear_ws/install/yolov8_ros:/home/robot/debug_clear_ws/install/yolo_ros:/home/robot/debug_clear_ws/install/clearpath_config:/opt/ros/humble /usr/bin/cmake --build /home/robot/debug_clear_ws/build/clearpath_sensors_description -- -j12 -l12[0m
[0.820s] [34mcolcon.colcon_core.event_handler.log_command[0m [1;30mDEBUG[0m [32mInvoking command in '/home/robot/debug_clear_ws/build/clearpath_sensors_description': CMAKE_PREFIX_PATH=${CMAKE_PREFIX_PATH}:/home/robot/debug_clear_ws/install/yolov8_ros:/home/robot/debug_clear_ws/install/yolo_ros:/home/robot/debug_clear_ws/install/clearpath_config:/opt/ros/humble /usr/bin/cmake --install /home/robot/debug_clear_ws/build/clearpath_sensors_description[0m
[0.866s] [34mcolcon.colcon_core.environment[0m [1;30mLevel 1[0m create_environment_scripts_only(clearpath_manipulators_description)
[0.876s] [34mcolcon.colcon_core.environment[0m [1;30mLevel 1[0m checking '/home/robot/debug_clear_ws/install/clearpath_manipulators_description' for CMake module files
[0.887s] [34mcolcon.colcon_core.environment[0m [1;30mLevel 1[0m checking '/home/robot/debug_clear_ws/install/clearpath_manipulators_description' for CMake config files
[0.887s] [34mcolcon.colcon_core.shell[0m [1;30mLevel 1[0m create_environment_hook('clearpath_manipulators_description', 'cmake_prefix_path')
[0.888s] [34mcolcon.colcon_core.shell[0m [1;30mINFO[0m Creating environment hook '/home/robot/debug_clear_ws/install/clearpath_manipulators_description/share/clearpath_manipulators_description/hook/cmake_prefix_path.ps1'
[0.889s] [34mcolcon.colcon_core.shell[0m [1;30mINFO[0m Creating environment descriptor '/home/robot/debug_clear_ws/install/clearpath_manipulators_description/share/clearpath_manipulators_description/hook/cmake_prefix_path.dsv'
[0.894s] [34mcolcon.colcon_core.shell[0m [1;30mINFO[0m Creating environment hook '/home/robot/debug_clear_ws/install/clearpath_manipulators_description/share/clearpath_manipulators_description/hook/cmake_prefix_path.sh'
[0.895s] [34mcolcon.colcon_core.environment[0m [1;30mLevel 1[0m checking '/home/robot/debug_clear_ws/install/clearpath_manipulators_description/bin'
[0.895s] [34mcolcon.colcon_core.environment[0m [1;30mLevel 1[0m checking '/home/robot/debug_clear_ws/install/clearpath_manipulators_description/lib/pkgconfig/clearpath_manipulators_description.pc'
[0.896s] [34mcolcon.colcon_core.environment[0m [1;30mLevel 1[0m checking '/home/robot/debug_clear_ws/install/clearpath_manipulators_description/lib/python3.10/site-packages'
[0.896s] [34mcolcon.colcon_core.environment[0m [1;30mLevel 1[0m checking '/home/robot/debug_clear_ws/install/clearpath_manipulators_description/bin'
[0.897s] [34mcolcon.colcon_core.shell[0m [1;30mINFO[0m Creating package script '/home/robot/debug_clear_ws/install/clearpath_manipulators_description/share/clearpath_manipulators_description/package.ps1'
[0.899s] [34mcolcon.colcon_core.shell[0m [1;30mINFO[0m Creating package descriptor '/home/robot/debug_clear_ws/install/clearpath_manipulators_description/share/clearpath_manipulators_description/package.dsv'
[0.900s] [34mcolcon.colcon_core.shell[0m [1;30mINFO[0m Creating package script '/home/robot/debug_clear_ws/install/clearpath_manipulators_description/share/clearpath_manipulators_description/package.sh'
[0.906s] [34mcolcon.colcon_core.shell[0m [1;30mINFO[0m Creating package script '/home/robot/debug_clear_ws/install/clearpath_manipulators_description/share/clearpath_manipulators_description/package.bash'
[0.908s] [34mcolcon.colcon_core.shell[0m [1;30mINFO[0m Creating package script '/home/robot/debug_clear_ws/install/clearpath_manipulators_description/share/clearpath_manipulators_description/package.zsh'
[0.911s] [34mcolcon.colcon_core.environment[0m [1;30mLevel 1[0m create_file_with_runtime_dependencies(/home/robot/debug_clear_ws/install/clearpath_manipulators_description/share/colcon-core/packages/clearpath_manipulators_description)
[0.914s] [34mcolcon.colcon_core.environment[0m [1;30mLevel 1[0m create_environment_scripts_only(clearpath_manipulators_description)
[0.915s] [34mcolcon.colcon_core.environment[0m [1;30mLevel 1[0m checking '/home/robot/debug_clear_ws/install/clearpath_manipulators_description' for CMake module files
[0.916s] [34mcolcon.colcon_core.environment[0m [1;30mLevel 1[0m checking '/home/robot/debug_clear_ws/install/clearpath_manipulators_description' for CMake config files
[0.917s] [34mcolcon.colcon_core.shell[0m [1;30mLevel 1[0m create_environment_hook('clearpath_manipulators_description', 'cmake_prefix_path')
[0.917s] [34mcolcon.colcon_core.shell[0m [1;30mINFO[0m Creating environment hook '/home/robot/debug_clear_ws/install/clearpath_manipulators_description/share/clearpath_manipulators_description/hook/cmake_prefix_path.ps1'
[0.920s] [34mcolcon.colcon_core.shell[0m [1;30mINFO[0m Creating environment descriptor '/home/robot/debug_clear_ws/install/clearpath_manipulators_description/share/clearpath_manipulators_description/hook/cmake_prefix_path.dsv'
[0.926s] [34mcolcon.colcon_core.shell[0m [1;30mINFO[0m Creating environment hook '/home/robot/debug_clear_ws/install/clearpath_manipulators_description/share/clearpath_manipulators_description/hook/cmake_prefix_path.sh'
[0.928s] [34mcolcon.colcon_core.environment[0m [1;30mLevel 1[0m checking '/home/robot/debug_clear_ws/install/clearpath_manipulators_description/bin'
[0.928s] [34mcolcon.colcon_core.environment[0m [1;30mLevel 1[0m checking '/home/robot/debug_clear_ws/install/clearpath_manipulators_description/lib/pkgconfig/clearpath_manipulators_description.pc'
[0.929s] [34mcolcon.colcon_core.environment[0m [1;30mLevel 1[0m checking '/home/robot/debug_clear_ws/install/clearpath_manipulators_description/lib/python3.10/site-packages'
[0.929s] [34mcolcon.colcon_core.environment[0m [1;30mLevel 1[0m checking '/home/robot/debug_clear_ws/install/clearpath_manipulators_description/bin'
[0.930s] [34mcolcon.colcon_core.shell[0m [1;30mINFO[0m Creating package script '/home/robot/debug_clear_ws/install/clearpath_manipulators_description/share/clearpath_manipulators_description/package.ps1'
[0.931s] [34mcolcon.colcon_core.shell[0m [1;30mINFO[0m Creating package descriptor '/home/robot/debug_clear_ws/install/clearpath_manipulators_description/share/clearpath_manipulators_description/package.dsv'
[0.932s] [34mcolcon.colcon_core.shell[0m [1;30mINFO[0m Creating package script '/home/robot/debug_clear_ws/install/clearpath_manipulators_description/share/clearpath_manipulators_description/package.sh'
[0.934s] [34mcolcon.colcon_core.shell[0m [1;30mINFO[0m Creating package script '/home/robot/debug_clear_ws/install/clearpath_manipulators_description/share/clearpath_manipulators_description/package.bash'
[0.935s] [34mcolcon.colcon_core.shell[0m [1;30mINFO[0m Creating package script '/home/robot/debug_clear_ws/install/clearpath_manipulators_description/share/clearpath_manipulators_description/package.zsh'
[0.936s] [34mcolcon.colcon_core.environment[0m [1;30mLevel 1[0m create_file_with_runtime_dependencies(/home/robot/debug_clear_ws/install/clearpath_manipulators_description/share/colcon-core/packages/clearpath_manipulators_description)
[0.937s] [34mcolcon.colcon_ros.task.ament_cmake.build[0m [1;30mINFO[0m Building ROS package in '/home/robot/debug_clear_ws/src/clearpath_common/clearpath_manipulators' with build type 'ament_cmake'
[0.938s] [34mcolcon.colcon_cmake.task.cmake.build[0m [1;30mINFO[0m Building CMake package in '/home/robot/debug_clear_ws/src/clearpath_common/clearpath_manipulators'
[0.938s] [34mcolcon.colcon_core.shell[0m [1;30mINFO[0m Skip shell extension 'powershell' for command environment: Not usable outside of PowerShell
[0.938s] [34mcolcon.colcon_core.shell[0m [1;30mDEBUG[0m [32mSkip shell extension 'dsv' for command environment[0m
[0.956s] [34mcolcon.colcon_core.event_handler.log_command[0m [1;30mDEBUG[0m [32mInvoked command in '/home/robot/debug_clear_ws/build/clearpath_customization' returned '0': CMAKE_PREFIX_PATH=${CMAKE_PREFIX_PATH}:/home/robot/debug_clear_ws/install/yolov8_ros:/home/robot/debug_clear_ws/install/yolo_ros:/home/robot/debug_clear_ws/install/clearpath_config:/opt/ros/humble /usr/bin/cmake --build /home/robot/debug_clear_ws/build/clearpath_customization -- -j12 -l12[0m
[0.961s] [34mcolcon.colcon_core.event_handler.log_command[0m [1;30mDEBUG[0m [32mInvoking command in '/home/robot/debug_clear_ws/build/clearpath_customization': CMAKE_PREFIX_PATH=${CMAKE_PREFIX_PATH}:/home/robot/debug_clear_ws/install/yolov8_ros:/home/robot/debug_clear_ws/install/yolo_ros:/home/robot/debug_clear_ws/install/clearpath_config:/opt/ros/humble /usr/bin/cmake --install /home/robot/debug_clear_ws/build/clearpath_customization[0m
[0.966s] [34mcolcon.colcon_core.environment[0m [1;30mLevel 1[0m create_environment_scripts_only(clearpath_mounts_description)
[0.967s] [34mcolcon.colcon_core.environment[0m [1;30mLevel 1[0m checking '/home/robot/debug_clear_ws/install/clearpath_mounts_description' for CMake module files
[0.969s] [34mcolcon.colcon_core.environment[0m [1;30mLevel 1[0m checking '/home/robot/debug_clear_ws/install/clearpath_mounts_description' for CMake config files
[0.971s] [34mcolcon.colcon_core.shell[0m [1;30mLevel 1[0m create_environment_hook('clearpath_mounts_description', 'cmake_prefix_path')
[0.972s] [34mcolcon.colcon_core.shell[0m [1;30mINFO[0m Creating environment hook '/home/robot/debug_clear_ws/install/clearpath_mounts_description/share/clearpath_mounts_description/hook/cmake_prefix_path.ps1'
[0.973s] [34mcolcon.colcon_core.shell[0m [1;30mINFO[0m Creating environment descriptor '/home/robot/debug_clear_ws/install/clearpath_mounts_description/share/clearpath_mounts_description/hook/cmake_prefix_path.dsv'
[0.974s] [34mcolcon.colcon_core.shell[0m [1;30mINFO[0m Creating environment hook '/home/robot/debug_clear_ws/install/clearpath_mounts_description/share/clearpath_mounts_description/hook/cmake_prefix_path.sh'
[0.975s] [34mcolcon.colcon_core.environment[0m [1;30mLevel 1[0m checking '/home/robot/debug_clear_ws/install/clearpath_mounts_description/bin'
[0.975s] [34mcolcon.colcon_core.environment[0m [1;30mLevel 1[0m checking '/home/robot/debug_clear_ws/install/clearpath_mounts_description/lib/pkgconfig/clearpath_mounts_description.pc'
[0.975s] [34mcolcon.colcon_core.environment[0m [1;30mLevel 1[0m checking '/home/robot/debug_clear_ws/install/clearpath_mounts_description/lib/python3.10/site-packages'
[0.976s] [34mcolcon.colcon_core.environment[0m [1;30mLevel 1[0m checking '/home/robot/debug_clear_ws/install/clearpath_mounts_description/bin'
[0.976s] [34mcolcon.colcon_core.shell[0m [1;30mINFO[0m Creating package script '/home/robot/debug_clear_ws/install/clearpath_mounts_description/share/clearpath_mounts_description/package.ps1'
[0.978s] [34mcolcon.colcon_core.shell[0m [1;30mINFO[0m Creating package descriptor '/home/robot/debug_clear_ws/install/clearpath_mounts_description/share/clearpath_mounts_description/package.dsv'
[0.979s] [34mcolcon.colcon_core.shell[0m [1;30mINFO[0m Creating package script '/home/robot/debug_clear_ws/install/clearpath_mounts_description/share/clearpath_mounts_description/package.sh'
[0.980s] [34mcolcon.colcon_core.event_handler.log_command[0m [1;30mDEBUG[0m [32mInvoked command in '/home/robot/debug_clear_ws/build/clearpath_manipulators_description' returned '0': CMAKE_PREFIX_PATH=${CMAKE_PREFIX_PATH}:/home/robot/debug_clear_ws/install/yolov8_ros:/home/robot/debug_clear_ws/install/yolo_ros:/home/robot/debug_clear_ws/install/clearpath_config:/opt/ros/humble /usr/bin/cmake --install /home/robot/debug_clear_ws/build/clearpath_manipulators_description[0m
[0.981s] [34mcolcon.colcon_core.shell[0m [1;30mINFO[0m Creating package script '/home/robot/debug_clear_ws/install/clearpath_mounts_description/share/clearpath_mounts_description/package.bash'
[0.982s] [34mcolcon.colcon_core.shell[0m [1;30mINFO[0m Creating package script '/home/robot/debug_clear_ws/install/clearpath_mounts_description/share/clearpath_mounts_description/package.zsh'
[0.983s] [34mcolcon.colcon_core.environment[0m [1;30mLevel 1[0m create_file_with_runtime_dependencies(/home/robot/debug_clear_ws/install/clearpath_mounts_description/share/colcon-core/packages/clearpath_mounts_description)
[0.984s] [34mcolcon.colcon_core.environment[0m [1;30mLevel 1[0m create_environment_scripts_only(clearpath_mounts_description)
[0.985s] [34mcolcon.colcon_core.environment[0m [1;30mLevel 1[0m checking '/home/robot/debug_clear_ws/install/clearpath_mounts_description' for CMake module files
[0.987s] [34mcolcon.colcon_core.environment[0m [1;30mLevel 1[0m checking '/home/robot/debug_clear_ws/install/clearpath_mounts_description' for CMake config files
[0.989s] [34mcolcon.colcon_core.shell[0m [1;30mLevel 1[0m create_environment_hook('clearpath_mounts_description', 'cmake_prefix_path')
[0.989s] [34mcolcon.colcon_core.shell[0m [1;30mINFO[0m Creating environment hook '/home/robot/debug_clear_ws/install/clearpath_mounts_description/share/clearpath_mounts_description/hook/cmake_prefix_path.ps1'
[0.990s] [34mcolcon.colcon_core.shell[0m [1;30mINFO[0m Creating environment descriptor '/home/robot/debug_clear_ws/install/clearpath_mounts_description/share/clearpath_mounts_description/hook/cmake_prefix_path.dsv'
[0.991s] [34mcolcon.colcon_core.shell[0m [1;30mINFO[0m Creating environment hook '/home/robot/debug_clear_ws/install/clearpath_mounts_description/share/clearpath_mounts_description/hook/cmake_prefix_path.sh'
[0.992s] [34mcolcon.colcon_core.environment[0m [1;30mLevel 1[0m checking '/home/robot/debug_clear_ws/install/clearpath_mounts_description/bin'
[0.993s] [34mcolcon.colcon_core.environment[0m [1;30mLevel 1[0m checking '/home/robot/debug_clear_ws/install/clearpath_mounts_description/lib/pkgconfig/clearpath_mounts_description.pc'
[0.993s] [34mcolcon.colcon_core.environment[0m [1;30mLevel 1[0m checking '/home/robot/debug_clear_ws/install/clearpath_mounts_description/lib/python3.10/site-packages'
[0.993s] [34mcolcon.colcon_core.environment[0m [1;30mLevel 1[0m checking '/home/robot/debug_clear_ws/install/clearpath_mounts_description/bin'
[0.994s] [34mcolcon.colcon_core.shell[0m [1;30mINFO[0m Creating package script '/home/robot/debug_clear_ws/install/clearpath_mounts_description/share/clearpath_mounts_description/package.ps1'
[0.995s] [34mcolcon.colcon_core.shell[0m [1;30mINFO[0m Creating package descriptor '/home/robot/debug_clear_ws/install/clearpath_mounts_description/share/clearpath_mounts_description/package.dsv'
[0.996s] [34mcolcon.colcon_core.shell[0m [1;30mINFO[0m Creating package script '/home/robot/debug_clear_ws/install/clearpath_mounts_description/share/clearpath_mounts_description/package.sh'
[0.997s] [34mcolcon.colcon_core.shell[0m [1;30mINFO[0m Creating package script '/home/robot/debug_clear_ws/install/clearpath_mounts_description/share/clearpath_mounts_description/package.bash'
[0.998s] [34mcolcon.colcon_core.shell[0m [1;30mINFO[0m Creating package script '/home/robot/debug_clear_ws/install/clearpath_mounts_description/share/clearpath_mounts_description/package.zsh'
[0.999s] [34mcolcon.colcon_core.environment[0m [1;30mLevel 1[0m create_file_with_runtime_dependencies(/home/robot/debug_clear_ws/install/clearpath_mounts_description/share/colcon-core/packages/clearpath_mounts_description)
[1.000s] [34mcolcon.colcon_core.environment[0m [1;30mLevel 1[0m create_environment_scripts_only(clearpath_control)
[1.000s] [34mcolcon.colcon_core.environment[0m [1;30mLevel 1[0m checking '/home/robot/debug_clear_ws/install/clearpath_control' for CMake module files
[1.001s] [34mcolcon.colcon_core.event_handler.log_command[0m [1;30mDEBUG[0m [32mInvoked command in '/home/robot/debug_clear_ws/build/clearpath_mounts_description' returned '0': CMAKE_PREFIX_PATH=${CMAKE_PREFIX_PATH}:/home/robot/debug_clear_ws/install/yolov8_ros:/home/robot/debug_clear_ws/install/yolo_ros:/home/robot/debug_clear_ws/install/clearpath_config:/opt/ros/humble /usr/bin/cmake --install /home/robot/debug_clear_ws/build/clearpath_mounts_description[0m
[1.002s] [34mcolcon.colcon_core.environment[0m [1;30mLevel 1[0m checking '/home/robot/debug_clear_ws/install/clearpath_control' for CMake config files
[1.003s] [34mcolcon.colcon_core.event_handler.log_command[0m [1;30mDEBUG[0m [32mInvoked command in '/home/robot/debug_clear_ws/build/clearpath_control' returned '0': CMAKE_PREFIX_PATH=${CMAKE_PREFIX_PATH}:/home/robot/debug_clear_ws/install/yolov8_ros:/home/robot/debug_clear_ws/install/yolo_ros:/home/robot/debug_clear_ws/install/clearpath_config:/opt/ros/humble /usr/bin/cmake --install /home/robot/debug_clear_ws/build/clearpath_control[0m
[1.003s] [34mcolcon.colcon_core.shell[0m [1;30mLevel 1[0m create_environment_hook('clearpath_control', 'cmake_prefix_path')
[1.003s] [34mcolcon.colcon_core.shell[0m [1;30mINFO[0m Creating environment hook '/home/robot/debug_clear_ws/install/clearpath_control/share/clearpath_control/hook/cmake_prefix_path.ps1'
[1.004s] [34mcolcon.colcon_core.shell[0m [1;30mINFO[0m Creating environment descriptor '/home/robot/debug_clear_ws/install/clearpath_control/share/clearpath_control/hook/cmake_prefix_path.dsv'
[1.005s] [34mcolcon.colcon_core.shell[0m [1;30mINFO[0m Creating environment hook '/home/robot/debug_clear_ws/install/clearpath_control/share/clearpath_control/hook/cmake_prefix_path.sh'
[1.005s] [34mcolcon.colcon_core.environment[0m [1;30mLevel 1[0m checking '/home/robot/debug_clear_ws/install/clearpath_control/bin'
[1.005s] [34mcolcon.colcon_core.environment[0m [1;30mLevel 1[0m checking '/home/robot/debug_clear_ws/install/clearpath_control/lib/pkgconfig/clearpath_control.pc'
[1.006s] [34mcolcon.colcon_core.environment[0m [1;30mLevel 1[0m checking '/home/robot/debug_clear_ws/install/clearpath_control/lib/python3.10/site-packages'
[1.006s] [34mcolcon.colcon_core.environment[0m [1;30mLevel 1[0m checking '/home/robot/debug_clear_ws/install/clearpath_control/bin'
[1.007s] [34mcolcon.colcon_core.shell[0m [1;30mINFO[0m Creating package script '/home/robot/debug_clear_ws/install/clearpath_control/share/clearpath_control/package.ps1'
[1.008s] [34mcolcon.colcon_core.shell[0m [1;30mINFO[0m Creating package descriptor '/home/robot/debug_clear_ws/install/clearpath_control/share/clearpath_control/package.dsv'
[1.008s] [34mcolcon.colcon_core.shell[0m [1;30mINFO[0m Creating package script '/home/robot/debug_clear_ws/install/clearpath_control/share/clearpath_control/package.sh'
[1.009s] [34mcolcon.colcon_core.shell[0m [1;30mINFO[0m Creating package script '/home/robot/debug_clear_ws/install/clearpath_control/share/clearpath_control/package.bash'
[1.010s] [34mcolcon.colcon_core.shell[0m [1;30mINFO[0m Creating package script '/home/robot/debug_clear_ws/install/clearpath_control/share/clearpath_control/package.zsh'
[1.010s] [34mcolcon.colcon_core.environment[0m [1;30mLevel 1[0m create_file_with_runtime_dependencies(/home/robot/debug_clear_ws/install/clearpath_control/share/colcon-core/packages/clearpath_control)
[1.011s] [34mcolcon.colcon_core.environment[0m [1;30mLevel 1[0m create_environment_scripts_only(clearpath_control)
[1.012s] [34mcolcon.colcon_core.environment[0m [1;30mLevel 1[0m checking '/home/robot/debug_clear_ws/install/clearpath_control' for CMake module files
[1.013s] [34mcolcon.colcon_core.environment[0m [1;30mLevel 1[0m checking '/home/robot/debug_clear_ws/install/clearpath_control' for CMake config files
[1.014s] [34mcolcon.colcon_core.shell[0m [1;30mLevel 1[0m create_environment_hook('clearpath_control', 'cmake_prefix_path')
[1.014s] [34mcolcon.colcon_core.shell[0m [1;30mINFO[0m Creating environment hook '/home/robot/debug_clear_ws/install/clearpath_control/share/clearpath_control/hook/cmake_prefix_path.ps1'
[1.015s] [34mcolcon.colcon_core.shell[0m [1;30mINFO[0m Creating environment descriptor '/home/robot/debug_clear_ws/install/clearpath_control/share/clearpath_control/hook/cmake_prefix_path.dsv'
[1.015s] [34mcolcon.colcon_core.shell[0m [1;30mINFO[0m Creating environment hook '/home/robot/debug_clear_ws/install/clearpath_control/share/clearpath_control/hook/cmake_prefix_path.sh'
[1.017s] [34mcolcon.colcon_core.environment[0m [1;30mLevel 1[0m checking '/home/robot/debug_clear_ws/install/clearpath_control/bin'
[1.017s] [34mcolcon.colcon_core.environment[0m [1;30mLevel 1[0m checking '/home/robot/debug_clear_ws/install/clearpath_control/lib/pkgconfig/clearpath_control.pc'
[1.017s] [34mcolcon.colcon_core.environment[0m [1;30mLevel 1[0m checking '/home/robot/debug_clear_ws/install/clearpath_control/lib/python3.10/site-packages'
[1.018s] [34mcolcon.colcon_core.environment[0m [1;30mLevel 1[0m checking '/home/robot/debug_clear_ws/install/clearpath_control/bin'
[1.018s] [34mcolcon.colcon_core.shell[0m [1;30mINFO[0m Creating package script '/home/robot/debug_clear_ws/install/clearpath_control/share/clearpath_control/package.ps1'
[1.019s] [34mcolcon.colcon_core.shell[0m [1;30mINFO[0m Creating package descriptor '/home/robot/debug_clear_ws/install/clearpath_control/share/clearpath_control/package.dsv'
[1.019s] [34mcolcon.colcon_core.shell[0m [1;30mINFO[0m Creating package script '/home/robot/debug_clear_ws/install/clearpath_control/share/clearpath_control/package.sh'
[1.020s] [34mcolcon.colcon_core.shell[0m [1;30mINFO[0m Creating package script '/home/robot/debug_clear_ws/install/clearpath_control/share/clearpath_control/package.bash'
[1.020s] [34mcolcon.colcon_core.shell[0m [1;30mINFO[0m Creating package script '/home/robot/debug_clear_ws/install/clearpath_control/share/clearpath_control/package.zsh'
[1.021s] [34mcolcon.colcon_core.environment[0m [1;30mLevel 1[0m create_file_with_runtime_dependencies(/home/robot/debug_clear_ws/install/clearpath_control/share/colcon-core/packages/clearpath_control)
[1.022s] [34mcolcon.colcon_core.environment[0m [1;30mLevel 1[0m create_environment_scripts_only(clearpath_sensors_description)
[1.023s] [34mcolcon.colcon_core.environment[0m [1;30mLevel 1[0m checking '/home/robot/debug_clear_ws/install/clearpath_sensors_description' for CMake module files
[1.024s] [34mcolcon.colcon_core.event_handler.log_command[0m [1;30mDEBUG[0m [32mInvoked command in '/home/robot/debug_clear_ws/build/clearpath_sensors_description' returned '0': CMAKE_PREFIX_PATH=${CMAKE_PREFIX_PATH}:/home/robot/debug_clear_ws/install/yolov8_ros:/home/robot/debug_clear_ws/install/yolo_ros:/home/robot/debug_clear_ws/install/clearpath_config:/opt/ros/humble /usr/bin/cmake --install /home/robot/debug_clear_ws/build/clearpath_sensors_description[0m
[1.025s] [34mcolcon.colcon_core.environment[0m [1;30mLevel 1[0m checking '/home/robot/debug_clear_ws/install/clearpath_sensors_description' for CMake config files
[1.025s] [34mcolcon.colcon_core.shell[0m [1;30mLevel 1[0m create_environment_hook('clearpath_sensors_description', 'cmake_prefix_path')
[1.025s] [34mcolcon.colcon_core.shell[0m [1;30mINFO[0m Creating environment hook '/home/robot/debug_clear_ws/install/clearpath_sensors_description/share/clearpath_sensors_description/hook/cmake_prefix_path.ps1'
[1.026s] [34mcolcon.colcon_core.shell[0m [1;30mINFO[0m Creating environment descriptor '/home/robot/debug_clear_ws/install/clearpath_sensors_description/share/clearpath_sensors_description/hook/cmake_prefix_path.dsv'
[1.026s] [34mcolcon.colcon_core.shell[0m [1;30mINFO[0m Creating environment hook '/home/robot/debug_clear_ws/install/clearpath_sensors_description/share/clearpath_sensors_description/hook/cmake_prefix_path.sh'
[1.027s] [34mcolcon.colcon_core.environment[0m [1;30mLevel 1[0m checking '/home/robot/debug_clear_ws/install/clearpath_sensors_description/bin'
[1.027s] [34mcolcon.colcon_core.environment[0m [1;30mLevel 1[0m checking '/home/robot/debug_clear_ws/install/clearpath_sensors_description/lib/pkgconfig/clearpath_sensors_description.pc'
[1.027s] [34mcolcon.colcon_core.environment[0m [1;30mLevel 1[0m checking '/home/robot/debug_clear_ws/install/clearpath_sensors_description/lib/python3.10/site-packages'
[1.028s] [34mcolcon.colcon_core.environment[0m [1;30mLevel 1[0m checking '/home/robot/debug_clear_ws/install/clearpath_sensors_description/bin'
[1.028s] [34mcolcon.colcon_core.shell[0m [1;30mINFO[0m Creating package script '/home/robot/debug_clear_ws/install/clearpath_sensors_description/share/clearpath_sensors_description/package.ps1'
[1.029s] [34mcolcon.colcon_core.shell[0m [1;30mINFO[0m Creating package descriptor '/home/robot/debug_clear_ws/install/clearpath_sensors_description/share/clearpath_sensors_description/package.dsv'
[1.029s] [34mcolcon.colcon_core.shell[0m [1;30mINFO[0m Creating package script '/home/robot/debug_clear_ws/install/clearpath_sensors_description/share/clearpath_sensors_description/package.sh'
[1.030s] [34mcolcon.colcon_core.shell[0m [1;30mINFO[0m Creating package script '/home/robot/debug_clear_ws/install/clearpath_sensors_description/share/clearpath_sensors_description/package.bash'
[1.030s] [34mcolcon.colcon_core.shell[0m [1;30mINFO[0m Creating package script '/home/robot/debug_clear_ws/install/clearpath_sensors_description/share/clearpath_sensors_description/package.zsh'
[1.030s] [34mcolcon.colcon_core.environment[0m [1;30mLevel 1[0m create_file_with_runtime_dependencies(/home/robot/debug_clear_ws/install/clearpath_sensors_description/share/colcon-core/packages/clearpath_sensors_description)
[1.031s] [34mcolcon.colcon_core.environment[0m [1;30mLevel 1[0m create_environment_scripts_only(clearpath_sensors_description)
[1.031s] [34mcolcon.colcon_core.environment[0m [1;30mLevel 1[0m checking '/home/robot/debug_clear_ws/install/clearpath_sensors_description' for CMake module files
[1.032s] [34mcolcon.colcon_core.environment[0m [1;30mLevel 1[0m checking '/home/robot/debug_clear_ws/install/clearpath_sensors_description' for CMake config files
[1.032s] [34mcolcon.colcon_core.shell[0m [1;30mLevel 1[0m create_environment_hook('clearpath_sensors_description', 'cmake_prefix_path')
[1.033s] [34mcolcon.colcon_core.shell[0m [1;30mINFO[0m Creating environment hook '/home/robot/debug_clear_ws/install/clearpath_sensors_description/share/clearpath_sensors_description/hook/cmake_prefix_path.ps1'
[1.033s] [34mcolcon.colcon_core.shell[0m [1;30mINFO[0m Creating environment descriptor '/home/robot/debug_clear_ws/install/clearpath_sensors_description/share/clearpath_sensors_description/hook/cmake_prefix_path.dsv'
[1.034s] [34mcolcon.colcon_core.shell[0m [1;30mINFO[0m Creating environment hook '/home/robot/debug_clear_ws/install/clearpath_sensors_description/share/clearpath_sensors_description/hook/cmake_prefix_path.sh'
[1.034s] [34mcolcon.colcon_core.environment[0m [1;30mLevel 1[0m checking '/home/robot/debug_clear_ws/install/clearpath_sensors_description/bin'
[1.034s] [34mcolcon.colcon_core.environment[0m [1;30mLevel 1[0m checking '/home/robot/debug_clear_ws/install/clearpath_sensors_description/lib/pkgconfig/clearpath_sensors_description.pc'
[1.035s] [34mcolcon.colcon_core.environment[0m [1;30mLevel 1[0m checking '/home/robot/debug_clear_ws/install/clearpath_sensors_description/lib/python3.10/site-packages'
[1.035s] [34mcolcon.colcon_core.environment[0m [1;30mLevel 1[0m checking '/home/robot/debug_clear_ws/install/clearpath_sensors_description/bin'
[1.035s] [34mcolcon.colcon_core.shell[0m [1;30mINFO[0m Creating package script '/home/robot/debug_clear_ws/install/clearpath_sensors_description/share/clearpath_sensors_description/package.ps1'
[1.036s] [34mcolcon.colcon_core.shell[0m [1;30mINFO[0m Creating package descriptor '/home/robot/debug_clear_ws/install/clearpath_sensors_description/share/clearpath_sensors_description/package.dsv'
[1.036s] [34mcolcon.colcon_core.shell[0m [1;30mINFO[0m Creating package script '/home/robot/debug_clear_ws/install/clearpath_sensors_description/share/clearpath_sensors_description/package.sh'
[1.037s] [34mcolcon.colcon_core.shell[0m [1;30mINFO[0m Creating package script '/home/robot/debug_clear_ws/install/clearpath_sensors_description/share/clearpath_sensors_description/package.bash'
[1.038s] [34mcolcon.colcon_core.shell[0m [1;30mINFO[0m Creating package script '/home/robot/debug_clear_ws/install/clearpath_sensors_description/share/clearpath_sensors_description/package.zsh'
[1.039s] [34mcolcon.colcon_core.environment[0m [1;30mLevel 1[0m create_file_with_runtime_dependencies(/home/robot/debug_clear_ws/install/clearpath_sensors_description/share/colcon-core/packages/clearpath_sensors_description)
[1.039s] [34mcolcon.colcon_core.environment[0m [1;30mLevel 1[0m create_environment_scripts_only(clearpath_platform_description)
[1.040s] [34mcolcon.colcon_core.environment[0m [1;30mLevel 1[0m checking '/home/robot/debug_clear_ws/install/clearpath_platform_description' for CMake module files
[1.042s] [34mcolcon.colcon_core.event_handler.log_command[0m [1;30mDEBUG[0m [32mInvoked command in '/home/robot/debug_clear_ws/build/clearpath_platform_description' returned '0': CMAKE_PREFIX_PATH=${CMAKE_PREFIX_PATH}:/home/robot/debug_clear_ws/install/yolov8_ros:/home/robot/debug_clear_ws/install/yolo_ros:/home/robot/debug_clear_ws/install/clearpath_config:/opt/ros/humble /usr/bin/cmake --install /home/robot/debug_clear_ws/build/clearpath_platform_description[0m
[1.042s] [34mcolcon.colcon_core.environment[0m [1;30mLevel 1[0m checking '/home/robot/debug_clear_ws/install/clearpath_platform_description' for CMake config files
[1.043s] [34mcolcon.colcon_core.shell[0m [1;30mLevel 1[0m create_environment_hook('clearpath_platform_description', 'cmake_prefix_path')
[1.044s] [34mcolcon.colcon_core.shell[0m [1;30mINFO[0m Creating environment hook '/home/robot/debug_clear_ws/install/clearpath_platform_description/share/clearpath_platform_description/hook/cmake_prefix_path.ps1'
[1.044s] [34mcolcon.colcon_core.shell[0m [1;30mINFO[0m Creating environment descriptor '/home/robot/debug_clear_ws/install/clearpath_platform_description/share/clearpath_platform_description/hook/cmake_prefix_path.dsv'
[1.045s] [34mcolcon.colcon_core.shell[0m [1;30mINFO[0m Creating environment hook '/home/robot/debug_clear_ws/install/clearpath_platform_description/share/clearpath_platform_description/hook/cmake_prefix_path.sh'
[1.047s] [34mcolcon.colcon_core.environment[0m [1;30mLevel 1[0m checking '/home/robot/debug_clear_ws/install/clearpath_platform_description/bin'
[1.048s] [34mcolcon.colcon_core.environment[0m [1;30mLevel 1[0m checking '/home/robot/debug_clear_ws/install/clearpath_platform_description/lib/pkgconfig/clearpath_platform_description.pc'
[1.048s] [34mcolcon.colcon_core.environment[0m [1;30mLevel 1[0m checking '/home/robot/debug_clear_ws/install/clearpath_platform_description/lib/python3.10/site-packages'
[1.049s] [34mcolcon.colcon_core.environment[0m [1;30mLevel 1[0m checking '/home/robot/debug_clear_ws/install/clearpath_platform_description/bin'
[1.050s] [34mcolcon.colcon_core.shell[0m [1;30mINFO[0m Creating package script '/home/robot/debug_clear_ws/install/clearpath_platform_description/share/clearpath_platform_description/package.ps1'
[1.051s] [34mcolcon.colcon_core.shell[0m [1;30mINFO[0m Creating package descriptor '/home/robot/debug_clear_ws/install/clearpath_platform_description/share/clearpath_platform_description/package.dsv'
[1.051s] [34mcolcon.colcon_core.shell[0m [1;30mINFO[0m Creating package script '/home/robot/debug_clear_ws/install/clearpath_platform_description/share/clearpath_platform_description/package.sh'
[1.052s] [34mcolcon.colcon_core.shell[0m [1;30mINFO[0m Creating package script '/home/robot/debug_clear_ws/install/clearpath_platform_description/share/clearpath_platform_description/package.bash'
[1.052s] [34mcolcon.colcon_core.shell[0m [1;30mINFO[0m Creating package script '/home/robot/debug_clear_ws/install/clearpath_platform_description/share/clearpath_platform_description/package.zsh'
[1.053s] [34mcolcon.colcon_core.environment[0m [1;30mLevel 1[0m create_file_with_runtime_dependencies(/home/robot/debug_clear_ws/install/clearpath_platform_description/share/colcon-core/packages/clearpath_platform_description)
[1.053s] [34mcolcon.colcon_core.environment[0m [1;30mLevel 1[0m create_environment_scripts_only(clearpath_platform_description)
[1.054s] [34mcolcon.colcon_core.environment[0m [1;30mLevel 1[0m checking '/home/robot/debug_clear_ws/install/clearpath_platform_description' for CMake module files
[1.054s] [34mcolcon.colcon_core.environment[0m [1;30mLevel 1[0m checking '/home/robot/debug_clear_ws/install/clearpath_platform_description' for CMake config files
[1.055s] [34mcolcon.colcon_core.shell[0m [1;30mLevel 1[0m create_environment_hook('clearpath_platform_description', 'cmake_prefix_path')
[1.056s] [34mcolcon.colcon_core.shell[0m [1;30mINFO[0m Creating environment hook '/home/robot/debug_clear_ws/install/clearpath_platform_description/share/clearpath_platform_description/hook/cmake_prefix_path.ps1'
[1.057s] [34mcolcon.colcon_core.shell[0m [1;30mINFO[0m Creating environment descriptor '/home/robot/debug_clear_ws/install/clearpath_platform_description/share/clearpath_platform_description/hook/cmake_prefix_path.dsv'
[1.057s] [34mcolcon.colcon_core.shell[0m [1;30mINFO[0m Creating environment hook '/home/robot/debug_clear_ws/install/clearpath_platform_description/share/clearpath_platform_description/hook/cmake_prefix_path.sh'
[1.058s] [34mcolcon.colcon_core.environment[0m [1;30mLevel 1[0m checking '/home/robot/debug_clear_ws/install/clearpath_platform_description/bin'
[1.058s] [34mcolcon.colcon_core.environment[0m [1;30mLevel 1[0m checking '/home/robot/debug_clear_ws/install/clearpath_platform_description/lib/pkgconfig/clearpath_platform_description.pc'
[1.058s] [34mcolcon.colcon_core.environment[0m [1;30mLevel 1[0m checking '/home/robot/debug_clear_ws/install/clearpath_platform_description/lib/python3.10/site-packages'
[1.058s] [34mcolcon.colcon_core.environment[0m [1;30mLevel 1[0m checking '/home/robot/debug_clear_ws/install/clearpath_platform_description/bin'
[1.059s] [34mcolcon.colcon_core.shell[0m [1;30mINFO[0m Creating package script '/home/robot/debug_clear_ws/install/clearpath_platform_description/share/clearpath_platform_description/package.ps1'
[1.059s] [34mcolcon.colcon_core.shell[0m [1;30mINFO[0m Creating package descriptor '/home/robot/debug_clear_ws/install/clearpath_platform_description/share/clearpath_platform_description/package.dsv'
[1.060s] [34mcolcon.colcon_core.shell[0m [1;30mINFO[0m Creating package script '/home/robot/debug_clear_ws/install/clearpath_platform_description/share/clearpath_platform_description/package.sh'
[1.060s] [34mcolcon.colcon_core.shell[0m [1;30mINFO[0m Creating package script '/home/robot/debug_clear_ws/install/clearpath_platform_description/share/clearpath_platform_description/package.bash'
[1.061s] [34mcolcon.colcon_core.shell[0m [1;30mINFO[0m Creating package script '/home/robot/debug_clear_ws/install/clearpath_platform_description/share/clearpath_platform_description/package.zsh'
[1.061s] [34mcolcon.colcon_core.environment[0m [1;30mLevel 1[0m create_file_with_runtime_dependencies(/home/robot/debug_clear_ws/install/clearpath_platform_description/share/colcon-core/packages/clearpath_platform_description)
[1.062s] [34mcolcon.colcon_core.environment[0m [1;30mLevel 1[0m create_environment_scripts_only(clearpath_customization)
[1.062s] [34mcolcon.colcon_core.environment[0m [1;30mLevel 1[0m checking '/home/robot/debug_clear_ws/install/clearpath_customization' for CMake module files
[1.063s] [34mcolcon.colcon_core.event_handler.log_command[0m [1;30mDEBUG[0m [32mInvoked command in '/home/robot/debug_clear_ws/build/clearpath_customization' returned '0': CMAKE_PREFIX_PATH=${CMAKE_PREFIX_PATH}:/home/robot/debug_clear_ws/install/yolov8_ros:/home/robot/debug_clear_ws/install/yolo_ros:/home/robot/debug_clear_ws/install/clearpath_config:/opt/ros/humble /usr/bin/cmake --install /home/robot/debug_clear_ws/build/clearpath_customization[0m
[1.063s] [34mcolcon.colcon_core.environment[0m [1;30mLevel 1[0m checking '/home/robot/debug_clear_ws/install/clearpath_customization' for CMake config files
[1.064s] [34mcolcon.colcon_core.shell[0m [1;30mLevel 1[0m create_environment_hook('clearpath_customization', 'cmake_prefix_path')
[1.064s] [34mcolcon.colcon_core.shell[0m [1;30mINFO[0m Creating environment hook '/home/robot/debug_clear_ws/install/clearpath_customization/share/clearpath_customization/hook/cmake_prefix_path.ps1'
[1.065s] [34mcolcon.colcon_core.shell[0m [1;30mINFO[0m Creating environment descriptor '/home/robot/debug_clear_ws/install/clearpath_customization/share/clearpath_customization/hook/cmake_prefix_path.dsv'
[1.065s] [34mcolcon.colcon_core.shell[0m [1;30mINFO[0m Creating environment hook '/home/robot/debug_clear_ws/install/clearpath_customization/share/clearpath_customization/hook/cmake_prefix_path.sh'
[1.066s] [34mcolcon.colcon_core.environment[0m [1;30mLevel 1[0m checking '/home/robot/debug_clear_ws/install/clearpath_customization/lib'
[1.066s] [34mcolcon.colcon_core.environment[0m [1;30mLevel 1[0m checking '/home/robot/debug_clear_ws/install/clearpath_customization/bin'
[1.066s] [34mcolcon.colcon_core.environment[0m [1;30mLevel 1[0m checking '/home/robot/debug_clear_ws/install/clearpath_customization/lib/pkgconfig/clearpath_customization.pc'
[1.066s] [34mcolcon.colcon_core.environment[0m [1;30mLevel 1[0m checking '/home/robot/debug_clear_ws/install/clearpath_customization/lib/python3.10/site-packages'
[1.066s] [34mcolcon.colcon_core.environment[0m [1;30mLevel 1[0m checking '/home/robot/debug_clear_ws/install/clearpath_customization/bin'
[1.067s] [34mcolcon.colcon_core.shell[0m [1;30mINFO[0m Creating package script '/home/robot/debug_clear_ws/install/clearpath_customization/share/clearpath_customization/package.ps1'
[1.067s] [34mcolcon.colcon_core.shell[0m [1;30mINFO[0m Creating package descriptor '/home/robot/debug_clear_ws/install/clearpath_customization/share/clearpath_customization/package.dsv'
[1.068s] [34mcolcon.colcon_core.shell[0m [1;30mINFO[0m Creating package script '/home/robot/debug_clear_ws/install/clearpath_customization/share/clearpath_customization/package.sh'
[1.068s] [34mcolcon.colcon_core.shell[0m [1;30mINFO[0m Creating package script '/home/robot/debug_clear_ws/install/clearpath_customization/share/clearpath_customization/package.bash'
[1.069s] [34mcolcon.colcon_core.shell[0m [1;30mINFO[0m Creating package script '/home/robot/debug_clear_ws/install/clearpath_customization/share/clearpath_customization/package.zsh'
[1.070s] [34mcolcon.colcon_core.environment[0m [1;30mLevel 1[0m create_file_with_runtime_dependencies(/home/robot/debug_clear_ws/install/clearpath_customization/share/colcon-core/packages/clearpath_customization)
[1.070s] [34mcolcon.colcon_core.environment[0m [1;30mLevel 1[0m create_environment_scripts_only(clearpath_customization)
[1.070s] [34mcolcon.colcon_core.environment[0m [1;30mLevel 1[0m checking '/home/robot/debug_clear_ws/install/clearpath_customization' for CMake module files
[1.071s] [34mcolcon.colcon_core.environment[0m [1;30mLevel 1[0m checking '/home/robot/debug_clear_ws/install/clearpath_customization' for CMake config files
[1.071s] [34mcolcon.colcon_core.shell[0m [1;30mLevel 1[0m create_environment_hook('clearpath_customization', 'cmake_prefix_path')
[1.072s] [34mcolcon.colcon_core.shell[0m [1;30mINFO[0m Creating environment hook '/home/robot/debug_clear_ws/install/clearpath_customization/share/clearpath_customization/hook/cmake_prefix_path.ps1'
[1.072s] [34mcolcon.colcon_core.shell[0m [1;30mINFO[0m Creating environment descriptor '/home/robot/debug_clear_ws/install/clearpath_customization/share/clearpath_customization/hook/cmake_prefix_path.dsv'
[1.072s] [34mcolcon.colcon_core.shell[0m [1;30mINFO[0m Creating environment hook '/home/robot/debug_clear_ws/install/clearpath_customization/share/clearpath_customization/hook/cmake_prefix_path.sh'
[1.073s] [34mcolcon.colcon_core.environment[0m [1;30mLevel 1[0m checking '/home/robot/debug_clear_ws/install/clearpath_customization/lib'
[1.073s] [34mcolcon.colcon_core.environment[0m [1;30mLevel 1[0m checking '/home/robot/debug_clear_ws/install/clearpath_customization/bin'
[1.073s] [34mcolcon.colcon_core.environment[0m [1;30mLevel 1[0m checking '/home/robot/debug_clear_ws/install/clearpath_customization/lib/pkgconfig/clearpath_customization.pc'
[1.074s] [34mcolcon.colcon_core.environment[0m [1;30mLevel 1[0m checking '/home/robot/debug_clear_ws/install/clearpath_customization/lib/python3.10/site-packages'
[1.074s] [34mcolcon.colcon_core.environment[0m [1;30mLevel 1[0m checking '/home/robot/debug_clear_ws/install/clearpath_customization/bin'
[1.074s] [34mcolcon.colcon_core.shell[0m [1;30mINFO[0m Creating package script '/home/robot/debug_clear_ws/install/clearpath_customization/share/clearpath_customization/package.ps1'
[1.075s] [34mcolcon.colcon_core.shell[0m [1;30mINFO[0m Creating package descriptor '/home/robot/debug_clear_ws/install/clearpath_customization/share/clearpath_customization/package.dsv'
[1.076s] [34mcolcon.colcon_core.shell[0m [1;30mINFO[0m Creating package script '/home/robot/debug_clear_ws/install/clearpath_customization/share/clearpath_customization/package.sh'
[1.077s] [34mcolcon.colcon_core.shell[0m [1;30mINFO[0m Creating package script '/home/robot/debug_clear_ws/install/clearpath_customization/share/clearpath_customization/package.bash'
[1.077s] [34mcolcon.colcon_core.shell[0m [1;30mINFO[0m Creating package script '/home/robot/debug_clear_ws/install/clearpath_customization/share/clearpath_customization/package.zsh'
[1.078s] [34mcolcon.colcon_core.environment[0m [1;30mLevel 1[0m create_file_with_runtime_dependencies(/home/robot/debug_clear_ws/install/clearpath_customization/share/colcon-core/packages/clearpath_customization)
[1.079s] [34mcolcon.colcon_ros.task.ament_cmake.build[0m [1;30mINFO[0m Building ROS package in '/home/robot/debug_clear_ws/src/clearpath_common/clearpath_description' with build type 'ament_cmake'
[1.079s] [34mcolcon.colcon_cmake.task.cmake.build[0m [1;30mINFO[0m Building CMake package in '/home/robot/debug_clear_ws/src/clearpath_common/clearpath_description'
[1.079s] [34mcolcon.colcon_core.shell[0m [1;30mINFO[0m Skip shell extension 'powershell' for command environment: Not usable outside of PowerShell
[1.079s] [34mcolcon.colcon_core.shell[0m [1;30mDEBUG[0m [32mSkip shell extension 'dsv' for command environment[0m
[1.091s] [34mcolcon.colcon_core.event_handler.log_command[0m [1;30mDEBUG[0m [32mInvoking command in '/home/robot/debug_clear_ws/build/clearpath_manipulators': CMAKE_PREFIX_PATH=/home/robot/debug_clear_ws/install/clearpath_manipulators_description:/home/robot/debug_clear_ws/install/yolov8_bringup:/home/robot/debug_clear_ws/install/yolov8_msgs:/home/robot/debug_clear_ws/install/yolo_bringup:/home/robot/debug_clear_ws/install/yolo_msgs:/home/robot/debug_clear_ws/install/clearpath_simulator:/home/robot/debug_clear_ws/install/clearpath_gz:/home/robot/debug_clear_ws/install/clearpath_generator_gz:/home/robot/debug_clear_ws/install/clearpath_common:/home/robot/debug_clear_ws/install/clearpath_generator_common:/home/robot/debug_clear_ws/install/clearpath_description:/home/robot/debug_clear_ws/install/clearpath_sensors_description:/home/robot/debug_clear_ws/install/clearpath_platform:/home/robot/debug_clear_ws/install/clearpath_msgs:/home/robot/debug_clear_ws/install/clearpath_platform_msgs:/home/robot/debug_clear_ws/install/clearpath_platform_description:/home/robot/debug_clear_ws/install/clearpath_mounts_description:/home/robot/debug_clear_ws/install/clearpath_manipulators:/home/robot/debug_clear_ws/install/clearpath_customization:/home/robot/debug_clear_ws/install/clearpath_control:/home/robot/debug_clear_ws/install/yolov8_ros:/home/robot/debug_clear_ws/install/yolo_ros:/home/robot/debug_clear_ws/install/clearpath_config:/opt/ros/humble /usr/bin/cmake --build /home/robot/debug_clear_ws/build/clearpath_manipulators -- -j12 -l12[0m
[1.097s] [34mcolcon.colcon_core.event_handler.log_command[0m [1;30mDEBUG[0m [32mInvoking command in '/home/robot/debug_clear_ws/build/clearpath_description': CMAKE_PREFIX_PATH=/home/robot/debug_clear_ws/install/clearpath_sensors_description:/home/robot/debug_clear_ws/install/clearpath_platform_description:/home/robot/debug_clear_ws/install/clearpath_mounts_description:/home/robot/debug_clear_ws/install/clearpath_manipulators_description:/home/robot/debug_clear_ws/install/yolov8_bringup:/home/robot/debug_clear_ws/install/yolov8_msgs:/home/robot/debug_clear_ws/install/yolo_bringup:/home/robot/debug_clear_ws/install/yolo_msgs:/home/robot/debug_clear_ws/install/clearpath_simulator:/home/robot/debug_clear_ws/install/clearpath_gz:/home/robot/debug_clear_ws/install/clearpath_generator_gz:/home/robot/debug_clear_ws/install/clearpath_common:/home/robot/debug_clear_ws/install/clearpath_generator_common:/home/robot/debug_clear_ws/install/clearpath_description:/home/robot/debug_clear_ws/install/clearpath_platform:/home/robot/debug_clear_ws/install/clearpath_msgs:/home/robot/debug_clear_ws/install/clearpath_platform_msgs:/home/robot/debug_clear_ws/install/clearpath_manipulators:/home/robot/debug_clear_ws/install/clearpath_customization:/home/robot/debug_clear_ws/install/clearpath_control:/home/robot/debug_clear_ws/install/yolov8_ros:/home/robot/debug_clear_ws/install/yolo_ros:/home/robot/debug_clear_ws/install/clearpath_config:/opt/ros/humble /usr/bin/cmake --build /home/robot/debug_clear_ws/build/clearpath_description -- -j12 -l12[0m
[1.131s] [34mcolcon.colcon_core.event_handler.log_command[0m [1;30mDEBUG[0m [32mInvoked command in '/home/robot/debug_clear_ws/build/clearpath_platform_msgs' returned '0': CMAKE_PREFIX_PATH=${CMAKE_PREFIX_PATH}:/home/robot/debug_clear_ws/install/yolov8_ros:/home/robot/debug_clear_ws/install/yolo_ros:/home/robot/debug_clear_ws/install/clearpath_config:/opt/ros/humble /usr/bin/cmake --build /home/robot/debug_clear_ws/build/clearpath_platform_msgs -- -j12 -l12[0m
[1.135s] [34mcolcon.colcon_core.event_handler.log_command[0m [1;30mDEBUG[0m [32mInvoking command in '/home/robot/debug_clear_ws/build/clearpath_platform_msgs': CMAKE_PREFIX_PATH=${CMAKE_PREFIX_PATH}:/home/robot/debug_clear_ws/install/yolov8_ros:/home/robot/debug_clear_ws/install/yolo_ros:/home/robot/debug_clear_ws/install/clearpath_config:/opt/ros/humble /usr/bin/cmake --install /home/robot/debug_clear_ws/build/clearpath_platform_msgs[0m
[1.139s] [34mcolcon.colcon_core.event_handler.log_command[0m [1;30mDEBUG[0m [32mInvoked command in '/home/robot/debug_clear_ws/build/clearpath_manipulators' returned '0': CMAKE_PREFIX_PATH=/home/robot/debug_clear_ws/install/clearpath_manipulators_description:/home/robot/debug_clear_ws/install/yolov8_bringup:/home/robot/debug_clear_ws/install/yolov8_msgs:/home/robot/debug_clear_ws/install/yolo_bringup:/home/robot/debug_clear_ws/install/yolo_msgs:/home/robot/debug_clear_ws/install/clearpath_simulator:/home/robot/debug_clear_ws/install/clearpath_gz:/home/robot/debug_clear_ws/install/clearpath_generator_gz:/home/robot/debug_clear_ws/install/clearpath_common:/home/robot/debug_clear_ws/install/clearpath_generator_common:/home/robot/debug_clear_ws/install/clearpath_description:/home/robot/debug_clear_ws/install/clearpath_sensors_description:/home/robot/debug_clear_ws/install/clearpath_platform:/home/robot/debug_clear_ws/install/clearpath_msgs:/home/robot/debug_clear_ws/install/clearpath_platform_msgs:/home/robot/debug_clear_ws/install/clearpath_platform_description:/home/robot/debug_clear_ws/install/clearpath_mounts_description:/home/robot/debug_clear_ws/install/clearpath_manipulators:/home/robot/debug_clear_ws/install/clearpath_customization:/home/robot/debug_clear_ws/install/clearpath_control:/home/robot/debug_clear_ws/install/yolov8_ros:/home/robot/debug_clear_ws/install/yolo_ros:/home/robot/debug_clear_ws/install/clearpath_config:/opt/ros/humble /usr/bin/cmake --build /home/robot/debug_clear_ws/build/clearpath_manipulators -- -j12 -l12[0m
[1.142s] [34mcolcon.colcon_core.event_handler.log_command[0m [1;30mDEBUG[0m [32mInvoking command in '/home/robot/debug_clear_ws/build/clearpath_manipulators': CMAKE_PREFIX_PATH=/home/robot/debug_clear_ws/install/clearpath_manipulators_description:/home/robot/debug_clear_ws/install/yolov8_bringup:/home/robot/debug_clear_ws/install/yolov8_msgs:/home/robot/debug_clear_ws/install/yolo_bringup:/home/robot/debug_clear_ws/install/yolo_msgs:/home/robot/debug_clear_ws/install/clearpath_simulator:/home/robot/debug_clear_ws/install/clearpath_gz:/home/robot/debug_clear_ws/install/clearpath_generator_gz:/home/robot/debug_clear_ws/install/clearpath_common:/home/robot/debug_clear_ws/install/clearpath_generator_common:/home/robot/debug_clear_ws/install/clearpath_description:/home/robot/debug_clear_ws/install/clearpath_sensors_description:/home/robot/debug_clear_ws/install/clearpath_platform:/home/robot/debug_clear_ws/install/clearpath_msgs:/home/robot/debug_clear_ws/install/clearpath_platform_msgs:/home/robot/debug_clear_ws/install/clearpath_platform_description:/home/robot/debug_clear_ws/install/clearpath_mounts_description:/home/robot/debug_clear_ws/install/clearpath_manipulators:/home/robot/debug_clear_ws/install/clearpath_customization:/home/robot/debug_clear_ws/install/clearpath_control:/home/robot/debug_clear_ws/install/yolov8_ros:/home/robot/debug_clear_ws/install/yolo_ros:/home/robot/debug_clear_ws/install/clearpath_config:/opt/ros/humble /usr/bin/cmake --install /home/robot/debug_clear_ws/build/clearpath_manipulators[0m
[1.154s] [34mcolcon.colcon_core.event_handler.log_command[0m [1;30mDEBUG[0m [32mInvoked command in '/home/robot/debug_clear_ws/build/clearpath_description' returned '0': CMAKE_PREFIX_PATH=/home/robot/debug_clear_ws/install/clearpath_sensors_description:/home/robot/debug_clear_ws/install/clearpath_platform_description:/home/robot/debug_clear_ws/install/clearpath_mounts_description:/home/robot/debug_clear_ws/install/clearpath_manipulators_description:/home/robot/debug_clear_ws/install/yolov8_bringup:/home/robot/debug_clear_ws/install/yolov8_msgs:/home/robot/debug_clear_ws/install/yolo_bringup:/home/robot/debug_clear_ws/install/yolo_msgs:/home/robot/debug_clear_ws/install/clearpath_simulator:/home/robot/debug_clear_ws/install/clearpath_gz:/home/robot/debug_clear_ws/install/clearpath_generator_gz:/home/robot/debug_clear_ws/install/clearpath_common:/home/robot/debug_clear_ws/install/clearpath_generator_common:/home/robot/debug_clear_ws/install/clearpath_description:/home/robot/debug_clear_ws/install/clearpath_platform:/home/robot/debug_clear_ws/install/clearpath_msgs:/home/robot/debug_clear_ws/install/clearpath_platform_msgs:/home/robot/debug_clear_ws/install/clearpath_manipulators:/home/robot/debug_clear_ws/install/clearpath_customization:/home/robot/debug_clear_ws/install/clearpath_control:/home/robot/debug_clear_ws/install/yolov8_ros:/home/robot/debug_clear_ws/install/yolo_ros:/home/robot/debug_clear_ws/install/clearpath_config:/opt/ros/humble /usr/bin/cmake --build /home/robot/debug_clear_ws/build/clearpath_description -- -j12 -l12[0m
[1.158s] [34mcolcon.colcon_core.event_handler.log_command[0m [1;30mDEBUG[0m [32mInvoking command in '/home/robot/debug_clear_ws/build/clearpath_description': CMAKE_PREFIX_PATH=/home/robot/debug_clear_ws/install/clearpath_sensors_description:/home/robot/debug_clear_ws/install/clearpath_platform_description:/home/robot/debug_clear_ws/install/clearpath_mounts_description:/home/robot/debug_clear_ws/install/clearpath_manipulators_description:/home/robot/debug_clear_ws/install/yolov8_bringup:/home/robot/debug_clear_ws/install/yolov8_msgs:/home/robot/debug_clear_ws/install/yolo_bringup:/home/robot/debug_clear_ws/install/yolo_msgs:/home/robot/debug_clear_ws/install/clearpath_simulator:/home/robot/debug_clear_ws/install/clearpath_gz:/home/robot/debug_clear_ws/install/clearpath_generator_gz:/home/robot/debug_clear_ws/install/clearpath_common:/home/robot/debug_clear_ws/install/clearpath_generator_common:/home/robot/debug_clear_ws/install/clearpath_description:/home/robot/debug_clear_ws/install/clearpath_platform:/home/robot/debug_clear_ws/install/clearpath_msgs:/home/robot/debug_clear_ws/install/clearpath_platform_msgs:/home/robot/debug_clear_ws/install/clearpath_manipulators:/home/robot/debug_clear_ws/install/clearpath_customization:/home/robot/debug_clear_ws/install/clearpath_control:/home/robot/debug_clear_ws/install/yolov8_ros:/home/robot/debug_clear_ws/install/yolo_ros:/home/robot/debug_clear_ws/install/clearpath_config:/opt/ros/humble /usr/bin/cmake --install /home/robot/debug_clear_ws/build/clearpath_description[0m
[1.179s] [34mcolcon.colcon_core.environment[0m [1;30mLevel 1[0m create_environment_scripts_only(clearpath_manipulators)
[1.180s] [34mcolcon.colcon_core.environment[0m [1;30mLevel 1[0m checking '/home/robot/debug_clear_ws/install/clearpath_manipulators' for CMake module files
[1.183s] [34mcolcon.colcon_core.environment[0m [1;30mLevel 1[0m checking '/home/robot/debug_clear_ws/install/clearpath_manipulators' for CMake config files
[1.184s] [34mcolcon.colcon_core.shell[0m [1;30mLevel 1[0m create_environment_hook('clearpath_manipulators', 'cmake_prefix_path')
[1.185s] [34mcolcon.colcon_core.shell[0m [1;30mINFO[0m Creating environment hook '/home/robot/debug_clear_ws/install/clearpath_manipulators/share/clearpath_manipulators/hook/cmake_prefix_path.ps1'
[1.187s] [34mcolcon.colcon_core.shell[0m [1;30mINFO[0m Creating environment descriptor '/home/robot/debug_clear_ws/install/clearpath_manipulators/share/clearpath_manipulators/hook/cmake_prefix_path.dsv'
[1.189s] [34mcolcon.colcon_core.shell[0m [1;30mINFO[0m Creating environment hook '/home/robot/debug_clear_ws/install/clearpath_manipulators/share/clearpath_manipulators/hook/cmake_prefix_path.sh'
[1.191s] [34mcolcon.colcon_core.environment[0m [1;30mLevel 1[0m checking '/home/robot/debug_clear_ws/install/clearpath_manipulators/bin'
[1.191s] [34mcolcon.colcon_core.environment[0m [1;30mLevel 1[0m checking '/home/robot/debug_clear_ws/install/clearpath_manipulators/lib/pkgconfig/clearpath_manipulators.pc'
[1.192s] [34mcolcon.colcon_core.environment[0m [1;30mLevel 1[0m checking '/home/robot/debug_clear_ws/install/clearpath_manipulators/lib/python3.10/site-packages'
[1.192s] [34mcolcon.colcon_core.environment[0m [1;30mLevel 1[0m checking '/home/robot/debug_clear_ws/install/clearpath_manipulators/bin'
[1.193s] [34mcolcon.colcon_core.shell[0m [1;30mINFO[0m Creating package script '/home/robot/debug_clear_ws/install/clearpath_manipulators/share/clearpath_manipulators/package.ps1'
[1.194s] [34mcolcon.colcon_core.shell[0m [1;30mINFO[0m Creating package descriptor '/home/robot/debug_clear_ws/install/clearpath_manipulators/share/clearpath_manipulators/package.dsv'
[1.196s] [34mcolcon.colcon_core.shell[0m [1;30mINFO[0m Creating package script '/home/robot/debug_clear_ws/install/clearpath_manipulators/share/clearpath_manipulators/package.sh'
[1.197s] [34mcolcon.colcon_core.shell[0m [1;30mINFO[0m Creating package script '/home/robot/debug_clear_ws/install/clearpath_manipulators/share/clearpath_manipulators/package.bash'
[1.199s] [34mcolcon.colcon_core.shell[0m [1;30mINFO[0m Creating package script '/home/robot/debug_clear_ws/install/clearpath_manipulators/share/clearpath_manipulators/package.zsh'
[1.200s] [34mcolcon.colcon_core.environment[0m [1;30mLevel 1[0m create_file_with_runtime_dependencies(/home/robot/debug_clear_ws/install/clearpath_manipulators/share/colcon-core/packages/clearpath_manipulators)
[1.201s] [34mcolcon.colcon_core.environment[0m [1;30mLevel 1[0m create_environment_scripts_only(clearpath_manipulators)
[1.201s] [34mcolcon.colcon_core.environment[0m [1;30mLevel 1[0m checking '/home/robot/debug_clear_ws/install/clearpath_manipulators' for CMake module files
[1.203s] [34mcolcon.colcon_core.environment[0m [1;30mLevel 1[0m checking '/home/robot/debug_clear_ws/install/clearpath_manipulators' for CMake config files
[1.204s] [34mcolcon.colcon_core.shell[0m [1;30mLevel 1[0m create_environment_hook('clearpath_manipulators', 'cmake_prefix_path')
[1.204s] [34mcolcon.colcon_core.shell[0m [1;30mINFO[0m Creating environment hook '/home/robot/debug_clear_ws/install/clearpath_manipulators/share/clearpath_manipulators/hook/cmake_prefix_path.ps1'
[1.205s] [34mcolcon.colcon_core.event_handler.log_command[0m [1;30mDEBUG[0m [32mInvoked command in '/home/robot/debug_clear_ws/build/clearpath_manipulators' returned '0': CMAKE_PREFIX_PATH=/home/robot/debug_clear_ws/install/clearpath_manipulators_description:/home/robot/debug_clear_ws/install/yolov8_bringup:/home/robot/debug_clear_ws/install/yolov8_msgs:/home/robot/debug_clear_ws/install/yolo_bringup:/home/robot/debug_clear_ws/install/yolo_msgs:/home/robot/debug_clear_ws/install/clearpath_simulator:/home/robot/debug_clear_ws/install/clearpath_gz:/home/robot/debug_clear_ws/install/clearpath_generator_gz:/home/robot/debug_clear_ws/install/clearpath_common:/home/robot/debug_clear_ws/install/clearpath_generator_common:/home/robot/debug_clear_ws/install/clearpath_description:/home/robot/debug_clear_ws/install/clearpath_sensors_description:/home/robot/debug_clear_ws/install/clearpath_platform:/home/robot/debug_clear_ws/install/clearpath_msgs:/home/robot/debug_clear_ws/install/clearpath_platform_msgs:/home/robot/debug_clear_ws/install/clearpath_platform_description:/home/robot/debug_clear_ws/install/clearpath_mounts_description:/home/robot/debug_clear_ws/install/clearpath_manipulators:/home/robot/debug_clear_ws/install/clearpath_customization:/home/robot/debug_clear_ws/install/clearpath_control:/home/robot/debug_clear_ws/install/yolov8_ros:/home/robot/debug_clear_ws/install/yolo_ros:/home/robot/debug_clear_ws/install/clearpath_config:/opt/ros/humble /usr/bin/cmake --install /home/robot/debug_clear_ws/build/clearpath_manipulators[0m
[1.206s] [34mcolcon.colcon_core.shell[0m [1;30mINFO[0m Creating environment descriptor '/home/robot/debug_clear_ws/install/clearpath_manipulators/share/clearpath_manipulators/hook/cmake_prefix_path.dsv'
[1.207s] [34mcolcon.colcon_core.shell[0m [1;30mINFO[0m Creating environment hook '/home/robot/debug_clear_ws/install/clearpath_manipulators/share/clearpath_manipulators/hook/cmake_prefix_path.sh'
[1.208s] [34mcolcon.colcon_core.environment[0m [1;30mLevel 1[0m checking '/home/robot/debug_clear_ws/install/clearpath_manipulators/bin'
[1.208s] [34mcolcon.colcon_core.environment[0m [1;30mLevel 1[0m checking '/home/robot/debug_clear_ws/install/clearpath_manipulators/lib/pkgconfig/clearpath_manipulators.pc'
[1.208s] [34mcolcon.colcon_core.environment[0m [1;30mLevel 1[0m checking '/home/robot/debug_clear_ws/install/clearpath_manipulators/lib/python3.10/site-packages'
[1.209s] [34mcolcon.colcon_core.environment[0m [1;30mLevel 1[0m checking '/home/robot/debug_clear_ws/install/clearpath_manipulators/bin'
[1.209s] [34mcolcon.colcon_core.shell[0m [1;30mINFO[0m Creating package script '/home/robot/debug_clear_ws/install/clearpath_manipulators/share/clearpath_manipulators/package.ps1'
[1.210s] [34mcolcon.colcon_core.shell[0m [1;30mINFO[0m Creating package descriptor '/home/robot/debug_clear_ws/install/clearpath_manipulators/share/clearpath_manipulators/package.dsv'
[1.211s] [34mcolcon.colcon_core.shell[0m [1;30mINFO[0m Creating package script '/home/robot/debug_clear_ws/install/clearpath_manipulators/share/clearpath_manipulators/package.sh'
[1.212s] [34mcolcon.colcon_core.shell[0m [1;30mINFO[0m Creating package script '/home/robot/debug_clear_ws/install/clearpath_manipulators/share/clearpath_manipulators/package.bash'
[1.213s] [34mcolcon.colcon_core.shell[0m [1;30mINFO[0m Creating package script '/home/robot/debug_clear_ws/install/clearpath_manipulators/share/clearpath_manipulators/package.zsh'
[1.214s] [34mcolcon.colcon_core.environment[0m [1;30mLevel 1[0m create_file_with_runtime_dependencies(/home/robot/debug_clear_ws/install/clearpath_manipulators/share/colcon-core/packages/clearpath_manipulators)
[1.216s] [34mcolcon.colcon_core.environment[0m [1;30mLevel 1[0m create_environment_scripts_only(clearpath_description)
[1.217s] [34mcolcon.colcon_core.environment[0m [1;30mLevel 1[0m checking '/home/robot/debug_clear_ws/install/clearpath_description' for CMake module files
[1.221s] [34mcolcon.colcon_core.environment[0m [1;30mLevel 1[0m checking '/home/robot/debug_clear_ws/install/clearpath_description' for CMake config files
[1.222s] [34mcolcon.colcon_core.shell[0m [1;30mLevel 1[0m create_environment_hook('clearpath_description', 'cmake_prefix_path')
[1.223s] [34mcolcon.colcon_core.shell[0m [1;30mINFO[0m Creating environment hook '/home/robot/debug_clear_ws/install/clearpath_description/share/clearpath_description/hook/cmake_prefix_path.ps1'
[1.224s] [34mcolcon.colcon_core.shell[0m [1;30mINFO[0m Creating environment descriptor '/home/robot/debug_clear_ws/install/clearpath_description/share/clearpath_description/hook/cmake_prefix_path.dsv'
[1.225s] [34mcolcon.colcon_core.shell[0m [1;30mINFO[0m Creating environment hook '/home/robot/debug_clear_ws/install/clearpath_description/share/clearpath_description/hook/cmake_prefix_path.sh'
[1.226s] [34mcolcon.colcon_core.environment[0m [1;30mLevel 1[0m checking '/home/robot/debug_clear_ws/install/clearpath_description/bin'
[1.226s] [34mcolcon.colcon_core.environment[0m [1;30mLevel 1[0m checking '/home/robot/debug_clear_ws/install/clearpath_description/lib/pkgconfig/clearpath_description.pc'
[1.227s] [34mcolcon.colcon_core.environment[0m [1;30mLevel 1[0m checking '/home/robot/debug_clear_ws/install/clearpath_description/lib/python3.10/site-packages'
[1.227s] [34mcolcon.colcon_core.environment[0m [1;30mLevel 1[0m checking '/home/robot/debug_clear_ws/install/clearpath_description/bin'
[1.227s] [34mcolcon.colcon_core.shell[0m [1;30mINFO[0m Creating package script '/home/robot/debug_clear_ws/install/clearpath_description/share/clearpath_description/package.ps1'
[1.228s] [34mcolcon.colcon_core.shell[0m [1;30mINFO[0m Creating package descriptor '/home/robot/debug_clear_ws/install/clearpath_description/share/clearpath_description/package.dsv'
[1.229s] [34mcolcon.colcon_core.shell[0m [1;30mINFO[0m Creating package script '/home/robot/debug_clear_ws/install/clearpath_description/share/clearpath_description/package.sh'
[1.231s] [34mcolcon.colcon_core.shell[0m [1;30mINFO[0m Creating package script '/home/robot/debug_clear_ws/install/clearpath_description/share/clearpath_description/package.bash'
[1.231s] [34mcolcon.colcon_core.shell[0m [1;30mINFO[0m Creating package script '/home/robot/debug_clear_ws/install/clearpath_description/share/clearpath_description/package.zsh'
[1.232s] [34mcolcon.colcon_core.environment[0m [1;30mLevel 1[0m create_file_with_runtime_dependencies(/home/robot/debug_clear_ws/install/clearpath_description/share/colcon-core/packages/clearpath_description)
[1.234s] [34mcolcon.colcon_core.environment[0m [1;30mLevel 1[0m create_environment_scripts_only(clearpath_description)
[1.234s] [34mcolcon.colcon_core.environment[0m [1;30mLevel 1[0m checking '/home/robot/debug_clear_ws/install/clearpath_description' for CMake module files
[1.236s] [34mcolcon.colcon_core.environment[0m [1;30mLevel 1[0m checking '/home/robot/debug_clear_ws/install/clearpath_description' for CMake config files
[1.236s] [34mcolcon.colcon_core.shell[0m [1;30mLevel 1[0m create_environment_hook('clearpath_description', 'cmake_prefix_path')
[1.237s] [34mcolcon.colcon_core.shell[0m [1;30mINFO[0m Creating environment hook '/home/robot/debug_clear_ws/install/clearpath_description/share/clearpath_description/hook/cmake_prefix_path.ps1'
[1.238s] [34mcolcon.colcon_core.shell[0m [1;30mINFO[0m Creating environment descriptor '/home/robot/debug_clear_ws/install/clearpath_description/share/clearpath_description/hook/cmake_prefix_path.dsv'
[1.239s] [34mcolcon.colcon_core.shell[0m [1;30mINFO[0m Creating environment hook '/home/robot/debug_clear_ws/install/clearpath_description/share/clearpath_description/hook/cmake_prefix_path.sh'
[1.240s] [34mcolcon.colcon_core.environment[0m [1;30mLevel 1[0m checking '/home/robot/debug_clear_ws/install/clearpath_description/bin'
[1.240s] [34mcolcon.colcon_core.environment[0m [1;30mLevel 1[0m checking '/home/robot/debug_clear_ws/install/clearpath_description/lib/pkgconfig/clearpath_description.pc'
[1.241s] [34mcolcon.colcon_core.environment[0m [1;30mLevel 1[0m checking '/home/robot/debug_clear_ws/install/clearpath_description/lib/python3.10/site-packages'
[1.241s] [34mcolcon.colcon_core.environment[0m [1;30mLevel 1[0m checking '/home/robot/debug_clear_ws/install/clearpath_description/bin'
[1.241s] [34mcolcon.colcon_core.shell[0m [1;30mINFO[0m Creating package script '/home/robot/debug_clear_ws/install/clearpath_description/share/clearpath_description/package.ps1'
[1.242s] [34mcolcon.colcon_core.shell[0m [1;30mINFO[0m Creating package descriptor '/home/robot/debug_clear_ws/install/clearpath_description/share/clearpath_description/package.dsv'
[1.243s] [34mcolcon.colcon_core.shell[0m [1;30mINFO[0m Creating package script '/home/robot/debug_clear_ws/install/clearpath_description/share/clearpath_description/package.sh'
[1.245s] [34mcolcon.colcon_core.event_handler.log_command[0m [1;30mDEBUG[0m [32mInvoked command in '/home/robot/debug_clear_ws/build/clearpath_description' returned '0': CMAKE_PREFIX_PATH=/home/robot/debug_clear_ws/install/clearpath_sensors_description:/home/robot/debug_clear_ws/install/clearpath_platform_description:/home/robot/debug_clear_ws/install/clearpath_mounts_description:/home/robot/debug_clear_ws/install/clearpath_manipulators_description:/home/robot/debug_clear_ws/install/yolov8_bringup:/home/robot/debug_clear_ws/install/yolov8_msgs:/home/robot/debug_clear_ws/install/yolo_bringup:/home/robot/debug_clear_ws/install/yolo_msgs:/home/robot/debug_clear_ws/install/clearpath_simulator:/home/robot/debug_clear_ws/install/clearpath_gz:/home/robot/debug_clear_ws/install/clearpath_generator_gz:/home/robot/debug_clear_ws/install/clearpath_common:/home/robot/debug_clear_ws/install/clearpath_generator_common:/home/robot/debug_clear_ws/install/clearpath_description:/home/robot/debug_clear_ws/install/clearpath_platform:/home/robot/debug_clear_ws/install/clearpath_msgs:/home/robot/debug_clear_ws/install/clearpath_platform_msgs:/home/robot/debug_clear_ws/install/clearpath_manipulators:/home/robot/debug_clear_ws/install/clearpath_customization:/home/robot/debug_clear_ws/install/clearpath_control:/home/robot/debug_clear_ws/install/yolov8_ros:/home/robot/debug_clear_ws/install/yolo_ros:/home/robot/debug_clear_ws/install/clearpath_config:/opt/ros/humble /usr/bin/cmake --install /home/robot/debug_clear_ws/build/clearpath_description[0m
[1.245s] [34mcolcon.colcon_core.shell[0m [1;30mINFO[0m Creating package script '/home/robot/debug_clear_ws/install/clearpath_description/share/clearpath_description/package.bash'
[1.245s] [34mcolcon.colcon_core.shell[0m [1;30mINFO[0m Creating package script '/home/robot/debug_clear_ws/install/clearpath_description/share/clearpath_description/package.zsh'
[1.246s] [34mcolcon.colcon_core.environment[0m [1;30mLevel 1[0m create_file_with_runtime_dependencies(/home/robot/debug_clear_ws/install/clearpath_description/share/colcon-core/packages/clearpath_description)
[1.279s] [34mcolcon.colcon_core.environment[0m [1;30mLevel 1[0m create_environment_scripts_only(clearpath_platform_msgs)
[1.280s] [34mcolcon.colcon_core.environment[0m [1;30mLevel 1[0m checking '/home/robot/debug_clear_ws/install/clearpath_platform_msgs' for CMake module files
[1.280s] [34mcolcon.colcon_core.event_handler.log_command[0m [1;30mDEBUG[0m [32mInvoked command in '/home/robot/debug_clear_ws/build/clearpath_platform_msgs' returned '0': CMAKE_PREFIX_PATH=${CMAKE_PREFIX_PATH}:/home/robot/debug_clear_ws/install/yolov8_ros:/home/robot/debug_clear_ws/install/yolo_ros:/home/robot/debug_clear_ws/install/clearpath_config:/opt/ros/humble /usr/bin/cmake --install /home/robot/debug_clear_ws/build/clearpath_platform_msgs[0m
[1.281s] [34mcolcon.colcon_core.environment[0m [1;30mLevel 1[0m checking '/home/robot/debug_clear_ws/install/clearpath_platform_msgs' for CMake config files
[1.282s] [34mcolcon.colcon_core.shell[0m [1;30mLevel 1[0m create_environment_hook('clearpath_platform_msgs', 'cmake_prefix_path')
[1.282s] [34mcolcon.colcon_core.shell[0m [1;30mINFO[0m Creating environment hook '/home/robot/debug_clear_ws/install/clearpath_platform_msgs/share/clearpath_platform_msgs/hook/cmake_prefix_path.ps1'
[1.283s] [34mcolcon.colcon_core.shell[0m [1;30mINFO[0m Creating environment descriptor '/home/robot/debug_clear_ws/install/clearpath_platform_msgs/share/clearpath_platform_msgs/hook/cmake_prefix_path.dsv'
[1.283s] [34mcolcon.colcon_core.shell[0m [1;30mINFO[0m Creating environment hook '/home/robot/debug_clear_ws/install/clearpath_platform_msgs/share/clearpath_platform_msgs/hook/cmake_prefix_path.sh'
[1.284s] [34mcolcon.colcon_core.environment[0m [1;30mLevel 1[0m checking '/home/robot/debug_clear_ws/install/clearpath_platform_msgs/lib'
[1.284s] [34mcolcon.colcon_core.shell[0m [1;30mLevel 1[0m create_environment_hook('clearpath_platform_msgs', 'ld_library_path_lib')
[1.285s] [34mcolcon.colcon_core.shell[0m [1;30mINFO[0m Creating environment hook '/home/robot/debug_clear_ws/install/clearpath_platform_msgs/share/clearpath_platform_msgs/hook/ld_library_path_lib.ps1'
[1.286s] [34mcolcon.colcon_core.shell[0m [1;30mINFO[0m Creating environment descriptor '/home/robot/debug_clear_ws/install/clearpath_platform_msgs/share/clearpath_platform_msgs/hook/ld_library_path_lib.dsv'
[1.287s] [34mcolcon.colcon_core.shell[0m [1;30mINFO[0m Creating environment hook '/home/robot/debug_clear_ws/install/clearpath_platform_msgs/share/clearpath_platform_msgs/hook/ld_library_path_lib.sh'
[1.288s] [34mcolcon.colcon_core.environment[0m [1;30mLevel 1[0m checking '/home/robot/debug_clear_ws/install/clearpath_platform_msgs/bin'
[1.288s] [34mcolcon.colcon_core.environment[0m [1;30mLevel 1[0m checking '/home/robot/debug_clear_ws/install/clearpath_platform_msgs/lib/pkgconfig/clearpath_platform_msgs.pc'
[1.288s] [34mcolcon.colcon_core.environment[0m [1;30mLevel 1[0m checking '/home/robot/debug_clear_ws/install/clearpath_platform_msgs/lib/python3.10/site-packages'
[1.289s] [34mcolcon.colcon_core.environment[0m [1;30mLevel 1[0m checking '/home/robot/debug_clear_ws/install/clearpath_platform_msgs/bin'
[1.290s] [34mcolcon.colcon_core.shell[0m [1;30mINFO[0m Creating package script '/home/robot/debug_clear_ws/install/clearpath_platform_msgs/share/clearpath_platform_msgs/package.ps1'
[1.291s] [34mcolcon.colcon_core.shell[0m [1;30mINFO[0m Creating package descriptor '/home/robot/debug_clear_ws/install/clearpath_platform_msgs/share/clearpath_platform_msgs/package.dsv'
[1.292s] [34mcolcon.colcon_core.shell[0m [1;30mINFO[0m Creating package script '/home/robot/debug_clear_ws/install/clearpath_platform_msgs/share/clearpath_platform_msgs/package.sh'
[1.292s] [34mcolcon.colcon_core.shell[0m [1;30mINFO[0m Creating package script '/home/robot/debug_clear_ws/install/clearpath_platform_msgs/share/clearpath_platform_msgs/package.bash'
[1.293s] [34mcolcon.colcon_core.shell[0m [1;30mINFO[0m Creating package script '/home/robot/debug_clear_ws/install/clearpath_platform_msgs/share/clearpath_platform_msgs/package.zsh'
[1.293s] [34mcolcon.colcon_core.environment[0m [1;30mLevel 1[0m create_file_with_runtime_dependencies(/home/robot/debug_clear_ws/install/clearpath_platform_msgs/share/colcon-core/packages/clearpath_platform_msgs)
[1.294s] [34mcolcon.colcon_core.environment[0m [1;30mLevel 1[0m create_environment_scripts_only(clearpath_platform_msgs)
[1.294s] [34mcolcon.colcon_core.environment[0m [1;30mLevel 1[0m checking '/home/robot/debug_clear_ws/install/clearpath_platform_msgs' for CMake module files
[1.296s] [34mcolcon.colcon_core.environment[0m [1;30mLevel 1[0m checking '/home/robot/debug_clear_ws/install/clearpath_platform_msgs' for CMake config files
[1.297s] [34mcolcon.colcon_core.shell[0m [1;30mLevel 1[0m create_environment_hook('clearpath_platform_msgs', 'cmake_prefix_path')
[1.298s] [34mcolcon.colcon_core.shell[0m [1;30mINFO[0m Creating environment hook '/home/robot/debug_clear_ws/install/clearpath_platform_msgs/share/clearpath_platform_msgs/hook/cmake_prefix_path.ps1'
[1.298s] [34mcolcon.colcon_core.shell[0m [1;30mINFO[0m Creating environment descriptor '/home/robot/debug_clear_ws/install/clearpath_platform_msgs/share/clearpath_platform_msgs/hook/cmake_prefix_path.dsv'
[1.299s] [34mcolcon.colcon_core.shell[0m [1;30mINFO[0m Creating environment hook '/home/robot/debug_clear_ws/install/clearpath_platform_msgs/share/clearpath_platform_msgs/hook/cmake_prefix_path.sh'
[1.300s] [34mcolcon.colcon_core.environment[0m [1;30mLevel 1[0m checking '/home/robot/debug_clear_ws/install/clearpath_platform_msgs/lib'
[1.301s] [34mcolcon.colcon_core.shell[0m [1;30mLevel 1[0m create_environment_hook('clearpath_platform_msgs', 'ld_library_path_lib')
[1.301s] [34mcolcon.colcon_core.shell[0m [1;30mINFO[0m Creating environment hook '/home/robot/debug_clear_ws/install/clearpath_platform_msgs/share/clearpath_platform_msgs/hook/ld_library_path_lib.ps1'
[1.302s] [34mcolcon.colcon_core.shell[0m [1;30mINFO[0m Creating environment descriptor '/home/robot/debug_clear_ws/install/clearpath_platform_msgs/share/clearpath_platform_msgs/hook/ld_library_path_lib.dsv'
[1.303s] [34mcolcon.colcon_core.shell[0m [1;30mINFO[0m Creating environment hook '/home/robot/debug_clear_ws/install/clearpath_platform_msgs/share/clearpath_platform_msgs/hook/ld_library_path_lib.sh'
[1.303s] [34mcolcon.colcon_core.environment[0m [1;30mLevel 1[0m checking '/home/robot/debug_clear_ws/install/clearpath_platform_msgs/bin'
[1.304s] [34mcolcon.colcon_core.environment[0m [1;30mLevel 1[0m checking '/home/robot/debug_clear_ws/install/clearpath_platform_msgs/lib/pkgconfig/clearpath_platform_msgs.pc'
[1.304s] [34mcolcon.colcon_core.environment[0m [1;30mLevel 1[0m checking '/home/robot/debug_clear_ws/install/clearpath_platform_msgs/lib/python3.10/site-packages'
[1.305s] [34mcolcon.colcon_core.environment[0m [1;30mLevel 1[0m checking '/home/robot/debug_clear_ws/install/clearpath_platform_msgs/bin'
[1.306s] [34mcolcon.colcon_core.shell[0m [1;30mINFO[0m Creating package script '/home/robot/debug_clear_ws/install/clearpath_platform_msgs/share/clearpath_platform_msgs/package.ps1'
[1.307s] [34mcolcon.colcon_core.shell[0m [1;30mINFO[0m Creating package descriptor '/home/robot/debug_clear_ws/install/clearpath_platform_msgs/share/clearpath_platform_msgs/package.dsv'
[1.308s] [34mcolcon.colcon_core.shell[0m [1;30mINFO[0m Creating package script '/home/robot/debug_clear_ws/install/clearpath_platform_msgs/share/clearpath_platform_msgs/package.sh'
[1.309s] [34mcolcon.colcon_core.shell[0m [1;30mINFO[0m Creating package script '/home/robot/debug_clear_ws/install/clearpath_platform_msgs/share/clearpath_platform_msgs/package.bash'
[1.310s] [34mcolcon.colcon_core.shell[0m [1;30mINFO[0m Creating package script '/home/robot/debug_clear_ws/install/clearpath_platform_msgs/share/clearpath_platform_msgs/package.zsh'
[1.311s] [34mcolcon.colcon_core.environment[0m [1;30mLevel 1[0m create_file_with_runtime_dependencies(/home/robot/debug_clear_ws/install/clearpath_platform_msgs/share/colcon-core/packages/clearpath_platform_msgs)
[1.311s] [34mcolcon.colcon_ros.task.ament_cmake.build[0m [1;30mINFO[0m Building ROS package in '/home/robot/debug_clear_ws/src/clearpath_common/clearpath_platform' with build type 'ament_cmake'
[1.312s] [34mcolcon.colcon_cmake.task.cmake.build[0m [1;30mINFO[0m Building CMake package in '/home/robot/debug_clear_ws/src/clearpath_common/clearpath_platform'
[1.312s] [34mcolcon.colcon_core.shell[0m [1;30mINFO[0m Skip shell extension 'powershell' for command environment: Not usable outside of PowerShell
[1.312s] [34mcolcon.colcon_core.shell[0m [1;30mDEBUG[0m [32mSkip shell extension 'dsv' for command environment[0m
[1.325s] [34mcolcon.colcon_ros.task.ament_cmake.build[0m [1;30mINFO[0m Building ROS package in '/home/robot/debug_clear_ws/src/clearpath_msgs/clearpath_msgs' with build type 'ament_cmake'
[1.325s] [34mcolcon.colcon_cmake.task.cmake.build[0m [1;30mINFO[0m Building CMake package in '/home/robot/debug_clear_ws/src/clearpath_msgs/clearpath_msgs'
[1.325s] [34mcolcon.colcon_core.shell[0m [1;30mINFO[0m Skip shell extension 'powershell' for command environment: Not usable outside of PowerShell
[1.326s] [34mcolcon.colcon_core.shell[0m [1;30mDEBUG[0m [32mSkip shell extension 'dsv' for command environment[0m
[1.343s] [34mcolcon.colcon_core.event_handler.log_command[0m [1;30mDEBUG[0m [32mInvoking command in '/home/robot/debug_clear_ws/build/clearpath_platform': CMAKE_PREFIX_PATH=/home/robot/debug_clear_ws/install/clearpath_platform_msgs:/home/robot/debug_clear_ws/install/clearpath_platform_description:/home/robot/debug_clear_ws/install/clearpath_control:/home/robot/debug_clear_ws/install/yolov8_bringup:/home/robot/debug_clear_ws/install/yolov8_msgs:/home/robot/debug_clear_ws/install/yolo_bringup:/home/robot/debug_clear_ws/install/yolo_msgs:/home/robot/debug_clear_ws/install/clearpath_simulator:/home/robot/debug_clear_ws/install/clearpath_gz:/home/robot/debug_clear_ws/install/clearpath_generator_gz:/home/robot/debug_clear_ws/install/clearpath_common:/home/robot/debug_clear_ws/install/clearpath_generator_common:/home/robot/debug_clear_ws/install/clearpath_description:/home/robot/debug_clear_ws/install/clearpath_sensors_description:/home/robot/debug_clear_ws/install/clearpath_platform:/home/robot/debug_clear_ws/install/clearpath_msgs:/home/robot/debug_clear_ws/install/clearpath_mounts_description:/home/robot/debug_clear_ws/install/clearpath_manipulators:/home/robot/debug_clear_ws/install/clearpath_manipulators_description:/home/robot/debug_clear_ws/install/clearpath_customization:/home/robot/debug_clear_ws/install/yolov8_ros:/home/robot/debug_clear_ws/install/yolo_ros:/home/robot/debug_clear_ws/install/clearpath_config:/opt/ros/humble LD_LIBRARY_PATH=/home/robot/debug_clear_ws/install/clearpath_platform_msgs/lib:/home/robot/debug_clear_ws/install/yolov8_msgs/lib:/home/robot/debug_clear_ws/install/yolo_msgs/lib:/home/robot/debug_clear_ws/install/clearpath_platform/lib:/opt/ros/humble/opt/rviz_ogre_vendor/lib:/opt/ros/humble/lib/x86_64-linux-gnu:/opt/ros/humble/lib /usr/bin/cmake --build /home/robot/debug_clear_ws/build/clearpath_platform -- -j12 -l12[0m
[1.350s] [34mcolcon.colcon_core.event_handler.log_command[0m [1;30mDEBUG[0m [32mInvoking command in '/home/robot/debug_clear_ws/build/clearpath_msgs': CMAKE_PREFIX_PATH=/home/robot/debug_clear_ws/install/clearpath_platform_msgs:/home/robot/debug_clear_ws/install/yolov8_bringup:/home/robot/debug_clear_ws/install/yolov8_msgs:/home/robot/debug_clear_ws/install/yolo_bringup:/home/robot/debug_clear_ws/install/yolo_msgs:/home/robot/debug_clear_ws/install/clearpath_simulator:/home/robot/debug_clear_ws/install/clearpath_gz:/home/robot/debug_clear_ws/install/clearpath_generator_gz:/home/robot/debug_clear_ws/install/clearpath_common:/home/robot/debug_clear_ws/install/clearpath_generator_common:/home/robot/debug_clear_ws/install/clearpath_description:/home/robot/debug_clear_ws/install/clearpath_sensors_description:/home/robot/debug_clear_ws/install/clearpath_platform:/home/robot/debug_clear_ws/install/clearpath_msgs:/home/robot/debug_clear_ws/install/clearpath_platform_description:/home/robot/debug_clear_ws/install/clearpath_mounts_description:/home/robot/debug_clear_ws/install/clearpath_manipulators:/home/robot/debug_clear_ws/install/clearpath_manipulators_description:/home/robot/debug_clear_ws/install/clearpath_customization:/home/robot/debug_clear_ws/install/clearpath_control:/home/robot/debug_clear_ws/install/yolov8_ros:/home/robot/debug_clear_ws/install/yolo_ros:/home/robot/debug_clear_ws/install/clearpath_config:/opt/ros/humble LD_LIBRARY_PATH=/home/robot/debug_clear_ws/install/clearpath_platform_msgs/lib:/home/robot/debug_clear_ws/install/yolov8_msgs/lib:/home/robot/debug_clear_ws/install/yolo_msgs/lib:/home/robot/debug_clear_ws/install/clearpath_platform/lib:/opt/ros/humble/opt/rviz_ogre_vendor/lib:/opt/ros/humble/lib/x86_64-linux-gnu:/opt/ros/humble/lib /usr/bin/cmake --build /home/robot/debug_clear_ws/build/clearpath_msgs -- -j12 -l12[0m
[1.402s] [34mcolcon.colcon_core.event_handler.log_command[0m [1;30mDEBUG[0m [32mInvoked command in '/home/robot/debug_clear_ws/build/clearpath_msgs' returned '0': CMAKE_PREFIX_PATH=/home/robot/debug_clear_ws/install/clearpath_platform_msgs:/home/robot/debug_clear_ws/install/yolov8_bringup:/home/robot/debug_clear_ws/install/yolov8_msgs:/home/robot/debug_clear_ws/install/yolo_bringup:/home/robot/debug_clear_ws/install/yolo_msgs:/home/robot/debug_clear_ws/install/clearpath_simulator:/home/robot/debug_clear_ws/install/clearpath_gz:/home/robot/debug_clear_ws/install/clearpath_generator_gz:/home/robot/debug_clear_ws/install/clearpath_common:/home/robot/debug_clear_ws/install/clearpath_generator_common:/home/robot/debug_clear_ws/install/clearpath_description:/home/robot/debug_clear_ws/install/clearpath_sensors_description:/home/robot/debug_clear_ws/install/clearpath_platform:/home/robot/debug_clear_ws/install/clearpath_msgs:/home/robot/debug_clear_ws/install/clearpath_platform_description:/home/robot/debug_clear_ws/install/clearpath_mounts_description:/home/robot/debug_clear_ws/install/clearpath_manipulators:/home/robot/debug_clear_ws/install/clearpath_manipulators_description:/home/robot/debug_clear_ws/install/clearpath_customization:/home/robot/debug_clear_ws/install/clearpath_control:/home/robot/debug_clear_ws/install/yolov8_ros:/home/robot/debug_clear_ws/install/yolo_ros:/home/robot/debug_clear_ws/install/clearpath_config:/opt/ros/humble LD_LIBRARY_PATH=/home/robot/debug_clear_ws/install/clearpath_platform_msgs/lib:/home/robot/debug_clear_ws/install/yolov8_msgs/lib:/home/robot/debug_clear_ws/install/yolo_msgs/lib:/home/robot/debug_clear_ws/install/clearpath_platform/lib:/opt/ros/humble/opt/rviz_ogre_vendor/lib:/opt/ros/humble/lib/x86_64-linux-gnu:/opt/ros/humble/lib /usr/bin/cmake --build /home/robot/debug_clear_ws/build/clearpath_msgs -- -j12 -l12[0m
[1.405s] [34mcolcon.colcon_core.event_handler.log_command[0m [1;30mDEBUG[0m [32mInvoking command in '/home/robot/debug_clear_ws/build/clearpath_msgs': CMAKE_PREFIX_PATH=/home/robot/debug_clear_ws/install/clearpath_platform_msgs:/home/robot/debug_clear_ws/install/yolov8_bringup:/home/robot/debug_clear_ws/install/yolov8_msgs:/home/robot/debug_clear_ws/install/yolo_bringup:/home/robot/debug_clear_ws/install/yolo_msgs:/home/robot/debug_clear_ws/install/clearpath_simulator:/home/robot/debug_clear_ws/install/clearpath_gz:/home/robot/debug_clear_ws/install/clearpath_generator_gz:/home/robot/debug_clear_ws/install/clearpath_common:/home/robot/debug_clear_ws/install/clearpath_generator_common:/home/robot/debug_clear_ws/install/clearpath_description:/home/robot/debug_clear_ws/install/clearpath_sensors_description:/home/robot/debug_clear_ws/install/clearpath_platform:/home/robot/debug_clear_ws/install/clearpath_msgs:/home/robot/debug_clear_ws/install/clearpath_platform_description:/home/robot/debug_clear_ws/install/clearpath_mounts_description:/home/robot/debug_clear_ws/install/clearpath_manipulators:/home/robot/debug_clear_ws/install/clearpath_manipulators_description:/home/robot/debug_clear_ws/install/clearpath_customization:/home/robot/debug_clear_ws/install/clearpath_control:/home/robot/debug_clear_ws/install/yolov8_ros:/home/robot/debug_clear_ws/install/yolo_ros:/home/robot/debug_clear_ws/install/clearpath_config:/opt/ros/humble LD_LIBRARY_PATH=/home/robot/debug_clear_ws/install/clearpath_platform_msgs/lib:/home/robot/debug_clear_ws/install/yolov8_msgs/lib:/home/robot/debug_clear_ws/install/yolo_msgs/lib:/home/robot/debug_clear_ws/install/clearpath_platform/lib:/opt/ros/humble/opt/rviz_ogre_vendor/lib:/opt/ros/humble/lib/x86_64-linux-gnu:/opt/ros/humble/lib /usr/bin/cmake --install /home/robot/debug_clear_ws/build/clearpath_msgs[0m
[1.438s] [34mcolcon.colcon_core.environment[0m [1;30mLevel 1[0m create_environment_scripts_only(clearpath_msgs)
[1.439s] [34mcolcon.colcon_core.environment[0m [1;30mLevel 1[0m checking '/home/robot/debug_clear_ws/install/clearpath_msgs' for CMake module files
[1.440s] [34mcolcon.colcon_core.event_handler.log_command[0m [1;30mDEBUG[0m [32mInvoked command in '/home/robot/debug_clear_ws/build/clearpath_msgs' returned '0': CMAKE_PREFIX_PATH=/home/robot/debug_clear_ws/install/clearpath_platform_msgs:/home/robot/debug_clear_ws/install/yolov8_bringup:/home/robot/debug_clear_ws/install/yolov8_msgs:/home/robot/debug_clear_ws/install/yolo_bringup:/home/robot/debug_clear_ws/install/yolo_msgs:/home/robot/debug_clear_ws/install/clearpath_simulator:/home/robot/debug_clear_ws/install/clearpath_gz:/home/robot/debug_clear_ws/install/clearpath_generator_gz:/home/robot/debug_clear_ws/install/clearpath_common:/home/robot/debug_clear_ws/install/clearpath_generator_common:/home/robot/debug_clear_ws/install/clearpath_description:/home/robot/debug_clear_ws/install/clearpath_sensors_description:/home/robot/debug_clear_ws/install/clearpath_platform:/home/robot/debug_clear_ws/install/clearpath_msgs:/home/robot/debug_clear_ws/install/clearpath_platform_description:/home/robot/debug_clear_ws/install/clearpath_mounts_description:/home/robot/debug_clear_ws/install/clearpath_manipulators:/home/robot/debug_clear_ws/install/clearpath_manipulators_description:/home/robot/debug_clear_ws/install/clearpath_customization:/home/robot/debug_clear_ws/install/clearpath_control:/home/robot/debug_clear_ws/install/yolov8_ros:/home/robot/debug_clear_ws/install/yolo_ros:/home/robot/debug_clear_ws/install/clearpath_config:/opt/ros/humble LD_LIBRARY_PATH=/home/robot/debug_clear_ws/install/clearpath_platform_msgs/lib:/home/robot/debug_clear_ws/install/yolov8_msgs/lib:/home/robot/debug_clear_ws/install/yolo_msgs/lib:/home/robot/debug_clear_ws/install/clearpath_platform/lib:/opt/ros/humble/opt/rviz_ogre_vendor/lib:/opt/ros/humble/lib/x86_64-linux-gnu:/opt/ros/humble/lib /usr/bin/cmake --install /home/robot/debug_clear_ws/build/clearpath_msgs[0m
[1.440s] [34mcolcon.colcon_core.environment[0m [1;30mLevel 1[0m checking '/home/robot/debug_clear_ws/install/clearpath_msgs' for CMake config files
[1.440s] [34mcolcon.colcon_core.shell[0m [1;30mLevel 1[0m create_environment_hook('clearpath_msgs', 'cmake_prefix_path')
[1.441s] [34mcolcon.colcon_core.shell[0m [1;30mINFO[0m Creating environment hook '/home/robot/debug_clear_ws/install/clearpath_msgs/share/clearpath_msgs/hook/cmake_prefix_path.ps1'
[1.442s] [34mcolcon.colcon_core.shell[0m [1;30mINFO[0m Creating environment descriptor '/home/robot/debug_clear_ws/install/clearpath_msgs/share/clearpath_msgs/hook/cmake_prefix_path.dsv'
[1.442s] [34mcolcon.colcon_core.shell[0m [1;30mINFO[0m Creating environment hook '/home/robot/debug_clear_ws/install/clearpath_msgs/share/clearpath_msgs/hook/cmake_prefix_path.sh'
[1.443s] [34mcolcon.colcon_core.environment[0m [1;30mLevel 1[0m checking '/home/robot/debug_clear_ws/install/clearpath_msgs/bin'
[1.443s] [34mcolcon.colcon_core.environment[0m [1;30mLevel 1[0m checking '/home/robot/debug_clear_ws/install/clearpath_msgs/lib/pkgconfig/clearpath_msgs.pc'
[1.443s] [34mcolcon.colcon_core.environment[0m [1;30mLevel 1[0m checking '/home/robot/debug_clear_ws/install/clearpath_msgs/lib/python3.10/site-packages'
[1.444s] [34mcolcon.colcon_core.environment[0m [1;30mLevel 1[0m checking '/home/robot/debug_clear_ws/install/clearpath_msgs/bin'
[1.444s] [34mcolcon.colcon_core.shell[0m [1;30mINFO[0m Creating package script '/home/robot/debug_clear_ws/install/clearpath_msgs/share/clearpath_msgs/package.ps1'
[1.444s] [34mcolcon.colcon_core.shell[0m [1;30mINFO[0m Creating package descriptor '/home/robot/debug_clear_ws/install/clearpath_msgs/share/clearpath_msgs/package.dsv'
[1.445s] [34mcolcon.colcon_core.shell[0m [1;30mINFO[0m Creating package script '/home/robot/debug_clear_ws/install/clearpath_msgs/share/clearpath_msgs/package.sh'
[1.445s] [34mcolcon.colcon_core.shell[0m [1;30mINFO[0m Creating package script '/home/robot/debug_clear_ws/install/clearpath_msgs/share/clearpath_msgs/package.bash'
[1.446s] [34mcolcon.colcon_core.shell[0m [1;30mINFO[0m Creating package script '/home/robot/debug_clear_ws/install/clearpath_msgs/share/clearpath_msgs/package.zsh'
[1.446s] [34mcolcon.colcon_core.environment[0m [1;30mLevel 1[0m create_file_with_runtime_dependencies(/home/robot/debug_clear_ws/install/clearpath_msgs/share/colcon-core/packages/clearpath_msgs)
[1.447s] [34mcolcon.colcon_core.environment[0m [1;30mLevel 1[0m create_environment_scripts_only(clearpath_msgs)
[1.447s] [34mcolcon.colcon_core.environment[0m [1;30mLevel 1[0m checking '/home/robot/debug_clear_ws/install/clearpath_msgs' for CMake module files
[1.448s] [34mcolcon.colcon_core.environment[0m [1;30mLevel 1[0m checking '/home/robot/debug_clear_ws/install/clearpath_msgs' for CMake config files
[1.448s] [34mcolcon.colcon_core.shell[0m [1;30mLevel 1[0m create_environment_hook('clearpath_msgs', 'cmake_prefix_path')
[1.448s] [34mcolcon.colcon_core.shell[0m [1;30mINFO[0m Creating environment hook '/home/robot/debug_clear_ws/install/clearpath_msgs/share/clearpath_msgs/hook/cmake_prefix_path.ps1'
[1.449s] [34mcolcon.colcon_core.shell[0m [1;30mINFO[0m Creating environment descriptor '/home/robot/debug_clear_ws/install/clearpath_msgs/share/clearpath_msgs/hook/cmake_prefix_path.dsv'
[1.450s] [34mcolcon.colcon_core.shell[0m [1;30mINFO[0m Creating environment hook '/home/robot/debug_clear_ws/install/clearpath_msgs/share/clearpath_msgs/hook/cmake_prefix_path.sh'
[1.450s] [34mcolcon.colcon_core.environment[0m [1;30mLevel 1[0m checking '/home/robot/debug_clear_ws/install/clearpath_msgs/bin'
[1.450s] [34mcolcon.colcon_core.environment[0m [1;30mLevel 1[0m checking '/home/robot/debug_clear_ws/install/clearpath_msgs/lib/pkgconfig/clearpath_msgs.pc'
[1.451s] [34mcolcon.colcon_core.environment[0m [1;30mLevel 1[0m checking '/home/robot/debug_clear_ws/install/clearpath_msgs/lib/python3.10/site-packages'
[1.451s] [34mcolcon.colcon_core.environment[0m [1;30mLevel 1[0m checking '/home/robot/debug_clear_ws/install/clearpath_msgs/bin'
[1.451s] [34mcolcon.colcon_core.shell[0m [1;30mINFO[0m Creating package script '/home/robot/debug_clear_ws/install/clearpath_msgs/share/clearpath_msgs/package.ps1'
[1.452s] [34mcolcon.colcon_core.shell[0m [1;30mINFO[0m Creating package descriptor '/home/robot/debug_clear_ws/install/clearpath_msgs/share/clearpath_msgs/package.dsv'
[1.453s] [34mcolcon.colcon_core.shell[0m [1;30mINFO[0m Creating package script '/home/robot/debug_clear_ws/install/clearpath_msgs/share/clearpath_msgs/package.sh'
[1.453s] [34mcolcon.colcon_core.shell[0m [1;30mINFO[0m Creating package script '/home/robot/debug_clear_ws/install/clearpath_msgs/share/clearpath_msgs/package.bash'
[1.454s] [34mcolcon.colcon_core.shell[0m [1;30mINFO[0m Creating package script '/home/robot/debug_clear_ws/install/clearpath_msgs/share/clearpath_msgs/package.zsh'
[1.454s] [34mcolcon.colcon_core.environment[0m [1;30mLevel 1[0m create_file_with_runtime_dependencies(/home/robot/debug_clear_ws/install/clearpath_msgs/share/colcon-core/packages/clearpath_msgs)
[1.480s] [34mcolcon.colcon_core.event_handler.log_command[0m [1;30mDEBUG[0m [32mInvoked command in '/home/robot/debug_clear_ws/build/clearpath_platform' returned '0': CMAKE_PREFIX_PATH=/home/robot/debug_clear_ws/install/clearpath_platform_msgs:/home/robot/debug_clear_ws/install/clearpath_platform_description:/home/robot/debug_clear_ws/install/clearpath_control:/home/robot/debug_clear_ws/install/yolov8_bringup:/home/robot/debug_clear_ws/install/yolov8_msgs:/home/robot/debug_clear_ws/install/yolo_bringup:/home/robot/debug_clear_ws/install/yolo_msgs:/home/robot/debug_clear_ws/install/clearpath_simulator:/home/robot/debug_clear_ws/install/clearpath_gz:/home/robot/debug_clear_ws/install/clearpath_generator_gz:/home/robot/debug_clear_ws/install/clearpath_common:/home/robot/debug_clear_ws/install/clearpath_generator_common:/home/robot/debug_clear_ws/install/clearpath_description:/home/robot/debug_clear_ws/install/clearpath_sensors_description:/home/robot/debug_clear_ws/install/clearpath_platform:/home/robot/debug_clear_ws/install/clearpath_msgs:/home/robot/debug_clear_ws/install/clearpath_mounts_description:/home/robot/debug_clear_ws/install/clearpath_manipulators:/home/robot/debug_clear_ws/install/clearpath_manipulators_description:/home/robot/debug_clear_ws/install/clearpath_customization:/home/robot/debug_clear_ws/install/yolov8_ros:/home/robot/debug_clear_ws/install/yolo_ros:/home/robot/debug_clear_ws/install/clearpath_config:/opt/ros/humble LD_LIBRARY_PATH=/home/robot/debug_clear_ws/install/clearpath_platform_msgs/lib:/home/robot/debug_clear_ws/install/yolov8_msgs/lib:/home/robot/debug_clear_ws/install/yolo_msgs/lib:/home/robot/debug_clear_ws/install/clearpath_platform/lib:/opt/ros/humble/opt/rviz_ogre_vendor/lib:/opt/ros/humble/lib/x86_64-linux-gnu:/opt/ros/humble/lib /usr/bin/cmake --build /home/robot/debug_clear_ws/build/clearpath_platform -- -j12 -l12[0m
[1.482s] [34mcolcon.colcon_core.event_handler.log_command[0m [1;30mDEBUG[0m [32mInvoking command in '/home/robot/debug_clear_ws/build/clearpath_platform': CMAKE_PREFIX_PATH=/home/robot/debug_clear_ws/install/clearpath_platform_msgs:/home/robot/debug_clear_ws/install/clearpath_platform_description:/home/robot/debug_clear_ws/install/clearpath_control:/home/robot/debug_clear_ws/install/yolov8_bringup:/home/robot/debug_clear_ws/install/yolov8_msgs:/home/robot/debug_clear_ws/install/yolo_bringup:/home/robot/debug_clear_ws/install/yolo_msgs:/home/robot/debug_clear_ws/install/clearpath_simulator:/home/robot/debug_clear_ws/install/clearpath_gz:/home/robot/debug_clear_ws/install/clearpath_generator_gz:/home/robot/debug_clear_ws/install/clearpath_common:/home/robot/debug_clear_ws/install/clearpath_generator_common:/home/robot/debug_clear_ws/install/clearpath_description:/home/robot/debug_clear_ws/install/clearpath_sensors_description:/home/robot/debug_clear_ws/install/clearpath_platform:/home/robot/debug_clear_ws/install/clearpath_msgs:/home/robot/debug_clear_ws/install/clearpath_mounts_description:/home/robot/debug_clear_ws/install/clearpath_manipulators:/home/robot/debug_clear_ws/install/clearpath_manipulators_description:/home/robot/debug_clear_ws/install/clearpath_customization:/home/robot/debug_clear_ws/install/yolov8_ros:/home/robot/debug_clear_ws/install/yolo_ros:/home/robot/debug_clear_ws/install/clearpath_config:/opt/ros/humble LD_LIBRARY_PATH=/home/robot/debug_clear_ws/install/clearpath_platform_msgs/lib:/home/robot/debug_clear_ws/install/yolov8_msgs/lib:/home/robot/debug_clear_ws/install/yolo_msgs/lib:/home/robot/debug_clear_ws/install/clearpath_platform/lib:/opt/ros/humble/opt/rviz_ogre_vendor/lib:/opt/ros/humble/lib/x86_64-linux-gnu:/opt/ros/humble/lib /usr/bin/cmake --install /home/robot/debug_clear_ws/build/clearpath_platform[0m
[1.514s] [34mcolcon.colcon_core.environment[0m [1;30mLevel 1[0m create_environment_scripts_only(clearpath_platform)
[1.515s] [34mcolcon.colcon_core.environment[0m [1;30mLevel 1[0m checking '/home/robot/debug_clear_ws/install/clearpath_platform' for CMake module files
[1.515s] [34mcolcon.colcon_core.event_handler.log_command[0m [1;30mDEBUG[0m [32mInvoked command in '/home/robot/debug_clear_ws/build/clearpath_platform' returned '0': CMAKE_PREFIX_PATH=/home/robot/debug_clear_ws/install/clearpath_platform_msgs:/home/robot/debug_clear_ws/install/clearpath_platform_description:/home/robot/debug_clear_ws/install/clearpath_control:/home/robot/debug_clear_ws/install/yolov8_bringup:/home/robot/debug_clear_ws/install/yolov8_msgs:/home/robot/debug_clear_ws/install/yolo_bringup:/home/robot/debug_clear_ws/install/yolo_msgs:/home/robot/debug_clear_ws/install/clearpath_simulator:/home/robot/debug_clear_ws/install/clearpath_gz:/home/robot/debug_clear_ws/install/clearpath_generator_gz:/home/robot/debug_clear_ws/install/clearpath_common:/home/robot/debug_clear_ws/install/clearpath_generator_common:/home/robot/debug_clear_ws/install/clearpath_description:/home/robot/debug_clear_ws/install/clearpath_sensors_description:/home/robot/debug_clear_ws/install/clearpath_platform:/home/robot/debug_clear_ws/install/clearpath_msgs:/home/robot/debug_clear_ws/install/clearpath_mounts_description:/home/robot/debug_clear_ws/install/clearpath_manipulators:/home/robot/debug_clear_ws/install/clearpath_manipulators_description:/home/robot/debug_clear_ws/install/clearpath_customization:/home/robot/debug_clear_ws/install/yolov8_ros:/home/robot/debug_clear_ws/install/yolo_ros:/home/robot/debug_clear_ws/install/clearpath_config:/opt/ros/humble LD_LIBRARY_PATH=/home/robot/debug_clear_ws/install/clearpath_platform_msgs/lib:/home/robot/debug_clear_ws/install/yolov8_msgs/lib:/home/robot/debug_clear_ws/install/yolo_msgs/lib:/home/robot/debug_clear_ws/install/clearpath_platform/lib:/opt/ros/humble/opt/rviz_ogre_vendor/lib:/opt/ros/humble/lib/x86_64-linux-gnu:/opt/ros/humble/lib /usr/bin/cmake --install /home/robot/debug_clear_ws/build/clearpath_platform[0m
[1.516s] [34mcolcon.colcon_core.environment[0m [1;30mLevel 1[0m checking '/home/robot/debug_clear_ws/install/clearpath_platform' for CMake config files
[1.517s] [34mcolcon.colcon_core.shell[0m [1;30mLevel 1[0m create_environment_hook('clearpath_platform', 'cmake_prefix_path')
[1.517s] [34mcolcon.colcon_core.shell[0m [1;30mINFO[0m Creating environment hook '/home/robot/debug_clear_ws/install/clearpath_platform/share/clearpath_platform/hook/cmake_prefix_path.ps1'
[1.518s] [34mcolcon.colcon_core.shell[0m [1;30mINFO[0m Creating environment descriptor '/home/robot/debug_clear_ws/install/clearpath_platform/share/clearpath_platform/hook/cmake_prefix_path.dsv'
[1.518s] [34mcolcon.colcon_core.shell[0m [1;30mINFO[0m Creating environment hook '/home/robot/debug_clear_ws/install/clearpath_platform/share/clearpath_platform/hook/cmake_prefix_path.sh'
[1.519s] [34mcolcon.colcon_core.environment[0m [1;30mLevel 1[0m checking '/home/robot/debug_clear_ws/install/clearpath_platform/lib'
[1.519s] [34mcolcon.colcon_core.shell[0m [1;30mLevel 1[0m create_environment_hook('clearpath_platform', 'ld_library_path_lib')
[1.520s] [34mcolcon.colcon_core.shell[0m [1;30mINFO[0m Creating environment hook '/home/robot/debug_clear_ws/install/clearpath_platform/share/clearpath_platform/hook/ld_library_path_lib.ps1'
[1.520s] [34mcolcon.colcon_core.shell[0m [1;30mINFO[0m Creating environment descriptor '/home/robot/debug_clear_ws/install/clearpath_platform/share/clearpath_platform/hook/ld_library_path_lib.dsv'
[1.521s] [34mcolcon.colcon_core.shell[0m [1;30mINFO[0m Creating environment hook '/home/robot/debug_clear_ws/install/clearpath_platform/share/clearpath_platform/hook/ld_library_path_lib.sh'
[1.521s] [34mcolcon.colcon_core.environment[0m [1;30mLevel 1[0m checking '/home/robot/debug_clear_ws/install/clearpath_platform/bin'
[1.521s] [34mcolcon.colcon_core.environment[0m [1;30mLevel 1[0m checking '/home/robot/debug_clear_ws/install/clearpath_platform/lib/pkgconfig/clearpath_platform.pc'
[1.522s] [34mcolcon.colcon_core.environment[0m [1;30mLevel 1[0m checking '/home/robot/debug_clear_ws/install/clearpath_platform/lib/python3.10/site-packages'
[1.522s] [34mcolcon.colcon_core.environment[0m [1;30mLevel 1[0m checking '/home/robot/debug_clear_ws/install/clearpath_platform/bin'
[1.522s] [34mcolcon.colcon_core.shell[0m [1;30mINFO[0m Creating package script '/home/robot/debug_clear_ws/install/clearpath_platform/share/clearpath_platform/package.ps1'
[1.523s] [34mcolcon.colcon_core.shell[0m [1;30mINFO[0m Creating package descriptor '/home/robot/debug_clear_ws/install/clearpath_platform/share/clearpath_platform/package.dsv'
[1.523s] [34mcolcon.colcon_core.shell[0m [1;30mINFO[0m Creating package script '/home/robot/debug_clear_ws/install/clearpath_platform/share/clearpath_platform/package.sh'
[1.524s] [34mcolcon.colcon_core.shell[0m [1;30mINFO[0m Creating package script '/home/robot/debug_clear_ws/install/clearpath_platform/share/clearpath_platform/package.bash'
[1.524s] [34mcolcon.colcon_core.shell[0m [1;30mINFO[0m Creating package script '/home/robot/debug_clear_ws/install/clearpath_platform/share/clearpath_platform/package.zsh'
[1.525s] [34mcolcon.colcon_core.environment[0m [1;30mLevel 1[0m create_file_with_runtime_dependencies(/home/robot/debug_clear_ws/install/clearpath_platform/share/colcon-core/packages/clearpath_platform)
[1.525s] [34mcolcon.colcon_core.environment[0m [1;30mLevel 1[0m create_environment_scripts_only(clearpath_platform)
[1.526s] [34mcolcon.colcon_core.environment[0m [1;30mLevel 1[0m checking '/home/robot/debug_clear_ws/install/clearpath_platform' for CMake module files
[1.526s] [34mcolcon.colcon_core.environment[0m [1;30mLevel 1[0m checking '/home/robot/debug_clear_ws/install/clearpath_platform' for CMake config files
[1.527s] [34mcolcon.colcon_core.shell[0m [1;30mLevel 1[0m create_environment_hook('clearpath_platform', 'cmake_prefix_path')
[1.527s] [34mcolcon.colcon_core.shell[0m [1;30mINFO[0m Creating environment hook '/home/robot/debug_clear_ws/install/clearpath_platform/share/clearpath_platform/hook/cmake_prefix_path.ps1'
[1.527s] [34mcolcon.colcon_core.shell[0m [1;30mINFO[0m Creating environment descriptor '/home/robot/debug_clear_ws/install/clearpath_platform/share/clearpath_platform/hook/cmake_prefix_path.dsv'
[1.528s] [34mcolcon.colcon_core.shell[0m [1;30mINFO[0m Creating environment hook '/home/robot/debug_clear_ws/install/clearpath_platform/share/clearpath_platform/hook/cmake_prefix_path.sh'
[1.528s] [34mcolcon.colcon_core.environment[0m [1;30mLevel 1[0m checking '/home/robot/debug_clear_ws/install/clearpath_platform/lib'
[1.528s] [34mcolcon.colcon_core.shell[0m [1;30mLevel 1[0m create_environment_hook('clearpath_platform', 'ld_library_path_lib')
[1.529s] [34mcolcon.colcon_core.shell[0m [1;30mINFO[0m Creating environment hook '/home/robot/debug_clear_ws/install/clearpath_platform/share/clearpath_platform/hook/ld_library_path_lib.ps1'
[1.529s] [34mcolcon.colcon_core.shell[0m [1;30mINFO[0m Creating environment descriptor '/home/robot/debug_clear_ws/install/clearpath_platform/share/clearpath_platform/hook/ld_library_path_lib.dsv'
[1.529s] [34mcolcon.colcon_core.shell[0m [1;30mINFO[0m Creating environment hook '/home/robot/debug_clear_ws/install/clearpath_platform/share/clearpath_platform/hook/ld_library_path_lib.sh'
[1.530s] [34mcolcon.colcon_core.environment[0m [1;30mLevel 1[0m checking '/home/robot/debug_clear_ws/install/clearpath_platform/bin'
[1.530s] [34mcolcon.colcon_core.environment[0m [1;30mLevel 1[0m checking '/home/robot/debug_clear_ws/install/clearpath_platform/lib/pkgconfig/clearpath_platform.pc'
[1.530s] [34mcolcon.colcon_core.environment[0m [1;30mLevel 1[0m checking '/home/robot/debug_clear_ws/install/clearpath_platform/lib/python3.10/site-packages'
[1.530s] [34mcolcon.colcon_core.environment[0m [1;30mLevel 1[0m checking '/home/robot/debug_clear_ws/install/clearpath_platform/bin'
[1.531s] [34mcolcon.colcon_core.shell[0m [1;30mINFO[0m Creating package script '/home/robot/debug_clear_ws/install/clearpath_platform/share/clearpath_platform/package.ps1'
[1.531s] [34mcolcon.colcon_core.shell[0m [1;30mINFO[0m Creating package descriptor '/home/robot/debug_clear_ws/install/clearpath_platform/share/clearpath_platform/package.dsv'
[1.532s] [34mcolcon.colcon_core.shell[0m [1;30mINFO[0m Creating package script '/home/robot/debug_clear_ws/install/clearpath_platform/share/clearpath_platform/package.sh'
[1.532s] [34mcolcon.colcon_core.shell[0m [1;30mINFO[0m Creating package script '/home/robot/debug_clear_ws/install/clearpath_platform/share/clearpath_platform/package.bash'
[1.533s] [34mcolcon.colcon_core.shell[0m [1;30mINFO[0m Creating package script '/home/robot/debug_clear_ws/install/clearpath_platform/share/clearpath_platform/package.zsh'
[1.533s] [34mcolcon.colcon_core.environment[0m [1;30mLevel 1[0m create_file_with_runtime_dependencies(/home/robot/debug_clear_ws/install/clearpath_platform/share/colcon-core/packages/clearpath_platform)
[1.552s] [34mcolcon.colcon_core.event_handler.log_command[0m [1;30mDEBUG[0m [32mInvoked command in '/home/robot/debug_clear_ws/build/yolo_msgs' returned '0': CMAKE_PREFIX_PATH=${CMAKE_PREFIX_PATH}:/home/robot/debug_clear_ws/install/yolov8_ros:/home/robot/debug_clear_ws/install/yolo_ros:/home/robot/debug_clear_ws/install/clearpath_config:/opt/ros/humble /usr/bin/cmake --build /home/robot/debug_clear_ws/build/yolo_msgs -- -j12 -l12[0m
[1.554s] [34mcolcon.colcon_core.event_handler.log_command[0m [1;30mDEBUG[0m [32mInvoking command in '/home/robot/debug_clear_ws/build/yolo_msgs': CMAKE_PREFIX_PATH=${CMAKE_PREFIX_PATH}:/home/robot/debug_clear_ws/install/yolov8_ros:/home/robot/debug_clear_ws/install/yolo_ros:/home/robot/debug_clear_ws/install/clearpath_config:/opt/ros/humble /usr/bin/cmake --install /home/robot/debug_clear_ws/build/yolo_msgs[0m
[1.673s] [34mcolcon.colcon_core.environment[0m [1;30mLevel 1[0m create_environment_scripts_only(yolo_msgs)
[1.674s] [34mcolcon.colcon_core.environment[0m [1;30mLevel 1[0m checking '/home/robot/debug_clear_ws/install/yolo_msgs' for CMake module files
[1.674s] [34mcolcon.colcon_core.event_handler.log_command[0m [1;30mDEBUG[0m [32mInvoked command in '/home/robot/debug_clear_ws/build/yolo_msgs' returned '0': CMAKE_PREFIX_PATH=${CMAKE_PREFIX_PATH}:/home/robot/debug_clear_ws/install/yolov8_ros:/home/robot/debug_clear_ws/install/yolo_ros:/home/robot/debug_clear_ws/install/clearpath_config:/opt/ros/humble /usr/bin/cmake --install /home/robot/debug_clear_ws/build/yolo_msgs[0m
[1.675s] [34mcolcon.colcon_core.environment[0m [1;30mLevel 1[0m checking '/home/robot/debug_clear_ws/install/yolo_msgs' for CMake config files
[1.676s] [34mcolcon.colcon_core.shell[0m [1;30mLevel 1[0m create_environment_hook('yolo_msgs', 'cmake_prefix_path')
[1.676s] [34mcolcon.colcon_core.shell[0m [1;30mINFO[0m Creating environment hook '/home/robot/debug_clear_ws/install/yolo_msgs/share/yolo_msgs/hook/cmake_prefix_path.ps1'
[1.677s] [34mcolcon.colcon_core.shell[0m [1;30mINFO[0m Creating environment descriptor '/home/robot/debug_clear_ws/install/yolo_msgs/share/yolo_msgs/hook/cmake_prefix_path.dsv'
[1.677s] [34mcolcon.colcon_core.shell[0m [1;30mINFO[0m Creating environment hook '/home/robot/debug_clear_ws/install/yolo_msgs/share/yolo_msgs/hook/cmake_prefix_path.sh'
[1.678s] [34mcolcon.colcon_core.environment[0m [1;30mLevel 1[0m checking '/home/robot/debug_clear_ws/install/yolo_msgs/lib'
[1.678s] [34mcolcon.colcon_core.shell[0m [1;30mLevel 1[0m create_environment_hook('yolo_msgs', 'ld_library_path_lib')
[1.678s] [34mcolcon.colcon_core.shell[0m [1;30mINFO[0m Creating environment hook '/home/robot/debug_clear_ws/install/yolo_msgs/share/yolo_msgs/hook/ld_library_path_lib.ps1'
[1.678s] [34mcolcon.colcon_core.shell[0m [1;30mINFO[0m Creating environment descriptor '/home/robot/debug_clear_ws/install/yolo_msgs/share/yolo_msgs/hook/ld_library_path_lib.dsv'
[1.679s] [34mcolcon.colcon_core.shell[0m [1;30mINFO[0m Creating environment hook '/home/robot/debug_clear_ws/install/yolo_msgs/share/yolo_msgs/hook/ld_library_path_lib.sh'
[1.679s] [34mcolcon.colcon_core.environment[0m [1;30mLevel 1[0m checking '/home/robot/debug_clear_ws/install/yolo_msgs/bin'
[1.679s] [34mcolcon.colcon_core.environment[0m [1;30mLevel 1[0m checking '/home/robot/debug_clear_ws/install/yolo_msgs/lib/pkgconfig/yolo_msgs.pc'
[1.680s] [34mcolcon.colcon_core.environment[0m [1;30mLevel 1[0m checking '/home/robot/debug_clear_ws/install/yolo_msgs/lib/python3.10/site-packages'
[1.680s] [34mcolcon.colcon_core.environment[0m [1;30mLevel 1[0m checking '/home/robot/debug_clear_ws/install/yolo_msgs/bin'
[1.680s] [34mcolcon.colcon_core.shell[0m [1;30mINFO[0m Creating package script '/home/robot/debug_clear_ws/install/yolo_msgs/share/yolo_msgs/package.ps1'
[1.681s] [34mcolcon.colcon_core.shell[0m [1;30mINFO[0m Creating package descriptor '/home/robot/debug_clear_ws/install/yolo_msgs/share/yolo_msgs/package.dsv'
[1.681s] [34mcolcon.colcon_core.shell[0m [1;30mINFO[0m Creating package script '/home/robot/debug_clear_ws/install/yolo_msgs/share/yolo_msgs/package.sh'
[1.682s] [34mcolcon.colcon_core.shell[0m [1;30mINFO[0m Creating package script '/home/robot/debug_clear_ws/install/yolo_msgs/share/yolo_msgs/package.bash'
[1.682s] [34mcolcon.colcon_core.shell[0m [1;30mINFO[0m Creating package script '/home/robot/debug_clear_ws/install/yolo_msgs/share/yolo_msgs/package.zsh'
[1.682s] [34mcolcon.colcon_core.environment[0m [1;30mLevel 1[0m create_file_with_runtime_dependencies(/home/robot/debug_clear_ws/install/yolo_msgs/share/colcon-core/packages/yolo_msgs)
[1.683s] [34mcolcon.colcon_core.environment[0m [1;30mLevel 1[0m create_environment_scripts_only(yolo_msgs)
[1.683s] [34mcolcon.colcon_core.environment[0m [1;30mLevel 1[0m checking '/home/robot/debug_clear_ws/install/yolo_msgs' for CMake module files
[1.684s] [34mcolcon.colcon_core.environment[0m [1;30mLevel 1[0m checking '/home/robot/debug_clear_ws/install/yolo_msgs' for CMake config files
[1.685s] [34mcolcon.colcon_core.shell[0m [1;30mLevel 1[0m create_environment_hook('yolo_msgs', 'cmake_prefix_path')
[1.685s] [34mcolcon.colcon_core.shell[0m [1;30mINFO[0m Creating environment hook '/home/robot/debug_clear_ws/install/yolo_msgs/share/yolo_msgs/hook/cmake_prefix_path.ps1'
[1.685s] [34mcolcon.colcon_core.shell[0m [1;30mINFO[0m Creating environment descriptor '/home/robot/debug_clear_ws/install/yolo_msgs/share/yolo_msgs/hook/cmake_prefix_path.dsv'
[1.686s] [34mcolcon.colcon_core.shell[0m [1;30mINFO[0m Creating environment hook '/home/robot/debug_clear_ws/install/yolo_msgs/share/yolo_msgs/hook/cmake_prefix_path.sh'
[1.686s] [34mcolcon.colcon_core.environment[0m [1;30mLevel 1[0m checking '/home/robot/debug_clear_ws/install/yolo_msgs/lib'
[1.686s] [34mcolcon.colcon_core.shell[0m [1;30mLevel 1[0m create_environment_hook('yolo_msgs', 'ld_library_path_lib')
[1.687s] [34mcolcon.colcon_core.shell[0m [1;30mINFO[0m Creating environment hook '/home/robot/debug_clear_ws/install/yolo_msgs/share/yolo_msgs/hook/ld_library_path_lib.ps1'
[1.687s] [34mcolcon.colcon_core.shell[0m [1;30mINFO[0m Creating environment descriptor '/home/robot/debug_clear_ws/install/yolo_msgs/share/yolo_msgs/hook/ld_library_path_lib.dsv'
[1.687s] [34mcolcon.colcon_core.shell[0m [1;30mINFO[0m Creating environment hook '/home/robot/debug_clear_ws/install/yolo_msgs/share/yolo_msgs/hook/ld_library_path_lib.sh'
[1.688s] [34mcolcon.colcon_core.environment[0m [1;30mLevel 1[0m checking '/home/robot/debug_clear_ws/install/yolo_msgs/bin'
[1.688s] [34mcolcon.colcon_core.environment[0m [1;30mLevel 1[0m checking '/home/robot/debug_clear_ws/install/yolo_msgs/lib/pkgconfig/yolo_msgs.pc'
[1.688s] [34mcolcon.colcon_core.environment[0m [1;30mLevel 1[0m checking '/home/robot/debug_clear_ws/install/yolo_msgs/lib/python3.10/site-packages'
[1.689s] [34mcolcon.colcon_core.environment[0m [1;30mLevel 1[0m checking '/home/robot/debug_clear_ws/install/yolo_msgs/bin'
[1.689s] [34mcolcon.colcon_core.shell[0m [1;30mINFO[0m Creating package script '/home/robot/debug_clear_ws/install/yolo_msgs/share/yolo_msgs/package.ps1'
[1.690s] [34mcolcon.colcon_core.shell[0m [1;30mINFO[0m Creating package descriptor '/home/robot/debug_clear_ws/install/yolo_msgs/share/yolo_msgs/package.dsv'
[1.690s] [34mcolcon.colcon_core.shell[0m [1;30mINFO[0m Creating package script '/home/robot/debug_clear_ws/install/yolo_msgs/share/yolo_msgs/package.sh'
[1.691s] [34mcolcon.colcon_core.shell[0m [1;30mINFO[0m Creating package script '/home/robot/debug_clear_ws/install/yolo_msgs/share/yolo_msgs/package.bash'
[1.691s] [34mcolcon.colcon_core.shell[0m [1;30mINFO[0m Creating package script '/home/robot/debug_clear_ws/install/yolo_msgs/share/yolo_msgs/package.zsh'
[1.692s] [34mcolcon.colcon_core.environment[0m [1;30mLevel 1[0m create_file_with_runtime_dependencies(/home/robot/debug_clear_ws/install/yolo_msgs/share/colcon-core/packages/yolo_msgs)
[1.692s] [34mcolcon.colcon_ros.task.ament_python.build[0m [1;30mINFO[0m Building ROS package in '/home/robot/debug_clear_ws/src/yolo_ros/yolo_ros' with build type 'ament_python'
[1.692s] [34mcolcon.colcon_core.shell[0m [1;30mLevel 1[0m create_environment_hook('yolo_ros', 'ament_prefix_path')
[1.693s] [34mcolcon.colcon_core.shell[0m [1;30mINFO[0m Creating environment hook '/home/robot/debug_clear_ws/install/yolo_ros/share/yolo_ros/hook/ament_prefix_path.ps1'
[1.693s] [34mcolcon.colcon_core.shell[0m [1;30mINFO[0m Creating environment descriptor '/home/robot/debug_clear_ws/install/yolo_ros/share/yolo_ros/hook/ament_prefix_path.dsv'
[1.694s] [34mcolcon.colcon_core.shell[0m [1;30mINFO[0m Creating environment hook '/home/robot/debug_clear_ws/install/yolo_ros/share/yolo_ros/hook/ament_prefix_path.sh'
[1.695s] [34mcolcon.colcon_core.shell[0m [1;30mINFO[0m Skip shell extension 'powershell' for command environment: Not usable outside of PowerShell
[1.695s] [34mcolcon.colcon_core.shell[0m [1;30mDEBUG[0m [32mSkip shell extension 'dsv' for command environment[0m
[1.963s] [34mcolcon.colcon_core.task.python.build[0m [1;30mINFO[0m Building Python package in '/home/robot/debug_clear_ws/src/yolo_ros/yolo_ros'
[1.964s] [34mcolcon.colcon_core.shell[0m [1;30mINFO[0m Skip shell extension 'powershell' for command environment: Not usable outside of PowerShell
[1.964s] [34mcolcon.colcon_core.shell[0m [1;30mDEBUG[0m [32mSkip shell extension 'dsv' for command environment[0m
[1.971s] [34mcolcon.colcon_core.event_handler.log_command[0m [1;30mDEBUG[0m [32mInvoking command in '/home/robot/debug_clear_ws/src/clearpath_config': PYTHONPATH=/home/robot/debug_clear_ws/build/clearpath_config/prefix_override:/usr/lib/python3/dist-packages/colcon_core/task/python/colcon_distutils_commands:/home/robot/debug_clear_ws/install/clearpath_config/lib/python3.10/site-packages:${PYTHONPATH} /usr/bin/python3 -W ignore:setup.py install is deprecated -W ignore:easy_install command is deprecated setup.py egg_info --egg-base ../../build/clearpath_config build --build-base /home/robot/debug_clear_ws/build/clearpath_config/build install --record /home/robot/debug_clear_ws/build/clearpath_config/install.log --single-version-externally-managed install_data[0m
[2.726s] [34mcolcon.colcon_core.environment[0m [1;30mLevel 1[0m checking '/home/robot/debug_clear_ws/install/clearpath_config' for CMake module files
[2.727s] [34mcolcon.colcon_core.event_handler.log_command[0m [1;30mDEBUG[0m [32mInvoked command in '/home/robot/debug_clear_ws/src/clearpath_config' returned '0': PYTHONPATH=/home/robot/debug_clear_ws/build/clearpath_config/prefix_override:/usr/lib/python3/dist-packages/colcon_core/task/python/colcon_distutils_commands:/home/robot/debug_clear_ws/install/clearpath_config/lib/python3.10/site-packages:${PYTHONPATH} /usr/bin/python3 -W ignore:setup.py install is deprecated -W ignore:easy_install command is deprecated setup.py egg_info --egg-base ../../build/clearpath_config build --build-base /home/robot/debug_clear_ws/build/clearpath_config/build install --record /home/robot/debug_clear_ws/build/clearpath_config/install.log --single-version-externally-managed install_data[0m
[2.727s] [34mcolcon.colcon_core.environment[0m [1;30mLevel 1[0m checking '/home/robot/debug_clear_ws/install/clearpath_config' for CMake config files
[2.728s] [34mcolcon.colcon_core.environment[0m [1;30mLevel 1[0m checking '/home/robot/debug_clear_ws/install/clearpath_config/lib'
[2.728s] [34mcolcon.colcon_core.environment[0m [1;30mLevel 1[0m checking '/home/robot/debug_clear_ws/install/clearpath_config/bin'
[2.728s] [34mcolcon.colcon_core.environment[0m [1;30mLevel 1[0m checking '/home/robot/debug_clear_ws/install/clearpath_config/lib/pkgconfig/clearpath_config.pc'
[2.728s] [34mcolcon.colcon_core.environment[0m [1;30mLevel 1[0m checking '/home/robot/debug_clear_ws/install/clearpath_config/lib/python3.10/site-packages'
[2.728s] [34mcolcon.colcon_core.shell[0m [1;30mLevel 1[0m create_environment_hook('clearpath_config', 'pythonpath')
[2.729s] [34mcolcon.colcon_core.shell[0m [1;30mINFO[0m Creating environment hook '/home/robot/debug_clear_ws/install/clearpath_config/share/clearpath_config/hook/pythonpath.ps1'
[2.729s] [34mcolcon.colcon_core.shell[0m [1;30mINFO[0m Creating environment descriptor '/home/robot/debug_clear_ws/install/clearpath_config/share/clearpath_config/hook/pythonpath.dsv'
[2.729s] [34mcolcon.colcon_core.shell[0m [1;30mINFO[0m Creating environment hook '/home/robot/debug_clear_ws/install/clearpath_config/share/clearpath_config/hook/pythonpath.sh'
[2.730s] [34mcolcon.colcon_core.environment[0m [1;30mLevel 1[0m checking '/home/robot/debug_clear_ws/install/clearpath_config/bin'
[2.730s] [34mcolcon.colcon_core.environment[0m [1;30mLevel 1[0m create_environment_scripts_only(clearpath_config)
[2.730s] [34mcolcon.colcon_core.shell[0m [1;30mINFO[0m Creating package script '/home/robot/debug_clear_ws/install/clearpath_config/share/clearpath_config/package.ps1'
[2.731s] [34mcolcon.colcon_core.shell[0m [1;30mINFO[0m Creating package descriptor '/home/robot/debug_clear_ws/install/clearpath_config/share/clearpath_config/package.dsv'
[2.731s] [34mcolcon.colcon_core.shell[0m [1;30mINFO[0m Creating package script '/home/robot/debug_clear_ws/install/clearpath_config/share/clearpath_config/package.sh'
[2.732s] [34mcolcon.colcon_core.shell[0m [1;30mINFO[0m Creating package script '/home/robot/debug_clear_ws/install/clearpath_config/share/clearpath_config/package.bash'
[2.732s] [34mcolcon.colcon_core.shell[0m [1;30mINFO[0m Creating package script '/home/robot/debug_clear_ws/install/clearpath_config/share/clearpath_config/package.zsh'
[2.732s] [34mcolcon.colcon_core.environment[0m [1;30mLevel 1[0m create_file_with_runtime_dependencies(/home/robot/debug_clear_ws/install/clearpath_config/share/colcon-core/packages/clearpath_config)
[2.733s] [34mcolcon.colcon_ros.task.ament_cmake.build[0m [1;30mINFO[0m Building ROS package in '/home/robot/debug_clear_ws/src/clearpath_common/clearpath_generator_common' with build type 'ament_cmake'
[2.733s] [34mcolcon.colcon_cmake.task.cmake.build[0m [1;30mINFO[0m Building CMake package in '/home/robot/debug_clear_ws/src/clearpath_common/clearpath_generator_common'
[2.733s] [34mcolcon.colcon_core.shell[0m [1;30mINFO[0m Skip shell extension 'powershell' for command environment: Not usable outside of PowerShell
[2.733s] [34mcolcon.colcon_core.shell[0m [1;30mDEBUG[0m [32mSkip shell extension 'dsv' for command environment[0m
[2.759s] [34mcolcon.colcon_core.event_handler.log_command[0m [1;30mDEBUG[0m [32mInvoking command in '/home/robot/debug_clear_ws/build/clearpath_generator_common': AMENT_PREFIX_PATH=/home/robot/debug_clear_ws/install/clearpath_config:/home/robot/debug_clear_ws/install/yolov8_bringup:/home/robot/debug_clear_ws/install/yolov8_ros:/home/robot/debug_clear_ws/install/yolov8_msgs:/home/robot/debug_clear_ws/install/yolo_bringup:/home/robot/debug_clear_ws/install/yolo_ros:/home/robot/debug_clear_ws/install/yolo_msgs:/home/robot/debug_clear_ws/install/clearpath_simulator:/home/robot/debug_clear_ws/install/clearpath_gz:/home/robot/debug_clear_ws/install/clearpath_generator_gz:/home/robot/debug_clear_ws/install/clearpath_common:/home/robot/debug_clear_ws/install/clearpath_generator_common:/home/robot/debug_clear_ws/install/clearpath_description:/home/robot/debug_clear_ws/install/clearpath_sensors_description:/home/robot/debug_clear_ws/install/clearpath_platform:/home/robot/debug_clear_ws/install/clearpath_msgs:/home/robot/debug_clear_ws/install/clearpath_platform_msgs:/home/robot/debug_clear_ws/install/clearpath_platform_description:/home/robot/debug_clear_ws/install/clearpath_mounts_description:/home/robot/debug_clear_ws/install/clearpath_manipulators:/home/robot/debug_clear_ws/install/clearpath_manipulators_description:/home/robot/debug_clear_ws/install/clearpath_customization:/home/robot/debug_clear_ws/install/clearpath_control:/opt/ros/humble CMAKE_PREFIX_PATH=/home/robot/debug_clear_ws/install/clearpath_platform:/home/robot/debug_clear_ws/install/clearpath_manipulators:/home/robot/debug_clear_ws/install/clearpath_description:/home/robot/debug_clear_ws/install/clearpath_sensors_description:/home/robot/debug_clear_ws/install/clearpath_platform_msgs:/home/robot/debug_clear_ws/install/clearpath_platform_description:/home/robot/debug_clear_ws/install/clearpath_mounts_description:/home/robot/debug_clear_ws/install/clearpath_manipulators_description:/home/robot/debug_clear_ws/install/clearpath_control:/home/robot/debug_clear_ws/install/yolov8_bringup:/home/robot/debug_clear_ws/install/yolov8_msgs:/home/robot/debug_clear_ws/install/yolo_bringup:/home/robot/debug_clear_ws/install/yolo_msgs:/home/robot/debug_clear_ws/install/clearpath_simulator:/home/robot/debug_clear_ws/install/clearpath_gz:/home/robot/debug_clear_ws/install/clearpath_generator_gz:/home/robot/debug_clear_ws/install/clearpath_common:/home/robot/debug_clear_ws/install/clearpath_generator_common:/home/robot/debug_clear_ws/install/clearpath_msgs:/home/robot/debug_clear_ws/install/clearpath_customization:/home/robot/debug_clear_ws/install/yolov8_ros:/home/robot/debug_clear_ws/install/yolo_ros:/home/robot/debug_clear_ws/install/clearpath_config:/opt/ros/humble LD_LIBRARY_PATH=/home/robot/debug_clear_ws/install/clearpath_platform/lib:/home/robot/debug_clear_ws/install/clearpath_platform_msgs/lib:/home/robot/debug_clear_ws/install/yolov8_msgs/lib:/home/robot/debug_clear_ws/install/yolo_msgs/lib:/opt/ros/humble/opt/rviz_ogre_vendor/lib:/opt/ros/humble/lib/x86_64-linux-gnu:/opt/ros/humble/lib PYTHONPATH=/home/robot/debug_clear_ws/install/clearpath_config/lib/python3.10/site-packages:/home/robot/debug_clear_ws/install/yolov8_ros/lib/python3.10/site-packages:/home/robot/debug_clear_ws/install/yolov8_msgs/local/lib/python3.10/dist-packages:/home/robot/debug_clear_ws/install/yolo_ros/lib/python3.10/site-packages:/home/robot/debug_clear_ws/install/yolo_msgs/local/lib/python3.10/dist-packages:/home/robot/debug_clear_ws/install/clearpath_generator_gz/local/lib/python3.10/dist-packages:/home/robot/debug_clear_ws/install/clearpath_generator_common/local/lib/python3.10/dist-packages:/home/robot/debug_clear_ws/install/clearpath_platform_msgs/local/lib/python3.10/dist-packages:/opt/ros/humble/lib/python3.10/site-packages:/opt/ros/humble/local/lib/python3.10/dist-packages /usr/bin/cmake --build /home/robot/debug_clear_ws/build/clearpath_generator_common -- -j12 -l12[0m
[2.764s] [34mcolcon.colcon_core.event_handler.log_command[0m [1;30mDEBUG[0m [32mInvoking command in '/home/robot/debug_clear_ws/src/yolo_ros/yolo_ros': CMAKE_PREFIX_PATH=/home/robot/debug_clear_ws/install/yolo_msgs:/home/robot/debug_clear_ws/install/yolov8_bringup:/home/robot/debug_clear_ws/install/yolov8_msgs:/home/robot/debug_clear_ws/install/yolo_bringup:/home/robot/debug_clear_ws/install/clearpath_simulator:/home/robot/debug_clear_ws/install/clearpath_gz:/home/robot/debug_clear_ws/install/clearpath_generator_gz:/home/robot/debug_clear_ws/install/clearpath_common:/home/robot/debug_clear_ws/install/clearpath_generator_common:/home/robot/debug_clear_ws/install/clearpath_description:/home/robot/debug_clear_ws/install/clearpath_sensors_description:/home/robot/debug_clear_ws/install/clearpath_platform:/home/robot/debug_clear_ws/install/clearpath_msgs:/home/robot/debug_clear_ws/install/clearpath_platform_msgs:/home/robot/debug_clear_ws/install/clearpath_platform_description:/home/robot/debug_clear_ws/install/clearpath_mounts_description:/home/robot/debug_clear_ws/install/clearpath_manipulators:/home/robot/debug_clear_ws/install/clearpath_manipulators_description:/home/robot/debug_clear_ws/install/clearpath_customization:/home/robot/debug_clear_ws/install/clearpath_control LD_LIBRARY_PATH=/home/robot/debug_clear_ws/install/yolo_msgs/lib:/home/robot/debug_clear_ws/install/yolov8_msgs/lib:/home/robot/debug_clear_ws/install/clearpath_platform/lib:/home/robot/debug_clear_ws/install/clearpath_platform_msgs/lib:/opt/ros/humble/opt/rviz_ogre_vendor/lib:/opt/ros/humble/lib/x86_64-linux-gnu:/opt/ros/humble/lib PYTHONPATH=/home/robot/debug_clear_ws/build/yolo_ros/prefix_override:/usr/lib/python3/dist-packages/colcon_core/task/python/colcon_distutils_commands:/home/robot/debug_clear_ws/install/yolo_ros/lib/python3.10/site-packages:${PYTHONPATH} /usr/bin/python3 -W ignore:setup.py install is deprecated -W ignore:easy_install command is deprecated setup.py egg_info --egg-base ../../../build/yolo_ros build --build-base /home/robot/debug_clear_ws/build/yolo_ros/build install --record /home/robot/debug_clear_ws/build/yolo_ros/install.log --single-version-externally-managed install_data[0m
[3.275s] [34mcolcon.colcon_core.event_handler.log_command[0m [1;30mDEBUG[0m [32mInvoked command in '/home/robot/debug_clear_ws/build/clearpath_generator_common' returned '0': AMENT_PREFIX_PATH=/home/robot/debug_clear_ws/install/clearpath_config:/home/robot/debug_clear_ws/install/yolov8_bringup:/home/robot/debug_clear_ws/install/yolov8_ros:/home/robot/debug_clear_ws/install/yolov8_msgs:/home/robot/debug_clear_ws/install/yolo_bringup:/home/robot/debug_clear_ws/install/yolo_ros:/home/robot/debug_clear_ws/install/yolo_msgs:/home/robot/debug_clear_ws/install/clearpath_simulator:/home/robot/debug_clear_ws/install/clearpath_gz:/home/robot/debug_clear_ws/install/clearpath_generator_gz:/home/robot/debug_clear_ws/install/clearpath_common:/home/robot/debug_clear_ws/install/clearpath_generator_common:/home/robot/debug_clear_ws/install/clearpath_description:/home/robot/debug_clear_ws/install/clearpath_sensors_description:/home/robot/debug_clear_ws/install/clearpath_platform:/home/robot/debug_clear_ws/install/clearpath_msgs:/home/robot/debug_clear_ws/install/clearpath_platform_msgs:/home/robot/debug_clear_ws/install/clearpath_platform_description:/home/robot/debug_clear_ws/install/clearpath_mounts_description:/home/robot/debug_clear_ws/install/clearpath_manipulators:/home/robot/debug_clear_ws/install/clearpath_manipulators_description:/home/robot/debug_clear_ws/install/clearpath_customization:/home/robot/debug_clear_ws/install/clearpath_control:/opt/ros/humble CMAKE_PREFIX_PATH=/home/robot/debug_clear_ws/install/clearpath_platform:/home/robot/debug_clear_ws/install/clearpath_manipulators:/home/robot/debug_clear_ws/install/clearpath_description:/home/robot/debug_clear_ws/install/clearpath_sensors_description:/home/robot/debug_clear_ws/install/clearpath_platform_msgs:/home/robot/debug_clear_ws/install/clearpath_platform_description:/home/robot/debug_clear_ws/install/clearpath_mounts_description:/home/robot/debug_clear_ws/install/clearpath_manipulators_description:/home/robot/debug_clear_ws/install/clearpath_control:/home/robot/debug_clear_ws/install/yolov8_bringup:/home/robot/debug_clear_ws/install/yolov8_msgs:/home/robot/debug_clear_ws/install/yolo_bringup:/home/robot/debug_clear_ws/install/yolo_msgs:/home/robot/debug_clear_ws/install/clearpath_simulator:/home/robot/debug_clear_ws/install/clearpath_gz:/home/robot/debug_clear_ws/install/clearpath_generator_gz:/home/robot/debug_clear_ws/install/clearpath_common:/home/robot/debug_clear_ws/install/clearpath_generator_common:/home/robot/debug_clear_ws/install/clearpath_msgs:/home/robot/debug_clear_ws/install/clearpath_customization:/home/robot/debug_clear_ws/install/yolov8_ros:/home/robot/debug_clear_ws/install/yolo_ros:/home/robot/debug_clear_ws/install/clearpath_config:/opt/ros/humble LD_LIBRARY_PATH=/home/robot/debug_clear_ws/install/clearpath_platform/lib:/home/robot/debug_clear_ws/install/clearpath_platform_msgs/lib:/home/robot/debug_clear_ws/install/yolov8_msgs/lib:/home/robot/debug_clear_ws/install/yolo_msgs/lib:/opt/ros/humble/opt/rviz_ogre_vendor/lib:/opt/ros/humble/lib/x86_64-linux-gnu:/opt/ros/humble/lib PYTHONPATH=/home/robot/debug_clear_ws/install/clearpath_config/lib/python3.10/site-packages:/home/robot/debug_clear_ws/install/yolov8_ros/lib/python3.10/site-packages:/home/robot/debug_clear_ws/install/yolov8_msgs/local/lib/python3.10/dist-packages:/home/robot/debug_clear_ws/install/yolo_ros/lib/python3.10/site-packages:/home/robot/debug_clear_ws/install/yolo_msgs/local/lib/python3.10/dist-packages:/home/robot/debug_clear_ws/install/clearpath_generator_gz/local/lib/python3.10/dist-packages:/home/robot/debug_clear_ws/install/clearpath_generator_common/local/lib/python3.10/dist-packages:/home/robot/debug_clear_ws/install/clearpath_platform_msgs/local/lib/python3.10/dist-packages:/opt/ros/humble/lib/python3.10/site-packages:/opt/ros/humble/local/lib/python3.10/dist-packages /usr/bin/cmake --build /home/robot/debug_clear_ws/build/clearpath_generator_common -- -j12 -l12[0m
[3.278s] [34mcolcon.colcon_core.event_handler.log_command[0m [1;30mDEBUG[0m [32mInvoking command in '/home/robot/debug_clear_ws/build/clearpath_generator_common': AMENT_PREFIX_PATH=/home/robot/debug_clear_ws/install/clearpath_config:/home/robot/debug_clear_ws/install/yolov8_bringup:/home/robot/debug_clear_ws/install/yolov8_ros:/home/robot/debug_clear_ws/install/yolov8_msgs:/home/robot/debug_clear_ws/install/yolo_bringup:/home/robot/debug_clear_ws/install/yolo_ros:/home/robot/debug_clear_ws/install/yolo_msgs:/home/robot/debug_clear_ws/install/clearpath_simulator:/home/robot/debug_clear_ws/install/clearpath_gz:/home/robot/debug_clear_ws/install/clearpath_generator_gz:/home/robot/debug_clear_ws/install/clearpath_common:/home/robot/debug_clear_ws/install/clearpath_generator_common:/home/robot/debug_clear_ws/install/clearpath_description:/home/robot/debug_clear_ws/install/clearpath_sensors_description:/home/robot/debug_clear_ws/install/clearpath_platform:/home/robot/debug_clear_ws/install/clearpath_msgs:/home/robot/debug_clear_ws/install/clearpath_platform_msgs:/home/robot/debug_clear_ws/install/clearpath_platform_description:/home/robot/debug_clear_ws/install/clearpath_mounts_description:/home/robot/debug_clear_ws/install/clearpath_manipulators:/home/robot/debug_clear_ws/install/clearpath_manipulators_description:/home/robot/debug_clear_ws/install/clearpath_customization:/home/robot/debug_clear_ws/install/clearpath_control:/opt/ros/humble CMAKE_PREFIX_PATH=/home/robot/debug_clear_ws/install/clearpath_platform:/home/robot/debug_clear_ws/install/clearpath_manipulators:/home/robot/debug_clear_ws/install/clearpath_description:/home/robot/debug_clear_ws/install/clearpath_sensors_description:/home/robot/debug_clear_ws/install/clearpath_platform_msgs:/home/robot/debug_clear_ws/install/clearpath_platform_description:/home/robot/debug_clear_ws/install/clearpath_mounts_description:/home/robot/debug_clear_ws/install/clearpath_manipulators_description:/home/robot/debug_clear_ws/install/clearpath_control:/home/robot/debug_clear_ws/install/yolov8_bringup:/home/robot/debug_clear_ws/install/yolov8_msgs:/home/robot/debug_clear_ws/install/yolo_bringup:/home/robot/debug_clear_ws/install/yolo_msgs:/home/robot/debug_clear_ws/install/clearpath_simulator:/home/robot/debug_clear_ws/install/clearpath_gz:/home/robot/debug_clear_ws/install/clearpath_generator_gz:/home/robot/debug_clear_ws/install/clearpath_common:/home/robot/debug_clear_ws/install/clearpath_generator_common:/home/robot/debug_clear_ws/install/clearpath_msgs:/home/robot/debug_clear_ws/install/clearpath_customization:/home/robot/debug_clear_ws/install/yolov8_ros:/home/robot/debug_clear_ws/install/yolo_ros:/home/robot/debug_clear_ws/install/clearpath_config:/opt/ros/humble LD_LIBRARY_PATH=/home/robot/debug_clear_ws/install/clearpath_platform/lib:/home/robot/debug_clear_ws/install/clearpath_platform_msgs/lib:/home/robot/debug_clear_ws/install/yolov8_msgs/lib:/home/robot/debug_clear_ws/install/yolo_msgs/lib:/opt/ros/humble/opt/rviz_ogre_vendor/lib:/opt/ros/humble/lib/x86_64-linux-gnu:/opt/ros/humble/lib PYTHONPATH=/home/robot/debug_clear_ws/install/clearpath_config/lib/python3.10/site-packages:/home/robot/debug_clear_ws/install/yolov8_ros/lib/python3.10/site-packages:/home/robot/debug_clear_ws/install/yolov8_msgs/local/lib/python3.10/dist-packages:/home/robot/debug_clear_ws/install/yolo_ros/lib/python3.10/site-packages:/home/robot/debug_clear_ws/install/yolo_msgs/local/lib/python3.10/dist-packages:/home/robot/debug_clear_ws/install/clearpath_generator_gz/local/lib/python3.10/dist-packages:/home/robot/debug_clear_ws/install/clearpath_generator_common/local/lib/python3.10/dist-packages:/home/robot/debug_clear_ws/install/clearpath_platform_msgs/local/lib/python3.10/dist-packages:/opt/ros/humble/lib/python3.10/site-packages:/opt/ros/humble/local/lib/python3.10/dist-packages /usr/bin/cmake --install /home/robot/debug_clear_ws/build/clearpath_generator_common[0m
[3.354s] [34mcolcon.colcon_core.environment[0m [1;30mLevel 1[0m create_environment_scripts_only(clearpath_generator_common)
[3.355s] [34mcolcon.colcon_core.environment[0m [1;30mLevel 1[0m checking '/home/robot/debug_clear_ws/install/clearpath_generator_common' for CMake module files
[3.356s] [34mcolcon.colcon_core.event_handler.log_command[0m [1;30mDEBUG[0m [32mInvoked command in '/home/robot/debug_clear_ws/build/clearpath_generator_common' returned '0': AMENT_PREFIX_PATH=/home/robot/debug_clear_ws/install/clearpath_config:/home/robot/debug_clear_ws/install/yolov8_bringup:/home/robot/debug_clear_ws/install/yolov8_ros:/home/robot/debug_clear_ws/install/yolov8_msgs:/home/robot/debug_clear_ws/install/yolo_bringup:/home/robot/debug_clear_ws/install/yolo_ros:/home/robot/debug_clear_ws/install/yolo_msgs:/home/robot/debug_clear_ws/install/clearpath_simulator:/home/robot/debug_clear_ws/install/clearpath_gz:/home/robot/debug_clear_ws/install/clearpath_generator_gz:/home/robot/debug_clear_ws/install/clearpath_common:/home/robot/debug_clear_ws/install/clearpath_generator_common:/home/robot/debug_clear_ws/install/clearpath_description:/home/robot/debug_clear_ws/install/clearpath_sensors_description:/home/robot/debug_clear_ws/install/clearpath_platform:/home/robot/debug_clear_ws/install/clearpath_msgs:/home/robot/debug_clear_ws/install/clearpath_platform_msgs:/home/robot/debug_clear_ws/install/clearpath_platform_description:/home/robot/debug_clear_ws/install/clearpath_mounts_description:/home/robot/debug_clear_ws/install/clearpath_manipulators:/home/robot/debug_clear_ws/install/clearpath_manipulators_description:/home/robot/debug_clear_ws/install/clearpath_customization:/home/robot/debug_clear_ws/install/clearpath_control:/opt/ros/humble CMAKE_PREFIX_PATH=/home/robot/debug_clear_ws/install/clearpath_platform:/home/robot/debug_clear_ws/install/clearpath_manipulators:/home/robot/debug_clear_ws/install/clearpath_description:/home/robot/debug_clear_ws/install/clearpath_sensors_description:/home/robot/debug_clear_ws/install/clearpath_platform_msgs:/home/robot/debug_clear_ws/install/clearpath_platform_description:/home/robot/debug_clear_ws/install/clearpath_mounts_description:/home/robot/debug_clear_ws/install/clearpath_manipulators_description:/home/robot/debug_clear_ws/install/clearpath_control:/home/robot/debug_clear_ws/install/yolov8_bringup:/home/robot/debug_clear_ws/install/yolov8_msgs:/home/robot/debug_clear_ws/install/yolo_bringup:/home/robot/debug_clear_ws/install/yolo_msgs:/home/robot/debug_clear_ws/install/clearpath_simulator:/home/robot/debug_clear_ws/install/clearpath_gz:/home/robot/debug_clear_ws/install/clearpath_generator_gz:/home/robot/debug_clear_ws/install/clearpath_common:/home/robot/debug_clear_ws/install/clearpath_generator_common:/home/robot/debug_clear_ws/install/clearpath_msgs:/home/robot/debug_clear_ws/install/clearpath_customization:/home/robot/debug_clear_ws/install/yolov8_ros:/home/robot/debug_clear_ws/install/yolo_ros:/home/robot/debug_clear_ws/install/clearpath_config:/opt/ros/humble LD_LIBRARY_PATH=/home/robot/debug_clear_ws/install/clearpath_platform/lib:/home/robot/debug_clear_ws/install/clearpath_platform_msgs/lib:/home/robot/debug_clear_ws/install/yolov8_msgs/lib:/home/robot/debug_clear_ws/install/yolo_msgs/lib:/opt/ros/humble/opt/rviz_ogre_vendor/lib:/opt/ros/humble/lib/x86_64-linux-gnu:/opt/ros/humble/lib PYTHONPATH=/home/robot/debug_clear_ws/install/clearpath_config/lib/python3.10/site-packages:/home/robot/debug_clear_ws/install/yolov8_ros/lib/python3.10/site-packages:/home/robot/debug_clear_ws/install/yolov8_msgs/local/lib/python3.10/dist-packages:/home/robot/debug_clear_ws/install/yolo_ros/lib/python3.10/site-packages:/home/robot/debug_clear_ws/install/yolo_msgs/local/lib/python3.10/dist-packages:/home/robot/debug_clear_ws/install/clearpath_generator_gz/local/lib/python3.10/dist-packages:/home/robot/debug_clear_ws/install/clearpath_generator_common/local/lib/python3.10/dist-packages:/home/robot/debug_clear_ws/install/clearpath_platform_msgs/local/lib/python3.10/dist-packages:/opt/ros/humble/lib/python3.10/site-packages:/opt/ros/humble/local/lib/python3.10/dist-packages /usr/bin/cmake --install /home/robot/debug_clear_ws/build/clearpath_generator_common[0m
[3.356s] [34mcolcon.colcon_core.environment[0m [1;30mLevel 1[0m checking '/home/robot/debug_clear_ws/install/clearpath_generator_common' for CMake config files
[3.357s] [34mcolcon.colcon_core.shell[0m [1;30mLevel 1[0m create_environment_hook('clearpath_generator_common', 'cmake_prefix_path')
[3.357s] [34mcolcon.colcon_core.shell[0m [1;30mINFO[0m Creating environment hook '/home/robot/debug_clear_ws/install/clearpath_generator_common/share/clearpath_generator_common/hook/cmake_prefix_path.ps1'
[3.358s] [34mcolcon.colcon_core.shell[0m [1;30mINFO[0m Creating environment descriptor '/home/robot/debug_clear_ws/install/clearpath_generator_common/share/clearpath_generator_common/hook/cmake_prefix_path.dsv'
[3.358s] [34mcolcon.colcon_core.shell[0m [1;30mINFO[0m Creating environment hook '/home/robot/debug_clear_ws/install/clearpath_generator_common/share/clearpath_generator_common/hook/cmake_prefix_path.sh'
[3.358s] [34mcolcon.colcon_core.environment[0m [1;30mLevel 1[0m checking '/home/robot/debug_clear_ws/install/clearpath_generator_common/lib'
[3.359s] [34mcolcon.colcon_core.environment[0m [1;30mLevel 1[0m checking '/home/robot/debug_clear_ws/install/clearpath_generator_common/bin'
[3.359s] [34mcolcon.colcon_core.environment[0m [1;30mLevel 1[0m checking '/home/robot/debug_clear_ws/install/clearpath_generator_common/lib/pkgconfig/clearpath_generator_common.pc'
[3.359s] [34mcolcon.colcon_core.environment[0m [1;30mLevel 1[0m checking '/home/robot/debug_clear_ws/install/clearpath_generator_common/lib/python3.10/site-packages'
[3.359s] [34mcolcon.colcon_core.environment[0m [1;30mLevel 1[0m checking '/home/robot/debug_clear_ws/install/clearpath_generator_common/bin'
[3.359s] [34mcolcon.colcon_core.shell[0m [1;30mINFO[0m Creating package script '/home/robot/debug_clear_ws/install/clearpath_generator_common/share/clearpath_generator_common/package.ps1'
[3.360s] [34mcolcon.colcon_core.shell[0m [1;30mINFO[0m Creating package descriptor '/home/robot/debug_clear_ws/install/clearpath_generator_common/share/clearpath_generator_common/package.dsv'
[3.360s] [34mcolcon.colcon_core.shell[0m [1;30mINFO[0m Creating package script '/home/robot/debug_clear_ws/install/clearpath_generator_common/share/clearpath_generator_common/package.sh'
[3.361s] [34mcolcon.colcon_core.shell[0m [1;30mINFO[0m Creating package script '/home/robot/debug_clear_ws/install/clearpath_generator_common/share/clearpath_generator_common/package.bash'
[3.361s] [34mcolcon.colcon_core.shell[0m [1;30mINFO[0m Creating package script '/home/robot/debug_clear_ws/install/clearpath_generator_common/share/clearpath_generator_common/package.zsh'
[3.362s] [34mcolcon.colcon_core.environment[0m [1;30mLevel 1[0m create_file_with_runtime_dependencies(/home/robot/debug_clear_ws/install/clearpath_generator_common/share/colcon-core/packages/clearpath_generator_common)
[3.362s] [34mcolcon.colcon_core.environment[0m [1;30mLevel 1[0m create_environment_scripts_only(clearpath_generator_common)
[3.362s] [34mcolcon.colcon_core.environment[0m [1;30mLevel 1[0m checking '/home/robot/debug_clear_ws/install/clearpath_generator_common' for CMake module files
[3.363s] [34mcolcon.colcon_core.environment[0m [1;30mLevel 1[0m checking '/home/robot/debug_clear_ws/install/clearpath_generator_common' for CMake config files
[3.364s] [34mcolcon.colcon_core.shell[0m [1;30mLevel 1[0m create_environment_hook('clearpath_generator_common', 'cmake_prefix_path')
[3.364s] [34mcolcon.colcon_core.shell[0m [1;30mINFO[0m Creating environment hook '/home/robot/debug_clear_ws/install/clearpath_generator_common/share/clearpath_generator_common/hook/cmake_prefix_path.ps1'
[3.364s] [34mcolcon.colcon_core.shell[0m [1;30mINFO[0m Creating environment descriptor '/home/robot/debug_clear_ws/install/clearpath_generator_common/share/clearpath_generator_common/hook/cmake_prefix_path.dsv'
[3.365s] [34mcolcon.colcon_core.shell[0m [1;30mINFO[0m Creating environment hook '/home/robot/debug_clear_ws/install/clearpath_generator_common/share/clearpath_generator_common/hook/cmake_prefix_path.sh'
[3.365s] [34mcolcon.colcon_core.environment[0m [1;30mLevel 1[0m checking '/home/robot/debug_clear_ws/install/clearpath_generator_common/lib'
[3.365s] [34mcolcon.colcon_core.environment[0m [1;30mLevel 1[0m checking '/home/robot/debug_clear_ws/install/clearpath_generator_common/bin'
[3.365s] [34mcolcon.colcon_core.environment[0m [1;30mLevel 1[0m checking '/home/robot/debug_clear_ws/install/clearpath_generator_common/lib/pkgconfig/clearpath_generator_common.pc'
[3.366s] [34mcolcon.colcon_core.environment[0m [1;30mLevel 1[0m checking '/home/robot/debug_clear_ws/install/clearpath_generator_common/lib/python3.10/site-packages'
[3.366s] [34mcolcon.colcon_core.environment[0m [1;30mLevel 1[0m checking '/home/robot/debug_clear_ws/install/clearpath_generator_common/bin'
[3.366s] [34mcolcon.colcon_core.shell[0m [1;30mINFO[0m Creating package script '/home/robot/debug_clear_ws/install/clearpath_generator_common/share/clearpath_generator_common/package.ps1'
[3.367s] [34mcolcon.colcon_core.shell[0m [1;30mINFO[0m Creating package descriptor '/home/robot/debug_clear_ws/install/clearpath_generator_common/share/clearpath_generator_common/package.dsv'
[3.367s] [34mcolcon.colcon_core.shell[0m [1;30mINFO[0m Creating package script '/home/robot/debug_clear_ws/install/clearpath_generator_common/share/clearpath_generator_common/package.sh'
[3.368s] [34mcolcon.colcon_core.shell[0m [1;30mINFO[0m Creating package script '/home/robot/debug_clear_ws/install/clearpath_generator_common/share/clearpath_generator_common/package.bash'
[3.368s] [34mcolcon.colcon_core.shell[0m [1;30mINFO[0m Creating package script '/home/robot/debug_clear_ws/install/clearpath_generator_common/share/clearpath_generator_common/package.zsh'
[3.369s] [34mcolcon.colcon_core.environment[0m [1;30mLevel 1[0m create_file_with_runtime_dependencies(/home/robot/debug_clear_ws/install/clearpath_generator_common/share/colcon-core/packages/clearpath_generator_common)
[3.369s] [34mcolcon.colcon_ros.task.ament_cmake.build[0m [1;30mINFO[0m Building ROS package in '/home/robot/debug_clear_ws/src/clearpath_common/clearpath_common' with build type 'ament_cmake'
[3.369s] [34mcolcon.colcon_cmake.task.cmake.build[0m [1;30mINFO[0m Building CMake package in '/home/robot/debug_clear_ws/src/clearpath_common/clearpath_common'
[3.370s] [34mcolcon.colcon_core.shell[0m [1;30mINFO[0m Skip shell extension 'powershell' for command environment: Not usable outside of PowerShell
[3.370s] [34mcolcon.colcon_core.shell[0m [1;30mDEBUG[0m [32mSkip shell extension 'dsv' for command environment[0m
[3.376s] [34mcolcon.colcon_ros.task.ament_cmake.build[0m [1;30mINFO[0m Building ROS package in '/home/robot/debug_clear_ws/src/clearpath_simulator/clearpath_generator_gz' with build type 'ament_cmake'
[3.376s] [34mcolcon.colcon_cmake.task.cmake.build[0m [1;30mINFO[0m Building CMake package in '/home/robot/debug_clear_ws/src/clearpath_simulator/clearpath_generator_gz'
[3.377s] [34mcolcon.colcon_core.shell[0m [1;30mINFO[0m Skip shell extension 'powershell' for command environment: Not usable outside of PowerShell
[3.377s] [34mcolcon.colcon_core.shell[0m [1;30mDEBUG[0m [32mSkip shell extension 'dsv' for command environment[0m
[3.396s] [34mcolcon.colcon_core.event_handler.log_command[0m [1;30mDEBUG[0m [32mInvoking command in '/home/robot/debug_clear_ws/build/clearpath_common': AMENT_PREFIX_PATH=/home/robot/debug_clear_ws/install/clearpath_config:/home/robot/debug_clear_ws/install/yolov8_bringup:/home/robot/debug_clear_ws/install/yolov8_ros:/home/robot/debug_clear_ws/install/yolov8_msgs:/home/robot/debug_clear_ws/install/yolo_bringup:/home/robot/debug_clear_ws/install/yolo_ros:/home/robot/debug_clear_ws/install/yolo_msgs:/home/robot/debug_clear_ws/install/clearpath_simulator:/home/robot/debug_clear_ws/install/clearpath_gz:/home/robot/debug_clear_ws/install/clearpath_generator_gz:/home/robot/debug_clear_ws/install/clearpath_common:/home/robot/debug_clear_ws/install/clearpath_generator_common:/home/robot/debug_clear_ws/install/clearpath_description:/home/robot/debug_clear_ws/install/clearpath_sensors_description:/home/robot/debug_clear_ws/install/clearpath_platform:/home/robot/debug_clear_ws/install/clearpath_msgs:/home/robot/debug_clear_ws/install/clearpath_platform_msgs:/home/robot/debug_clear_ws/install/clearpath_platform_description:/home/robot/debug_clear_ws/install/clearpath_mounts_description:/home/robot/debug_clear_ws/install/clearpath_manipulators:/home/robot/debug_clear_ws/install/clearpath_manipulators_description:/home/robot/debug_clear_ws/install/clearpath_customization:/home/robot/debug_clear_ws/install/clearpath_control:/opt/ros/humble CMAKE_PREFIX_PATH=/home/robot/debug_clear_ws/install/clearpath_generator_common:/home/robot/debug_clear_ws/install/clearpath_platform:/home/robot/debug_clear_ws/install/clearpath_manipulators:/home/robot/debug_clear_ws/install/clearpath_description:/home/robot/debug_clear_ws/install/clearpath_sensors_description:/home/robot/debug_clear_ws/install/clearpath_platform_msgs:/home/robot/debug_clear_ws/install/clearpath_platform_description:/home/robot/debug_clear_ws/install/clearpath_mounts_description:/home/robot/debug_clear_ws/install/clearpath_manipulators_description:/home/robot/debug_clear_ws/install/clearpath_control:/home/robot/debug_clear_ws/install/yolov8_bringup:/home/robot/debug_clear_ws/install/yolov8_msgs:/home/robot/debug_clear_ws/install/yolo_bringup:/home/robot/debug_clear_ws/install/yolo_msgs:/home/robot/debug_clear_ws/install/clearpath_simulator:/home/robot/debug_clear_ws/install/clearpath_gz:/home/robot/debug_clear_ws/install/clearpath_generator_gz:/home/robot/debug_clear_ws/install/clearpath_common:/home/robot/debug_clear_ws/install/clearpath_msgs:/home/robot/debug_clear_ws/install/clearpath_customization:/home/robot/debug_clear_ws/install/yolov8_ros:/home/robot/debug_clear_ws/install/yolo_ros:/home/robot/debug_clear_ws/install/clearpath_config:/opt/ros/humble LD_LIBRARY_PATH=/home/robot/debug_clear_ws/install/clearpath_platform/lib:/home/robot/debug_clear_ws/install/clearpath_platform_msgs/lib:/home/robot/debug_clear_ws/install/yolov8_msgs/lib:/home/robot/debug_clear_ws/install/yolo_msgs/lib:/opt/ros/humble/opt/rviz_ogre_vendor/lib:/opt/ros/humble/lib/x86_64-linux-gnu:/opt/ros/humble/lib PYTHONPATH=/home/robot/debug_clear_ws/install/clearpath_config/lib/python3.10/site-packages:/home/robot/debug_clear_ws/install/yolov8_ros/lib/python3.10/site-packages:/home/robot/debug_clear_ws/install/yolov8_msgs/local/lib/python3.10/dist-packages:/home/robot/debug_clear_ws/install/yolo_ros/lib/python3.10/site-packages:/home/robot/debug_clear_ws/install/yolo_msgs/local/lib/python3.10/dist-packages:/home/robot/debug_clear_ws/install/clearpath_generator_gz/local/lib/python3.10/dist-packages:/home/robot/debug_clear_ws/install/clearpath_generator_common/local/lib/python3.10/dist-packages:/home/robot/debug_clear_ws/install/clearpath_platform_msgs/local/lib/python3.10/dist-packages:/opt/ros/humble/lib/python3.10/site-packages:/opt/ros/humble/local/lib/python3.10/dist-packages /usr/bin/cmake --build /home/robot/debug_clear_ws/build/clearpath_common -- -j12 -l12[0m
[3.402s] [34mcolcon.colcon_core.event_handler.log_command[0m [1;30mDEBUG[0m [32mInvoking command in '/home/robot/debug_clear_ws/build/clearpath_generator_gz': AMENT_PREFIX_PATH=/home/robot/debug_clear_ws/install/clearpath_config:/home/robot/debug_clear_ws/install/yolov8_bringup:/home/robot/debug_clear_ws/install/yolov8_ros:/home/robot/debug_clear_ws/install/yolov8_msgs:/home/robot/debug_clear_ws/install/yolo_bringup:/home/robot/debug_clear_ws/install/yolo_ros:/home/robot/debug_clear_ws/install/yolo_msgs:/home/robot/debug_clear_ws/install/clearpath_simulator:/home/robot/debug_clear_ws/install/clearpath_gz:/home/robot/debug_clear_ws/install/clearpath_generator_gz:/home/robot/debug_clear_ws/install/clearpath_common:/home/robot/debug_clear_ws/install/clearpath_generator_common:/home/robot/debug_clear_ws/install/clearpath_description:/home/robot/debug_clear_ws/install/clearpath_sensors_description:/home/robot/debug_clear_ws/install/clearpath_platform:/home/robot/debug_clear_ws/install/clearpath_msgs:/home/robot/debug_clear_ws/install/clearpath_platform_msgs:/home/robot/debug_clear_ws/install/clearpath_platform_description:/home/robot/debug_clear_ws/install/clearpath_mounts_description:/home/robot/debug_clear_ws/install/clearpath_manipulators:/home/robot/debug_clear_ws/install/clearpath_manipulators_description:/home/robot/debug_clear_ws/install/clearpath_customization:/home/robot/debug_clear_ws/install/clearpath_control:/opt/ros/humble CMAKE_PREFIX_PATH=/home/robot/debug_clear_ws/install/clearpath_generator_common:/home/robot/debug_clear_ws/install/clearpath_platform:/home/robot/debug_clear_ws/install/clearpath_manipulators:/home/robot/debug_clear_ws/install/clearpath_description:/home/robot/debug_clear_ws/install/clearpath_sensors_description:/home/robot/debug_clear_ws/install/clearpath_platform_msgs:/home/robot/debug_clear_ws/install/clearpath_platform_description:/home/robot/debug_clear_ws/install/clearpath_mounts_description:/home/robot/debug_clear_ws/install/clearpath_manipulators_description:/home/robot/debug_clear_ws/install/clearpath_control:/home/robot/debug_clear_ws/install/yolov8_bringup:/home/robot/debug_clear_ws/install/yolov8_msgs:/home/robot/debug_clear_ws/install/yolo_bringup:/home/robot/debug_clear_ws/install/yolo_msgs:/home/robot/debug_clear_ws/install/clearpath_simulator:/home/robot/debug_clear_ws/install/clearpath_gz:/home/robot/debug_clear_ws/install/clearpath_generator_gz:/home/robot/debug_clear_ws/install/clearpath_common:/home/robot/debug_clear_ws/install/clearpath_msgs:/home/robot/debug_clear_ws/install/clearpath_customization:/home/robot/debug_clear_ws/install/yolov8_ros:/home/robot/debug_clear_ws/install/yolo_ros:/home/robot/debug_clear_ws/install/clearpath_config:/opt/ros/humble LD_LIBRARY_PATH=/home/robot/debug_clear_ws/install/clearpath_platform/lib:/home/robot/debug_clear_ws/install/clearpath_platform_msgs/lib:/home/robot/debug_clear_ws/install/yolov8_msgs/lib:/home/robot/debug_clear_ws/install/yolo_msgs/lib:/opt/ros/humble/opt/rviz_ogre_vendor/lib:/opt/ros/humble/lib/x86_64-linux-gnu:/opt/ros/humble/lib PYTHONPATH=/home/robot/debug_clear_ws/install/clearpath_config/lib/python3.10/site-packages:/home/robot/debug_clear_ws/install/yolov8_ros/lib/python3.10/site-packages:/home/robot/debug_clear_ws/install/yolov8_msgs/local/lib/python3.10/dist-packages:/home/robot/debug_clear_ws/install/yolo_ros/lib/python3.10/site-packages:/home/robot/debug_clear_ws/install/yolo_msgs/local/lib/python3.10/dist-packages:/home/robot/debug_clear_ws/install/clearpath_generator_gz/local/lib/python3.10/dist-packages:/home/robot/debug_clear_ws/install/clearpath_generator_common/local/lib/python3.10/dist-packages:/home/robot/debug_clear_ws/install/clearpath_platform_msgs/local/lib/python3.10/dist-packages:/opt/ros/humble/lib/python3.10/site-packages:/opt/ros/humble/local/lib/python3.10/dist-packages /usr/bin/cmake --build /home/robot/debug_clear_ws/build/clearpath_generator_gz -- -j12 -l12[0m
[3.436s] [34mcolcon.colcon_core.event_handler.log_command[0m [1;30mDEBUG[0m [32mInvoked command in '/home/robot/debug_clear_ws/build/clearpath_common' returned '0': AMENT_PREFIX_PATH=/home/robot/debug_clear_ws/install/clearpath_config:/home/robot/debug_clear_ws/install/yolov8_bringup:/home/robot/debug_clear_ws/install/yolov8_ros:/home/robot/debug_clear_ws/install/yolov8_msgs:/home/robot/debug_clear_ws/install/yolo_bringup:/home/robot/debug_clear_ws/install/yolo_ros:/home/robot/debug_clear_ws/install/yolo_msgs:/home/robot/debug_clear_ws/install/clearpath_simulator:/home/robot/debug_clear_ws/install/clearpath_gz:/home/robot/debug_clear_ws/install/clearpath_generator_gz:/home/robot/debug_clear_ws/install/clearpath_common:/home/robot/debug_clear_ws/install/clearpath_generator_common:/home/robot/debug_clear_ws/install/clearpath_description:/home/robot/debug_clear_ws/install/clearpath_sensors_description:/home/robot/debug_clear_ws/install/clearpath_platform:/home/robot/debug_clear_ws/install/clearpath_msgs:/home/robot/debug_clear_ws/install/clearpath_platform_msgs:/home/robot/debug_clear_ws/install/clearpath_platform_description:/home/robot/debug_clear_ws/install/clearpath_mounts_description:/home/robot/debug_clear_ws/install/clearpath_manipulators:/home/robot/debug_clear_ws/install/clearpath_manipulators_description:/home/robot/debug_clear_ws/install/clearpath_customization:/home/robot/debug_clear_ws/install/clearpath_control:/opt/ros/humble CMAKE_PREFIX_PATH=/home/robot/debug_clear_ws/install/clearpath_generator_common:/home/robot/debug_clear_ws/install/clearpath_platform:/home/robot/debug_clear_ws/install/clearpath_manipulators:/home/robot/debug_clear_ws/install/clearpath_description:/home/robot/debug_clear_ws/install/clearpath_sensors_description:/home/robot/debug_clear_ws/install/clearpath_platform_msgs:/home/robot/debug_clear_ws/install/clearpath_platform_description:/home/robot/debug_clear_ws/install/clearpath_mounts_description:/home/robot/debug_clear_ws/install/clearpath_manipulators_description:/home/robot/debug_clear_ws/install/clearpath_control:/home/robot/debug_clear_ws/install/yolov8_bringup:/home/robot/debug_clear_ws/install/yolov8_msgs:/home/robot/debug_clear_ws/install/yolo_bringup:/home/robot/debug_clear_ws/install/yolo_msgs:/home/robot/debug_clear_ws/install/clearpath_simulator:/home/robot/debug_clear_ws/install/clearpath_gz:/home/robot/debug_clear_ws/install/clearpath_generator_gz:/home/robot/debug_clear_ws/install/clearpath_common:/home/robot/debug_clear_ws/install/clearpath_msgs:/home/robot/debug_clear_ws/install/clearpath_customization:/home/robot/debug_clear_ws/install/yolov8_ros:/home/robot/debug_clear_ws/install/yolo_ros:/home/robot/debug_clear_ws/install/clearpath_config:/opt/ros/humble LD_LIBRARY_PATH=/home/robot/debug_clear_ws/install/clearpath_platform/lib:/home/robot/debug_clear_ws/install/clearpath_platform_msgs/lib:/home/robot/debug_clear_ws/install/yolov8_msgs/lib:/home/robot/debug_clear_ws/install/yolo_msgs/lib:/opt/ros/humble/opt/rviz_ogre_vendor/lib:/opt/ros/humble/lib/x86_64-linux-gnu:/opt/ros/humble/lib PYTHONPATH=/home/robot/debug_clear_ws/install/clearpath_config/lib/python3.10/site-packages:/home/robot/debug_clear_ws/install/yolov8_ros/lib/python3.10/site-packages:/home/robot/debug_clear_ws/install/yolov8_msgs/local/lib/python3.10/dist-packages:/home/robot/debug_clear_ws/install/yolo_ros/lib/python3.10/site-packages:/home/robot/debug_clear_ws/install/yolo_msgs/local/lib/python3.10/dist-packages:/home/robot/debug_clear_ws/install/clearpath_generator_gz/local/lib/python3.10/dist-packages:/home/robot/debug_clear_ws/install/clearpath_generator_common/local/lib/python3.10/dist-packages:/home/robot/debug_clear_ws/install/clearpath_platform_msgs/local/lib/python3.10/dist-packages:/opt/ros/humble/lib/python3.10/site-packages:/opt/ros/humble/local/lib/python3.10/dist-packages /usr/bin/cmake --build /home/robot/debug_clear_ws/build/clearpath_common -- -j12 -l12[0m
[3.438s] [34mcolcon.colcon_core.event_handler.log_command[0m [1;30mDEBUG[0m [32mInvoking command in '/home/robot/debug_clear_ws/build/clearpath_common': AMENT_PREFIX_PATH=/home/robot/debug_clear_ws/install/clearpath_config:/home/robot/debug_clear_ws/install/yolov8_bringup:/home/robot/debug_clear_ws/install/yolov8_ros:/home/robot/debug_clear_ws/install/yolov8_msgs:/home/robot/debug_clear_ws/install/yolo_bringup:/home/robot/debug_clear_ws/install/yolo_ros:/home/robot/debug_clear_ws/install/yolo_msgs:/home/robot/debug_clear_ws/install/clearpath_simulator:/home/robot/debug_clear_ws/install/clearpath_gz:/home/robot/debug_clear_ws/install/clearpath_generator_gz:/home/robot/debug_clear_ws/install/clearpath_common:/home/robot/debug_clear_ws/install/clearpath_generator_common:/home/robot/debug_clear_ws/install/clearpath_description:/home/robot/debug_clear_ws/install/clearpath_sensors_description:/home/robot/debug_clear_ws/install/clearpath_platform:/home/robot/debug_clear_ws/install/clearpath_msgs:/home/robot/debug_clear_ws/install/clearpath_platform_msgs:/home/robot/debug_clear_ws/install/clearpath_platform_description:/home/robot/debug_clear_ws/install/clearpath_mounts_description:/home/robot/debug_clear_ws/install/clearpath_manipulators:/home/robot/debug_clear_ws/install/clearpath_manipulators_description:/home/robot/debug_clear_ws/install/clearpath_customization:/home/robot/debug_clear_ws/install/clearpath_control:/opt/ros/humble CMAKE_PREFIX_PATH=/home/robot/debug_clear_ws/install/clearpath_generator_common:/home/robot/debug_clear_ws/install/clearpath_platform:/home/robot/debug_clear_ws/install/clearpath_manipulators:/home/robot/debug_clear_ws/install/clearpath_description:/home/robot/debug_clear_ws/install/clearpath_sensors_description:/home/robot/debug_clear_ws/install/clearpath_platform_msgs:/home/robot/debug_clear_ws/install/clearpath_platform_description:/home/robot/debug_clear_ws/install/clearpath_mounts_description:/home/robot/debug_clear_ws/install/clearpath_manipulators_description:/home/robot/debug_clear_ws/install/clearpath_control:/home/robot/debug_clear_ws/install/yolov8_bringup:/home/robot/debug_clear_ws/install/yolov8_msgs:/home/robot/debug_clear_ws/install/yolo_bringup:/home/robot/debug_clear_ws/install/yolo_msgs:/home/robot/debug_clear_ws/install/clearpath_simulator:/home/robot/debug_clear_ws/install/clearpath_gz:/home/robot/debug_clear_ws/install/clearpath_generator_gz:/home/robot/debug_clear_ws/install/clearpath_common:/home/robot/debug_clear_ws/install/clearpath_msgs:/home/robot/debug_clear_ws/install/clearpath_customization:/home/robot/debug_clear_ws/install/yolov8_ros:/home/robot/debug_clear_ws/install/yolo_ros:/home/robot/debug_clear_ws/install/clearpath_config:/opt/ros/humble LD_LIBRARY_PATH=/home/robot/debug_clear_ws/install/clearpath_platform/lib:/home/robot/debug_clear_ws/install/clearpath_platform_msgs/lib:/home/robot/debug_clear_ws/install/yolov8_msgs/lib:/home/robot/debug_clear_ws/install/yolo_msgs/lib:/opt/ros/humble/opt/rviz_ogre_vendor/lib:/opt/ros/humble/lib/x86_64-linux-gnu:/opt/ros/humble/lib PYTHONPATH=/home/robot/debug_clear_ws/install/clearpath_config/lib/python3.10/site-packages:/home/robot/debug_clear_ws/install/yolov8_ros/lib/python3.10/site-packages:/home/robot/debug_clear_ws/install/yolov8_msgs/local/lib/python3.10/dist-packages:/home/robot/debug_clear_ws/install/yolo_ros/lib/python3.10/site-packages:/home/robot/debug_clear_ws/install/yolo_msgs/local/lib/python3.10/dist-packages:/home/robot/debug_clear_ws/install/clearpath_generator_gz/local/lib/python3.10/dist-packages:/home/robot/debug_clear_ws/install/clearpath_generator_common/local/lib/python3.10/dist-packages:/home/robot/debug_clear_ws/install/clearpath_platform_msgs/local/lib/python3.10/dist-packages:/opt/ros/humble/lib/python3.10/site-packages:/opt/ros/humble/local/lib/python3.10/dist-packages /usr/bin/cmake --install /home/robot/debug_clear_ws/build/clearpath_common[0m
[3.461s] [34mcolcon.colcon_core.environment[0m [1;30mLevel 1[0m create_environment_scripts_only(clearpath_common)
[3.461s] [34mcolcon.colcon_core.environment[0m [1;30mLevel 1[0m checking '/home/robot/debug_clear_ws/install/clearpath_common' for CMake module files
[3.462s] [34mcolcon.colcon_core.event_handler.log_command[0m [1;30mDEBUG[0m [32mInvoked command in '/home/robot/debug_clear_ws/build/clearpath_common' returned '0': AMENT_PREFIX_PATH=/home/robot/debug_clear_ws/install/clearpath_config:/home/robot/debug_clear_ws/install/yolov8_bringup:/home/robot/debug_clear_ws/install/yolov8_ros:/home/robot/debug_clear_ws/install/yolov8_msgs:/home/robot/debug_clear_ws/install/yolo_bringup:/home/robot/debug_clear_ws/install/yolo_ros:/home/robot/debug_clear_ws/install/yolo_msgs:/home/robot/debug_clear_ws/install/clearpath_simulator:/home/robot/debug_clear_ws/install/clearpath_gz:/home/robot/debug_clear_ws/install/clearpath_generator_gz:/home/robot/debug_clear_ws/install/clearpath_common:/home/robot/debug_clear_ws/install/clearpath_generator_common:/home/robot/debug_clear_ws/install/clearpath_description:/home/robot/debug_clear_ws/install/clearpath_sensors_description:/home/robot/debug_clear_ws/install/clearpath_platform:/home/robot/debug_clear_ws/install/clearpath_msgs:/home/robot/debug_clear_ws/install/clearpath_platform_msgs:/home/robot/debug_clear_ws/install/clearpath_platform_description:/home/robot/debug_clear_ws/install/clearpath_mounts_description:/home/robot/debug_clear_ws/install/clearpath_manipulators:/home/robot/debug_clear_ws/install/clearpath_manipulators_description:/home/robot/debug_clear_ws/install/clearpath_customization:/home/robot/debug_clear_ws/install/clearpath_control:/opt/ros/humble CMAKE_PREFIX_PATH=/home/robot/debug_clear_ws/install/clearpath_generator_common:/home/robot/debug_clear_ws/install/clearpath_platform:/home/robot/debug_clear_ws/install/clearpath_manipulators:/home/robot/debug_clear_ws/install/clearpath_description:/home/robot/debug_clear_ws/install/clearpath_sensors_description:/home/robot/debug_clear_ws/install/clearpath_platform_msgs:/home/robot/debug_clear_ws/install/clearpath_platform_description:/home/robot/debug_clear_ws/install/clearpath_mounts_description:/home/robot/debug_clear_ws/install/clearpath_manipulators_description:/home/robot/debug_clear_ws/install/clearpath_control:/home/robot/debug_clear_ws/install/yolov8_bringup:/home/robot/debug_clear_ws/install/yolov8_msgs:/home/robot/debug_clear_ws/install/yolo_bringup:/home/robot/debug_clear_ws/install/yolo_msgs:/home/robot/debug_clear_ws/install/clearpath_simulator:/home/robot/debug_clear_ws/install/clearpath_gz:/home/robot/debug_clear_ws/install/clearpath_generator_gz:/home/robot/debug_clear_ws/install/clearpath_common:/home/robot/debug_clear_ws/install/clearpath_msgs:/home/robot/debug_clear_ws/install/clearpath_customization:/home/robot/debug_clear_ws/install/yolov8_ros:/home/robot/debug_clear_ws/install/yolo_ros:/home/robot/debug_clear_ws/install/clearpath_config:/opt/ros/humble LD_LIBRARY_PATH=/home/robot/debug_clear_ws/install/clearpath_platform/lib:/home/robot/debug_clear_ws/install/clearpath_platform_msgs/lib:/home/robot/debug_clear_ws/install/yolov8_msgs/lib:/home/robot/debug_clear_ws/install/yolo_msgs/lib:/opt/ros/humble/opt/rviz_ogre_vendor/lib:/opt/ros/humble/lib/x86_64-linux-gnu:/opt/ros/humble/lib PYTHONPATH=/home/robot/debug_clear_ws/install/clearpath_config/lib/python3.10/site-packages:/home/robot/debug_clear_ws/install/yolov8_ros/lib/python3.10/site-packages:/home/robot/debug_clear_ws/install/yolov8_msgs/local/lib/python3.10/dist-packages:/home/robot/debug_clear_ws/install/yolo_ros/lib/python3.10/site-packages:/home/robot/debug_clear_ws/install/yolo_msgs/local/lib/python3.10/dist-packages:/home/robot/debug_clear_ws/install/clearpath_generator_gz/local/lib/python3.10/dist-packages:/home/robot/debug_clear_ws/install/clearpath_generator_common/local/lib/python3.10/dist-packages:/home/robot/debug_clear_ws/install/clearpath_platform_msgs/local/lib/python3.10/dist-packages:/opt/ros/humble/lib/python3.10/site-packages:/opt/ros/humble/local/lib/python3.10/dist-packages /usr/bin/cmake --install /home/robot/debug_clear_ws/build/clearpath_common[0m
[3.462s] [34mcolcon.colcon_core.environment[0m [1;30mLevel 1[0m checking '/home/robot/debug_clear_ws/install/clearpath_common' for CMake config files
[3.463s] [34mcolcon.colcon_core.shell[0m [1;30mLevel 1[0m create_environment_hook('clearpath_common', 'cmake_prefix_path')
[3.463s] [34mcolcon.colcon_core.shell[0m [1;30mINFO[0m Creating environment hook '/home/robot/debug_clear_ws/install/clearpath_common/share/clearpath_common/hook/cmake_prefix_path.ps1'
[3.464s] [34mcolcon.colcon_core.shell[0m [1;30mINFO[0m Creating environment descriptor '/home/robot/debug_clear_ws/install/clearpath_common/share/clearpath_common/hook/cmake_prefix_path.dsv'
[3.465s] [34mcolcon.colcon_core.shell[0m [1;30mINFO[0m Creating environment hook '/home/robot/debug_clear_ws/install/clearpath_common/share/clearpath_common/hook/cmake_prefix_path.sh'
[3.465s] [34mcolcon.colcon_core.environment[0m [1;30mLevel 1[0m checking '/home/robot/debug_clear_ws/install/clearpath_common/bin'
[3.465s] [34mcolcon.colcon_core.environment[0m [1;30mLevel 1[0m checking '/home/robot/debug_clear_ws/install/clearpath_common/lib/pkgconfig/clearpath_common.pc'
[3.466s] [34mcolcon.colcon_core.environment[0m [1;30mLevel 1[0m checking '/home/robot/debug_clear_ws/install/clearpath_common/lib/python3.10/site-packages'
[3.466s] [34mcolcon.colcon_core.environment[0m [1;30mLevel 1[0m checking '/home/robot/debug_clear_ws/install/clearpath_common/bin'
[3.466s] [34mcolcon.colcon_core.shell[0m [1;30mINFO[0m Creating package script '/home/robot/debug_clear_ws/install/clearpath_common/share/clearpath_common/package.ps1'
[3.467s] [34mcolcon.colcon_core.shell[0m [1;30mINFO[0m Creating package descriptor '/home/robot/debug_clear_ws/install/clearpath_common/share/clearpath_common/package.dsv'
[3.467s] [34mcolcon.colcon_core.shell[0m [1;30mINFO[0m Creating package script '/home/robot/debug_clear_ws/install/clearpath_common/share/clearpath_common/package.sh'
[3.468s] [34mcolcon.colcon_core.shell[0m [1;30mINFO[0m Creating package script '/home/robot/debug_clear_ws/install/clearpath_common/share/clearpath_common/package.bash'
[3.468s] [34mcolcon.colcon_core.shell[0m [1;30mINFO[0m Creating package script '/home/robot/debug_clear_ws/install/clearpath_common/share/clearpath_common/package.zsh'
[3.469s] [34mcolcon.colcon_core.environment[0m [1;30mLevel 1[0m create_file_with_runtime_dependencies(/home/robot/debug_clear_ws/install/clearpath_common/share/colcon-core/packages/clearpath_common)
[3.469s] [34mcolcon.colcon_core.environment[0m [1;30mLevel 1[0m create_environment_scripts_only(clearpath_common)
[3.470s] [34mcolcon.colcon_core.environment[0m [1;30mLevel 1[0m checking '/home/robot/debug_clear_ws/install/clearpath_common' for CMake module files
[3.470s] [34mcolcon.colcon_core.environment[0m [1;30mLevel 1[0m checking '/home/robot/debug_clear_ws/install/clearpath_common' for CMake config files
[3.470s] [34mcolcon.colcon_core.shell[0m [1;30mLevel 1[0m create_environment_hook('clearpath_common', 'cmake_prefix_path')
[3.471s] [34mcolcon.colcon_core.shell[0m [1;30mINFO[0m Creating environment hook '/home/robot/debug_clear_ws/install/clearpath_common/share/clearpath_common/hook/cmake_prefix_path.ps1'
[3.471s] [34mcolcon.colcon_core.shell[0m [1;30mINFO[0m Creating environment descriptor '/home/robot/debug_clear_ws/install/clearpath_common/share/clearpath_common/hook/cmake_prefix_path.dsv'
[3.472s] [34mcolcon.colcon_core.shell[0m [1;30mINFO[0m Creating environment hook '/home/robot/debug_clear_ws/install/clearpath_common/share/clearpath_common/hook/cmake_prefix_path.sh'
[3.473s] [34mcolcon.colcon_core.environment[0m [1;30mLevel 1[0m checking '/home/robot/debug_clear_ws/install/clearpath_common/bin'
[3.473s] [34mcolcon.colcon_core.environment[0m [1;30mLevel 1[0m checking '/home/robot/debug_clear_ws/install/clearpath_common/lib/pkgconfig/clearpath_common.pc'
[3.473s] [34mcolcon.colcon_core.environment[0m [1;30mLevel 1[0m checking '/home/robot/debug_clear_ws/install/clearpath_common/lib/python3.10/site-packages'
[3.474s] [34mcolcon.colcon_core.environment[0m [1;30mLevel 1[0m checking '/home/robot/debug_clear_ws/install/clearpath_common/bin'
[3.474s] [34mcolcon.colcon_core.shell[0m [1;30mINFO[0m Creating package script '/home/robot/debug_clear_ws/install/clearpath_common/share/clearpath_common/package.ps1'
[3.474s] [34mcolcon.colcon_core.shell[0m [1;30mINFO[0m Creating package descriptor '/home/robot/debug_clear_ws/install/clearpath_common/share/clearpath_common/package.dsv'
[3.475s] [34mcolcon.colcon_core.shell[0m [1;30mINFO[0m Creating package script '/home/robot/debug_clear_ws/install/clearpath_common/share/clearpath_common/package.sh'
[3.476s] [34mcolcon.colcon_core.shell[0m [1;30mINFO[0m Creating package script '/home/robot/debug_clear_ws/install/clearpath_common/share/clearpath_common/package.bash'
[3.476s] [34mcolcon.colcon_core.shell[0m [1;30mINFO[0m Creating package script '/home/robot/debug_clear_ws/install/clearpath_common/share/clearpath_common/package.zsh'
[3.477s] [34mcolcon.colcon_core.environment[0m [1;30mLevel 1[0m create_file_with_runtime_dependencies(/home/robot/debug_clear_ws/install/clearpath_common/share/colcon-core/packages/clearpath_common)
[3.515s] [34mcolcon.colcon_core.environment[0m [1;30mLevel 1[0m checking '/home/robot/debug_clear_ws/install/yolo_ros' for CMake module files
[3.516s] [34mcolcon.colcon_core.event_handler.log_command[0m [1;30mDEBUG[0m [32mInvoked command in '/home/robot/debug_clear_ws/src/yolo_ros/yolo_ros' returned '0': CMAKE_PREFIX_PATH=/home/robot/debug_clear_ws/install/yolo_msgs:/home/robot/debug_clear_ws/install/yolov8_bringup:/home/robot/debug_clear_ws/install/yolov8_msgs:/home/robot/debug_clear_ws/install/yolo_bringup:/home/robot/debug_clear_ws/install/clearpath_simulator:/home/robot/debug_clear_ws/install/clearpath_gz:/home/robot/debug_clear_ws/install/clearpath_generator_gz:/home/robot/debug_clear_ws/install/clearpath_common:/home/robot/debug_clear_ws/install/clearpath_generator_common:/home/robot/debug_clear_ws/install/clearpath_description:/home/robot/debug_clear_ws/install/clearpath_sensors_description:/home/robot/debug_clear_ws/install/clearpath_platform:/home/robot/debug_clear_ws/install/clearpath_msgs:/home/robot/debug_clear_ws/install/clearpath_platform_msgs:/home/robot/debug_clear_ws/install/clearpath_platform_description:/home/robot/debug_clear_ws/install/clearpath_mounts_description:/home/robot/debug_clear_ws/install/clearpath_manipulators:/home/robot/debug_clear_ws/install/clearpath_manipulators_description:/home/robot/debug_clear_ws/install/clearpath_customization:/home/robot/debug_clear_ws/install/clearpath_control LD_LIBRARY_PATH=/home/robot/debug_clear_ws/install/yolo_msgs/lib:/home/robot/debug_clear_ws/install/yolov8_msgs/lib:/home/robot/debug_clear_ws/install/clearpath_platform/lib:/home/robot/debug_clear_ws/install/clearpath_platform_msgs/lib:/opt/ros/humble/opt/rviz_ogre_vendor/lib:/opt/ros/humble/lib/x86_64-linux-gnu:/opt/ros/humble/lib PYTHONPATH=/home/robot/debug_clear_ws/build/yolo_ros/prefix_override:/usr/lib/python3/dist-packages/colcon_core/task/python/colcon_distutils_commands:/home/robot/debug_clear_ws/install/yolo_ros/lib/python3.10/site-packages:${PYTHONPATH} /usr/bin/python3 -W ignore:setup.py install is deprecated -W ignore:easy_install command is deprecated setup.py egg_info --egg-base ../../../build/yolo_ros build --build-base /home/robot/debug_clear_ws/build/yolo_ros/build install --record /home/robot/debug_clear_ws/build/yolo_ros/install.log --single-version-externally-managed install_data[0m
[3.516s] [34mcolcon.colcon_core.environment[0m [1;30mLevel 1[0m checking '/home/robot/debug_clear_ws/install/yolo_ros' for CMake config files
[3.517s] [34mcolcon.colcon_core.environment[0m [1;30mLevel 1[0m checking '/home/robot/debug_clear_ws/install/yolo_ros/lib'
[3.517s] [34mcolcon.colcon_core.environment[0m [1;30mLevel 1[0m checking '/home/robot/debug_clear_ws/install/yolo_ros/bin'
[3.517s] [34mcolcon.colcon_core.environment[0m [1;30mLevel 1[0m checking '/home/robot/debug_clear_ws/install/yolo_ros/lib/pkgconfig/yolo_ros.pc'
[3.517s] [34mcolcon.colcon_core.environment[0m [1;30mLevel 1[0m checking '/home/robot/debug_clear_ws/install/yolo_ros/lib/python3.10/site-packages'
[3.517s] [34mcolcon.colcon_core.shell[0m [1;30mLevel 1[0m create_environment_hook('yolo_ros', 'pythonpath')
[3.518s] [34mcolcon.colcon_core.shell[0m [1;30mINFO[0m Creating environment hook '/home/robot/debug_clear_ws/install/yolo_ros/share/yolo_ros/hook/pythonpath.ps1'
[3.518s] [34mcolcon.colcon_core.shell[0m [1;30mINFO[0m Creating environment descriptor '/home/robot/debug_clear_ws/install/yolo_ros/share/yolo_ros/hook/pythonpath.dsv'
[3.518s] [34mcolcon.colcon_core.shell[0m [1;30mINFO[0m Creating environment hook '/home/robot/debug_clear_ws/install/yolo_ros/share/yolo_ros/hook/pythonpath.sh'
[3.519s] [34mcolcon.colcon_core.environment[0m [1;30mLevel 1[0m checking '/home/robot/debug_clear_ws/install/yolo_ros/bin'
[3.519s] [34mcolcon.colcon_core.environment[0m [1;30mLevel 1[0m create_environment_scripts_only(yolo_ros)
[3.519s] [34mcolcon.colcon_core.shell[0m [1;30mINFO[0m Creating package script '/home/robot/debug_clear_ws/install/yolo_ros/share/yolo_ros/package.ps1'
[3.520s] [34mcolcon.colcon_core.shell[0m [1;30mINFO[0m Creating package descriptor '/home/robot/debug_clear_ws/install/yolo_ros/share/yolo_ros/package.dsv'
[3.520s] [34mcolcon.colcon_core.shell[0m [1;30mINFO[0m Creating package script '/home/robot/debug_clear_ws/install/yolo_ros/share/yolo_ros/package.sh'
[3.520s] [34mcolcon.colcon_core.shell[0m [1;30mINFO[0m Creating package script '/home/robot/debug_clear_ws/install/yolo_ros/share/yolo_ros/package.bash'
[3.521s] [34mcolcon.colcon_core.shell[0m [1;30mINFO[0m Creating package script '/home/robot/debug_clear_ws/install/yolo_ros/share/yolo_ros/package.zsh'
[3.521s] [34mcolcon.colcon_core.environment[0m [1;30mLevel 1[0m create_file_with_runtime_dependencies(/home/robot/debug_clear_ws/install/yolo_ros/share/colcon-core/packages/yolo_ros)
[3.521s] [34mcolcon.colcon_ros.task.ament_cmake.build[0m [1;30mINFO[0m Building ROS package in '/home/robot/debug_clear_ws/src/yolo_ros/yolo_bringup' with build type 'ament_cmake'
[3.522s] [34mcolcon.colcon_cmake.task.cmake.build[0m [1;30mINFO[0m Building CMake package in '/home/robot/debug_clear_ws/src/yolo_ros/yolo_bringup'
[3.522s] [34mcolcon.colcon_core.shell[0m [1;30mINFO[0m Skip shell extension 'powershell' for command environment: Not usable outside of PowerShell
[3.522s] [34mcolcon.colcon_core.shell[0m [1;30mDEBUG[0m [32mSkip shell extension 'dsv' for command environment[0m
[3.536s] [34mcolcon.colcon_core.event_handler.log_command[0m [1;30mDEBUG[0m [32mInvoking command in '/home/robot/debug_clear_ws/build/yolo_bringup': AMENT_PREFIX_PATH=/home/robot/debug_clear_ws/install/yolo_ros:/home/robot/debug_clear_ws/install/yolov8_bringup:/home/robot/debug_clear_ws/install/yolov8_ros:/home/robot/debug_clear_ws/install/yolov8_msgs:/home/robot/debug_clear_ws/install/yolo_bringup:/home/robot/debug_clear_ws/install/yolo_msgs:/home/robot/debug_clear_ws/install/clearpath_simulator:/home/robot/debug_clear_ws/install/clearpath_gz:/home/robot/debug_clear_ws/install/clearpath_generator_gz:/home/robot/debug_clear_ws/install/clearpath_common:/home/robot/debug_clear_ws/install/clearpath_generator_common:/home/robot/debug_clear_ws/install/clearpath_description:/home/robot/debug_clear_ws/install/clearpath_sensors_description:/home/robot/debug_clear_ws/install/clearpath_platform:/home/robot/debug_clear_ws/install/clearpath_msgs:/home/robot/debug_clear_ws/install/clearpath_platform_msgs:/home/robot/debug_clear_ws/install/clearpath_platform_description:/home/robot/debug_clear_ws/install/clearpath_mounts_description:/home/robot/debug_clear_ws/install/clearpath_manipulators:/home/robot/debug_clear_ws/install/clearpath_manipulators_description:/home/robot/debug_clear_ws/install/clearpath_customization:/home/robot/debug_clear_ws/install/clearpath_control:/home/robot/debug_clear_ws/install/clearpath_config:/opt/ros/humble CMAKE_PREFIX_PATH=/home/robot/debug_clear_ws/install/yolo_msgs:/home/robot/debug_clear_ws/install/yolov8_bringup:/home/robot/debug_clear_ws/install/yolov8_msgs:/home/robot/debug_clear_ws/install/yolo_bringup:/home/robot/debug_clear_ws/install/clearpath_simulator:/home/robot/debug_clear_ws/install/clearpath_gz:/home/robot/debug_clear_ws/install/clearpath_generator_gz:/home/robot/debug_clear_ws/install/clearpath_common:/home/robot/debug_clear_ws/install/clearpath_generator_common:/home/robot/debug_clear_ws/install/clearpath_description:/home/robot/debug_clear_ws/install/clearpath_sensors_description:/home/robot/debug_clear_ws/install/clearpath_platform:/home/robot/debug_clear_ws/install/clearpath_msgs:/home/robot/debug_clear_ws/install/clearpath_platform_msgs:/home/robot/debug_clear_ws/install/clearpath_platform_description:/home/robot/debug_clear_ws/install/clearpath_mounts_description:/home/robot/debug_clear_ws/install/clearpath_manipulators:/home/robot/debug_clear_ws/install/clearpath_manipulators_description:/home/robot/debug_clear_ws/install/clearpath_customization:/home/robot/debug_clear_ws/install/clearpath_control:/home/robot/debug_clear_ws/install/yolov8_ros:/home/robot/debug_clear_ws/install/yolo_ros:/home/robot/debug_clear_ws/install/clearpath_config:/opt/ros/humble LD_LIBRARY_PATH=/home/robot/debug_clear_ws/install/yolo_msgs/lib:/home/robot/debug_clear_ws/install/yolov8_msgs/lib:/home/robot/debug_clear_ws/install/clearpath_platform/lib:/home/robot/debug_clear_ws/install/clearpath_platform_msgs/lib:/opt/ros/humble/opt/rviz_ogre_vendor/lib:/opt/ros/humble/lib/x86_64-linux-gnu:/opt/ros/humble/lib PYTHONPATH=/home/robot/debug_clear_ws/install/yolo_ros/lib/python3.10/site-packages:/home/robot/debug_clear_ws/install/yolov8_ros/lib/python3.10/site-packages:/home/robot/debug_clear_ws/install/yolov8_msgs/local/lib/python3.10/dist-packages:/home/robot/debug_clear_ws/install/yolo_msgs/local/lib/python3.10/dist-packages:/home/robot/debug_clear_ws/install/clearpath_generator_gz/local/lib/python3.10/dist-packages:/home/robot/debug_clear_ws/install/clearpath_generator_common/local/lib/python3.10/dist-packages:/home/robot/debug_clear_ws/install/clearpath_platform_msgs/local/lib/python3.10/dist-packages:/home/robot/debug_clear_ws/install/clearpath_config/lib/python3.10/site-packages:/opt/ros/humble/lib/python3.10/site-packages:/opt/ros/humble/local/lib/python3.10/dist-packages /usr/bin/cmake --build /home/robot/debug_clear_ws/build/yolo_bringup -- -j12 -l12[0m
[3.575s] [34mcolcon.colcon_core.event_handler.log_command[0m [1;30mDEBUG[0m [32mInvoked command in '/home/robot/debug_clear_ws/build/yolo_bringup' returned '0': AMENT_PREFIX_PATH=/home/robot/debug_clear_ws/install/yolo_ros:/home/robot/debug_clear_ws/install/yolov8_bringup:/home/robot/debug_clear_ws/install/yolov8_ros:/home/robot/debug_clear_ws/install/yolov8_msgs:/home/robot/debug_clear_ws/install/yolo_bringup:/home/robot/debug_clear_ws/install/yolo_msgs:/home/robot/debug_clear_ws/install/clearpath_simulator:/home/robot/debug_clear_ws/install/clearpath_gz:/home/robot/debug_clear_ws/install/clearpath_generator_gz:/home/robot/debug_clear_ws/install/clearpath_common:/home/robot/debug_clear_ws/install/clearpath_generator_common:/home/robot/debug_clear_ws/install/clearpath_description:/home/robot/debug_clear_ws/install/clearpath_sensors_description:/home/robot/debug_clear_ws/install/clearpath_platform:/home/robot/debug_clear_ws/install/clearpath_msgs:/home/robot/debug_clear_ws/install/clearpath_platform_msgs:/home/robot/debug_clear_ws/install/clearpath_platform_description:/home/robot/debug_clear_ws/install/clearpath_mounts_description:/home/robot/debug_clear_ws/install/clearpath_manipulators:/home/robot/debug_clear_ws/install/clearpath_manipulators_description:/home/robot/debug_clear_ws/install/clearpath_customization:/home/robot/debug_clear_ws/install/clearpath_control:/home/robot/debug_clear_ws/install/clearpath_config:/opt/ros/humble CMAKE_PREFIX_PATH=/home/robot/debug_clear_ws/install/yolo_msgs:/home/robot/debug_clear_ws/install/yolov8_bringup:/home/robot/debug_clear_ws/install/yolov8_msgs:/home/robot/debug_clear_ws/install/yolo_bringup:/home/robot/debug_clear_ws/install/clearpath_simulator:/home/robot/debug_clear_ws/install/clearpath_gz:/home/robot/debug_clear_ws/install/clearpath_generator_gz:/home/robot/debug_clear_ws/install/clearpath_common:/home/robot/debug_clear_ws/install/clearpath_generator_common:/home/robot/debug_clear_ws/install/clearpath_description:/home/robot/debug_clear_ws/install/clearpath_sensors_description:/home/robot/debug_clear_ws/install/clearpath_platform:/home/robot/debug_clear_ws/install/clearpath_msgs:/home/robot/debug_clear_ws/install/clearpath_platform_msgs:/home/robot/debug_clear_ws/install/clearpath_platform_description:/home/robot/debug_clear_ws/install/clearpath_mounts_description:/home/robot/debug_clear_ws/install/clearpath_manipulators:/home/robot/debug_clear_ws/install/clearpath_manipulators_description:/home/robot/debug_clear_ws/install/clearpath_customization:/home/robot/debug_clear_ws/install/clearpath_control:/home/robot/debug_clear_ws/install/yolov8_ros:/home/robot/debug_clear_ws/install/yolo_ros:/home/robot/debug_clear_ws/install/clearpath_config:/opt/ros/humble LD_LIBRARY_PATH=/home/robot/debug_clear_ws/install/yolo_msgs/lib:/home/robot/debug_clear_ws/install/yolov8_msgs/lib:/home/robot/debug_clear_ws/install/clearpath_platform/lib:/home/robot/debug_clear_ws/install/clearpath_platform_msgs/lib:/opt/ros/humble/opt/rviz_ogre_vendor/lib:/opt/ros/humble/lib/x86_64-linux-gnu:/opt/ros/humble/lib PYTHONPATH=/home/robot/debug_clear_ws/install/yolo_ros/lib/python3.10/site-packages:/home/robot/debug_clear_ws/install/yolov8_ros/lib/python3.10/site-packages:/home/robot/debug_clear_ws/install/yolov8_msgs/local/lib/python3.10/dist-packages:/home/robot/debug_clear_ws/install/yolo_msgs/local/lib/python3.10/dist-packages:/home/robot/debug_clear_ws/install/clearpath_generator_gz/local/lib/python3.10/dist-packages:/home/robot/debug_clear_ws/install/clearpath_generator_common/local/lib/python3.10/dist-packages:/home/robot/debug_clear_ws/install/clearpath_platform_msgs/local/lib/python3.10/dist-packages:/home/robot/debug_clear_ws/install/clearpath_config/lib/python3.10/site-packages:/opt/ros/humble/lib/python3.10/site-packages:/opt/ros/humble/local/lib/python3.10/dist-packages /usr/bin/cmake --build /home/robot/debug_clear_ws/build/yolo_bringup -- -j12 -l12[0m
[3.577s] [34mcolcon.colcon_core.event_handler.log_command[0m [1;30mDEBUG[0m [32mInvoking command in '/home/robot/debug_clear_ws/build/yolo_bringup': AMENT_PREFIX_PATH=/home/robot/debug_clear_ws/install/yolo_ros:/home/robot/debug_clear_ws/install/yolov8_bringup:/home/robot/debug_clear_ws/install/yolov8_ros:/home/robot/debug_clear_ws/install/yolov8_msgs:/home/robot/debug_clear_ws/install/yolo_bringup:/home/robot/debug_clear_ws/install/yolo_msgs:/home/robot/debug_clear_ws/install/clearpath_simulator:/home/robot/debug_clear_ws/install/clearpath_gz:/home/robot/debug_clear_ws/install/clearpath_generator_gz:/home/robot/debug_clear_ws/install/clearpath_common:/home/robot/debug_clear_ws/install/clearpath_generator_common:/home/robot/debug_clear_ws/install/clearpath_description:/home/robot/debug_clear_ws/install/clearpath_sensors_description:/home/robot/debug_clear_ws/install/clearpath_platform:/home/robot/debug_clear_ws/install/clearpath_msgs:/home/robot/debug_clear_ws/install/clearpath_platform_msgs:/home/robot/debug_clear_ws/install/clearpath_platform_description:/home/robot/debug_clear_ws/install/clearpath_mounts_description:/home/robot/debug_clear_ws/install/clearpath_manipulators:/home/robot/debug_clear_ws/install/clearpath_manipulators_description:/home/robot/debug_clear_ws/install/clearpath_customization:/home/robot/debug_clear_ws/install/clearpath_control:/home/robot/debug_clear_ws/install/clearpath_config:/opt/ros/humble CMAKE_PREFIX_PATH=/home/robot/debug_clear_ws/install/yolo_msgs:/home/robot/debug_clear_ws/install/yolov8_bringup:/home/robot/debug_clear_ws/install/yolov8_msgs:/home/robot/debug_clear_ws/install/yolo_bringup:/home/robot/debug_clear_ws/install/clearpath_simulator:/home/robot/debug_clear_ws/install/clearpath_gz:/home/robot/debug_clear_ws/install/clearpath_generator_gz:/home/robot/debug_clear_ws/install/clearpath_common:/home/robot/debug_clear_ws/install/clearpath_generator_common:/home/robot/debug_clear_ws/install/clearpath_description:/home/robot/debug_clear_ws/install/clearpath_sensors_description:/home/robot/debug_clear_ws/install/clearpath_platform:/home/robot/debug_clear_ws/install/clearpath_msgs:/home/robot/debug_clear_ws/install/clearpath_platform_msgs:/home/robot/debug_clear_ws/install/clearpath_platform_description:/home/robot/debug_clear_ws/install/clearpath_mounts_description:/home/robot/debug_clear_ws/install/clearpath_manipulators:/home/robot/debug_clear_ws/install/clearpath_manipulators_description:/home/robot/debug_clear_ws/install/clearpath_customization:/home/robot/debug_clear_ws/install/clearpath_control:/home/robot/debug_clear_ws/install/yolov8_ros:/home/robot/debug_clear_ws/install/yolo_ros:/home/robot/debug_clear_ws/install/clearpath_config:/opt/ros/humble LD_LIBRARY_PATH=/home/robot/debug_clear_ws/install/yolo_msgs/lib:/home/robot/debug_clear_ws/install/yolov8_msgs/lib:/home/robot/debug_clear_ws/install/clearpath_platform/lib:/home/robot/debug_clear_ws/install/clearpath_platform_msgs/lib:/opt/ros/humble/opt/rviz_ogre_vendor/lib:/opt/ros/humble/lib/x86_64-linux-gnu:/opt/ros/humble/lib PYTHONPATH=/home/robot/debug_clear_ws/install/yolo_ros/lib/python3.10/site-packages:/home/robot/debug_clear_ws/install/yolov8_ros/lib/python3.10/site-packages:/home/robot/debug_clear_ws/install/yolov8_msgs/local/lib/python3.10/dist-packages:/home/robot/debug_clear_ws/install/yolo_msgs/local/lib/python3.10/dist-packages:/home/robot/debug_clear_ws/install/clearpath_generator_gz/local/lib/python3.10/dist-packages:/home/robot/debug_clear_ws/install/clearpath_generator_common/local/lib/python3.10/dist-packages:/home/robot/debug_clear_ws/install/clearpath_platform_msgs/local/lib/python3.10/dist-packages:/home/robot/debug_clear_ws/install/clearpath_config/lib/python3.10/site-packages:/opt/ros/humble/lib/python3.10/site-packages:/opt/ros/humble/local/lib/python3.10/dist-packages /usr/bin/cmake --install /home/robot/debug_clear_ws/build/yolo_bringup[0m
[3.601s] [34mcolcon.colcon_core.environment[0m [1;30mLevel 1[0m create_environment_scripts_only(yolo_bringup)
[3.601s] [34mcolcon.colcon_core.environment[0m [1;30mLevel 1[0m checking '/home/robot/debug_clear_ws/install/yolo_bringup' for CMake module files
[3.602s] [34mcolcon.colcon_core.event_handler.log_command[0m [1;30mDEBUG[0m [32mInvoked command in '/home/robot/debug_clear_ws/build/yolo_bringup' returned '0': AMENT_PREFIX_PATH=/home/robot/debug_clear_ws/install/yolo_ros:/home/robot/debug_clear_ws/install/yolov8_bringup:/home/robot/debug_clear_ws/install/yolov8_ros:/home/robot/debug_clear_ws/install/yolov8_msgs:/home/robot/debug_clear_ws/install/yolo_bringup:/home/robot/debug_clear_ws/install/yolo_msgs:/home/robot/debug_clear_ws/install/clearpath_simulator:/home/robot/debug_clear_ws/install/clearpath_gz:/home/robot/debug_clear_ws/install/clearpath_generator_gz:/home/robot/debug_clear_ws/install/clearpath_common:/home/robot/debug_clear_ws/install/clearpath_generator_common:/home/robot/debug_clear_ws/install/clearpath_description:/home/robot/debug_clear_ws/install/clearpath_sensors_description:/home/robot/debug_clear_ws/install/clearpath_platform:/home/robot/debug_clear_ws/install/clearpath_msgs:/home/robot/debug_clear_ws/install/clearpath_platform_msgs:/home/robot/debug_clear_ws/install/clearpath_platform_description:/home/robot/debug_clear_ws/install/clearpath_mounts_description:/home/robot/debug_clear_ws/install/clearpath_manipulators:/home/robot/debug_clear_ws/install/clearpath_manipulators_description:/home/robot/debug_clear_ws/install/clearpath_customization:/home/robot/debug_clear_ws/install/clearpath_control:/home/robot/debug_clear_ws/install/clearpath_config:/opt/ros/humble CMAKE_PREFIX_PATH=/home/robot/debug_clear_ws/install/yolo_msgs:/home/robot/debug_clear_ws/install/yolov8_bringup:/home/robot/debug_clear_ws/install/yolov8_msgs:/home/robot/debug_clear_ws/install/yolo_bringup:/home/robot/debug_clear_ws/install/clearpath_simulator:/home/robot/debug_clear_ws/install/clearpath_gz:/home/robot/debug_clear_ws/install/clearpath_generator_gz:/home/robot/debug_clear_ws/install/clearpath_common:/home/robot/debug_clear_ws/install/clearpath_generator_common:/home/robot/debug_clear_ws/install/clearpath_description:/home/robot/debug_clear_ws/install/clearpath_sensors_description:/home/robot/debug_clear_ws/install/clearpath_platform:/home/robot/debug_clear_ws/install/clearpath_msgs:/home/robot/debug_clear_ws/install/clearpath_platform_msgs:/home/robot/debug_clear_ws/install/clearpath_platform_description:/home/robot/debug_clear_ws/install/clearpath_mounts_description:/home/robot/debug_clear_ws/install/clearpath_manipulators:/home/robot/debug_clear_ws/install/clearpath_manipulators_description:/home/robot/debug_clear_ws/install/clearpath_customization:/home/robot/debug_clear_ws/install/clearpath_control:/home/robot/debug_clear_ws/install/yolov8_ros:/home/robot/debug_clear_ws/install/yolo_ros:/home/robot/debug_clear_ws/install/clearpath_config:/opt/ros/humble LD_LIBRARY_PATH=/home/robot/debug_clear_ws/install/yolo_msgs/lib:/home/robot/debug_clear_ws/install/yolov8_msgs/lib:/home/robot/debug_clear_ws/install/clearpath_platform/lib:/home/robot/debug_clear_ws/install/clearpath_platform_msgs/lib:/opt/ros/humble/opt/rviz_ogre_vendor/lib:/opt/ros/humble/lib/x86_64-linux-gnu:/opt/ros/humble/lib PYTHONPATH=/home/robot/debug_clear_ws/install/yolo_ros/lib/python3.10/site-packages:/home/robot/debug_clear_ws/install/yolov8_ros/lib/python3.10/site-packages:/home/robot/debug_clear_ws/install/yolov8_msgs/local/lib/python3.10/dist-packages:/home/robot/debug_clear_ws/install/yolo_msgs/local/lib/python3.10/dist-packages:/home/robot/debug_clear_ws/install/clearpath_generator_gz/local/lib/python3.10/dist-packages:/home/robot/debug_clear_ws/install/clearpath_generator_common/local/lib/python3.10/dist-packages:/home/robot/debug_clear_ws/install/clearpath_platform_msgs/local/lib/python3.10/dist-packages:/home/robot/debug_clear_ws/install/clearpath_config/lib/python3.10/site-packages:/opt/ros/humble/lib/python3.10/site-packages:/opt/ros/humble/local/lib/python3.10/dist-packages /usr/bin/cmake --install /home/robot/debug_clear_ws/build/yolo_bringup[0m
[3.602s] [34mcolcon.colcon_core.environment[0m [1;30mLevel 1[0m checking '/home/robot/debug_clear_ws/install/yolo_bringup' for CMake config files
[3.602s] [34mcolcon.colcon_core.shell[0m [1;30mLevel 1[0m create_environment_hook('yolo_bringup', 'cmake_prefix_path')
[3.603s] [34mcolcon.colcon_core.shell[0m [1;30mINFO[0m Creating environment hook '/home/robot/debug_clear_ws/install/yolo_bringup/share/yolo_bringup/hook/cmake_prefix_path.ps1'
[3.603s] [34mcolcon.colcon_core.shell[0m [1;30mINFO[0m Creating environment descriptor '/home/robot/debug_clear_ws/install/yolo_bringup/share/yolo_bringup/hook/cmake_prefix_path.dsv'
[3.604s] [34mcolcon.colcon_core.shell[0m [1;30mINFO[0m Creating environment hook '/home/robot/debug_clear_ws/install/yolo_bringup/share/yolo_bringup/hook/cmake_prefix_path.sh'
[3.604s] [34mcolcon.colcon_core.environment[0m [1;30mLevel 1[0m checking '/home/robot/debug_clear_ws/install/yolo_bringup/bin'
[3.604s] [34mcolcon.colcon_core.environment[0m [1;30mLevel 1[0m checking '/home/robot/debug_clear_ws/install/yolo_bringup/lib/pkgconfig/yolo_bringup.pc'
[3.604s] [34mcolcon.colcon_core.environment[0m [1;30mLevel 1[0m checking '/home/robot/debug_clear_ws/install/yolo_bringup/lib/python3.10/site-packages'
[3.605s] [34mcolcon.colcon_core.environment[0m [1;30mLevel 1[0m checking '/home/robot/debug_clear_ws/install/yolo_bringup/bin'
[3.605s] [34mcolcon.colcon_core.shell[0m [1;30mINFO[0m Creating package script '/home/robot/debug_clear_ws/install/yolo_bringup/share/yolo_bringup/package.ps1'
[3.605s] [34mcolcon.colcon_core.shell[0m [1;30mINFO[0m Creating package descriptor '/home/robot/debug_clear_ws/install/yolo_bringup/share/yolo_bringup/package.dsv'
[3.606s] [34mcolcon.colcon_core.shell[0m [1;30mINFO[0m Creating package script '/home/robot/debug_clear_ws/install/yolo_bringup/share/yolo_bringup/package.sh'
[3.606s] [34mcolcon.colcon_core.shell[0m [1;30mINFO[0m Creating package script '/home/robot/debug_clear_ws/install/yolo_bringup/share/yolo_bringup/package.bash'
[3.607s] [34mcolcon.colcon_core.shell[0m [1;30mINFO[0m Creating package script '/home/robot/debug_clear_ws/install/yolo_bringup/share/yolo_bringup/package.zsh'
[3.607s] [34mcolcon.colcon_core.environment[0m [1;30mLevel 1[0m create_file_with_runtime_dependencies(/home/robot/debug_clear_ws/install/yolo_bringup/share/colcon-core/packages/yolo_bringup)
[3.608s] [34mcolcon.colcon_core.environment[0m [1;30mLevel 1[0m create_environment_scripts_only(yolo_bringup)
[3.608s] [34mcolcon.colcon_core.environment[0m [1;30mLevel 1[0m checking '/home/robot/debug_clear_ws/install/yolo_bringup' for CMake module files
[3.609s] [34mcolcon.colcon_core.environment[0m [1;30mLevel 1[0m checking '/home/robot/debug_clear_ws/install/yolo_bringup' for CMake config files
[3.609s] [34mcolcon.colcon_core.shell[0m [1;30mLevel 1[0m create_environment_hook('yolo_bringup', 'cmake_prefix_path')
[3.609s] [34mcolcon.colcon_core.shell[0m [1;30mINFO[0m Creating environment hook '/home/robot/debug_clear_ws/install/yolo_bringup/share/yolo_bringup/hook/cmake_prefix_path.ps1'
[3.609s] [34mcolcon.colcon_core.shell[0m [1;30mINFO[0m Creating environment descriptor '/home/robot/debug_clear_ws/install/yolo_bringup/share/yolo_bringup/hook/cmake_prefix_path.dsv'
[3.610s] [34mcolcon.colcon_core.shell[0m [1;30mINFO[0m Creating environment hook '/home/robot/debug_clear_ws/install/yolo_bringup/share/yolo_bringup/hook/cmake_prefix_path.sh'
[3.610s] [34mcolcon.colcon_core.environment[0m [1;30mLevel 1[0m checking '/home/robot/debug_clear_ws/install/yolo_bringup/bin'
[3.610s] [34mcolcon.colcon_core.environment[0m [1;30mLevel 1[0m checking '/home/robot/debug_clear_ws/install/yolo_bringup/lib/pkgconfig/yolo_bringup.pc'
[3.611s] [34mcolcon.colcon_core.environment[0m [1;30mLevel 1[0m checking '/home/robot/debug_clear_ws/install/yolo_bringup/lib/python3.10/site-packages'
[3.611s] [34mcolcon.colcon_core.environment[0m [1;30mLevel 1[0m checking '/home/robot/debug_clear_ws/install/yolo_bringup/bin'
[3.611s] [34mcolcon.colcon_core.shell[0m [1;30mINFO[0m Creating package script '/home/robot/debug_clear_ws/install/yolo_bringup/share/yolo_bringup/package.ps1'
[3.612s] [34mcolcon.colcon_core.shell[0m [1;30mINFO[0m Creating package descriptor '/home/robot/debug_clear_ws/install/yolo_bringup/share/yolo_bringup/package.dsv'
[3.612s] [34mcolcon.colcon_core.shell[0m [1;30mINFO[0m Creating package script '/home/robot/debug_clear_ws/install/yolo_bringup/share/yolo_bringup/package.sh'
[3.613s] [34mcolcon.colcon_core.shell[0m [1;30mINFO[0m Creating package script '/home/robot/debug_clear_ws/install/yolo_bringup/share/yolo_bringup/package.bash'
[3.613s] [34mcolcon.colcon_core.shell[0m [1;30mINFO[0m Creating package script '/home/robot/debug_clear_ws/install/yolo_bringup/share/yolo_bringup/package.zsh'
[3.613s] [34mcolcon.colcon_core.environment[0m [1;30mLevel 1[0m create_file_with_runtime_dependencies(/home/robot/debug_clear_ws/install/yolo_bringup/share/colcon-core/packages/yolo_bringup)
[3.875s] [34mcolcon.colcon_core.event_handler.log_command[0m [1;30mDEBUG[0m [32mInvoked command in '/home/robot/debug_clear_ws/build/clearpath_generator_gz' returned '0': AMENT_PREFIX_PATH=/home/robot/debug_clear_ws/install/clearpath_config:/home/robot/debug_clear_ws/install/yolov8_bringup:/home/robot/debug_clear_ws/install/yolov8_ros:/home/robot/debug_clear_ws/install/yolov8_msgs:/home/robot/debug_clear_ws/install/yolo_bringup:/home/robot/debug_clear_ws/install/yolo_ros:/home/robot/debug_clear_ws/install/yolo_msgs:/home/robot/debug_clear_ws/install/clearpath_simulator:/home/robot/debug_clear_ws/install/clearpath_gz:/home/robot/debug_clear_ws/install/clearpath_generator_gz:/home/robot/debug_clear_ws/install/clearpath_common:/home/robot/debug_clear_ws/install/clearpath_generator_common:/home/robot/debug_clear_ws/install/clearpath_description:/home/robot/debug_clear_ws/install/clearpath_sensors_description:/home/robot/debug_clear_ws/install/clearpath_platform:/home/robot/debug_clear_ws/install/clearpath_msgs:/home/robot/debug_clear_ws/install/clearpath_platform_msgs:/home/robot/debug_clear_ws/install/clearpath_platform_description:/home/robot/debug_clear_ws/install/clearpath_mounts_description:/home/robot/debug_clear_ws/install/clearpath_manipulators:/home/robot/debug_clear_ws/install/clearpath_manipulators_description:/home/robot/debug_clear_ws/install/clearpath_customization:/home/robot/debug_clear_ws/install/clearpath_control:/opt/ros/humble CMAKE_PREFIX_PATH=/home/robot/debug_clear_ws/install/clearpath_generator_common:/home/robot/debug_clear_ws/install/clearpath_platform:/home/robot/debug_clear_ws/install/clearpath_manipulators:/home/robot/debug_clear_ws/install/clearpath_description:/home/robot/debug_clear_ws/install/clearpath_sensors_description:/home/robot/debug_clear_ws/install/clearpath_platform_msgs:/home/robot/debug_clear_ws/install/clearpath_platform_description:/home/robot/debug_clear_ws/install/clearpath_mounts_description:/home/robot/debug_clear_ws/install/clearpath_manipulators_description:/home/robot/debug_clear_ws/install/clearpath_control:/home/robot/debug_clear_ws/install/yolov8_bringup:/home/robot/debug_clear_ws/install/yolov8_msgs:/home/robot/debug_clear_ws/install/yolo_bringup:/home/robot/debug_clear_ws/install/yolo_msgs:/home/robot/debug_clear_ws/install/clearpath_simulator:/home/robot/debug_clear_ws/install/clearpath_gz:/home/robot/debug_clear_ws/install/clearpath_generator_gz:/home/robot/debug_clear_ws/install/clearpath_common:/home/robot/debug_clear_ws/install/clearpath_msgs:/home/robot/debug_clear_ws/install/clearpath_customization:/home/robot/debug_clear_ws/install/yolov8_ros:/home/robot/debug_clear_ws/install/yolo_ros:/home/robot/debug_clear_ws/install/clearpath_config:/opt/ros/humble LD_LIBRARY_PATH=/home/robot/debug_clear_ws/install/clearpath_platform/lib:/home/robot/debug_clear_ws/install/clearpath_platform_msgs/lib:/home/robot/debug_clear_ws/install/yolov8_msgs/lib:/home/robot/debug_clear_ws/install/yolo_msgs/lib:/opt/ros/humble/opt/rviz_ogre_vendor/lib:/opt/ros/humble/lib/x86_64-linux-gnu:/opt/ros/humble/lib PYTHONPATH=/home/robot/debug_clear_ws/install/clearpath_config/lib/python3.10/site-packages:/home/robot/debug_clear_ws/install/yolov8_ros/lib/python3.10/site-packages:/home/robot/debug_clear_ws/install/yolov8_msgs/local/lib/python3.10/dist-packages:/home/robot/debug_clear_ws/install/yolo_ros/lib/python3.10/site-packages:/home/robot/debug_clear_ws/install/yolo_msgs/local/lib/python3.10/dist-packages:/home/robot/debug_clear_ws/install/clearpath_generator_gz/local/lib/python3.10/dist-packages:/home/robot/debug_clear_ws/install/clearpath_generator_common/local/lib/python3.10/dist-packages:/home/robot/debug_clear_ws/install/clearpath_platform_msgs/local/lib/python3.10/dist-packages:/opt/ros/humble/lib/python3.10/site-packages:/opt/ros/humble/local/lib/python3.10/dist-packages /usr/bin/cmake --build /home/robot/debug_clear_ws/build/clearpath_generator_gz -- -j12 -l12[0m
[3.877s] [34mcolcon.colcon_core.event_handler.log_command[0m [1;30mDEBUG[0m [32mInvoking command in '/home/robot/debug_clear_ws/build/clearpath_generator_gz': AMENT_PREFIX_PATH=/home/robot/debug_clear_ws/install/clearpath_config:/home/robot/debug_clear_ws/install/yolov8_bringup:/home/robot/debug_clear_ws/install/yolov8_ros:/home/robot/debug_clear_ws/install/yolov8_msgs:/home/robot/debug_clear_ws/install/yolo_bringup:/home/robot/debug_clear_ws/install/yolo_ros:/home/robot/debug_clear_ws/install/yolo_msgs:/home/robot/debug_clear_ws/install/clearpath_simulator:/home/robot/debug_clear_ws/install/clearpath_gz:/home/robot/debug_clear_ws/install/clearpath_generator_gz:/home/robot/debug_clear_ws/install/clearpath_common:/home/robot/debug_clear_ws/install/clearpath_generator_common:/home/robot/debug_clear_ws/install/clearpath_description:/home/robot/debug_clear_ws/install/clearpath_sensors_description:/home/robot/debug_clear_ws/install/clearpath_platform:/home/robot/debug_clear_ws/install/clearpath_msgs:/home/robot/debug_clear_ws/install/clearpath_platform_msgs:/home/robot/debug_clear_ws/install/clearpath_platform_description:/home/robot/debug_clear_ws/install/clearpath_mounts_description:/home/robot/debug_clear_ws/install/clearpath_manipulators:/home/robot/debug_clear_ws/install/clearpath_manipulators_description:/home/robot/debug_clear_ws/install/clearpath_customization:/home/robot/debug_clear_ws/install/clearpath_control:/opt/ros/humble CMAKE_PREFIX_PATH=/home/robot/debug_clear_ws/install/clearpath_generator_common:/home/robot/debug_clear_ws/install/clearpath_platform:/home/robot/debug_clear_ws/install/clearpath_manipulators:/home/robot/debug_clear_ws/install/clearpath_description:/home/robot/debug_clear_ws/install/clearpath_sensors_description:/home/robot/debug_clear_ws/install/clearpath_platform_msgs:/home/robot/debug_clear_ws/install/clearpath_platform_description:/home/robot/debug_clear_ws/install/clearpath_mounts_description:/home/robot/debug_clear_ws/install/clearpath_manipulators_description:/home/robot/debug_clear_ws/install/clearpath_control:/home/robot/debug_clear_ws/install/yolov8_bringup:/home/robot/debug_clear_ws/install/yolov8_msgs:/home/robot/debug_clear_ws/install/yolo_bringup:/home/robot/debug_clear_ws/install/yolo_msgs:/home/robot/debug_clear_ws/install/clearpath_simulator:/home/robot/debug_clear_ws/install/clearpath_gz:/home/robot/debug_clear_ws/install/clearpath_generator_gz:/home/robot/debug_clear_ws/install/clearpath_common:/home/robot/debug_clear_ws/install/clearpath_msgs:/home/robot/debug_clear_ws/install/clearpath_customization:/home/robot/debug_clear_ws/install/yolov8_ros:/home/robot/debug_clear_ws/install/yolo_ros:/home/robot/debug_clear_ws/install/clearpath_config:/opt/ros/humble LD_LIBRARY_PATH=/home/robot/debug_clear_ws/install/clearpath_platform/lib:/home/robot/debug_clear_ws/install/clearpath_platform_msgs/lib:/home/robot/debug_clear_ws/install/yolov8_msgs/lib:/home/robot/debug_clear_ws/install/yolo_msgs/lib:/opt/ros/humble/opt/rviz_ogre_vendor/lib:/opt/ros/humble/lib/x86_64-linux-gnu:/opt/ros/humble/lib PYTHONPATH=/home/robot/debug_clear_ws/install/clearpath_config/lib/python3.10/site-packages:/home/robot/debug_clear_ws/install/yolov8_ros/lib/python3.10/site-packages:/home/robot/debug_clear_ws/install/yolov8_msgs/local/lib/python3.10/dist-packages:/home/robot/debug_clear_ws/install/yolo_ros/lib/python3.10/site-packages:/home/robot/debug_clear_ws/install/yolo_msgs/local/lib/python3.10/dist-packages:/home/robot/debug_clear_ws/install/clearpath_generator_gz/local/lib/python3.10/dist-packages:/home/robot/debug_clear_ws/install/clearpath_generator_common/local/lib/python3.10/dist-packages:/home/robot/debug_clear_ws/install/clearpath_platform_msgs/local/lib/python3.10/dist-packages:/opt/ros/humble/lib/python3.10/site-packages:/opt/ros/humble/local/lib/python3.10/dist-packages /usr/bin/cmake --install /home/robot/debug_clear_ws/build/clearpath_generator_gz[0m
[3.941s] [34mcolcon.colcon_core.environment[0m [1;30mLevel 1[0m create_environment_scripts_only(clearpath_generator_gz)
[3.941s] [34mcolcon.colcon_core.environment[0m [1;30mLevel 1[0m checking '/home/robot/debug_clear_ws/install/clearpath_generator_gz' for CMake module files
[3.942s] [34mcolcon.colcon_core.event_handler.log_command[0m [1;30mDEBUG[0m [32mInvoked command in '/home/robot/debug_clear_ws/build/clearpath_generator_gz' returned '0': AMENT_PREFIX_PATH=/home/robot/debug_clear_ws/install/clearpath_config:/home/robot/debug_clear_ws/install/yolov8_bringup:/home/robot/debug_clear_ws/install/yolov8_ros:/home/robot/debug_clear_ws/install/yolov8_msgs:/home/robot/debug_clear_ws/install/yolo_bringup:/home/robot/debug_clear_ws/install/yolo_ros:/home/robot/debug_clear_ws/install/yolo_msgs:/home/robot/debug_clear_ws/install/clearpath_simulator:/home/robot/debug_clear_ws/install/clearpath_gz:/home/robot/debug_clear_ws/install/clearpath_generator_gz:/home/robot/debug_clear_ws/install/clearpath_common:/home/robot/debug_clear_ws/install/clearpath_generator_common:/home/robot/debug_clear_ws/install/clearpath_description:/home/robot/debug_clear_ws/install/clearpath_sensors_description:/home/robot/debug_clear_ws/install/clearpath_platform:/home/robot/debug_clear_ws/install/clearpath_msgs:/home/robot/debug_clear_ws/install/clearpath_platform_msgs:/home/robot/debug_clear_ws/install/clearpath_platform_description:/home/robot/debug_clear_ws/install/clearpath_mounts_description:/home/robot/debug_clear_ws/install/clearpath_manipulators:/home/robot/debug_clear_ws/install/clearpath_manipulators_description:/home/robot/debug_clear_ws/install/clearpath_customization:/home/robot/debug_clear_ws/install/clearpath_control:/opt/ros/humble CMAKE_PREFIX_PATH=/home/robot/debug_clear_ws/install/clearpath_generator_common:/home/robot/debug_clear_ws/install/clearpath_platform:/home/robot/debug_clear_ws/install/clearpath_manipulators:/home/robot/debug_clear_ws/install/clearpath_description:/home/robot/debug_clear_ws/install/clearpath_sensors_description:/home/robot/debug_clear_ws/install/clearpath_platform_msgs:/home/robot/debug_clear_ws/install/clearpath_platform_description:/home/robot/debug_clear_ws/install/clearpath_mounts_description:/home/robot/debug_clear_ws/install/clearpath_manipulators_description:/home/robot/debug_clear_ws/install/clearpath_control:/home/robot/debug_clear_ws/install/yolov8_bringup:/home/robot/debug_clear_ws/install/yolov8_msgs:/home/robot/debug_clear_ws/install/yolo_bringup:/home/robot/debug_clear_ws/install/yolo_msgs:/home/robot/debug_clear_ws/install/clearpath_simulator:/home/robot/debug_clear_ws/install/clearpath_gz:/home/robot/debug_clear_ws/install/clearpath_generator_gz:/home/robot/debug_clear_ws/install/clearpath_common:/home/robot/debug_clear_ws/install/clearpath_msgs:/home/robot/debug_clear_ws/install/clearpath_customization:/home/robot/debug_clear_ws/install/yolov8_ros:/home/robot/debug_clear_ws/install/yolo_ros:/home/robot/debug_clear_ws/install/clearpath_config:/opt/ros/humble LD_LIBRARY_PATH=/home/robot/debug_clear_ws/install/clearpath_platform/lib:/home/robot/debug_clear_ws/install/clearpath_platform_msgs/lib:/home/robot/debug_clear_ws/install/yolov8_msgs/lib:/home/robot/debug_clear_ws/install/yolo_msgs/lib:/opt/ros/humble/opt/rviz_ogre_vendor/lib:/opt/ros/humble/lib/x86_64-linux-gnu:/opt/ros/humble/lib PYTHONPATH=/home/robot/debug_clear_ws/install/clearpath_config/lib/python3.10/site-packages:/home/robot/debug_clear_ws/install/yolov8_ros/lib/python3.10/site-packages:/home/robot/debug_clear_ws/install/yolov8_msgs/local/lib/python3.10/dist-packages:/home/robot/debug_clear_ws/install/yolo_ros/lib/python3.10/site-packages:/home/robot/debug_clear_ws/install/yolo_msgs/local/lib/python3.10/dist-packages:/home/robot/debug_clear_ws/install/clearpath_generator_gz/local/lib/python3.10/dist-packages:/home/robot/debug_clear_ws/install/clearpath_generator_common/local/lib/python3.10/dist-packages:/home/robot/debug_clear_ws/install/clearpath_platform_msgs/local/lib/python3.10/dist-packages:/opt/ros/humble/lib/python3.10/site-packages:/opt/ros/humble/local/lib/python3.10/dist-packages /usr/bin/cmake --install /home/robot/debug_clear_ws/build/clearpath_generator_gz[0m
[3.942s] [34mcolcon.colcon_core.environment[0m [1;30mLevel 1[0m checking '/home/robot/debug_clear_ws/install/clearpath_generator_gz' for CMake config files
[3.943s] [34mcolcon.colcon_core.shell[0m [1;30mLevel 1[0m create_environment_hook('clearpath_generator_gz', 'cmake_prefix_path')
[3.943s] [34mcolcon.colcon_core.shell[0m [1;30mINFO[0m Creating environment hook '/home/robot/debug_clear_ws/install/clearpath_generator_gz/share/clearpath_generator_gz/hook/cmake_prefix_path.ps1'
[3.943s] [34mcolcon.colcon_core.shell[0m [1;30mINFO[0m Creating environment descriptor '/home/robot/debug_clear_ws/install/clearpath_generator_gz/share/clearpath_generator_gz/hook/cmake_prefix_path.dsv'
[3.944s] [34mcolcon.colcon_core.shell[0m [1;30mINFO[0m Creating environment hook '/home/robot/debug_clear_ws/install/clearpath_generator_gz/share/clearpath_generator_gz/hook/cmake_prefix_path.sh'
[3.944s] [34mcolcon.colcon_core.environment[0m [1;30mLevel 1[0m checking '/home/robot/debug_clear_ws/install/clearpath_generator_gz/lib'
[3.944s] [34mcolcon.colcon_core.environment[0m [1;30mLevel 1[0m checking '/home/robot/debug_clear_ws/install/clearpath_generator_gz/bin'
[3.944s] [34mcolcon.colcon_core.environment[0m [1;30mLevel 1[0m checking '/home/robot/debug_clear_ws/install/clearpath_generator_gz/lib/pkgconfig/clearpath_generator_gz.pc'
[3.944s] [34mcolcon.colcon_core.environment[0m [1;30mLevel 1[0m checking '/home/robot/debug_clear_ws/install/clearpath_generator_gz/lib/python3.10/site-packages'
[3.945s] [34mcolcon.colcon_core.environment[0m [1;30mLevel 1[0m checking '/home/robot/debug_clear_ws/install/clearpath_generator_gz/bin'
[3.945s] [34mcolcon.colcon_core.shell[0m [1;30mINFO[0m Creating package script '/home/robot/debug_clear_ws/install/clearpath_generator_gz/share/clearpath_generator_gz/package.ps1'
[3.945s] [34mcolcon.colcon_core.shell[0m [1;30mINFO[0m Creating package descriptor '/home/robot/debug_clear_ws/install/clearpath_generator_gz/share/clearpath_generator_gz/package.dsv'
[3.946s] [34mcolcon.colcon_core.shell[0m [1;30mINFO[0m Creating package script '/home/robot/debug_clear_ws/install/clearpath_generator_gz/share/clearpath_generator_gz/package.sh'
[3.946s] [34mcolcon.colcon_core.shell[0m [1;30mINFO[0m Creating package script '/home/robot/debug_clear_ws/install/clearpath_generator_gz/share/clearpath_generator_gz/package.bash'
[3.946s] [34mcolcon.colcon_core.shell[0m [1;30mINFO[0m Creating package script '/home/robot/debug_clear_ws/install/clearpath_generator_gz/share/clearpath_generator_gz/package.zsh'
[3.947s] [34mcolcon.colcon_core.environment[0m [1;30mLevel 1[0m create_file_with_runtime_dependencies(/home/robot/debug_clear_ws/install/clearpath_generator_gz/share/colcon-core/packages/clearpath_generator_gz)
[3.947s] [34mcolcon.colcon_core.environment[0m [1;30mLevel 1[0m create_environment_scripts_only(clearpath_generator_gz)
[3.947s] [34mcolcon.colcon_core.environment[0m [1;30mLevel 1[0m checking '/home/robot/debug_clear_ws/install/clearpath_generator_gz' for CMake module files
[3.948s] [34mcolcon.colcon_core.environment[0m [1;30mLevel 1[0m checking '/home/robot/debug_clear_ws/install/clearpath_generator_gz' for CMake config files
[3.948s] [34mcolcon.colcon_core.shell[0m [1;30mLevel 1[0m create_environment_hook('clearpath_generator_gz', 'cmake_prefix_path')
[3.948s] [34mcolcon.colcon_core.shell[0m [1;30mINFO[0m Creating environment hook '/home/robot/debug_clear_ws/install/clearpath_generator_gz/share/clearpath_generator_gz/hook/cmake_prefix_path.ps1'
[3.948s] [34mcolcon.colcon_core.shell[0m [1;30mINFO[0m Creating environment descriptor '/home/robot/debug_clear_ws/install/clearpath_generator_gz/share/clearpath_generator_gz/hook/cmake_prefix_path.dsv'
[3.949s] [34mcolcon.colcon_core.shell[0m [1;30mINFO[0m Creating environment hook '/home/robot/debug_clear_ws/install/clearpath_generator_gz/share/clearpath_generator_gz/hook/cmake_prefix_path.sh'
[3.949s] [34mcolcon.colcon_core.environment[0m [1;30mLevel 1[0m checking '/home/robot/debug_clear_ws/install/clearpath_generator_gz/lib'
[3.949s] [34mcolcon.colcon_core.environment[0m [1;30mLevel 1[0m checking '/home/robot/debug_clear_ws/install/clearpath_generator_gz/bin'
[3.949s] [34mcolcon.colcon_core.environment[0m [1;30mLevel 1[0m checking '/home/robot/debug_clear_ws/install/clearpath_generator_gz/lib/pkgconfig/clearpath_generator_gz.pc'
[3.949s] [34mcolcon.colcon_core.environment[0m [1;30mLevel 1[0m checking '/home/robot/debug_clear_ws/install/clearpath_generator_gz/lib/python3.10/site-packages'
[3.950s] [34mcolcon.colcon_core.environment[0m [1;30mLevel 1[0m checking '/home/robot/debug_clear_ws/install/clearpath_generator_gz/bin'
[3.950s] [34mcolcon.colcon_core.shell[0m [1;30mINFO[0m Creating package script '/home/robot/debug_clear_ws/install/clearpath_generator_gz/share/clearpath_generator_gz/package.ps1'
[3.950s] [34mcolcon.colcon_core.shell[0m [1;30mINFO[0m Creating package descriptor '/home/robot/debug_clear_ws/install/clearpath_generator_gz/share/clearpath_generator_gz/package.dsv'
[3.951s] [34mcolcon.colcon_core.shell[0m [1;30mINFO[0m Creating package script '/home/robot/debug_clear_ws/install/clearpath_generator_gz/share/clearpath_generator_gz/package.sh'
[3.951s] [34mcolcon.colcon_core.shell[0m [1;30mINFO[0m Creating package script '/home/robot/debug_clear_ws/install/clearpath_generator_gz/share/clearpath_generator_gz/package.bash'
[3.951s] [34mcolcon.colcon_core.shell[0m [1;30mINFO[0m Creating package script '/home/robot/debug_clear_ws/install/clearpath_generator_gz/share/clearpath_generator_gz/package.zsh'
[3.952s] [34mcolcon.colcon_core.environment[0m [1;30mLevel 1[0m create_file_with_runtime_dependencies(/home/robot/debug_clear_ws/install/clearpath_generator_gz/share/colcon-core/packages/clearpath_generator_gz)
[3.952s] [34mcolcon.colcon_ros.task.ament_cmake.build[0m [1;30mINFO[0m Building ROS package in '/home/robot/debug_clear_ws/src/clearpath_simulator/clearpath_gz' with build type 'ament_cmake'
[3.952s] [34mcolcon.colcon_cmake.task.cmake.build[0m [1;30mINFO[0m Building CMake package in '/home/robot/debug_clear_ws/src/clearpath_simulator/clearpath_gz'
[3.952s] [34mcolcon.colcon_core.shell[0m [1;30mINFO[0m Skip shell extension 'powershell' for command environment: Not usable outside of PowerShell
[3.953s] [34mcolcon.colcon_core.shell[0m [1;30mDEBUG[0m [32mSkip shell extension 'dsv' for command environment[0m
[3.976s] [34mcolcon.colcon_core.event_handler.log_command[0m [1;30mDEBUG[0m [32mInvoking command in '/home/robot/debug_clear_ws/build/clearpath_gz': AMENT_PREFIX_PATH=/home/robot/debug_clear_ws/install/clearpath_config:/home/robot/debug_clear_ws/install/yolov8_bringup:/home/robot/debug_clear_ws/install/yolov8_ros:/home/robot/debug_clear_ws/install/yolov8_msgs:/home/robot/debug_clear_ws/install/yolo_bringup:/home/robot/debug_clear_ws/install/yolo_ros:/home/robot/debug_clear_ws/install/yolo_msgs:/home/robot/debug_clear_ws/install/clearpath_simulator:/home/robot/debug_clear_ws/install/clearpath_gz:/home/robot/debug_clear_ws/install/clearpath_generator_gz:/home/robot/debug_clear_ws/install/clearpath_common:/home/robot/debug_clear_ws/install/clearpath_generator_common:/home/robot/debug_clear_ws/install/clearpath_description:/home/robot/debug_clear_ws/install/clearpath_sensors_description:/home/robot/debug_clear_ws/install/clearpath_platform:/home/robot/debug_clear_ws/install/clearpath_msgs:/home/robot/debug_clear_ws/install/clearpath_platform_msgs:/home/robot/debug_clear_ws/install/clearpath_platform_description:/home/robot/debug_clear_ws/install/clearpath_mounts_description:/home/robot/debug_clear_ws/install/clearpath_manipulators:/home/robot/debug_clear_ws/install/clearpath_manipulators_description:/home/robot/debug_clear_ws/install/clearpath_customization:/home/robot/debug_clear_ws/install/clearpath_control:/opt/ros/humble CMAKE_PREFIX_PATH=/home/robot/debug_clear_ws/install/clearpath_generator_gz:/home/robot/debug_clear_ws/install/clearpath_common:/home/robot/debug_clear_ws/install/clearpath_generator_common:/home/robot/debug_clear_ws/install/clearpath_platform:/home/robot/debug_clear_ws/install/clearpath_manipulators:/home/robot/debug_clear_ws/install/clearpath_description:/home/robot/debug_clear_ws/install/clearpath_sensors_description:/home/robot/debug_clear_ws/install/clearpath_platform_msgs:/home/robot/debug_clear_ws/install/clearpath_platform_description:/home/robot/debug_clear_ws/install/clearpath_mounts_description:/home/robot/debug_clear_ws/install/clearpath_manipulators_description:/home/robot/debug_clear_ws/install/clearpath_control:/home/robot/debug_clear_ws/install/yolov8_bringup:/home/robot/debug_clear_ws/install/yolov8_msgs:/home/robot/debug_clear_ws/install/yolo_bringup:/home/robot/debug_clear_ws/install/yolo_msgs:/home/robot/debug_clear_ws/install/clearpath_simulator:/home/robot/debug_clear_ws/install/clearpath_gz:/home/robot/debug_clear_ws/install/clearpath_msgs:/home/robot/debug_clear_ws/install/clearpath_customization:/home/robot/debug_clear_ws/install/yolov8_ros:/home/robot/debug_clear_ws/install/yolo_ros:/home/robot/debug_clear_ws/install/clearpath_config:/opt/ros/humble LD_LIBRARY_PATH=/home/robot/debug_clear_ws/install/clearpath_platform/lib:/home/robot/debug_clear_ws/install/clearpath_platform_msgs/lib:/home/robot/debug_clear_ws/install/yolov8_msgs/lib:/home/robot/debug_clear_ws/install/yolo_msgs/lib:/opt/ros/humble/opt/rviz_ogre_vendor/lib:/opt/ros/humble/lib/x86_64-linux-gnu:/opt/ros/humble/lib PYTHONPATH=/home/robot/debug_clear_ws/install/clearpath_config/lib/python3.10/site-packages:/home/robot/debug_clear_ws/install/yolov8_ros/lib/python3.10/site-packages:/home/robot/debug_clear_ws/install/yolov8_msgs/local/lib/python3.10/dist-packages:/home/robot/debug_clear_ws/install/yolo_ros/lib/python3.10/site-packages:/home/robot/debug_clear_ws/install/yolo_msgs/local/lib/python3.10/dist-packages:/home/robot/debug_clear_ws/install/clearpath_generator_gz/local/lib/python3.10/dist-packages:/home/robot/debug_clear_ws/install/clearpath_generator_common/local/lib/python3.10/dist-packages:/home/robot/debug_clear_ws/install/clearpath_platform_msgs/local/lib/python3.10/dist-packages:/opt/ros/humble/lib/python3.10/site-packages:/opt/ros/humble/local/lib/python3.10/dist-packages /usr/bin/cmake --build /home/robot/debug_clear_ws/build/clearpath_gz -- -j12 -l12[0m
[4.010s] [34mcolcon.colcon_core.event_handler.log_command[0m [1;30mDEBUG[0m [32mInvoked command in '/home/robot/debug_clear_ws/build/clearpath_gz' returned '0': AMENT_PREFIX_PATH=/home/robot/debug_clear_ws/install/clearpath_config:/home/robot/debug_clear_ws/install/yolov8_bringup:/home/robot/debug_clear_ws/install/yolov8_ros:/home/robot/debug_clear_ws/install/yolov8_msgs:/home/robot/debug_clear_ws/install/yolo_bringup:/home/robot/debug_clear_ws/install/yolo_ros:/home/robot/debug_clear_ws/install/yolo_msgs:/home/robot/debug_clear_ws/install/clearpath_simulator:/home/robot/debug_clear_ws/install/clearpath_gz:/home/robot/debug_clear_ws/install/clearpath_generator_gz:/home/robot/debug_clear_ws/install/clearpath_common:/home/robot/debug_clear_ws/install/clearpath_generator_common:/home/robot/debug_clear_ws/install/clearpath_description:/home/robot/debug_clear_ws/install/clearpath_sensors_description:/home/robot/debug_clear_ws/install/clearpath_platform:/home/robot/debug_clear_ws/install/clearpath_msgs:/home/robot/debug_clear_ws/install/clearpath_platform_msgs:/home/robot/debug_clear_ws/install/clearpath_platform_description:/home/robot/debug_clear_ws/install/clearpath_mounts_description:/home/robot/debug_clear_ws/install/clearpath_manipulators:/home/robot/debug_clear_ws/install/clearpath_manipulators_description:/home/robot/debug_clear_ws/install/clearpath_customization:/home/robot/debug_clear_ws/install/clearpath_control:/opt/ros/humble CMAKE_PREFIX_PATH=/home/robot/debug_clear_ws/install/clearpath_generator_gz:/home/robot/debug_clear_ws/install/clearpath_common:/home/robot/debug_clear_ws/install/clearpath_generator_common:/home/robot/debug_clear_ws/install/clearpath_platform:/home/robot/debug_clear_ws/install/clearpath_manipulators:/home/robot/debug_clear_ws/install/clearpath_description:/home/robot/debug_clear_ws/install/clearpath_sensors_description:/home/robot/debug_clear_ws/install/clearpath_platform_msgs:/home/robot/debug_clear_ws/install/clearpath_platform_description:/home/robot/debug_clear_ws/install/clearpath_mounts_description:/home/robot/debug_clear_ws/install/clearpath_manipulators_description:/home/robot/debug_clear_ws/install/clearpath_control:/home/robot/debug_clear_ws/install/yolov8_bringup:/home/robot/debug_clear_ws/install/yolov8_msgs:/home/robot/debug_clear_ws/install/yolo_bringup:/home/robot/debug_clear_ws/install/yolo_msgs:/home/robot/debug_clear_ws/install/clearpath_simulator:/home/robot/debug_clear_ws/install/clearpath_gz:/home/robot/debug_clear_ws/install/clearpath_msgs:/home/robot/debug_clear_ws/install/clearpath_customization:/home/robot/debug_clear_ws/install/yolov8_ros:/home/robot/debug_clear_ws/install/yolo_ros:/home/robot/debug_clear_ws/install/clearpath_config:/opt/ros/humble LD_LIBRARY_PATH=/home/robot/debug_clear_ws/install/clearpath_platform/lib:/home/robot/debug_clear_ws/install/clearpath_platform_msgs/lib:/home/robot/debug_clear_ws/install/yolov8_msgs/lib:/home/robot/debug_clear_ws/install/yolo_msgs/lib:/opt/ros/humble/opt/rviz_ogre_vendor/lib:/opt/ros/humble/lib/x86_64-linux-gnu:/opt/ros/humble/lib PYTHONPATH=/home/robot/debug_clear_ws/install/clearpath_config/lib/python3.10/site-packages:/home/robot/debug_clear_ws/install/yolov8_ros/lib/python3.10/site-packages:/home/robot/debug_clear_ws/install/yolov8_msgs/local/lib/python3.10/dist-packages:/home/robot/debug_clear_ws/install/yolo_ros/lib/python3.10/site-packages:/home/robot/debug_clear_ws/install/yolo_msgs/local/lib/python3.10/dist-packages:/home/robot/debug_clear_ws/install/clearpath_generator_gz/local/lib/python3.10/dist-packages:/home/robot/debug_clear_ws/install/clearpath_generator_common/local/lib/python3.10/dist-packages:/home/robot/debug_clear_ws/install/clearpath_platform_msgs/local/lib/python3.10/dist-packages:/opt/ros/humble/lib/python3.10/site-packages:/opt/ros/humble/local/lib/python3.10/dist-packages /usr/bin/cmake --build /home/robot/debug_clear_ws/build/clearpath_gz -- -j12 -l12[0m
[4.012s] [34mcolcon.colcon_core.event_handler.log_command[0m [1;30mDEBUG[0m [32mInvoking command in '/home/robot/debug_clear_ws/build/clearpath_gz': AMENT_PREFIX_PATH=/home/robot/debug_clear_ws/install/clearpath_config:/home/robot/debug_clear_ws/install/yolov8_bringup:/home/robot/debug_clear_ws/install/yolov8_ros:/home/robot/debug_clear_ws/install/yolov8_msgs:/home/robot/debug_clear_ws/install/yolo_bringup:/home/robot/debug_clear_ws/install/yolo_ros:/home/robot/debug_clear_ws/install/yolo_msgs:/home/robot/debug_clear_ws/install/clearpath_simulator:/home/robot/debug_clear_ws/install/clearpath_gz:/home/robot/debug_clear_ws/install/clearpath_generator_gz:/home/robot/debug_clear_ws/install/clearpath_common:/home/robot/debug_clear_ws/install/clearpath_generator_common:/home/robot/debug_clear_ws/install/clearpath_description:/home/robot/debug_clear_ws/install/clearpath_sensors_description:/home/robot/debug_clear_ws/install/clearpath_platform:/home/robot/debug_clear_ws/install/clearpath_msgs:/home/robot/debug_clear_ws/install/clearpath_platform_msgs:/home/robot/debug_clear_ws/install/clearpath_platform_description:/home/robot/debug_clear_ws/install/clearpath_mounts_description:/home/robot/debug_clear_ws/install/clearpath_manipulators:/home/robot/debug_clear_ws/install/clearpath_manipulators_description:/home/robot/debug_clear_ws/install/clearpath_customization:/home/robot/debug_clear_ws/install/clearpath_control:/opt/ros/humble CMAKE_PREFIX_PATH=/home/robot/debug_clear_ws/install/clearpath_generator_gz:/home/robot/debug_clear_ws/install/clearpath_common:/home/robot/debug_clear_ws/install/clearpath_generator_common:/home/robot/debug_clear_ws/install/clearpath_platform:/home/robot/debug_clear_ws/install/clearpath_manipulators:/home/robot/debug_clear_ws/install/clearpath_description:/home/robot/debug_clear_ws/install/clearpath_sensors_description:/home/robot/debug_clear_ws/install/clearpath_platform_msgs:/home/robot/debug_clear_ws/install/clearpath_platform_description:/home/robot/debug_clear_ws/install/clearpath_mounts_description:/home/robot/debug_clear_ws/install/clearpath_manipulators_description:/home/robot/debug_clear_ws/install/clearpath_control:/home/robot/debug_clear_ws/install/yolov8_bringup:/home/robot/debug_clear_ws/install/yolov8_msgs:/home/robot/debug_clear_ws/install/yolo_bringup:/home/robot/debug_clear_ws/install/yolo_msgs:/home/robot/debug_clear_ws/install/clearpath_simulator:/home/robot/debug_clear_ws/install/clearpath_gz:/home/robot/debug_clear_ws/install/clearpath_msgs:/home/robot/debug_clear_ws/install/clearpath_customization:/home/robot/debug_clear_ws/install/yolov8_ros:/home/robot/debug_clear_ws/install/yolo_ros:/home/robot/debug_clear_ws/install/clearpath_config:/opt/ros/humble LD_LIBRARY_PATH=/home/robot/debug_clear_ws/install/clearpath_platform/lib:/home/robot/debug_clear_ws/install/clearpath_platform_msgs/lib:/home/robot/debug_clear_ws/install/yolov8_msgs/lib:/home/robot/debug_clear_ws/install/yolo_msgs/lib:/opt/ros/humble/opt/rviz_ogre_vendor/lib:/opt/ros/humble/lib/x86_64-linux-gnu:/opt/ros/humble/lib PYTHONPATH=/home/robot/debug_clear_ws/install/clearpath_config/lib/python3.10/site-packages:/home/robot/debug_clear_ws/install/yolov8_ros/lib/python3.10/site-packages:/home/robot/debug_clear_ws/install/yolov8_msgs/local/lib/python3.10/dist-packages:/home/robot/debug_clear_ws/install/yolo_ros/lib/python3.10/site-packages:/home/robot/debug_clear_ws/install/yolo_msgs/local/lib/python3.10/dist-packages:/home/robot/debug_clear_ws/install/clearpath_generator_gz/local/lib/python3.10/dist-packages:/home/robot/debug_clear_ws/install/clearpath_generator_common/local/lib/python3.10/dist-packages:/home/robot/debug_clear_ws/install/clearpath_platform_msgs/local/lib/python3.10/dist-packages:/opt/ros/humble/lib/python3.10/site-packages:/opt/ros/humble/local/lib/python3.10/dist-packages /usr/bin/cmake --install /home/robot/debug_clear_ws/build/clearpath_gz[0m
[4.031s] [34mcolcon.colcon_core.environment[0m [1;30mLevel 1[0m create_environment_scripts_only(clearpath_gz)
[4.031s] [34mcolcon.colcon_core.environment[0m [1;30mLevel 1[0m checking '/home/robot/debug_clear_ws/install/clearpath_gz' for CMake module files
[4.032s] [34mcolcon.colcon_core.event_handler.log_command[0m [1;30mDEBUG[0m [32mInvoked command in '/home/robot/debug_clear_ws/build/clearpath_gz' returned '0': AMENT_PREFIX_PATH=/home/robot/debug_clear_ws/install/clearpath_config:/home/robot/debug_clear_ws/install/yolov8_bringup:/home/robot/debug_clear_ws/install/yolov8_ros:/home/robot/debug_clear_ws/install/yolov8_msgs:/home/robot/debug_clear_ws/install/yolo_bringup:/home/robot/debug_clear_ws/install/yolo_ros:/home/robot/debug_clear_ws/install/yolo_msgs:/home/robot/debug_clear_ws/install/clearpath_simulator:/home/robot/debug_clear_ws/install/clearpath_gz:/home/robot/debug_clear_ws/install/clearpath_generator_gz:/home/robot/debug_clear_ws/install/clearpath_common:/home/robot/debug_clear_ws/install/clearpath_generator_common:/home/robot/debug_clear_ws/install/clearpath_description:/home/robot/debug_clear_ws/install/clearpath_sensors_description:/home/robot/debug_clear_ws/install/clearpath_platform:/home/robot/debug_clear_ws/install/clearpath_msgs:/home/robot/debug_clear_ws/install/clearpath_platform_msgs:/home/robot/debug_clear_ws/install/clearpath_platform_description:/home/robot/debug_clear_ws/install/clearpath_mounts_description:/home/robot/debug_clear_ws/install/clearpath_manipulators:/home/robot/debug_clear_ws/install/clearpath_manipulators_description:/home/robot/debug_clear_ws/install/clearpath_customization:/home/robot/debug_clear_ws/install/clearpath_control:/opt/ros/humble CMAKE_PREFIX_PATH=/home/robot/debug_clear_ws/install/clearpath_generator_gz:/home/robot/debug_clear_ws/install/clearpath_common:/home/robot/debug_clear_ws/install/clearpath_generator_common:/home/robot/debug_clear_ws/install/clearpath_platform:/home/robot/debug_clear_ws/install/clearpath_manipulators:/home/robot/debug_clear_ws/install/clearpath_description:/home/robot/debug_clear_ws/install/clearpath_sensors_description:/home/robot/debug_clear_ws/install/clearpath_platform_msgs:/home/robot/debug_clear_ws/install/clearpath_platform_description:/home/robot/debug_clear_ws/install/clearpath_mounts_description:/home/robot/debug_clear_ws/install/clearpath_manipulators_description:/home/robot/debug_clear_ws/install/clearpath_control:/home/robot/debug_clear_ws/install/yolov8_bringup:/home/robot/debug_clear_ws/install/yolov8_msgs:/home/robot/debug_clear_ws/install/yolo_bringup:/home/robot/debug_clear_ws/install/yolo_msgs:/home/robot/debug_clear_ws/install/clearpath_simulator:/home/robot/debug_clear_ws/install/clearpath_gz:/home/robot/debug_clear_ws/install/clearpath_msgs:/home/robot/debug_clear_ws/install/clearpath_customization:/home/robot/debug_clear_ws/install/yolov8_ros:/home/robot/debug_clear_ws/install/yolo_ros:/home/robot/debug_clear_ws/install/clearpath_config:/opt/ros/humble LD_LIBRARY_PATH=/home/robot/debug_clear_ws/install/clearpath_platform/lib:/home/robot/debug_clear_ws/install/clearpath_platform_msgs/lib:/home/robot/debug_clear_ws/install/yolov8_msgs/lib:/home/robot/debug_clear_ws/install/yolo_msgs/lib:/opt/ros/humble/opt/rviz_ogre_vendor/lib:/opt/ros/humble/lib/x86_64-linux-gnu:/opt/ros/humble/lib PYTHONPATH=/home/robot/debug_clear_ws/install/clearpath_config/lib/python3.10/site-packages:/home/robot/debug_clear_ws/install/yolov8_ros/lib/python3.10/site-packages:/home/robot/debug_clear_ws/install/yolov8_msgs/local/lib/python3.10/dist-packages:/home/robot/debug_clear_ws/install/yolo_ros/lib/python3.10/site-packages:/home/robot/debug_clear_ws/install/yolo_msgs/local/lib/python3.10/dist-packages:/home/robot/debug_clear_ws/install/clearpath_generator_gz/local/lib/python3.10/dist-packages:/home/robot/debug_clear_ws/install/clearpath_generator_common/local/lib/python3.10/dist-packages:/home/robot/debug_clear_ws/install/clearpath_platform_msgs/local/lib/python3.10/dist-packages:/opt/ros/humble/lib/python3.10/site-packages:/opt/ros/humble/local/lib/python3.10/dist-packages /usr/bin/cmake --install /home/robot/debug_clear_ws/build/clearpath_gz[0m
[4.032s] [34mcolcon.colcon_core.environment[0m [1;30mLevel 1[0m checking '/home/robot/debug_clear_ws/install/clearpath_gz' for CMake config files
[4.032s] [34mcolcon.colcon_core.shell[0m [1;30mLevel 1[0m create_environment_hook('clearpath_gz', 'cmake_prefix_path')
[4.032s] [34mcolcon.colcon_core.shell[0m [1;30mINFO[0m Creating environment hook '/home/robot/debug_clear_ws/install/clearpath_gz/share/clearpath_gz/hook/cmake_prefix_path.ps1'
[4.033s] [34mcolcon.colcon_core.shell[0m [1;30mINFO[0m Creating environment descriptor '/home/robot/debug_clear_ws/install/clearpath_gz/share/clearpath_gz/hook/cmake_prefix_path.dsv'
[4.033s] [34mcolcon.colcon_core.shell[0m [1;30mINFO[0m Creating environment hook '/home/robot/debug_clear_ws/install/clearpath_gz/share/clearpath_gz/hook/cmake_prefix_path.sh'
[4.034s] [34mcolcon.colcon_core.environment[0m [1;30mLevel 1[0m checking '/home/robot/debug_clear_ws/install/clearpath_gz/bin'
[4.034s] [34mcolcon.colcon_core.environment[0m [1;30mLevel 1[0m checking '/home/robot/debug_clear_ws/install/clearpath_gz/lib/pkgconfig/clearpath_gz.pc'
[4.034s] [34mcolcon.colcon_core.environment[0m [1;30mLevel 1[0m checking '/home/robot/debug_clear_ws/install/clearpath_gz/lib/python3.10/site-packages'
[4.034s] [34mcolcon.colcon_core.environment[0m [1;30mLevel 1[0m checking '/home/robot/debug_clear_ws/install/clearpath_gz/bin'
[4.034s] [34mcolcon.colcon_core.shell[0m [1;30mINFO[0m Creating package script '/home/robot/debug_clear_ws/install/clearpath_gz/share/clearpath_gz/package.ps1'
[4.035s] [34mcolcon.colcon_core.shell[0m [1;30mINFO[0m Creating package descriptor '/home/robot/debug_clear_ws/install/clearpath_gz/share/clearpath_gz/package.dsv'
[4.035s] [34mcolcon.colcon_core.shell[0m [1;30mINFO[0m Creating package script '/home/robot/debug_clear_ws/install/clearpath_gz/share/clearpath_gz/package.sh'
[4.035s] [34mcolcon.colcon_core.shell[0m [1;30mINFO[0m Creating package script '/home/robot/debug_clear_ws/install/clearpath_gz/share/clearpath_gz/package.bash'
[4.036s] [34mcolcon.colcon_core.shell[0m [1;30mINFO[0m Creating package script '/home/robot/debug_clear_ws/install/clearpath_gz/share/clearpath_gz/package.zsh'
[4.036s] [34mcolcon.colcon_core.environment[0m [1;30mLevel 1[0m create_file_with_runtime_dependencies(/home/robot/debug_clear_ws/install/clearpath_gz/share/colcon-core/packages/clearpath_gz)
[4.036s] [34mcolcon.colcon_core.environment[0m [1;30mLevel 1[0m create_environment_scripts_only(clearpath_gz)
[4.037s] [34mcolcon.colcon_core.environment[0m [1;30mLevel 1[0m checking '/home/robot/debug_clear_ws/install/clearpath_gz' for CMake module files
[4.037s] [34mcolcon.colcon_core.environment[0m [1;30mLevel 1[0m checking '/home/robot/debug_clear_ws/install/clearpath_gz' for CMake config files
[4.037s] [34mcolcon.colcon_core.shell[0m [1;30mLevel 1[0m create_environment_hook('clearpath_gz', 'cmake_prefix_path')
[4.037s] [34mcolcon.colcon_core.shell[0m [1;30mINFO[0m Creating environment hook '/home/robot/debug_clear_ws/install/clearpath_gz/share/clearpath_gz/hook/cmake_prefix_path.ps1'
[4.038s] [34mcolcon.colcon_core.shell[0m [1;30mINFO[0m Creating environment descriptor '/home/robot/debug_clear_ws/install/clearpath_gz/share/clearpath_gz/hook/cmake_prefix_path.dsv'
[4.038s] [34mcolcon.colcon_core.shell[0m [1;30mINFO[0m Creating environment hook '/home/robot/debug_clear_ws/install/clearpath_gz/share/clearpath_gz/hook/cmake_prefix_path.sh'
[4.039s] [34mcolcon.colcon_core.environment[0m [1;30mLevel 1[0m checking '/home/robot/debug_clear_ws/install/clearpath_gz/bin'
[4.039s] [34mcolcon.colcon_core.environment[0m [1;30mLevel 1[0m checking '/home/robot/debug_clear_ws/install/clearpath_gz/lib/pkgconfig/clearpath_gz.pc'
[4.039s] [34mcolcon.colcon_core.environment[0m [1;30mLevel 1[0m checking '/home/robot/debug_clear_ws/install/clearpath_gz/lib/python3.10/site-packages'
[4.039s] [34mcolcon.colcon_core.environment[0m [1;30mLevel 1[0m checking '/home/robot/debug_clear_ws/install/clearpath_gz/bin'
[4.039s] [34mcolcon.colcon_core.shell[0m [1;30mINFO[0m Creating package script '/home/robot/debug_clear_ws/install/clearpath_gz/share/clearpath_gz/package.ps1'
[4.040s] [34mcolcon.colcon_core.shell[0m [1;30mINFO[0m Creating package descriptor '/home/robot/debug_clear_ws/install/clearpath_gz/share/clearpath_gz/package.dsv'
[4.040s] [34mcolcon.colcon_core.shell[0m [1;30mINFO[0m Creating package script '/home/robot/debug_clear_ws/install/clearpath_gz/share/clearpath_gz/package.sh'
[4.040s] [34mcolcon.colcon_core.shell[0m [1;30mINFO[0m Creating package script '/home/robot/debug_clear_ws/install/clearpath_gz/share/clearpath_gz/package.bash'
[4.041s] [34mcolcon.colcon_core.shell[0m [1;30mINFO[0m Creating package script '/home/robot/debug_clear_ws/install/clearpath_gz/share/clearpath_gz/package.zsh'
[4.041s] [34mcolcon.colcon_core.environment[0m [1;30mLevel 1[0m create_file_with_runtime_dependencies(/home/robot/debug_clear_ws/install/clearpath_gz/share/colcon-core/packages/clearpath_gz)
[4.041s] [34mcolcon.colcon_ros.task.ament_cmake.build[0m [1;30mINFO[0m Building ROS package in '/home/robot/debug_clear_ws/src/clearpath_simulator/clearpath_simulator' with build type 'ament_cmake'
[4.042s] [34mcolcon.colcon_cmake.task.cmake.build[0m [1;30mINFO[0m Building CMake package in '/home/robot/debug_clear_ws/src/clearpath_simulator/clearpath_simulator'
[4.042s] [34mcolcon.colcon_core.shell[0m [1;30mINFO[0m Skip shell extension 'powershell' for command environment: Not usable outside of PowerShell
[4.042s] [34mcolcon.colcon_core.shell[0m [1;30mDEBUG[0m [32mSkip shell extension 'dsv' for command environment[0m
[4.066s] [34mcolcon.colcon_core.event_handler.log_command[0m [1;30mDEBUG[0m [32mInvoking command in '/home/robot/debug_clear_ws/build/clearpath_simulator': AMENT_PREFIX_PATH=/home/robot/debug_clear_ws/install/clearpath_config:/home/robot/debug_clear_ws/install/yolov8_bringup:/home/robot/debug_clear_ws/install/yolov8_ros:/home/robot/debug_clear_ws/install/yolov8_msgs:/home/robot/debug_clear_ws/install/yolo_bringup:/home/robot/debug_clear_ws/install/yolo_ros:/home/robot/debug_clear_ws/install/yolo_msgs:/home/robot/debug_clear_ws/install/clearpath_simulator:/home/robot/debug_clear_ws/install/clearpath_gz:/home/robot/debug_clear_ws/install/clearpath_generator_gz:/home/robot/debug_clear_ws/install/clearpath_common:/home/robot/debug_clear_ws/install/clearpath_generator_common:/home/robot/debug_clear_ws/install/clearpath_description:/home/robot/debug_clear_ws/install/clearpath_sensors_description:/home/robot/debug_clear_ws/install/clearpath_platform:/home/robot/debug_clear_ws/install/clearpath_msgs:/home/robot/debug_clear_ws/install/clearpath_platform_msgs:/home/robot/debug_clear_ws/install/clearpath_platform_description:/home/robot/debug_clear_ws/install/clearpath_mounts_description:/home/robot/debug_clear_ws/install/clearpath_manipulators:/home/robot/debug_clear_ws/install/clearpath_manipulators_description:/home/robot/debug_clear_ws/install/clearpath_customization:/home/robot/debug_clear_ws/install/clearpath_control:/opt/ros/humble CMAKE_PREFIX_PATH=/home/robot/debug_clear_ws/install/clearpath_gz:/home/robot/debug_clear_ws/install/clearpath_generator_gz:/home/robot/debug_clear_ws/install/clearpath_common:/home/robot/debug_clear_ws/install/clearpath_generator_common:/home/robot/debug_clear_ws/install/clearpath_platform:/home/robot/debug_clear_ws/install/clearpath_manipulators:/home/robot/debug_clear_ws/install/clearpath_description:/home/robot/debug_clear_ws/install/clearpath_sensors_description:/home/robot/debug_clear_ws/install/clearpath_platform_msgs:/home/robot/debug_clear_ws/install/clearpath_platform_description:/home/robot/debug_clear_ws/install/clearpath_mounts_description:/home/robot/debug_clear_ws/install/clearpath_manipulators_description:/home/robot/debug_clear_ws/install/clearpath_control:/home/robot/debug_clear_ws/install/yolov8_bringup:/home/robot/debug_clear_ws/install/yolov8_msgs:/home/robot/debug_clear_ws/install/yolo_bringup:/home/robot/debug_clear_ws/install/yolo_msgs:/home/robot/debug_clear_ws/install/clearpath_simulator:/home/robot/debug_clear_ws/install/clearpath_msgs:/home/robot/debug_clear_ws/install/clearpath_customization:/home/robot/debug_clear_ws/install/yolov8_ros:/home/robot/debug_clear_ws/install/yolo_ros:/home/robot/debug_clear_ws/install/clearpath_config:/opt/ros/humble LD_LIBRARY_PATH=/home/robot/debug_clear_ws/install/clearpath_platform/lib:/home/robot/debug_clear_ws/install/clearpath_platform_msgs/lib:/home/robot/debug_clear_ws/install/yolov8_msgs/lib:/home/robot/debug_clear_ws/install/yolo_msgs/lib:/opt/ros/humble/opt/rviz_ogre_vendor/lib:/opt/ros/humble/lib/x86_64-linux-gnu:/opt/ros/humble/lib PYTHONPATH=/home/robot/debug_clear_ws/install/clearpath_config/lib/python3.10/site-packages:/home/robot/debug_clear_ws/install/yolov8_ros/lib/python3.10/site-packages:/home/robot/debug_clear_ws/install/yolov8_msgs/local/lib/python3.10/dist-packages:/home/robot/debug_clear_ws/install/yolo_ros/lib/python3.10/site-packages:/home/robot/debug_clear_ws/install/yolo_msgs/local/lib/python3.10/dist-packages:/home/robot/debug_clear_ws/install/clearpath_generator_gz/local/lib/python3.10/dist-packages:/home/robot/debug_clear_ws/install/clearpath_generator_common/local/lib/python3.10/dist-packages:/home/robot/debug_clear_ws/install/clearpath_platform_msgs/local/lib/python3.10/dist-packages:/opt/ros/humble/lib/python3.10/site-packages:/opt/ros/humble/local/lib/python3.10/dist-packages /usr/bin/cmake --build /home/robot/debug_clear_ws/build/clearpath_simulator -- -j12 -l12[0m
[4.101s] [34mcolcon.colcon_core.event_handler.log_command[0m [1;30mDEBUG[0m [32mInvoked command in '/home/robot/debug_clear_ws/build/clearpath_simulator' returned '0': AMENT_PREFIX_PATH=/home/robot/debug_clear_ws/install/clearpath_config:/home/robot/debug_clear_ws/install/yolov8_bringup:/home/robot/debug_clear_ws/install/yolov8_ros:/home/robot/debug_clear_ws/install/yolov8_msgs:/home/robot/debug_clear_ws/install/yolo_bringup:/home/robot/debug_clear_ws/install/yolo_ros:/home/robot/debug_clear_ws/install/yolo_msgs:/home/robot/debug_clear_ws/install/clearpath_simulator:/home/robot/debug_clear_ws/install/clearpath_gz:/home/robot/debug_clear_ws/install/clearpath_generator_gz:/home/robot/debug_clear_ws/install/clearpath_common:/home/robot/debug_clear_ws/install/clearpath_generator_common:/home/robot/debug_clear_ws/install/clearpath_description:/home/robot/debug_clear_ws/install/clearpath_sensors_description:/home/robot/debug_clear_ws/install/clearpath_platform:/home/robot/debug_clear_ws/install/clearpath_msgs:/home/robot/debug_clear_ws/install/clearpath_platform_msgs:/home/robot/debug_clear_ws/install/clearpath_platform_description:/home/robot/debug_clear_ws/install/clearpath_mounts_description:/home/robot/debug_clear_ws/install/clearpath_manipulators:/home/robot/debug_clear_ws/install/clearpath_manipulators_description:/home/robot/debug_clear_ws/install/clearpath_customization:/home/robot/debug_clear_ws/install/clearpath_control:/opt/ros/humble CMAKE_PREFIX_PATH=/home/robot/debug_clear_ws/install/clearpath_gz:/home/robot/debug_clear_ws/install/clearpath_generator_gz:/home/robot/debug_clear_ws/install/clearpath_common:/home/robot/debug_clear_ws/install/clearpath_generator_common:/home/robot/debug_clear_ws/install/clearpath_platform:/home/robot/debug_clear_ws/install/clearpath_manipulators:/home/robot/debug_clear_ws/install/clearpath_description:/home/robot/debug_clear_ws/install/clearpath_sensors_description:/home/robot/debug_clear_ws/install/clearpath_platform_msgs:/home/robot/debug_clear_ws/install/clearpath_platform_description:/home/robot/debug_clear_ws/install/clearpath_mounts_description:/home/robot/debug_clear_ws/install/clearpath_manipulators_description:/home/robot/debug_clear_ws/install/clearpath_control:/home/robot/debug_clear_ws/install/yolov8_bringup:/home/robot/debug_clear_ws/install/yolov8_msgs:/home/robot/debug_clear_ws/install/yolo_bringup:/home/robot/debug_clear_ws/install/yolo_msgs:/home/robot/debug_clear_ws/install/clearpath_simulator:/home/robot/debug_clear_ws/install/clearpath_msgs:/home/robot/debug_clear_ws/install/clearpath_customization:/home/robot/debug_clear_ws/install/yolov8_ros:/home/robot/debug_clear_ws/install/yolo_ros:/home/robot/debug_clear_ws/install/clearpath_config:/opt/ros/humble LD_LIBRARY_PATH=/home/robot/debug_clear_ws/install/clearpath_platform/lib:/home/robot/debug_clear_ws/install/clearpath_platform_msgs/lib:/home/robot/debug_clear_ws/install/yolov8_msgs/lib:/home/robot/debug_clear_ws/install/yolo_msgs/lib:/opt/ros/humble/opt/rviz_ogre_vendor/lib:/opt/ros/humble/lib/x86_64-linux-gnu:/opt/ros/humble/lib PYTHONPATH=/home/robot/debug_clear_ws/install/clearpath_config/lib/python3.10/site-packages:/home/robot/debug_clear_ws/install/yolov8_ros/lib/python3.10/site-packages:/home/robot/debug_clear_ws/install/yolov8_msgs/local/lib/python3.10/dist-packages:/home/robot/debug_clear_ws/install/yolo_ros/lib/python3.10/site-packages:/home/robot/debug_clear_ws/install/yolo_msgs/local/lib/python3.10/dist-packages:/home/robot/debug_clear_ws/install/clearpath_generator_gz/local/lib/python3.10/dist-packages:/home/robot/debug_clear_ws/install/clearpath_generator_common/local/lib/python3.10/dist-packages:/home/robot/debug_clear_ws/install/clearpath_platform_msgs/local/lib/python3.10/dist-packages:/opt/ros/humble/lib/python3.10/site-packages:/opt/ros/humble/local/lib/python3.10/dist-packages /usr/bin/cmake --build /home/robot/debug_clear_ws/build/clearpath_simulator -- -j12 -l12[0m
[4.102s] [34mcolcon.colcon_core.event_handler.log_command[0m [1;30mDEBUG[0m [32mInvoking command in '/home/robot/debug_clear_ws/build/clearpath_simulator': AMENT_PREFIX_PATH=/home/robot/debug_clear_ws/install/clearpath_config:/home/robot/debug_clear_ws/install/yolov8_bringup:/home/robot/debug_clear_ws/install/yolov8_ros:/home/robot/debug_clear_ws/install/yolov8_msgs:/home/robot/debug_clear_ws/install/yolo_bringup:/home/robot/debug_clear_ws/install/yolo_ros:/home/robot/debug_clear_ws/install/yolo_msgs:/home/robot/debug_clear_ws/install/clearpath_simulator:/home/robot/debug_clear_ws/install/clearpath_gz:/home/robot/debug_clear_ws/install/clearpath_generator_gz:/home/robot/debug_clear_ws/install/clearpath_common:/home/robot/debug_clear_ws/install/clearpath_generator_common:/home/robot/debug_clear_ws/install/clearpath_description:/home/robot/debug_clear_ws/install/clearpath_sensors_description:/home/robot/debug_clear_ws/install/clearpath_platform:/home/robot/debug_clear_ws/install/clearpath_msgs:/home/robot/debug_clear_ws/install/clearpath_platform_msgs:/home/robot/debug_clear_ws/install/clearpath_platform_description:/home/robot/debug_clear_ws/install/clearpath_mounts_description:/home/robot/debug_clear_ws/install/clearpath_manipulators:/home/robot/debug_clear_ws/install/clearpath_manipulators_description:/home/robot/debug_clear_ws/install/clearpath_customization:/home/robot/debug_clear_ws/install/clearpath_control:/opt/ros/humble CMAKE_PREFIX_PATH=/home/robot/debug_clear_ws/install/clearpath_gz:/home/robot/debug_clear_ws/install/clearpath_generator_gz:/home/robot/debug_clear_ws/install/clearpath_common:/home/robot/debug_clear_ws/install/clearpath_generator_common:/home/robot/debug_clear_ws/install/clearpath_platform:/home/robot/debug_clear_ws/install/clearpath_manipulators:/home/robot/debug_clear_ws/install/clearpath_description:/home/robot/debug_clear_ws/install/clearpath_sensors_description:/home/robot/debug_clear_ws/install/clearpath_platform_msgs:/home/robot/debug_clear_ws/install/clearpath_platform_description:/home/robot/debug_clear_ws/install/clearpath_mounts_description:/home/robot/debug_clear_ws/install/clearpath_manipulators_description:/home/robot/debug_clear_ws/install/clearpath_control:/home/robot/debug_clear_ws/install/yolov8_bringup:/home/robot/debug_clear_ws/install/yolov8_msgs:/home/robot/debug_clear_ws/install/yolo_bringup:/home/robot/debug_clear_ws/install/yolo_msgs:/home/robot/debug_clear_ws/install/clearpath_simulator:/home/robot/debug_clear_ws/install/clearpath_msgs:/home/robot/debug_clear_ws/install/clearpath_customization:/home/robot/debug_clear_ws/install/yolov8_ros:/home/robot/debug_clear_ws/install/yolo_ros:/home/robot/debug_clear_ws/install/clearpath_config:/opt/ros/humble LD_LIBRARY_PATH=/home/robot/debug_clear_ws/install/clearpath_platform/lib:/home/robot/debug_clear_ws/install/clearpath_platform_msgs/lib:/home/robot/debug_clear_ws/install/yolov8_msgs/lib:/home/robot/debug_clear_ws/install/yolo_msgs/lib:/opt/ros/humble/opt/rviz_ogre_vendor/lib:/opt/ros/humble/lib/x86_64-linux-gnu:/opt/ros/humble/lib PYTHONPATH=/home/robot/debug_clear_ws/install/clearpath_config/lib/python3.10/site-packages:/home/robot/debug_clear_ws/install/yolov8_ros/lib/python3.10/site-packages:/home/robot/debug_clear_ws/install/yolov8_msgs/local/lib/python3.10/dist-packages:/home/robot/debug_clear_ws/install/yolo_ros/lib/python3.10/site-packages:/home/robot/debug_clear_ws/install/yolo_msgs/local/lib/python3.10/dist-packages:/home/robot/debug_clear_ws/install/clearpath_generator_gz/local/lib/python3.10/dist-packages:/home/robot/debug_clear_ws/install/clearpath_generator_common/local/lib/python3.10/dist-packages:/home/robot/debug_clear_ws/install/clearpath_platform_msgs/local/lib/python3.10/dist-packages:/opt/ros/humble/lib/python3.10/site-packages:/opt/ros/humble/local/lib/python3.10/dist-packages /usr/bin/cmake --install /home/robot/debug_clear_ws/build/clearpath_simulator[0m
[4.119s] [34mcolcon.colcon_core.environment[0m [1;30mLevel 1[0m create_environment_scripts_only(clearpath_simulator)
[4.120s] [34mcolcon.colcon_core.environment[0m [1;30mLevel 1[0m checking '/home/robot/debug_clear_ws/install/clearpath_simulator' for CMake module files
[4.120s] [34mcolcon.colcon_core.event_handler.log_command[0m [1;30mDEBUG[0m [32mInvoked command in '/home/robot/debug_clear_ws/build/clearpath_simulator' returned '0': AMENT_PREFIX_PATH=/home/robot/debug_clear_ws/install/clearpath_config:/home/robot/debug_clear_ws/install/yolov8_bringup:/home/robot/debug_clear_ws/install/yolov8_ros:/home/robot/debug_clear_ws/install/yolov8_msgs:/home/robot/debug_clear_ws/install/yolo_bringup:/home/robot/debug_clear_ws/install/yolo_ros:/home/robot/debug_clear_ws/install/yolo_msgs:/home/robot/debug_clear_ws/install/clearpath_simulator:/home/robot/debug_clear_ws/install/clearpath_gz:/home/robot/debug_clear_ws/install/clearpath_generator_gz:/home/robot/debug_clear_ws/install/clearpath_common:/home/robot/debug_clear_ws/install/clearpath_generator_common:/home/robot/debug_clear_ws/install/clearpath_description:/home/robot/debug_clear_ws/install/clearpath_sensors_description:/home/robot/debug_clear_ws/install/clearpath_platform:/home/robot/debug_clear_ws/install/clearpath_msgs:/home/robot/debug_clear_ws/install/clearpath_platform_msgs:/home/robot/debug_clear_ws/install/clearpath_platform_description:/home/robot/debug_clear_ws/install/clearpath_mounts_description:/home/robot/debug_clear_ws/install/clearpath_manipulators:/home/robot/debug_clear_ws/install/clearpath_manipulators_description:/home/robot/debug_clear_ws/install/clearpath_customization:/home/robot/debug_clear_ws/install/clearpath_control:/opt/ros/humble CMAKE_PREFIX_PATH=/home/robot/debug_clear_ws/install/clearpath_gz:/home/robot/debug_clear_ws/install/clearpath_generator_gz:/home/robot/debug_clear_ws/install/clearpath_common:/home/robot/debug_clear_ws/install/clearpath_generator_common:/home/robot/debug_clear_ws/install/clearpath_platform:/home/robot/debug_clear_ws/install/clearpath_manipulators:/home/robot/debug_clear_ws/install/clearpath_description:/home/robot/debug_clear_ws/install/clearpath_sensors_description:/home/robot/debug_clear_ws/install/clearpath_platform_msgs:/home/robot/debug_clear_ws/install/clearpath_platform_description:/home/robot/debug_clear_ws/install/clearpath_mounts_description:/home/robot/debug_clear_ws/install/clearpath_manipulators_description:/home/robot/debug_clear_ws/install/clearpath_control:/home/robot/debug_clear_ws/install/yolov8_bringup:/home/robot/debug_clear_ws/install/yolov8_msgs:/home/robot/debug_clear_ws/install/yolo_bringup:/home/robot/debug_clear_ws/install/yolo_msgs:/home/robot/debug_clear_ws/install/clearpath_simulator:/home/robot/debug_clear_ws/install/clearpath_msgs:/home/robot/debug_clear_ws/install/clearpath_customization:/home/robot/debug_clear_ws/install/yolov8_ros:/home/robot/debug_clear_ws/install/yolo_ros:/home/robot/debug_clear_ws/install/clearpath_config:/opt/ros/humble LD_LIBRARY_PATH=/home/robot/debug_clear_ws/install/clearpath_platform/lib:/home/robot/debug_clear_ws/install/clearpath_platform_msgs/lib:/home/robot/debug_clear_ws/install/yolov8_msgs/lib:/home/robot/debug_clear_ws/install/yolo_msgs/lib:/opt/ros/humble/opt/rviz_ogre_vendor/lib:/opt/ros/humble/lib/x86_64-linux-gnu:/opt/ros/humble/lib PYTHONPATH=/home/robot/debug_clear_ws/install/clearpath_config/lib/python3.10/site-packages:/home/robot/debug_clear_ws/install/yolov8_ros/lib/python3.10/site-packages:/home/robot/debug_clear_ws/install/yolov8_msgs/local/lib/python3.10/dist-packages:/home/robot/debug_clear_ws/install/yolo_ros/lib/python3.10/site-packages:/home/robot/debug_clear_ws/install/yolo_msgs/local/lib/python3.10/dist-packages:/home/robot/debug_clear_ws/install/clearpath_generator_gz/local/lib/python3.10/dist-packages:/home/robot/debug_clear_ws/install/clearpath_generator_common/local/lib/python3.10/dist-packages:/home/robot/debug_clear_ws/install/clearpath_platform_msgs/local/lib/python3.10/dist-packages:/opt/ros/humble/lib/python3.10/site-packages:/opt/ros/humble/local/lib/python3.10/dist-packages /usr/bin/cmake --install /home/robot/debug_clear_ws/build/clearpath_simulator[0m
[4.121s] [34mcolcon.colcon_core.environment[0m [1;30mLevel 1[0m checking '/home/robot/debug_clear_ws/install/clearpath_simulator' for CMake config files
[4.121s] [34mcolcon.colcon_core.shell[0m [1;30mLevel 1[0m create_environment_hook('clearpath_simulator', 'cmake_prefix_path')
[4.121s] [34mcolcon.colcon_core.shell[0m [1;30mINFO[0m Creating environment hook '/home/robot/debug_clear_ws/install/clearpath_simulator/share/clearpath_simulator/hook/cmake_prefix_path.ps1'
[4.121s] [34mcolcon.colcon_core.shell[0m [1;30mINFO[0m Creating environment descriptor '/home/robot/debug_clear_ws/install/clearpath_simulator/share/clearpath_simulator/hook/cmake_prefix_path.dsv'
[4.122s] [34mcolcon.colcon_core.shell[0m [1;30mINFO[0m Creating environment hook '/home/robot/debug_clear_ws/install/clearpath_simulator/share/clearpath_simulator/hook/cmake_prefix_path.sh'
[4.122s] [34mcolcon.colcon_core.environment[0m [1;30mLevel 1[0m checking '/home/robot/debug_clear_ws/install/clearpath_simulator/bin'
[4.122s] [34mcolcon.colcon_core.environment[0m [1;30mLevel 1[0m checking '/home/robot/debug_clear_ws/install/clearpath_simulator/lib/pkgconfig/clearpath_simulator.pc'
[4.122s] [34mcolcon.colcon_core.environment[0m [1;30mLevel 1[0m checking '/home/robot/debug_clear_ws/install/clearpath_simulator/lib/python3.10/site-packages'
[4.123s] [34mcolcon.colcon_core.environment[0m [1;30mLevel 1[0m checking '/home/robot/debug_clear_ws/install/clearpath_simulator/bin'
[4.123s] [34mcolcon.colcon_core.shell[0m [1;30mINFO[0m Creating package script '/home/robot/debug_clear_ws/install/clearpath_simulator/share/clearpath_simulator/package.ps1'
[4.123s] [34mcolcon.colcon_core.shell[0m [1;30mINFO[0m Creating package descriptor '/home/robot/debug_clear_ws/install/clearpath_simulator/share/clearpath_simulator/package.dsv'
[4.124s] [34mcolcon.colcon_core.shell[0m [1;30mINFO[0m Creating package script '/home/robot/debug_clear_ws/install/clearpath_simulator/share/clearpath_simulator/package.sh'
[4.124s] [34mcolcon.colcon_core.shell[0m [1;30mINFO[0m Creating package script '/home/robot/debug_clear_ws/install/clearpath_simulator/share/clearpath_simulator/package.bash'
[4.124s] [34mcolcon.colcon_core.shell[0m [1;30mINFO[0m Creating package script '/home/robot/debug_clear_ws/install/clearpath_simulator/share/clearpath_simulator/package.zsh'
[4.125s] [34mcolcon.colcon_core.environment[0m [1;30mLevel 1[0m create_file_with_runtime_dependencies(/home/robot/debug_clear_ws/install/clearpath_simulator/share/colcon-core/packages/clearpath_simulator)
[4.125s] [34mcolcon.colcon_core.environment[0m [1;30mLevel 1[0m create_environment_scripts_only(clearpath_simulator)
[4.125s] [34mcolcon.colcon_core.environment[0m [1;30mLevel 1[0m checking '/home/robot/debug_clear_ws/install/clearpath_simulator' for CMake module files
[4.126s] [34mcolcon.colcon_core.environment[0m [1;30mLevel 1[0m checking '/home/robot/debug_clear_ws/install/clearpath_simulator' for CMake config files
[4.126s] [34mcolcon.colcon_core.shell[0m [1;30mLevel 1[0m create_environment_hook('clearpath_simulator', 'cmake_prefix_path')
[4.126s] [34mcolcon.colcon_core.shell[0m [1;30mINFO[0m Creating environment hook '/home/robot/debug_clear_ws/install/clearpath_simulator/share/clearpath_simulator/hook/cmake_prefix_path.ps1'
[4.126s] [34mcolcon.colcon_core.shell[0m [1;30mINFO[0m Creating environment descriptor '/home/robot/debug_clear_ws/install/clearpath_simulator/share/clearpath_simulator/hook/cmake_prefix_path.dsv'
[4.127s] [34mcolcon.colcon_core.shell[0m [1;30mINFO[0m Creating environment hook '/home/robot/debug_clear_ws/install/clearpath_simulator/share/clearpath_simulator/hook/cmake_prefix_path.sh'
[4.127s] [34mcolcon.colcon_core.environment[0m [1;30mLevel 1[0m checking '/home/robot/debug_clear_ws/install/clearpath_simulator/bin'
[4.127s] [34mcolcon.colcon_core.environment[0m [1;30mLevel 1[0m checking '/home/robot/debug_clear_ws/install/clearpath_simulator/lib/pkgconfig/clearpath_simulator.pc'
[4.127s] [34mcolcon.colcon_core.environment[0m [1;30mLevel 1[0m checking '/home/robot/debug_clear_ws/install/clearpath_simulator/lib/python3.10/site-packages'
[4.128s] [34mcolcon.colcon_core.environment[0m [1;30mLevel 1[0m checking '/home/robot/debug_clear_ws/install/clearpath_simulator/bin'
[4.128s] [34mcolcon.colcon_core.shell[0m [1;30mINFO[0m Creating package script '/home/robot/debug_clear_ws/install/clearpath_simulator/share/clearpath_simulator/package.ps1'
[4.128s] [34mcolcon.colcon_core.shell[0m [1;30mINFO[0m Creating package descriptor '/home/robot/debug_clear_ws/install/clearpath_simulator/share/clearpath_simulator/package.dsv'
[4.129s] [34mcolcon.colcon_core.shell[0m [1;30mINFO[0m Creating package script '/home/robot/debug_clear_ws/install/clearpath_simulator/share/clearpath_simulator/package.sh'
[4.129s] [34mcolcon.colcon_core.shell[0m [1;30mINFO[0m Creating package script '/home/robot/debug_clear_ws/install/clearpath_simulator/share/clearpath_simulator/package.bash'
[4.129s] [34mcolcon.colcon_core.shell[0m [1;30mINFO[0m Creating package script '/home/robot/debug_clear_ws/install/clearpath_simulator/share/clearpath_simulator/package.zsh'
[4.130s] [34mcolcon.colcon_core.environment[0m [1;30mLevel 1[0m create_file_with_runtime_dependencies(/home/robot/debug_clear_ws/install/clearpath_simulator/share/colcon-core/packages/clearpath_simulator)
[4.130s] [34mcolcon.colcon_parallel_executor.executor.parallel[0m [1;30mDEBUG[0m [32mclosing loop[0m
[4.130s] [34mcolcon.colcon_parallel_executor.executor.parallel[0m [1;30mDEBUG[0m [32mloop closed[0m
[4.130s] [34mcolcon.colcon_parallel_executor.executor.parallel[0m [1;30mDEBUG[0m [32mrun_until_complete finished with '0'[0m
[4.130s] [34mcolcon.colcon_core.event_reactor[0m [1;30mDEBUG[0m [32mjoining thread[0m
[4.136s] [34mcolcon.colcon_core.plugin_system[0m [1;30mINFO[0m Skipping extension 'colcon_notification.desktop_notification.terminal_notifier': Not used on non-Darwin systems
[4.136s] [34mcolcon.colcon_core.plugin_system[0m [1;30mINFO[0m Skipping extension 'colcon_notification.desktop_notification.win32': Not used on non-Windows systems
[4.136s] [34mcolcon.colcon_notification.desktop_notification[0m [1;30mINFO[0m Sending desktop notification using 'notify2'
[4.146s] [34mcolcon.colcon_core.event_reactor[0m [1;30mDEBUG[0m [32mjoined thread[0m
[4.146s] [34mcolcon.colcon_core.shell[0m [1;30mINFO[0m Creating prefix script '/home/robot/debug_clear_ws/install/local_setup.ps1'
[4.147s] [34mcolcon.colcon_core.shell[0m [1;30mINFO[0m Creating prefix util module '/home/robot/debug_clear_ws/install/_local_setup_util_ps1.py'
[4.148s] [34mcolcon.colcon_core.shell[0m [1;30mINFO[0m Creating prefix chain script '/home/robot/debug_clear_ws/install/setup.ps1'
[4.150s] [34mcolcon.colcon_core.shell[0m [1;30mINFO[0m Creating prefix script '/home/robot/debug_clear_ws/install/local_setup.sh'
[4.151s] [34mcolcon.colcon_core.shell[0m [1;30mINFO[0m Creating prefix util module '/home/robot/debug_clear_ws/install/_local_setup_util_sh.py'
[4.151s] [34mcolcon.colcon_core.shell[0m [1;30mINFO[0m Creating prefix chain script '/home/robot/debug_clear_ws/install/setup.sh'
[4.153s] [34mcolcon.colcon_core.shell[0m [1;30mINFO[0m Creating prefix script '/home/robot/debug_clear_ws/install/local_setup.bash'
[4.153s] [34mcolcon.colcon_core.shell[0m [1;30mINFO[0m Creating prefix chain script '/home/robot/debug_clear_ws/install/setup.bash'
[4.155s] [34mcolcon.colcon_core.shell[0m [1;30mINFO[0m Creating prefix script '/home/robot/debug_clear_ws/install/local_setup.zsh'
[4.155s] [34mcolcon.colcon_core.shell[0m [1;30mINFO[0m Creating prefix chain script '/home/robot/debug_clear_ws/install/setup.zsh'
