[0.294s] DEBUG:colcon:Command line arguments: ['/usr/bin/colcon', 'build']
[0.294s] DEBUG:colcon:Parsed command line arguments: Namespace(log_base=None, log_level=None, verb_name='build', build_base='build', install_base='install', merge_install=False, symlink_install=False, test_result_base=None, continue_on_error=False, executor='parallel', parallel_workers=8, event_handlers=None, ignore_user_meta=False, metas=['./colcon.meta'], base_paths=['.'], packages_ignore=None, packages_ignore_regex=None, paths=None, packages_up_to=None, packages_up_to_regex=None, packages_above=None, packages_above_and_dependencies=None, packages_above_depth=None, packages_select_by_dep=None, packages_skip_by_dep=None, packages_skip_up_to=None, packages_select_build_failed=False, packages_skip_build_finished=False, packages_select_test_failures=False, packages_skip_test_passed=False, packages_select=None, packages_skip=None, packages_select_regex=None, packages_skip_regex=None, packages_start=None, packages_end=None, allow_overriding=[], cmake_args=None, cmake_target=None, cmake_target_skip_unavailable=False, cmake_clean_cache=False, cmake_clean_first=False, cmake_force_configure=False, ament_cmake_args=None, catkin_cmake_args=None, catkin_skip_building_tests=False, mixin_files=None, mixin=None, verb_parser=<colcon_mixin.mixin.mixin_argument.MixinArgumentDecorator object at 0x70f7e0ef9450>, verb_extension=<colcon_core.verb.build.BuildVerb object at 0x70f7e108e9b0>, main=<bound method BuildVerb.main of <colcon_core.verb.build.BuildVerb object at 0x70f7e108e9b0>>, mixin_verb=('build',))
[0.593s] Level 1:colcon.colcon_core.package_discovery:discover_packages(colcon_meta) check parameters
[0.593s] Level 1:colcon.colcon_core.package_discovery:discover_packages(recursive) check parameters
[0.593s] Level 1:colcon.colcon_core.package_discovery:discover_packages(ignore) check parameters
[0.593s] Level 1:colcon.colcon_core.package_discovery:discover_packages(path) check parameters
[0.593s] Level 1:colcon.colcon_core.package_discovery:discover_packages(colcon_meta) discover
[0.593s] Level 1:colcon.colcon_core.package_discovery:discover_packages(recursive) discover
[0.593s] INFO:colcon.colcon_core.package_discovery:Crawling recursively for packages in '/home/dimash/debug_clear_ws'
[0.593s] Level 1:colcon.colcon_core.package_identification:_identify(.) by extensions ['ignore', 'ignore_ament_install']
[0.593s] Level 1:colcon.colcon_core.package_identification:_identify(.) by extension 'ignore'
[0.593s] Level 1:colcon.colcon_core.package_identification:_identify(.) by extension 'ignore_ament_install'
[0.593s] Level 1:colcon.colcon_core.package_identification:_identify(.) by extensions ['colcon_pkg']
[0.593s] Level 1:colcon.colcon_core.package_identification:_identify(.) by extension 'colcon_pkg'
[0.593s] Level 1:colcon.colcon_core.package_identification:_identify(.) by extensions ['colcon_meta']
[0.593s] Level 1:colcon.colcon_core.package_identification:_identify(.) by extension 'colcon_meta'
[0.593s] Level 1:colcon.colcon_core.package_identification:_identify(.) by extensions ['ros']
[0.593s] Level 1:colcon.colcon_core.package_identification:_identify(.) by extension 'ros'
[0.613s] Level 1:colcon.colcon_core.package_identification:_identify(.) by extensions ['cmake', 'python']
[0.613s] Level 1:colcon.colcon_core.package_identification:_identify(.) by extension 'cmake'
[0.613s] Level 1:colcon.colcon_core.package_identification:_identify(.) by extension 'python'
[0.613s] Level 1:colcon.colcon_core.package_identification:_identify(.) by extensions ['python_setup_py']
[0.613s] Level 1:colcon.colcon_core.package_identification:_identify(.) by extension 'python_setup_py'
[0.613s] Level 1:colcon.colcon_core.package_identification:_identify(build) by extensions ['ignore', 'ignore_ament_install']
[0.613s] Level 1:colcon.colcon_core.package_identification:_identify(build) by extension 'ignore'
[0.613s] Level 1:colcon.colcon_core.package_identification:_identify(build) ignored
[0.613s] Level 1:colcon.colcon_core.package_identification:_identify(install) by extensions ['ignore', 'ignore_ament_install']
[0.614s] Level 1:colcon.colcon_core.package_identification:_identify(install) by extension 'ignore'
[0.614s] Level 1:colcon.colcon_core.package_identification:_identify(install) ignored
[0.614s] Level 1:colcon.colcon_core.package_identification:_identify(log) by extensions ['ignore', 'ignore_ament_install']
[0.614s] Level 1:colcon.colcon_core.package_identification:_identify(log) by extension 'ignore'
[0.614s] Level 1:colcon.colcon_core.package_identification:_identify(log) ignored
[0.614s] Level 1:colcon.colcon_core.package_identification:_identify(manipulators) by extensions ['ignore', 'ignore_ament_install']
[0.614s] Level 1:colcon.colcon_core.package_identification:_identify(manipulators) by extension 'ignore'
[0.614s] Level 1:colcon.colcon_core.package_identification:_identify(manipulators) by extension 'ignore_ament_install'
[0.614s] Level 1:colcon.colcon_core.package_identification:_identify(manipulators) by extensions ['colcon_pkg']
[0.614s] Level 1:colcon.colcon_core.package_identification:_identify(manipulators) by extension 'colcon_pkg'
[0.614s] Level 1:colcon.colcon_core.package_identification:_identify(manipulators) by extensions ['colcon_meta']
[0.614s] Level 1:colcon.colcon_core.package_identification:_identify(manipulators) by extension 'colcon_meta'
[0.614s] Level 1:colcon.colcon_core.package_identification:_identify(manipulators) by extensions ['ros']
[0.614s] Level 1:colcon.colcon_core.package_identification:_identify(manipulators) by extension 'ros'
[0.614s] Level 1:colcon.colcon_core.package_identification:_identify(manipulators) by extensions ['cmake', 'python']
[0.614s] Level 1:colcon.colcon_core.package_identification:_identify(manipulators) by extension 'cmake'
[0.614s] Level 1:colcon.colcon_core.package_identification:_identify(manipulators) by extension 'python'
[0.614s] Level 1:colcon.colcon_core.package_identification:_identify(manipulators) by extensions ['python_setup_py']
[0.614s] Level 1:colcon.colcon_core.package_identification:_identify(manipulators) by extension 'python_setup_py'
[0.614s] Level 1:colcon.colcon_core.package_identification:_identify(manipulators/config) by extensions ['ignore', 'ignore_ament_install']
[0.615s] Level 1:colcon.colcon_core.package_identification:_identify(manipulators/config) by extension 'ignore'
[0.615s] Level 1:colcon.colcon_core.package_identification:_identify(manipulators/config) by extension 'ignore_ament_install'
[0.615s] Level 1:colcon.colcon_core.package_identification:_identify(manipulators/config) by extensions ['colcon_pkg']
[0.615s] Level 1:colcon.colcon_core.package_identification:_identify(manipulators/config) by extension 'colcon_pkg'
[0.615s] Level 1:colcon.colcon_core.package_identification:_identify(manipulators/config) by extensions ['colcon_meta']
[0.615s] Level 1:colcon.colcon_core.package_identification:_identify(manipulators/config) by extension 'colcon_meta'
[0.615s] Level 1:colcon.colcon_core.package_identification:_identify(manipulators/config) by extensions ['ros']
[0.615s] Level 1:colcon.colcon_core.package_identification:_identify(manipulators/config) by extension 'ros'
[0.615s] Level 1:colcon.colcon_core.package_identification:_identify(manipulators/config) by extensions ['cmake', 'python']
[0.615s] Level 1:colcon.colcon_core.package_identification:_identify(manipulators/config) by extension 'cmake'
[0.615s] Level 1:colcon.colcon_core.package_identification:_identify(manipulators/config) by extension 'python'
[0.615s] Level 1:colcon.colcon_core.package_identification:_identify(manipulators/config) by extensions ['python_setup_py']
[0.615s] Level 1:colcon.colcon_core.package_identification:_identify(manipulators/config) by extension 'python_setup_py'
[0.615s] Level 1:colcon.colcon_core.package_identification:_identify(manipulators/launch) by extensions ['ignore', 'ignore_ament_install']
[0.615s] Level 1:colcon.colcon_core.package_identification:_identify(manipulators/launch) by extension 'ignore'
[0.615s] Level 1:colcon.colcon_core.package_identification:_identify(manipulators/launch) by extension 'ignore_ament_install'
[0.615s] Level 1:colcon.colcon_core.package_identification:_identify(manipulators/launch) by extensions ['colcon_pkg']
[0.615s] Level 1:colcon.colcon_core.package_identification:_identify(manipulators/launch) by extension 'colcon_pkg'
[0.615s] Level 1:colcon.colcon_core.package_identification:_identify(manipulators/launch) by extensions ['colcon_meta']
[0.615s] Level 1:colcon.colcon_core.package_identification:_identify(manipulators/launch) by extension 'colcon_meta'
[0.615s] Level 1:colcon.colcon_core.package_identification:_identify(manipulators/launch) by extensions ['ros']
[0.615s] Level 1:colcon.colcon_core.package_identification:_identify(manipulators/launch) by extension 'ros'
[0.616s] Level 1:colcon.colcon_core.package_identification:_identify(manipulators/launch) by extensions ['cmake', 'python']
[0.616s] Level 1:colcon.colcon_core.package_identification:_identify(manipulators/launch) by extension 'cmake'
[0.616s] Level 1:colcon.colcon_core.package_identification:_identify(manipulators/launch) by extension 'python'
[0.616s] Level 1:colcon.colcon_core.package_identification:_identify(manipulators/launch) by extensions ['python_setup_py']
[0.616s] Level 1:colcon.colcon_core.package_identification:_identify(manipulators/launch) by extension 'python_setup_py'
[0.616s] Level 1:colcon.colcon_core.package_identification:_identify(platform) by extensions ['ignore', 'ignore_ament_install']
[0.616s] Level 1:colcon.colcon_core.package_identification:_identify(platform) by extension 'ignore'
[0.616s] Level 1:colcon.colcon_core.package_identification:_identify(platform) by extension 'ignore_ament_install'
[0.616s] Level 1:colcon.colcon_core.package_identification:_identify(platform) by extensions ['colcon_pkg']
[0.616s] Level 1:colcon.colcon_core.package_identification:_identify(platform) by extension 'colcon_pkg'
[0.616s] Level 1:colcon.colcon_core.package_identification:_identify(platform) by extensions ['colcon_meta']
[0.616s] Level 1:colcon.colcon_core.package_identification:_identify(platform) by extension 'colcon_meta'
[0.616s] Level 1:colcon.colcon_core.package_identification:_identify(platform) by extensions ['ros']
[0.616s] Level 1:colcon.colcon_core.package_identification:_identify(platform) by extension 'ros'
[0.616s] Level 1:colcon.colcon_core.package_identification:_identify(platform) by extensions ['cmake', 'python']
[0.616s] Level 1:colcon.colcon_core.package_identification:_identify(platform) by extension 'cmake'
[0.616s] Level 1:colcon.colcon_core.package_identification:_identify(platform) by extension 'python'
[0.616s] Level 1:colcon.colcon_core.package_identification:_identify(platform) by extensions ['python_setup_py']
[0.616s] Level 1:colcon.colcon_core.package_identification:_identify(platform) by extension 'python_setup_py'
[0.616s] Level 1:colcon.colcon_core.package_identification:_identify(platform/config) by extensions ['ignore', 'ignore_ament_install']
[0.616s] Level 1:colcon.colcon_core.package_identification:_identify(platform/config) by extension 'ignore'
[0.617s] Level 1:colcon.colcon_core.package_identification:_identify(platform/config) by extension 'ignore_ament_install'
[0.617s] Level 1:colcon.colcon_core.package_identification:_identify(platform/config) by extensions ['colcon_pkg']
[0.617s] Level 1:colcon.colcon_core.package_identification:_identify(platform/config) by extension 'colcon_pkg'
[0.617s] Level 1:colcon.colcon_core.package_identification:_identify(platform/config) by extensions ['colcon_meta']
[0.617s] Level 1:colcon.colcon_core.package_identification:_identify(platform/config) by extension 'colcon_meta'
[0.617s] Level 1:colcon.colcon_core.package_identification:_identify(platform/config) by extensions ['ros']
[0.617s] Level 1:colcon.colcon_core.package_identification:_identify(platform/config) by extension 'ros'
[0.617s] Level 1:colcon.colcon_core.package_identification:_identify(platform/config) by extensions ['cmake', 'python']
[0.617s] Level 1:colcon.colcon_core.package_identification:_identify(platform/config) by extension 'cmake'
[0.617s] Level 1:colcon.colcon_core.package_identification:_identify(platform/config) by extension 'python'
[0.617s] Level 1:colcon.colcon_core.package_identification:_identify(platform/config) by extensions ['python_setup_py']
[0.617s] Level 1:colcon.colcon_core.package_identification:_identify(platform/config) by extension 'python_setup_py'
[0.617s] Level 1:colcon.colcon_core.package_identification:_identify(platform/launch) by extensions ['ignore', 'ignore_ament_install']
[0.617s] Level 1:colcon.colcon_core.package_identification:_identify(platform/launch) by extension 'ignore'
[0.617s] Level 1:colcon.colcon_core.package_identification:_identify(platform/launch) by extension 'ignore_ament_install'
[0.617s] Level 1:colcon.colcon_core.package_identification:_identify(platform/launch) by extensions ['colcon_pkg']
[0.617s] Level 1:colcon.colcon_core.package_identification:_identify(platform/launch) by extension 'colcon_pkg'
[0.617s] Level 1:colcon.colcon_core.package_identification:_identify(platform/launch) by extensions ['colcon_meta']
[0.617s] Level 1:colcon.colcon_core.package_identification:_identify(platform/launch) by extension 'colcon_meta'
[0.617s] Level 1:colcon.colcon_core.package_identification:_identify(platform/launch) by extensions ['ros']
[0.618s] Level 1:colcon.colcon_core.package_identification:_identify(platform/launch) by extension 'ros'
[0.618s] Level 1:colcon.colcon_core.package_identification:_identify(platform/launch) by extensions ['cmake', 'python']
[0.618s] Level 1:colcon.colcon_core.package_identification:_identify(platform/launch) by extension 'cmake'
[0.618s] Level 1:colcon.colcon_core.package_identification:_identify(platform/launch) by extension 'python'
[0.618s] Level 1:colcon.colcon_core.package_identification:_identify(platform/launch) by extensions ['python_setup_py']
[0.618s] Level 1:colcon.colcon_core.package_identification:_identify(platform/launch) by extension 'python_setup_py'
[0.618s] Level 1:colcon.colcon_core.package_identification:_identify(platform/launch/__pycache__) by extensions ['ignore', 'ignore_ament_install']
[0.618s] Level 1:colcon.colcon_core.package_identification:_identify(platform/launch/__pycache__) by extension 'ignore'
[0.618s] Level 1:colcon.colcon_core.package_identification:_identify(platform/launch/__pycache__) by extension 'ignore_ament_install'
[0.618s] Level 1:colcon.colcon_core.package_identification:_identify(platform/launch/__pycache__) by extensions ['colcon_pkg']
[0.618s] Level 1:colcon.colcon_core.package_identification:_identify(platform/launch/__pycache__) by extension 'colcon_pkg'
[0.618s] Level 1:colcon.colcon_core.package_identification:_identify(platform/launch/__pycache__) by extensions ['colcon_meta']
[0.618s] Level 1:colcon.colcon_core.package_identification:_identify(platform/launch/__pycache__) by extension 'colcon_meta'
[0.618s] Level 1:colcon.colcon_core.package_identification:_identify(platform/launch/__pycache__) by extensions ['ros']
[0.618s] Level 1:colcon.colcon_core.package_identification:_identify(platform/launch/__pycache__) by extension 'ros'
[0.618s] Level 1:colcon.colcon_core.package_identification:_identify(platform/launch/__pycache__) by extensions ['cmake', 'python']
[0.618s] Level 1:colcon.colcon_core.package_identification:_identify(platform/launch/__pycache__) by extension 'cmake'
[0.618s] Level 1:colcon.colcon_core.package_identification:_identify(platform/launch/__pycache__) by extension 'python'
[0.618s] Level 1:colcon.colcon_core.package_identification:_identify(platform/launch/__pycache__) by extensions ['python_setup_py']
[0.618s] Level 1:colcon.colcon_core.package_identification:_identify(platform/launch/__pycache__) by extension 'python_setup_py'
[0.618s] Level 1:colcon.colcon_core.package_identification:_identify(sensors) by extensions ['ignore', 'ignore_ament_install']
[0.619s] Level 1:colcon.colcon_core.package_identification:_identify(sensors) by extension 'ignore'
[0.619s] Level 1:colcon.colcon_core.package_identification:_identify(sensors) by extension 'ignore_ament_install'
[0.619s] Level 1:colcon.colcon_core.package_identification:_identify(sensors) by extensions ['colcon_pkg']
[0.619s] Level 1:colcon.colcon_core.package_identification:_identify(sensors) by extension 'colcon_pkg'
[0.619s] Level 1:colcon.colcon_core.package_identification:_identify(sensors) by extensions ['colcon_meta']
[0.619s] Level 1:colcon.colcon_core.package_identification:_identify(sensors) by extension 'colcon_meta'
[0.619s] Level 1:colcon.colcon_core.package_identification:_identify(sensors) by extensions ['ros']
[0.619s] Level 1:colcon.colcon_core.package_identification:_identify(sensors) by extension 'ros'
[0.619s] Level 1:colcon.colcon_core.package_identification:_identify(sensors) by extensions ['cmake', 'python']
[0.619s] Level 1:colcon.colcon_core.package_identification:_identify(sensors) by extension 'cmake'
[0.619s] Level 1:colcon.colcon_core.package_identification:_identify(sensors) by extension 'python'
[0.619s] Level 1:colcon.colcon_core.package_identification:_identify(sensors) by extensions ['python_setup_py']
[0.619s] Level 1:colcon.colcon_core.package_identification:_identify(sensors) by extension 'python_setup_py'
[0.619s] Level 1:colcon.colcon_core.package_identification:_identify(sensors/config) by extensions ['ignore', 'ignore_ament_install']
[0.619s] Level 1:colcon.colcon_core.package_identification:_identify(sensors/config) by extension 'ignore'
[0.619s] Level 1:colcon.colcon_core.package_identification:_identify(sensors/config) by extension 'ignore_ament_install'
[0.619s] Level 1:colcon.colcon_core.package_identification:_identify(sensors/config) by extensions ['colcon_pkg']
[0.619s] Level 1:colcon.colcon_core.package_identification:_identify(sensors/config) by extension 'colcon_pkg'
[0.619s] Level 1:colcon.colcon_core.package_identification:_identify(sensors/config) by extensions ['colcon_meta']
[0.619s] Level 1:colcon.colcon_core.package_identification:_identify(sensors/config) by extension 'colcon_meta'
[0.619s] Level 1:colcon.colcon_core.package_identification:_identify(sensors/config) by extensions ['ros']
[0.619s] Level 1:colcon.colcon_core.package_identification:_identify(sensors/config) by extension 'ros'
[0.619s] Level 1:colcon.colcon_core.package_identification:_identify(sensors/config) by extensions ['cmake', 'python']
[0.620s] Level 1:colcon.colcon_core.package_identification:_identify(sensors/config) by extension 'cmake'
[0.620s] Level 1:colcon.colcon_core.package_identification:_identify(sensors/config) by extension 'python'
[0.620s] Level 1:colcon.colcon_core.package_identification:_identify(sensors/config) by extensions ['python_setup_py']
[0.620s] Level 1:colcon.colcon_core.package_identification:_identify(sensors/config) by extension 'python_setup_py'
[0.620s] Level 1:colcon.colcon_core.package_identification:_identify(sensors/launch) by extensions ['ignore', 'ignore_ament_install']
[0.620s] Level 1:colcon.colcon_core.package_identification:_identify(sensors/launch) by extension 'ignore'
[0.620s] Level 1:colcon.colcon_core.package_identification:_identify(sensors/launch) by extension 'ignore_ament_install'
[0.620s] Level 1:colcon.colcon_core.package_identification:_identify(sensors/launch) by extensions ['colcon_pkg']
[0.620s] Level 1:colcon.colcon_core.package_identification:_identify(sensors/launch) by extension 'colcon_pkg'
[0.620s] Level 1:colcon.colcon_core.package_identification:_identify(sensors/launch) by extensions ['colcon_meta']
[0.620s] Level 1:colcon.colcon_core.package_identification:_identify(sensors/launch) by extension 'colcon_meta'
[0.620s] Level 1:colcon.colcon_core.package_identification:_identify(sensors/launch) by extensions ['ros']
[0.620s] Level 1:colcon.colcon_core.package_identification:_identify(sensors/launch) by extension 'ros'
[0.620s] Level 1:colcon.colcon_core.package_identification:_identify(sensors/launch) by extensions ['cmake', 'python']
[0.620s] Level 1:colcon.colcon_core.package_identification:_identify(sensors/launch) by extension 'cmake'
[0.620s] Level 1:colcon.colcon_core.package_identification:_identify(sensors/launch) by extension 'python'
[0.620s] Level 1:colcon.colcon_core.package_identification:_identify(sensors/launch) by extensions ['python_setup_py']
[0.620s] Level 1:colcon.colcon_core.package_identification:_identify(sensors/launch) by extension 'python_setup_py'
[0.620s] Level 1:colcon.colcon_core.package_identification:_identify(sensors/launch/__pycache__) by extensions ['ignore', 'ignore_ament_install']
[0.620s] Level 1:colcon.colcon_core.package_identification:_identify(sensors/launch/__pycache__) by extension 'ignore'
[0.620s] Level 1:colcon.colcon_core.package_identification:_identify(sensors/launch/__pycache__) by extension 'ignore_ament_install'
[0.621s] Level 1:colcon.colcon_core.package_identification:_identify(sensors/launch/__pycache__) by extensions ['colcon_pkg']
[0.621s] Level 1:colcon.colcon_core.package_identification:_identify(sensors/launch/__pycache__) by extension 'colcon_pkg'
[0.621s] Level 1:colcon.colcon_core.package_identification:_identify(sensors/launch/__pycache__) by extensions ['colcon_meta']
[0.621s] Level 1:colcon.colcon_core.package_identification:_identify(sensors/launch/__pycache__) by extension 'colcon_meta'
[0.621s] Level 1:colcon.colcon_core.package_identification:_identify(sensors/launch/__pycache__) by extensions ['ros']
[0.621s] Level 1:colcon.colcon_core.package_identification:_identify(sensors/launch/__pycache__) by extension 'ros'
[0.621s] Level 1:colcon.colcon_core.package_identification:_identify(sensors/launch/__pycache__) by extensions ['cmake', 'python']
[0.621s] Level 1:colcon.colcon_core.package_identification:_identify(sensors/launch/__pycache__) by extension 'cmake'
[0.621s] Level 1:colcon.colcon_core.package_identification:_identify(sensors/launch/__pycache__) by extension 'python'
[0.621s] Level 1:colcon.colcon_core.package_identification:_identify(sensors/launch/__pycache__) by extensions ['python_setup_py']
[0.621s] Level 1:colcon.colcon_core.package_identification:_identify(sensors/launch/__pycache__) by extension 'python_setup_py'
[0.621s] Level 1:colcon.colcon_core.package_identification:_identify(src) by extensions ['ignore', 'ignore_ament_install']
[0.621s] Level 1:colcon.colcon_core.package_identification:_identify(src) by extension 'ignore'
[0.621s] Level 1:colcon.colcon_core.package_identification:_identify(src) by extension 'ignore_ament_install'
[0.621s] Level 1:colcon.colcon_core.package_identification:_identify(src) by extensions ['colcon_pkg']
[0.621s] Level 1:colcon.colcon_core.package_identification:_identify(src) by extension 'colcon_pkg'
[0.621s] Level 1:colcon.colcon_core.package_identification:_identify(src) by extensions ['colcon_meta']
[0.621s] Level 1:colcon.colcon_core.package_identification:_identify(src) by extension 'colcon_meta'
[0.621s] Level 1:colcon.colcon_core.package_identification:_identify(src) by extensions ['ros']
[0.621s] Level 1:colcon.colcon_core.package_identification:_identify(src) by extension 'ros'
[0.621s] Level 1:colcon.colcon_core.package_identification:_identify(src) by extensions ['cmake', 'python']
[0.621s] Level 1:colcon.colcon_core.package_identification:_identify(src) by extension 'cmake'
[0.621s] Level 1:colcon.colcon_core.package_identification:_identify(src) by extension 'python'
[0.622s] Level 1:colcon.colcon_core.package_identification:_identify(src) by extensions ['python_setup_py']
[0.622s] Level 1:colcon.colcon_core.package_identification:_identify(src) by extension 'python_setup_py'
[0.622s] Level 1:colcon.colcon_core.package_identification:_identify(src/clearpath_common) by extensions ['ignore', 'ignore_ament_install']
[0.622s] Level 1:colcon.colcon_core.package_identification:_identify(src/clearpath_common) by extension 'ignore'
[0.622s] Level 1:colcon.colcon_core.package_identification:_identify(src/clearpath_common) by extension 'ignore_ament_install'
[0.622s] Level 1:colcon.colcon_core.package_identification:_identify(src/clearpath_common) by extensions ['colcon_pkg']
[0.622s] Level 1:colcon.colcon_core.package_identification:_identify(src/clearpath_common) by extension 'colcon_pkg'
[0.622s] Level 1:colcon.colcon_core.package_identification:_identify(src/clearpath_common) by extensions ['colcon_meta']
[0.622s] Level 1:colcon.colcon_core.package_identification:_identify(src/clearpath_common) by extension 'colcon_meta'
[0.622s] Level 1:colcon.colcon_core.package_identification:_identify(src/clearpath_common) by extensions ['ros']
[0.622s] Level 1:colcon.colcon_core.package_identification:_identify(src/clearpath_common) by extension 'ros'
[0.622s] Level 1:colcon.colcon_core.package_identification:_identify(src/clearpath_common) by extensions ['cmake', 'python']
[0.622s] Level 1:colcon.colcon_core.package_identification:_identify(src/clearpath_common) by extension 'cmake'
[0.622s] Level 1:colcon.colcon_core.package_identification:_identify(src/clearpath_common) by extension 'python'
[0.622s] Level 1:colcon.colcon_core.package_identification:_identify(src/clearpath_common) by extensions ['python_setup_py']
[0.622s] Level 1:colcon.colcon_core.package_identification:_identify(src/clearpath_common) by extension 'python_setup_py'
[0.622s] Level 1:colcon.colcon_core.package_identification:_identify(src/clearpath_common/clearpath_common) by extensions ['ignore', 'ignore_ament_install']
[0.622s] Level 1:colcon.colcon_core.package_identification:_identify(src/clearpath_common/clearpath_common) by extension 'ignore'
[0.622s] Level 1:colcon.colcon_core.package_identification:_identify(src/clearpath_common/clearpath_common) by extension 'ignore_ament_install'
[0.622s] Level 1:colcon.colcon_core.package_identification:_identify(src/clearpath_common/clearpath_common) by extensions ['colcon_pkg']
[0.623s] Level 1:colcon.colcon_core.package_identification:_identify(src/clearpath_common/clearpath_common) by extension 'colcon_pkg'
[0.623s] Level 1:colcon.colcon_core.package_identification:_identify(src/clearpath_common/clearpath_common) by extensions ['colcon_meta']
[0.623s] Level 1:colcon.colcon_core.package_identification:_identify(src/clearpath_common/clearpath_common) by extension 'colcon_meta'
[0.623s] Level 1:colcon.colcon_core.package_identification:_identify(src/clearpath_common/clearpath_common) by extensions ['ros']
[0.623s] Level 1:colcon.colcon_core.package_identification:_identify(src/clearpath_common/clearpath_common) by extension 'ros'
[0.625s] DEBUG:colcon.colcon_core.package_identification:Package 'src/clearpath_common/clearpath_common' with type 'ros.ament_cmake' and name 'clearpath_common'
[0.625s] Level 1:colcon.colcon_core.package_identification:_identify(src/clearpath_common/clearpath_control) by extensions ['ignore', 'ignore_ament_install']
[0.626s] Level 1:colcon.colcon_core.package_identification:_identify(src/clearpath_common/clearpath_control) by extension 'ignore'
[0.626s] Level 1:colcon.colcon_core.package_identification:_identify(src/clearpath_common/clearpath_control) by extension 'ignore_ament_install'
[0.626s] Level 1:colcon.colcon_core.package_identification:_identify(src/clearpath_common/clearpath_control) by extensions ['colcon_pkg']
[0.626s] Level 1:colcon.colcon_core.package_identification:_identify(src/clearpath_common/clearpath_control) by extension 'colcon_pkg'
[0.626s] Level 1:colcon.colcon_core.package_identification:_identify(src/clearpath_common/clearpath_control) by extensions ['colcon_meta']
[0.626s] Level 1:colcon.colcon_core.package_identification:_identify(src/clearpath_common/clearpath_control) by extension 'colcon_meta'
[0.626s] Level 1:colcon.colcon_core.package_identification:_identify(src/clearpath_common/clearpath_control) by extensions ['ros']
[0.626s] Level 1:colcon.colcon_core.package_identification:_identify(src/clearpath_common/clearpath_control) by extension 'ros'
[0.627s] DEBUG:colcon.colcon_core.package_identification:Package 'src/clearpath_common/clearpath_control' with type 'ros.ament_cmake' and name 'clearpath_control'
[0.627s] Level 1:colcon.colcon_core.package_identification:_identify(src/clearpath_common/clearpath_customization) by extensions ['ignore', 'ignore_ament_install']
[0.627s] Level 1:colcon.colcon_core.package_identification:_identify(src/clearpath_common/clearpath_customization) by extension 'ignore'
[0.627s] Level 1:colcon.colcon_core.package_identification:_identify(src/clearpath_common/clearpath_customization) by extension 'ignore_ament_install'
[0.627s] Level 1:colcon.colcon_core.package_identification:_identify(src/clearpath_common/clearpath_customization) by extensions ['colcon_pkg']
[0.627s] Level 1:colcon.colcon_core.package_identification:_identify(src/clearpath_common/clearpath_customization) by extension 'colcon_pkg'
[0.627s] Level 1:colcon.colcon_core.package_identification:_identify(src/clearpath_common/clearpath_customization) by extensions ['colcon_meta']
[0.627s] Level 1:colcon.colcon_core.package_identification:_identify(src/clearpath_common/clearpath_customization) by extension 'colcon_meta'
[0.627s] Level 1:colcon.colcon_core.package_identification:_identify(src/clearpath_common/clearpath_customization) by extensions ['ros']
[0.627s] Level 1:colcon.colcon_core.package_identification:_identify(src/clearpath_common/clearpath_customization) by extension 'ros'
[0.628s] DEBUG:colcon.colcon_core.package_identification:Package 'src/clearpath_common/clearpath_customization' with type 'ros.ament_cmake' and name 'clearpath_customization'
[0.628s] Level 1:colcon.colcon_core.package_identification:_identify(src/clearpath_common/clearpath_description) by extensions ['ignore', 'ignore_ament_install']
[0.628s] Level 1:colcon.colcon_core.package_identification:_identify(src/clearpath_common/clearpath_description) by extension 'ignore'
[0.628s] Level 1:colcon.colcon_core.package_identification:_identify(src/clearpath_common/clearpath_description) by extension 'ignore_ament_install'
[0.628s] Level 1:colcon.colcon_core.package_identification:_identify(src/clearpath_common/clearpath_description) by extensions ['colcon_pkg']
[0.628s] Level 1:colcon.colcon_core.package_identification:_identify(src/clearpath_common/clearpath_description) by extension 'colcon_pkg'
[0.628s] Level 1:colcon.colcon_core.package_identification:_identify(src/clearpath_common/clearpath_description) by extensions ['colcon_meta']
[0.628s] Level 1:colcon.colcon_core.package_identification:_identify(src/clearpath_common/clearpath_description) by extension 'colcon_meta'
[0.628s] Level 1:colcon.colcon_core.package_identification:_identify(src/clearpath_common/clearpath_description) by extensions ['ros']
[0.628s] Level 1:colcon.colcon_core.package_identification:_identify(src/clearpath_common/clearpath_description) by extension 'ros'
[0.629s] DEBUG:colcon.colcon_core.package_identification:Package 'src/clearpath_common/clearpath_description' with type 'ros.ament_cmake' and name 'clearpath_description'
[0.629s] Level 1:colcon.colcon_core.package_identification:_identify(src/clearpath_common/clearpath_generator_common) by extensions ['ignore', 'ignore_ament_install']
[0.629s] Level 1:colcon.colcon_core.package_identification:_identify(src/clearpath_common/clearpath_generator_common) by extension 'ignore'
[0.629s] Level 1:colcon.colcon_core.package_identification:_identify(src/clearpath_common/clearpath_generator_common) by extension 'ignore_ament_install'
[0.629s] Level 1:colcon.colcon_core.package_identification:_identify(src/clearpath_common/clearpath_generator_common) by extensions ['colcon_pkg']
[0.629s] Level 1:colcon.colcon_core.package_identification:_identify(src/clearpath_common/clearpath_generator_common) by extension 'colcon_pkg'
[0.629s] Level 1:colcon.colcon_core.package_identification:_identify(src/clearpath_common/clearpath_generator_common) by extensions ['colcon_meta']
[0.629s] Level 1:colcon.colcon_core.package_identification:_identify(src/clearpath_common/clearpath_generator_common) by extension 'colcon_meta'
[0.629s] Level 1:colcon.colcon_core.package_identification:_identify(src/clearpath_common/clearpath_generator_common) by extensions ['ros']
[0.629s] Level 1:colcon.colcon_core.package_identification:_identify(src/clearpath_common/clearpath_generator_common) by extension 'ros'
[0.630s] DEBUG:colcon.colcon_core.package_identification:Package 'src/clearpath_common/clearpath_generator_common' with type 'ros.ament_cmake' and name 'clearpath_generator_common'
[0.630s] Level 1:colcon.colcon_core.package_identification:_identify(src/clearpath_common/clearpath_manipulators) by extensions ['ignore', 'ignore_ament_install']
[0.630s] Level 1:colcon.colcon_core.package_identification:_identify(src/clearpath_common/clearpath_manipulators) by extension 'ignore'
[0.630s] Level 1:colcon.colcon_core.package_identification:_identify(src/clearpath_common/clearpath_manipulators) by extension 'ignore_ament_install'
[0.630s] Level 1:colcon.colcon_core.package_identification:_identify(src/clearpath_common/clearpath_manipulators) by extensions ['colcon_pkg']
[0.630s] Level 1:colcon.colcon_core.package_identification:_identify(src/clearpath_common/clearpath_manipulators) by extension 'colcon_pkg'
[0.630s] Level 1:colcon.colcon_core.package_identification:_identify(src/clearpath_common/clearpath_manipulators) by extensions ['colcon_meta']
[0.630s] Level 1:colcon.colcon_core.package_identification:_identify(src/clearpath_common/clearpath_manipulators) by extension 'colcon_meta'
[0.630s] Level 1:colcon.colcon_core.package_identification:_identify(src/clearpath_common/clearpath_manipulators) by extensions ['ros']
[0.630s] Level 1:colcon.colcon_core.package_identification:_identify(src/clearpath_common/clearpath_manipulators) by extension 'ros'
[0.631s] DEBUG:colcon.colcon_core.package_identification:Package 'src/clearpath_common/clearpath_manipulators' with type 'ros.ament_cmake' and name 'clearpath_manipulators'
[0.631s] Level 1:colcon.colcon_core.package_identification:_identify(src/clearpath_common/clearpath_manipulators_description) by extensions ['ignore', 'ignore_ament_install']
[0.631s] Level 1:colcon.colcon_core.package_identification:_identify(src/clearpath_common/clearpath_manipulators_description) by extension 'ignore'
[0.631s] Level 1:colcon.colcon_core.package_identification:_identify(src/clearpath_common/clearpath_manipulators_description) by extension 'ignore_ament_install'
[0.631s] Level 1:colcon.colcon_core.package_identification:_identify(src/clearpath_common/clearpath_manipulators_description) by extensions ['colcon_pkg']
[0.631s] Level 1:colcon.colcon_core.package_identification:_identify(src/clearpath_common/clearpath_manipulators_description) by extension 'colcon_pkg'
[0.631s] Level 1:colcon.colcon_core.package_identification:_identify(src/clearpath_common/clearpath_manipulators_description) by extensions ['colcon_meta']
[0.631s] Level 1:colcon.colcon_core.package_identification:_identify(src/clearpath_common/clearpath_manipulators_description) by extension 'colcon_meta'
[0.631s] Level 1:colcon.colcon_core.package_identification:_identify(src/clearpath_common/clearpath_manipulators_description) by extensions ['ros']
[0.631s] Level 1:colcon.colcon_core.package_identification:_identify(src/clearpath_common/clearpath_manipulators_description) by extension 'ros'
[0.632s] DEBUG:colcon.colcon_core.package_identification:Package 'src/clearpath_common/clearpath_manipulators_description' with type 'ros.ament_cmake' and name 'clearpath_manipulators_description'
[0.632s] Level 1:colcon.colcon_core.package_identification:_identify(src/clearpath_common/clearpath_mounts_description) by extensions ['ignore', 'ignore_ament_install']
[0.632s] Level 1:colcon.colcon_core.package_identification:_identify(src/clearpath_common/clearpath_mounts_description) by extension 'ignore'
[0.632s] Level 1:colcon.colcon_core.package_identification:_identify(src/clearpath_common/clearpath_mounts_description) by extension 'ignore_ament_install'
[0.632s] Level 1:colcon.colcon_core.package_identification:_identify(src/clearpath_common/clearpath_mounts_description) by extensions ['colcon_pkg']
[0.632s] Level 1:colcon.colcon_core.package_identification:_identify(src/clearpath_common/clearpath_mounts_description) by extension 'colcon_pkg'
[0.632s] Level 1:colcon.colcon_core.package_identification:_identify(src/clearpath_common/clearpath_mounts_description) by extensions ['colcon_meta']
[0.632s] Level 1:colcon.colcon_core.package_identification:_identify(src/clearpath_common/clearpath_mounts_description) by extension 'colcon_meta'
[0.632s] Level 1:colcon.colcon_core.package_identification:_identify(src/clearpath_common/clearpath_mounts_description) by extensions ['ros']
[0.632s] Level 1:colcon.colcon_core.package_identification:_identify(src/clearpath_common/clearpath_mounts_description) by extension 'ros'
[0.633s] DEBUG:colcon.colcon_core.package_identification:Package 'src/clearpath_common/clearpath_mounts_description' with type 'ros.ament_cmake' and name 'clearpath_mounts_description'
[0.633s] Level 1:colcon.colcon_core.package_identification:_identify(src/clearpath_common/clearpath_platform) by extensions ['ignore', 'ignore_ament_install']
[0.633s] Level 1:colcon.colcon_core.package_identification:_identify(src/clearpath_common/clearpath_platform) by extension 'ignore'
[0.633s] Level 1:colcon.colcon_core.package_identification:_identify(src/clearpath_common/clearpath_platform) by extension 'ignore_ament_install'
[0.633s] Level 1:colcon.colcon_core.package_identification:_identify(src/clearpath_common/clearpath_platform) by extensions ['colcon_pkg']
[0.633s] Level 1:colcon.colcon_core.package_identification:_identify(src/clearpath_common/clearpath_platform) by extension 'colcon_pkg'
[0.633s] Level 1:colcon.colcon_core.package_identification:_identify(src/clearpath_common/clearpath_platform) by extensions ['colcon_meta']
[0.633s] Level 1:colcon.colcon_core.package_identification:_identify(src/clearpath_common/clearpath_platform) by extension 'colcon_meta'
[0.633s] Level 1:colcon.colcon_core.package_identification:_identify(src/clearpath_common/clearpath_platform) by extensions ['ros']
[0.633s] Level 1:colcon.colcon_core.package_identification:_identify(src/clearpath_common/clearpath_platform) by extension 'ros'
[0.635s] DEBUG:colcon.colcon_core.package_identification:Package 'src/clearpath_common/clearpath_platform' with type 'ros.ament_cmake' and name 'clearpath_platform'
[0.635s] Level 1:colcon.colcon_core.package_identification:_identify(src/clearpath_common/clearpath_platform_description) by extensions ['ignore', 'ignore_ament_install']
[0.635s] Level 1:colcon.colcon_core.package_identification:_identify(src/clearpath_common/clearpath_platform_description) by extension 'ignore'
[0.635s] Level 1:colcon.colcon_core.package_identification:_identify(src/clearpath_common/clearpath_platform_description) by extension 'ignore_ament_install'
[0.635s] Level 1:colcon.colcon_core.package_identification:_identify(src/clearpath_common/clearpath_platform_description) by extensions ['colcon_pkg']
[0.635s] Level 1:colcon.colcon_core.package_identification:_identify(src/clearpath_common/clearpath_platform_description) by extension 'colcon_pkg'
[0.635s] Level 1:colcon.colcon_core.package_identification:_identify(src/clearpath_common/clearpath_platform_description) by extensions ['colcon_meta']
[0.635s] Level 1:colcon.colcon_core.package_identification:_identify(src/clearpath_common/clearpath_platform_description) by extension 'colcon_meta'
[0.635s] Level 1:colcon.colcon_core.package_identification:_identify(src/clearpath_common/clearpath_platform_description) by extensions ['ros']
[0.635s] Level 1:colcon.colcon_core.package_identification:_identify(src/clearpath_common/clearpath_platform_description) by extension 'ros'
[0.636s] DEBUG:colcon.colcon_core.package_identification:Package 'src/clearpath_common/clearpath_platform_description' with type 'ros.ament_cmake' and name 'clearpath_platform_description'
[0.636s] Level 1:colcon.colcon_core.package_identification:_identify(src/clearpath_common/clearpath_sensors_description) by extensions ['ignore', 'ignore_ament_install']
[0.636s] Level 1:colcon.colcon_core.package_identification:_identify(src/clearpath_common/clearpath_sensors_description) by extension 'ignore'
[0.636s] Level 1:colcon.colcon_core.package_identification:_identify(src/clearpath_common/clearpath_sensors_description) by extension 'ignore_ament_install'
[0.636s] Level 1:colcon.colcon_core.package_identification:_identify(src/clearpath_common/clearpath_sensors_description) by extensions ['colcon_pkg']
[0.636s] Level 1:colcon.colcon_core.package_identification:_identify(src/clearpath_common/clearpath_sensors_description) by extension 'colcon_pkg'
[0.636s] Level 1:colcon.colcon_core.package_identification:_identify(src/clearpath_common/clearpath_sensors_description) by extensions ['colcon_meta']
[0.636s] Level 1:colcon.colcon_core.package_identification:_identify(src/clearpath_common/clearpath_sensors_description) by extension 'colcon_meta'
[0.637s] Level 1:colcon.colcon_core.package_identification:_identify(src/clearpath_common/clearpath_sensors_description) by extensions ['ros']
[0.637s] Level 1:colcon.colcon_core.package_identification:_identify(src/clearpath_common/clearpath_sensors_description) by extension 'ros'
[0.637s] DEBUG:colcon.colcon_core.package_identification:Package 'src/clearpath_common/clearpath_sensors_description' with type 'ros.ament_cmake' and name 'clearpath_sensors_description'
[0.637s] Level 1:colcon.colcon_core.package_identification:_identify(src/clearpath_config) by extensions ['ignore', 'ignore_ament_install']
[0.637s] Level 1:colcon.colcon_core.package_identification:_identify(src/clearpath_config) by extension 'ignore'
[0.637s] Level 1:colcon.colcon_core.package_identification:_identify(src/clearpath_config) by extension 'ignore_ament_install'
[0.637s] Level 1:colcon.colcon_core.package_identification:_identify(src/clearpath_config) by extensions ['colcon_pkg']
[0.637s] Level 1:colcon.colcon_core.package_identification:_identify(src/clearpath_config) by extension 'colcon_pkg'
[0.637s] Level 1:colcon.colcon_core.package_identification:_identify(src/clearpath_config) by extensions ['colcon_meta']
[0.637s] Level 1:colcon.colcon_core.package_identification:_identify(src/clearpath_config) by extension 'colcon_meta'
[0.637s] Level 1:colcon.colcon_core.package_identification:_identify(src/clearpath_config) by extensions ['ros']
[0.638s] Level 1:colcon.colcon_core.package_identification:_identify(src/clearpath_config) by extension 'ros'
[0.638s] DEBUG:colcon.colcon_core.package_identification:Package 'src/clearpath_config' with type 'ros.ament_python' and name 'clearpath_config'
[0.638s] Level 1:colcon.colcon_core.package_identification:_identify(src/clearpath_msgs) by extensions ['ignore', 'ignore_ament_install']
[0.638s] Level 1:colcon.colcon_core.package_identification:_identify(src/clearpath_msgs) by extension 'ignore'
[0.638s] Level 1:colcon.colcon_core.package_identification:_identify(src/clearpath_msgs) by extension 'ignore_ament_install'
[0.638s] Level 1:colcon.colcon_core.package_identification:_identify(src/clearpath_msgs) by extensions ['colcon_pkg']
[0.638s] Level 1:colcon.colcon_core.package_identification:_identify(src/clearpath_msgs) by extension 'colcon_pkg'
[0.638s] Level 1:colcon.colcon_core.package_identification:_identify(src/clearpath_msgs) by extensions ['colcon_meta']
[0.638s] Level 1:colcon.colcon_core.package_identification:_identify(src/clearpath_msgs) by extension 'colcon_meta'
[0.638s] Level 1:colcon.colcon_core.package_identification:_identify(src/clearpath_msgs) by extensions ['ros']
[0.638s] Level 1:colcon.colcon_core.package_identification:_identify(src/clearpath_msgs) by extension 'ros'
[0.638s] Level 1:colcon.colcon_core.package_identification:_identify(src/clearpath_msgs) by extensions ['cmake', 'python']
[0.639s] Level 1:colcon.colcon_core.package_identification:_identify(src/clearpath_msgs) by extension 'cmake'
[0.639s] Level 1:colcon.colcon_core.package_identification:_identify(src/clearpath_msgs) by extension 'python'
[0.639s] Level 1:colcon.colcon_core.package_identification:_identify(src/clearpath_msgs) by extensions ['python_setup_py']
[0.639s] Level 1:colcon.colcon_core.package_identification:_identify(src/clearpath_msgs) by extension 'python_setup_py'
[0.639s] Level 1:colcon.colcon_core.package_identification:_identify(src/clearpath_msgs/clearpath_msgs) by extensions ['ignore', 'ignore_ament_install']
[0.639s] Level 1:colcon.colcon_core.package_identification:_identify(src/clearpath_msgs/clearpath_msgs) by extension 'ignore'
[0.639s] Level 1:colcon.colcon_core.package_identification:_identify(src/clearpath_msgs/clearpath_msgs) by extension 'ignore_ament_install'
[0.639s] Level 1:colcon.colcon_core.package_identification:_identify(src/clearpath_msgs/clearpath_msgs) by extensions ['colcon_pkg']
[0.639s] Level 1:colcon.colcon_core.package_identification:_identify(src/clearpath_msgs/clearpath_msgs) by extension 'colcon_pkg'
[0.639s] Level 1:colcon.colcon_core.package_identification:_identify(src/clearpath_msgs/clearpath_msgs) by extensions ['colcon_meta']
[0.639s] Level 1:colcon.colcon_core.package_identification:_identify(src/clearpath_msgs/clearpath_msgs) by extension 'colcon_meta'
[0.639s] Level 1:colcon.colcon_core.package_identification:_identify(src/clearpath_msgs/clearpath_msgs) by extensions ['ros']
[0.639s] Level 1:colcon.colcon_core.package_identification:_identify(src/clearpath_msgs/clearpath_msgs) by extension 'ros'
[0.640s] DEBUG:colcon.colcon_core.package_identification:Package 'src/clearpath_msgs/clearpath_msgs' with type 'ros.ament_cmake' and name 'clearpath_msgs'
[0.640s] Level 1:colcon.colcon_core.package_identification:_identify(src/clearpath_msgs/clearpath_platform_msgs) by extensions ['ignore', 'ignore_ament_install']
[0.640s] Level 1:colcon.colcon_core.package_identification:_identify(src/clearpath_msgs/clearpath_platform_msgs) by extension 'ignore'
[0.640s] Level 1:colcon.colcon_core.package_identification:_identify(src/clearpath_msgs/clearpath_platform_msgs) by extension 'ignore_ament_install'
[0.640s] Level 1:colcon.colcon_core.package_identification:_identify(src/clearpath_msgs/clearpath_platform_msgs) by extensions ['colcon_pkg']
[0.640s] Level 1:colcon.colcon_core.package_identification:_identify(src/clearpath_msgs/clearpath_platform_msgs) by extension 'colcon_pkg'
[0.640s] Level 1:colcon.colcon_core.package_identification:_identify(src/clearpath_msgs/clearpath_platform_msgs) by extensions ['colcon_meta']
[0.640s] Level 1:colcon.colcon_core.package_identification:_identify(src/clearpath_msgs/clearpath_platform_msgs) by extension 'colcon_meta'
[0.640s] Level 1:colcon.colcon_core.package_identification:_identify(src/clearpath_msgs/clearpath_platform_msgs) by extensions ['ros']
[0.640s] Level 1:colcon.colcon_core.package_identification:_identify(src/clearpath_msgs/clearpath_platform_msgs) by extension 'ros'
[0.641s] DEBUG:colcon.colcon_core.package_identification:Package 'src/clearpath_msgs/clearpath_platform_msgs' with type 'ros.ament_cmake' and name 'clearpath_platform_msgs'
[0.641s] Level 1:colcon.colcon_core.package_identification:_identify(src/clearpath_nav2_demos) by extensions ['ignore', 'ignore_ament_install']
[0.641s] Level 1:colcon.colcon_core.package_identification:_identify(src/clearpath_nav2_demos) by extension 'ignore'
[0.641s] Level 1:colcon.colcon_core.package_identification:_identify(src/clearpath_nav2_demos) by extension 'ignore_ament_install'
[0.641s] Level 1:colcon.colcon_core.package_identification:_identify(src/clearpath_nav2_demos) by extensions ['colcon_pkg']
[0.641s] Level 1:colcon.colcon_core.package_identification:_identify(src/clearpath_nav2_demos) by extension 'colcon_pkg'
[0.641s] Level 1:colcon.colcon_core.package_identification:_identify(src/clearpath_nav2_demos) by extensions ['colcon_meta']
[0.641s] Level 1:colcon.colcon_core.package_identification:_identify(src/clearpath_nav2_demos) by extension 'colcon_meta'
[0.641s] Level 1:colcon.colcon_core.package_identification:_identify(src/clearpath_nav2_demos) by extensions ['ros']
[0.641s] Level 1:colcon.colcon_core.package_identification:_identify(src/clearpath_nav2_demos) by extension 'ros'
[0.642s] DEBUG:colcon.colcon_core.package_identification:Package 'src/clearpath_nav2_demos' with type 'ros.ament_cmake' and name 'clearpath_nav2_demos'
[0.642s] Level 1:colcon.colcon_core.package_identification:_identify(src/clearpath_simulator) by extensions ['ignore', 'ignore_ament_install']
[0.642s] Level 1:colcon.colcon_core.package_identification:_identify(src/clearpath_simulator) by extension 'ignore'
[0.642s] Level 1:colcon.colcon_core.package_identification:_identify(src/clearpath_simulator) by extension 'ignore_ament_install'
[0.642s] Level 1:colcon.colcon_core.package_identification:_identify(src/clearpath_simulator) by extensions ['colcon_pkg']
[0.642s] Level 1:colcon.colcon_core.package_identification:_identify(src/clearpath_simulator) by extension 'colcon_pkg'
[0.642s] Level 1:colcon.colcon_core.package_identification:_identify(src/clearpath_simulator) by extensions ['colcon_meta']
[0.642s] Level 1:colcon.colcon_core.package_identification:_identify(src/clearpath_simulator) by extension 'colcon_meta'
[0.642s] Level 1:colcon.colcon_core.package_identification:_identify(src/clearpath_simulator) by extensions ['ros']
[0.642s] Level 1:colcon.colcon_core.package_identification:_identify(src/clearpath_simulator) by extension 'ros'
[0.642s] Level 1:colcon.colcon_core.package_identification:_identify(src/clearpath_simulator) by extensions ['cmake', 'python']
[0.643s] Level 1:colcon.colcon_core.package_identification:_identify(src/clearpath_simulator) by extension 'cmake'
[0.643s] Level 1:colcon.colcon_core.package_identification:_identify(src/clearpath_simulator) by extension 'python'
[0.643s] Level 1:colcon.colcon_core.package_identification:_identify(src/clearpath_simulator) by extensions ['python_setup_py']
[0.643s] Level 1:colcon.colcon_core.package_identification:_identify(src/clearpath_simulator) by extension 'python_setup_py'
[0.643s] Level 1:colcon.colcon_core.package_identification:_identify(src/clearpath_simulator/clearpath_generator_gz) by extensions ['ignore', 'ignore_ament_install']
[0.643s] Level 1:colcon.colcon_core.package_identification:_identify(src/clearpath_simulator/clearpath_generator_gz) by extension 'ignore'
[0.643s] Level 1:colcon.colcon_core.package_identification:_identify(src/clearpath_simulator/clearpath_generator_gz) by extension 'ignore_ament_install'
[0.643s] Level 1:colcon.colcon_core.package_identification:_identify(src/clearpath_simulator/clearpath_generator_gz) by extensions ['colcon_pkg']
[0.643s] Level 1:colcon.colcon_core.package_identification:_identify(src/clearpath_simulator/clearpath_generator_gz) by extension 'colcon_pkg'
[0.643s] Level 1:colcon.colcon_core.package_identification:_identify(src/clearpath_simulator/clearpath_generator_gz) by extensions ['colcon_meta']
[0.643s] Level 1:colcon.colcon_core.package_identification:_identify(src/clearpath_simulator/clearpath_generator_gz) by extension 'colcon_meta'
[0.643s] Level 1:colcon.colcon_core.package_identification:_identify(src/clearpath_simulator/clearpath_generator_gz) by extensions ['ros']
[0.643s] Level 1:colcon.colcon_core.package_identification:_identify(src/clearpath_simulator/clearpath_generator_gz) by extension 'ros'
[0.644s] DEBUG:colcon.colcon_core.package_identification:Package 'src/clearpath_simulator/clearpath_generator_gz' with type 'ros.ament_cmake' and name 'clearpath_generator_gz'
[0.644s] Level 1:colcon.colcon_core.package_identification:_identify(src/clearpath_simulator/clearpath_gz) by extensions ['ignore', 'ignore_ament_install']
[0.644s] Level 1:colcon.colcon_core.package_identification:_identify(src/clearpath_simulator/clearpath_gz) by extension 'ignore'
[0.644s] Level 1:colcon.colcon_core.package_identification:_identify(src/clearpath_simulator/clearpath_gz) by extension 'ignore_ament_install'
[0.644s] Level 1:colcon.colcon_core.package_identification:_identify(src/clearpath_simulator/clearpath_gz) by extensions ['colcon_pkg']
[0.644s] Level 1:colcon.colcon_core.package_identification:_identify(src/clearpath_simulator/clearpath_gz) by extension 'colcon_pkg'
[0.644s] Level 1:colcon.colcon_core.package_identification:_identify(src/clearpath_simulator/clearpath_gz) by extensions ['colcon_meta']
[0.644s] Level 1:colcon.colcon_core.package_identification:_identify(src/clearpath_simulator/clearpath_gz) by extension 'colcon_meta'
[0.644s] Level 1:colcon.colcon_core.package_identification:_identify(src/clearpath_simulator/clearpath_gz) by extensions ['ros']
[0.644s] Level 1:colcon.colcon_core.package_identification:_identify(src/clearpath_simulator/clearpath_gz) by extension 'ros'
[0.645s] DEBUG:colcon.colcon_core.package_identification:Package 'src/clearpath_simulator/clearpath_gz' with type 'ros.ament_cmake' and name 'clearpath_gz'
[0.645s] Level 1:colcon.colcon_core.package_identification:_identify(src/clearpath_simulator/clearpath_simulator) by extensions ['ignore', 'ignore_ament_install']
[0.645s] Level 1:colcon.colcon_core.package_identification:_identify(src/clearpath_simulator/clearpath_simulator) by extension 'ignore'
[0.645s] Level 1:colcon.colcon_core.package_identification:_identify(src/clearpath_simulator/clearpath_simulator) by extension 'ignore_ament_install'
[0.645s] Level 1:colcon.colcon_core.package_identification:_identify(src/clearpath_simulator/clearpath_simulator) by extensions ['colcon_pkg']
[0.645s] Level 1:colcon.colcon_core.package_identification:_identify(src/clearpath_simulator/clearpath_simulator) by extension 'colcon_pkg'
[0.645s] Level 1:colcon.colcon_core.package_identification:_identify(src/clearpath_simulator/clearpath_simulator) by extensions ['colcon_meta']
[0.645s] Level 1:colcon.colcon_core.package_identification:_identify(src/clearpath_simulator/clearpath_simulator) by extension 'colcon_meta'
[0.645s] Level 1:colcon.colcon_core.package_identification:_identify(src/clearpath_simulator/clearpath_simulator) by extensions ['ros']
[0.645s] Level 1:colcon.colcon_core.package_identification:_identify(src/clearpath_simulator/clearpath_simulator) by extension 'ros'
[0.646s] DEBUG:colcon.colcon_core.package_identification:Package 'src/clearpath_simulator/clearpath_simulator' with type 'ros.ament_cmake' and name 'clearpath_simulator'
[0.646s] Level 1:colcon.colcon_core.package_identification:_identify(src/mpc_low) by extensions ['ignore', 'ignore_ament_install']
[0.646s] Level 1:colcon.colcon_core.package_identification:_identify(src/mpc_low) by extension 'ignore'
[0.646s] Level 1:colcon.colcon_core.package_identification:_identify(src/mpc_low) by extension 'ignore_ament_install'
[0.646s] Level 1:colcon.colcon_core.package_identification:_identify(src/mpc_low) by extensions ['colcon_pkg']
[0.646s] Level 1:colcon.colcon_core.package_identification:_identify(src/mpc_low) by extension 'colcon_pkg'
[0.646s] Level 1:colcon.colcon_core.package_identification:_identify(src/mpc_low) by extensions ['colcon_meta']
[0.646s] Level 1:colcon.colcon_core.package_identification:_identify(src/mpc_low) by extension 'colcon_meta'
[0.646s] Level 1:colcon.colcon_core.package_identification:_identify(src/mpc_low) by extensions ['ros']
[0.646s] Level 1:colcon.colcon_core.package_identification:_identify(src/mpc_low) by extension 'ros'
[0.648s] DEBUG:colcon.colcon_core.package_identification:Package 'src/mpc_low' with type 'ros.ament_cmake' and name 'mpc_low'
[0.648s] Level 1:colcon.colcon_core.package_identification:_identify(src/person_movement) by extensions ['ignore', 'ignore_ament_install']
[0.648s] Level 1:colcon.colcon_core.package_identification:_identify(src/person_movement) by extension 'ignore'
[0.648s] Level 1:colcon.colcon_core.package_identification:_identify(src/person_movement) by extension 'ignore_ament_install'
[0.648s] Level 1:colcon.colcon_core.package_identification:_identify(src/person_movement) by extensions ['colcon_pkg']
[0.648s] Level 1:colcon.colcon_core.package_identification:_identify(src/person_movement) by extension 'colcon_pkg'
[0.648s] Level 1:colcon.colcon_core.package_identification:_identify(src/person_movement) by extensions ['colcon_meta']
[0.648s] Level 1:colcon.colcon_core.package_identification:_identify(src/person_movement) by extension 'colcon_meta'
[0.648s] Level 1:colcon.colcon_core.package_identification:_identify(src/person_movement) by extensions ['ros']
[0.648s] Level 1:colcon.colcon_core.package_identification:_identify(src/person_movement) by extension 'ros'
[0.649s] DEBUG:colcon.colcon_core.package_identification:Package 'src/person_movement' with type 'ros.ament_python' and name 'person_movement'
[0.649s] Level 1:colcon.colcon_core.package_identification:_identify(src/yolo_ros) by extensions ['ignore', 'ignore_ament_install']
[0.649s] Level 1:colcon.colcon_core.package_identification:_identify(src/yolo_ros) by extension 'ignore'
[0.649s] Level 1:colcon.colcon_core.package_identification:_identify(src/yolo_ros) by extension 'ignore_ament_install'
[0.649s] Level 1:colcon.colcon_core.package_identification:_identify(src/yolo_ros) by extensions ['colcon_pkg']
[0.649s] Level 1:colcon.colcon_core.package_identification:_identify(src/yolo_ros) by extension 'colcon_pkg'
[0.649s] Level 1:colcon.colcon_core.package_identification:_identify(src/yolo_ros) by extensions ['colcon_meta']
[0.649s] Level 1:colcon.colcon_core.package_identification:_identify(src/yolo_ros) by extension 'colcon_meta'
[0.649s] Level 1:colcon.colcon_core.package_identification:_identify(src/yolo_ros) by extensions ['ros']
[0.649s] Level 1:colcon.colcon_core.package_identification:_identify(src/yolo_ros) by extension 'ros'
[0.649s] Level 1:colcon.colcon_core.package_identification:_identify(src/yolo_ros) by extensions ['cmake', 'python']
[0.649s] Level 1:colcon.colcon_core.package_identification:_identify(src/yolo_ros) by extension 'cmake'
[0.650s] Level 1:colcon.colcon_core.package_identification:_identify(src/yolo_ros) by extension 'python'
[0.650s] Level 1:colcon.colcon_core.package_identification:_identify(src/yolo_ros) by extensions ['python_setup_py']
[0.650s] Level 1:colcon.colcon_core.package_identification:_identify(src/yolo_ros) by extension 'python_setup_py'
[0.650s] Level 1:colcon.colcon_core.package_identification:_identify(src/yolo_ros/docs) by extensions ['ignore', 'ignore_ament_install']
[0.650s] Level 1:colcon.colcon_core.package_identification:_identify(src/yolo_ros/docs) by extension 'ignore'
[0.650s] Level 1:colcon.colcon_core.package_identification:_identify(src/yolo_ros/docs) by extension 'ignore_ament_install'
[0.650s] Level 1:colcon.colcon_core.package_identification:_identify(src/yolo_ros/docs) by extensions ['colcon_pkg']
[0.650s] Level 1:colcon.colcon_core.package_identification:_identify(src/yolo_ros/docs) by extension 'colcon_pkg'
[0.650s] Level 1:colcon.colcon_core.package_identification:_identify(src/yolo_ros/docs) by extensions ['colcon_meta']
[0.650s] Level 1:colcon.colcon_core.package_identification:_identify(src/yolo_ros/docs) by extension 'colcon_meta'
[0.650s] Level 1:colcon.colcon_core.package_identification:_identify(src/yolo_ros/docs) by extensions ['ros']
[0.650s] Level 1:colcon.colcon_core.package_identification:_identify(src/yolo_ros/docs) by extension 'ros'
[0.650s] Level 1:colcon.colcon_core.package_identification:_identify(src/yolo_ros/docs) by extensions ['cmake', 'python']
[0.650s] Level 1:colcon.colcon_core.package_identification:_identify(src/yolo_ros/docs) by extension 'cmake'
[0.650s] Level 1:colcon.colcon_core.package_identification:_identify(src/yolo_ros/docs) by extension 'python'
[0.650s] Level 1:colcon.colcon_core.package_identification:_identify(src/yolo_ros/docs) by extensions ['python_setup_py']
[0.650s] Level 1:colcon.colcon_core.package_identification:_identify(src/yolo_ros/docs) by extension 'python_setup_py'
[0.651s] Level 1:colcon.colcon_core.package_identification:_identify(src/yolo_ros/yolo_bringup) by extensions ['ignore', 'ignore_ament_install']
[0.651s] Level 1:colcon.colcon_core.package_identification:_identify(src/yolo_ros/yolo_bringup) by extension 'ignore'
[0.651s] Level 1:colcon.colcon_core.package_identification:_identify(src/yolo_ros/yolo_bringup) by extension 'ignore_ament_install'
[0.651s] Level 1:colcon.colcon_core.package_identification:_identify(src/yolo_ros/yolo_bringup) by extensions ['colcon_pkg']
[0.651s] Level 1:colcon.colcon_core.package_identification:_identify(src/yolo_ros/yolo_bringup) by extension 'colcon_pkg'
[0.651s] Level 1:colcon.colcon_core.package_identification:_identify(src/yolo_ros/yolo_bringup) by extensions ['colcon_meta']
[0.651s] Level 1:colcon.colcon_core.package_identification:_identify(src/yolo_ros/yolo_bringup) by extension 'colcon_meta'
[0.651s] Level 1:colcon.colcon_core.package_identification:_identify(src/yolo_ros/yolo_bringup) by extensions ['ros']
[0.651s] Level 1:colcon.colcon_core.package_identification:_identify(src/yolo_ros/yolo_bringup) by extension 'ros'
[0.652s] DEBUG:colcon.colcon_core.package_identification:Package 'src/yolo_ros/yolo_bringup' with type 'ros.ament_cmake' and name 'yolo_bringup'
[0.652s] Level 1:colcon.colcon_core.package_identification:_identify(src/yolo_ros/yolo_msgs) by extensions ['ignore', 'ignore_ament_install']
[0.652s] Level 1:colcon.colcon_core.package_identification:_identify(src/yolo_ros/yolo_msgs) by extension 'ignore'
[0.652s] Level 1:colcon.colcon_core.package_identification:_identify(src/yolo_ros/yolo_msgs) by extension 'ignore_ament_install'
[0.652s] Level 1:colcon.colcon_core.package_identification:_identify(src/yolo_ros/yolo_msgs) by extensions ['colcon_pkg']
[0.652s] Level 1:colcon.colcon_core.package_identification:_identify(src/yolo_ros/yolo_msgs) by extension 'colcon_pkg'
[0.652s] Level 1:colcon.colcon_core.package_identification:_identify(src/yolo_ros/yolo_msgs) by extensions ['colcon_meta']
[0.652s] Level 1:colcon.colcon_core.package_identification:_identify(src/yolo_ros/yolo_msgs) by extension 'colcon_meta'
[0.652s] Level 1:colcon.colcon_core.package_identification:_identify(src/yolo_ros/yolo_msgs) by extensions ['ros']
[0.652s] Level 1:colcon.colcon_core.package_identification:_identify(src/yolo_ros/yolo_msgs) by extension 'ros'
[0.653s] DEBUG:colcon.colcon_core.package_identification:Package 'src/yolo_ros/yolo_msgs' with type 'ros.ament_cmake' and name 'yolo_msgs'
[0.653s] Level 1:colcon.colcon_core.package_identification:_identify(src/yolo_ros/yolo_ros) by extensions ['ignore', 'ignore_ament_install']
[0.653s] Level 1:colcon.colcon_core.package_identification:_identify(src/yolo_ros/yolo_ros) by extension 'ignore'
[0.653s] Level 1:colcon.colcon_core.package_identification:_identify(src/yolo_ros/yolo_ros) by extension 'ignore_ament_install'
[0.653s] Level 1:colcon.colcon_core.package_identification:_identify(src/yolo_ros/yolo_ros) by extensions ['colcon_pkg']
[0.653s] Level 1:colcon.colcon_core.package_identification:_identify(src/yolo_ros/yolo_ros) by extension 'colcon_pkg'
[0.653s] Level 1:colcon.colcon_core.package_identification:_identify(src/yolo_ros/yolo_ros) by extensions ['colcon_meta']
[0.653s] Level 1:colcon.colcon_core.package_identification:_identify(src/yolo_ros/yolo_ros) by extension 'colcon_meta'
[0.653s] Level 1:colcon.colcon_core.package_identification:_identify(src/yolo_ros/yolo_ros) by extensions ['ros']
[0.653s] Level 1:colcon.colcon_core.package_identification:_identify(src/yolo_ros/yolo_ros) by extension 'ros'
[0.654s] DEBUG:colcon.colcon_core.package_identification:Package 'src/yolo_ros/yolo_ros' with type 'ros.ament_python' and name 'yolo_ros'
[0.654s] Level 1:colcon.colcon_core.package_discovery:discover_packages(recursive) using defaults
[0.654s] Level 1:colcon.colcon_core.package_discovery:discover_packages(ignore) discover
[0.654s] Level 1:colcon.colcon_core.package_discovery:discover_packages(ignore) using defaults
[0.654s] Level 1:colcon.colcon_core.package_discovery:discover_packages(path) discover
[0.654s] Level 1:colcon.colcon_core.package_discovery:discover_packages(path) using defaults
[0.682s] WARNING:colcon.colcon_core.package_augmentation.check_dependency_constraint:clearpath_nav2_demos depends on clearpath_config which has version 0.3.3 but expects it to be greater than or equal to 1.0.0
[0.687s] Level 1:colcon.colcon_core.package_discovery:discover_packages(prefix_path) check parameters
[0.687s] Level 1:colcon.colcon_core.package_discovery:discover_packages(prefix_path) discover
[0.691s] DEBUG:colcon.colcon_installed_package_information.package_discovery:Found 25 installed packages in /home/dimash/debug_clear_ws/install
[0.693s] DEBUG:colcon.colcon_installed_package_information.package_discovery:Found 428 installed packages in /opt/ros/humble
[0.695s] Level 1:colcon.colcon_core.package_discovery:discover_packages(prefix_path) using defaults
[0.747s] WARNING:colcon.colcon_core.package_selection:Some selected packages are already built in one or more underlay workspaces:
	'clearpath_generator_common' is in: /home/dimash/debug_clear_ws/install/clearpath_generator_common, /opt/ros/humble
	'clearpath_platform_msgs' is in: /home/dimash/debug_clear_ws/install/clearpath_platform_msgs, /opt/ros/humble
	'clearpath_platform_description' is in: /home/dimash/debug_clear_ws/install/clearpath_platform_description, /opt/ros/humble
If a package in a merged underlay workspace is overridden and it installs headers, then all packages in the overlay must sort their include directories by workspace order. Failure to do so may result in build failures or undefined behavior at run time.
If the overridden package is used by another package in any underlay, then the overriding package in the overlay must be API and ABI compatible or undefined behavior at run time may occur.

If you understand the risks and want to override a package anyways, add the following to the command line:
	--allow-overriding clearpath_generator_common clearpath_platform_description clearpath_platform_msgs

This may be promoted to an error in a future release of colcon-override-check.
[0.748s] Level 5:colcon.colcon_core.verb:set package 'clearpath_config' build argument 'cmake_args' from command line to 'None'
[0.748s] Level 5:colcon.colcon_core.verb:set package 'clearpath_config' build argument 'cmake_target' from command line to 'None'
[0.748s] Level 5:colcon.colcon_core.verb:set package 'clearpath_config' build argument 'cmake_target_skip_unavailable' from command line to 'False'
[0.748s] Level 5:colcon.colcon_core.verb:set package 'clearpath_config' build argument 'cmake_clean_cache' from command line to 'False'
[0.748s] Level 5:colcon.colcon_core.verb:set package 'clearpath_config' build argument 'cmake_clean_first' from command line to 'False'
[0.748s] Level 5:colcon.colcon_core.verb:set package 'clearpath_config' build argument 'cmake_force_configure' from command line to 'False'
[0.748s] Level 5:colcon.colcon_core.verb:set package 'clearpath_config' build argument 'ament_cmake_args' from command line to 'None'
[0.748s] Level 5:colcon.colcon_core.verb:set package 'clearpath_config' build argument 'catkin_cmake_args' from command line to 'None'
[0.748s] Level 5:colcon.colcon_core.verb:set package 'clearpath_config' build argument 'catkin_skip_building_tests' from command line to 'False'
[0.748s] DEBUG:colcon.colcon_core.verb:Building package 'clearpath_config' with the following arguments: {'ament_cmake_args': None, 'build_base': '/home/dimash/debug_clear_ws/build/clearpath_config', 'catkin_cmake_args': None, 'catkin_skip_building_tests': False, 'cmake_args': None, 'cmake_clean_cache': False, 'cmake_clean_first': False, 'cmake_force_configure': False, 'cmake_target': None, 'cmake_target_skip_unavailable': False, 'install_base': '/home/dimash/debug_clear_ws/install/clearpath_config', 'merge_install': False, 'path': '/home/dimash/debug_clear_ws/src/clearpath_config', 'symlink_install': False, 'test_result_base': None}
[0.748s] Level 5:colcon.colcon_core.verb:set package 'clearpath_control' build argument 'cmake_args' from command line to 'None'
[0.748s] Level 5:colcon.colcon_core.verb:set package 'clearpath_control' build argument 'cmake_target' from command line to 'None'
[0.748s] Level 5:colcon.colcon_core.verb:set package 'clearpath_control' build argument 'cmake_target_skip_unavailable' from command line to 'False'
[0.748s] Level 5:colcon.colcon_core.verb:set package 'clearpath_control' build argument 'cmake_clean_cache' from command line to 'False'
[0.749s] Level 5:colcon.colcon_core.verb:set package 'clearpath_control' build argument 'cmake_clean_first' from command line to 'False'
[0.749s] Level 5:colcon.colcon_core.verb:set package 'clearpath_control' build argument 'cmake_force_configure' from command line to 'False'
[0.749s] Level 5:colcon.colcon_core.verb:set package 'clearpath_control' build argument 'ament_cmake_args' from command line to 'None'
[0.749s] Level 5:colcon.colcon_core.verb:set package 'clearpath_control' build argument 'catkin_cmake_args' from command line to 'None'
[0.749s] Level 5:colcon.colcon_core.verb:set package 'clearpath_control' build argument 'catkin_skip_building_tests' from command line to 'False'
[0.749s] DEBUG:colcon.colcon_core.verb:Building package 'clearpath_control' with the following arguments: {'ament_cmake_args': None, 'build_base': '/home/dimash/debug_clear_ws/build/clearpath_control', 'catkin_cmake_args': None, 'catkin_skip_building_tests': False, 'cmake_args': None, 'cmake_clean_cache': False, 'cmake_clean_first': False, 'cmake_force_configure': False, 'cmake_target': None, 'cmake_target_skip_unavailable': False, 'install_base': '/home/dimash/debug_clear_ws/install/clearpath_control', 'merge_install': False, 'path': '/home/dimash/debug_clear_ws/src/clearpath_common/clearpath_control', 'symlink_install': False, 'test_result_base': None}
[0.749s] Level 5:colcon.colcon_core.verb:set package 'clearpath_customization' build argument 'cmake_args' from command line to 'None'
[0.749s] Level 5:colcon.colcon_core.verb:set package 'clearpath_customization' build argument 'cmake_target' from command line to 'None'
[0.749s] Level 5:colcon.colcon_core.verb:set package 'clearpath_customization' build argument 'cmake_target_skip_unavailable' from command line to 'False'
[0.749s] Level 5:colcon.colcon_core.verb:set package 'clearpath_customization' build argument 'cmake_clean_cache' from command line to 'False'
[0.749s] Level 5:colcon.colcon_core.verb:set package 'clearpath_customization' build argument 'cmake_clean_first' from command line to 'False'
[0.749s] Level 5:colcon.colcon_core.verb:set package 'clearpath_customization' build argument 'cmake_force_configure' from command line to 'False'
[0.749s] Level 5:colcon.colcon_core.verb:set package 'clearpath_customization' build argument 'ament_cmake_args' from command line to 'None'
[0.749s] Level 5:colcon.colcon_core.verb:set package 'clearpath_customization' build argument 'catkin_cmake_args' from command line to 'None'
[0.749s] Level 5:colcon.colcon_core.verb:set package 'clearpath_customization' build argument 'catkin_skip_building_tests' from command line to 'False'
[0.749s] DEBUG:colcon.colcon_core.verb:Building package 'clearpath_customization' with the following arguments: {'ament_cmake_args': None, 'build_base': '/home/dimash/debug_clear_ws/build/clearpath_customization', 'catkin_cmake_args': None, 'catkin_skip_building_tests': False, 'cmake_args': None, 'cmake_clean_cache': False, 'cmake_clean_first': False, 'cmake_force_configure': False, 'cmake_target': None, 'cmake_target_skip_unavailable': False, 'install_base': '/home/dimash/debug_clear_ws/install/clearpath_customization', 'merge_install': False, 'path': '/home/dimash/debug_clear_ws/src/clearpath_common/clearpath_customization', 'symlink_install': False, 'test_result_base': None}
[0.750s] Level 5:colcon.colcon_core.verb:set package 'clearpath_manipulators_description' build argument 'cmake_args' from command line to 'None'
[0.750s] Level 5:colcon.colcon_core.verb:set package 'clearpath_manipulators_description' build argument 'cmake_target' from command line to 'None'
[0.750s] Level 5:colcon.colcon_core.verb:set package 'clearpath_manipulators_description' build argument 'cmake_target_skip_unavailable' from command line to 'False'
[0.750s] Level 5:colcon.colcon_core.verb:set package 'clearpath_manipulators_description' build argument 'cmake_clean_cache' from command line to 'False'
[0.750s] Level 5:colcon.colcon_core.verb:set package 'clearpath_manipulators_description' build argument 'cmake_clean_first' from command line to 'False'
[0.750s] Level 5:colcon.colcon_core.verb:set package 'clearpath_manipulators_description' build argument 'cmake_force_configure' from command line to 'False'
[0.750s] Level 5:colcon.colcon_core.verb:set package 'clearpath_manipulators_description' build argument 'ament_cmake_args' from command line to 'None'
[0.750s] Level 5:colcon.colcon_core.verb:set package 'clearpath_manipulators_description' build argument 'catkin_cmake_args' from command line to 'None'
[0.750s] Level 5:colcon.colcon_core.verb:set package 'clearpath_manipulators_description' build argument 'catkin_skip_building_tests' from command line to 'False'
[0.750s] DEBUG:colcon.colcon_core.verb:Building package 'clearpath_manipulators_description' with the following arguments: {'ament_cmake_args': None, 'build_base': '/home/dimash/debug_clear_ws/build/clearpath_manipulators_description', 'catkin_cmake_args': None, 'catkin_skip_building_tests': False, 'cmake_args': None, 'cmake_clean_cache': False, 'cmake_clean_first': False, 'cmake_force_configure': False, 'cmake_target': None, 'cmake_target_skip_unavailable': False, 'install_base': '/home/dimash/debug_clear_ws/install/clearpath_manipulators_description', 'merge_install': False, 'path': '/home/dimash/debug_clear_ws/src/clearpath_common/clearpath_manipulators_description', 'symlink_install': False, 'test_result_base': None}
[0.750s] Level 5:colcon.colcon_core.verb:set package 'clearpath_mounts_description' build argument 'cmake_args' from command line to 'None'
[0.750s] Level 5:colcon.colcon_core.verb:set package 'clearpath_mounts_description' build argument 'cmake_target' from command line to 'None'
[0.750s] Level 5:colcon.colcon_core.verb:set package 'clearpath_mounts_description' build argument 'cmake_target_skip_unavailable' from command line to 'False'
[0.750s] Level 5:colcon.colcon_core.verb:set package 'clearpath_mounts_description' build argument 'cmake_clean_cache' from command line to 'False'
[0.750s] Level 5:colcon.colcon_core.verb:set package 'clearpath_mounts_description' build argument 'cmake_clean_first' from command line to 'False'
[0.750s] Level 5:colcon.colcon_core.verb:set package 'clearpath_mounts_description' build argument 'cmake_force_configure' from command line to 'False'
[0.750s] Level 5:colcon.colcon_core.verb:set package 'clearpath_mounts_description' build argument 'ament_cmake_args' from command line to 'None'
[0.750s] Level 5:colcon.colcon_core.verb:set package 'clearpath_mounts_description' build argument 'catkin_cmake_args' from command line to 'None'
[0.750s] Level 5:colcon.colcon_core.verb:set package 'clearpath_mounts_description' build argument 'catkin_skip_building_tests' from command line to 'False'
[0.750s] DEBUG:colcon.colcon_core.verb:Building package 'clearpath_mounts_description' with the following arguments: {'ament_cmake_args': None, 'build_base': '/home/dimash/debug_clear_ws/build/clearpath_mounts_description', 'catkin_cmake_args': None, 'catkin_skip_building_tests': False, 'cmake_args': None, 'cmake_clean_cache': False, 'cmake_clean_first': False, 'cmake_force_configure': False, 'cmake_target': None, 'cmake_target_skip_unavailable': False, 'install_base': '/home/dimash/debug_clear_ws/install/clearpath_mounts_description', 'merge_install': False, 'path': '/home/dimash/debug_clear_ws/src/clearpath_common/clearpath_mounts_description', 'symlink_install': False, 'test_result_base': None}
[0.751s] Level 5:colcon.colcon_core.verb:set package 'clearpath_platform_description' build argument 'cmake_args' from command line to 'None'
[0.751s] Level 5:colcon.colcon_core.verb:set package 'clearpath_platform_description' build argument 'cmake_target' from command line to 'None'
[0.751s] Level 5:colcon.colcon_core.verb:set package 'clearpath_platform_description' build argument 'cmake_target_skip_unavailable' from command line to 'False'
[0.751s] Level 5:colcon.colcon_core.verb:set package 'clearpath_platform_description' build argument 'cmake_clean_cache' from command line to 'False'
[0.751s] Level 5:colcon.colcon_core.verb:set package 'clearpath_platform_description' build argument 'cmake_clean_first' from command line to 'False'
[0.751s] Level 5:colcon.colcon_core.verb:set package 'clearpath_platform_description' build argument 'cmake_force_configure' from command line to 'False'
[0.751s] Level 5:colcon.colcon_core.verb:set package 'clearpath_platform_description' build argument 'ament_cmake_args' from command line to 'None'
[0.751s] Level 5:colcon.colcon_core.verb:set package 'clearpath_platform_description' build argument 'catkin_cmake_args' from command line to 'None'
[0.751s] Level 5:colcon.colcon_core.verb:set package 'clearpath_platform_description' build argument 'catkin_skip_building_tests' from command line to 'False'
[0.751s] DEBUG:colcon.colcon_core.verb:Building package 'clearpath_platform_description' with the following arguments: {'ament_cmake_args': None, 'build_base': '/home/dimash/debug_clear_ws/build/clearpath_platform_description', 'catkin_cmake_args': None, 'catkin_skip_building_tests': False, 'cmake_args': None, 'cmake_clean_cache': False, 'cmake_clean_first': False, 'cmake_force_configure': False, 'cmake_target': None, 'cmake_target_skip_unavailable': False, 'install_base': '/home/dimash/debug_clear_ws/install/clearpath_platform_description', 'merge_install': False, 'path': '/home/dimash/debug_clear_ws/src/clearpath_common/clearpath_platform_description', 'symlink_install': False, 'test_result_base': None}
[0.752s] Level 5:colcon.colcon_core.verb:set package 'clearpath_platform_msgs' build argument 'cmake_args' from command line to 'None'
[0.752s] Level 5:colcon.colcon_core.verb:set package 'clearpath_platform_msgs' build argument 'cmake_target' from command line to 'None'
[0.752s] Level 5:colcon.colcon_core.verb:set package 'clearpath_platform_msgs' build argument 'cmake_target_skip_unavailable' from command line to 'False'
[0.752s] Level 5:colcon.colcon_core.verb:set package 'clearpath_platform_msgs' build argument 'cmake_clean_cache' from command line to 'False'
[0.752s] Level 5:colcon.colcon_core.verb:set package 'clearpath_platform_msgs' build argument 'cmake_clean_first' from command line to 'False'
[0.752s] Level 5:colcon.colcon_core.verb:set package 'clearpath_platform_msgs' build argument 'cmake_force_configure' from command line to 'False'
[0.752s] Level 5:colcon.colcon_core.verb:set package 'clearpath_platform_msgs' build argument 'ament_cmake_args' from command line to 'None'
[0.752s] Level 5:colcon.colcon_core.verb:set package 'clearpath_platform_msgs' build argument 'catkin_cmake_args' from command line to 'None'
[0.752s] Level 5:colcon.colcon_core.verb:set package 'clearpath_platform_msgs' build argument 'catkin_skip_building_tests' from command line to 'False'
[0.752s] DEBUG:colcon.colcon_core.verb:Building package 'clearpath_platform_msgs' with the following arguments: {'ament_cmake_args': None, 'build_base': '/home/dimash/debug_clear_ws/build/clearpath_platform_msgs', 'catkin_cmake_args': None, 'catkin_skip_building_tests': False, 'cmake_args': None, 'cmake_clean_cache': False, 'cmake_clean_first': False, 'cmake_force_configure': False, 'cmake_target': None, 'cmake_target_skip_unavailable': False, 'install_base': '/home/dimash/debug_clear_ws/install/clearpath_platform_msgs', 'merge_install': False, 'path': '/home/dimash/debug_clear_ws/src/clearpath_msgs/clearpath_platform_msgs', 'symlink_install': False, 'test_result_base': None}
[0.752s] Level 5:colcon.colcon_core.verb:set package 'clearpath_sensors_description' build argument 'cmake_args' from command line to 'None'
[0.752s] Level 5:colcon.colcon_core.verb:set package 'clearpath_sensors_description' build argument 'cmake_target' from command line to 'None'
[0.752s] Level 5:colcon.colcon_core.verb:set package 'clearpath_sensors_description' build argument 'cmake_target_skip_unavailable' from command line to 'False'
[0.752s] Level 5:colcon.colcon_core.verb:set package 'clearpath_sensors_description' build argument 'cmake_clean_cache' from command line to 'False'
[0.752s] Level 5:colcon.colcon_core.verb:set package 'clearpath_sensors_description' build argument 'cmake_clean_first' from command line to 'False'
[0.752s] Level 5:colcon.colcon_core.verb:set package 'clearpath_sensors_description' build argument 'cmake_force_configure' from command line to 'False'
[0.752s] Level 5:colcon.colcon_core.verb:set package 'clearpath_sensors_description' build argument 'ament_cmake_args' from command line to 'None'
[0.752s] Level 5:colcon.colcon_core.verb:set package 'clearpath_sensors_description' build argument 'catkin_cmake_args' from command line to 'None'
[0.752s] Level 5:colcon.colcon_core.verb:set package 'clearpath_sensors_description' build argument 'catkin_skip_building_tests' from command line to 'False'
[0.752s] DEBUG:colcon.colcon_core.verb:Building package 'clearpath_sensors_description' with the following arguments: {'ament_cmake_args': None, 'build_base': '/home/dimash/debug_clear_ws/build/clearpath_sensors_description', 'catkin_cmake_args': None, 'catkin_skip_building_tests': False, 'cmake_args': None, 'cmake_clean_cache': False, 'cmake_clean_first': False, 'cmake_force_configure': False, 'cmake_target': None, 'cmake_target_skip_unavailable': False, 'install_base': '/home/dimash/debug_clear_ws/install/clearpath_sensors_description', 'merge_install': False, 'path': '/home/dimash/debug_clear_ws/src/clearpath_common/clearpath_sensors_description', 'symlink_install': False, 'test_result_base': None}
[0.753s] Level 5:colcon.colcon_core.verb:set package 'person_movement' build argument 'cmake_args' from command line to 'None'
[0.753s] Level 5:colcon.colcon_core.verb:set package 'person_movement' build argument 'cmake_target' from command line to 'None'
[0.753s] Level 5:colcon.colcon_core.verb:set package 'person_movement' build argument 'cmake_target_skip_unavailable' from command line to 'False'
[0.753s] Level 5:colcon.colcon_core.verb:set package 'person_movement' build argument 'cmake_clean_cache' from command line to 'False'
[0.753s] Level 5:colcon.colcon_core.verb:set package 'person_movement' build argument 'cmake_clean_first' from command line to 'False'
[0.753s] Level 5:colcon.colcon_core.verb:set package 'person_movement' build argument 'cmake_force_configure' from command line to 'False'
[0.753s] Level 5:colcon.colcon_core.verb:set package 'person_movement' build argument 'ament_cmake_args' from command line to 'None'
[0.753s] Level 5:colcon.colcon_core.verb:set package 'person_movement' build argument 'catkin_cmake_args' from command line to 'None'
[0.753s] Level 5:colcon.colcon_core.verb:set package 'person_movement' build argument 'catkin_skip_building_tests' from command line to 'False'
[0.753s] DEBUG:colcon.colcon_core.verb:Building package 'person_movement' with the following arguments: {'ament_cmake_args': None, 'build_base': '/home/dimash/debug_clear_ws/build/person_movement', 'catkin_cmake_args': None, 'catkin_skip_building_tests': False, 'cmake_args': None, 'cmake_clean_cache': False, 'cmake_clean_first': False, 'cmake_force_configure': False, 'cmake_target': None, 'cmake_target_skip_unavailable': False, 'install_base': '/home/dimash/debug_clear_ws/install/person_movement', 'merge_install': False, 'path': '/home/dimash/debug_clear_ws/src/person_movement', 'symlink_install': False, 'test_result_base': None}
[0.753s] Level 5:colcon.colcon_core.verb:set package 'yolo_msgs' build argument 'cmake_args' from command line to 'None'
[0.753s] Level 5:colcon.colcon_core.verb:set package 'yolo_msgs' build argument 'cmake_target' from command line to 'None'
[0.753s] Level 5:colcon.colcon_core.verb:set package 'yolo_msgs' build argument 'cmake_target_skip_unavailable' from command line to 'False'
[0.753s] Level 5:colcon.colcon_core.verb:set package 'yolo_msgs' build argument 'cmake_clean_cache' from command line to 'False'
[0.753s] Level 5:colcon.colcon_core.verb:set package 'yolo_msgs' build argument 'cmake_clean_first' from command line to 'False'
[0.753s] Level 5:colcon.colcon_core.verb:set package 'yolo_msgs' build argument 'cmake_force_configure' from command line to 'False'
[0.753s] Level 5:colcon.colcon_core.verb:set package 'yolo_msgs' build argument 'ament_cmake_args' from command line to 'None'
[0.753s] Level 5:colcon.colcon_core.verb:set package 'yolo_msgs' build argument 'catkin_cmake_args' from command line to 'None'
[0.753s] Level 5:colcon.colcon_core.verb:set package 'yolo_msgs' build argument 'catkin_skip_building_tests' from command line to 'False'
[0.753s] DEBUG:colcon.colcon_core.verb:Building package 'yolo_msgs' with the following arguments: {'ament_cmake_args': None, 'build_base': '/home/dimash/debug_clear_ws/build/yolo_msgs', 'catkin_cmake_args': None, 'catkin_skip_building_tests': False, 'cmake_args': None, 'cmake_clean_cache': False, 'cmake_clean_first': False, 'cmake_force_configure': False, 'cmake_target': None, 'cmake_target_skip_unavailable': False, 'install_base': '/home/dimash/debug_clear_ws/install/yolo_msgs', 'merge_install': False, 'path': '/home/dimash/debug_clear_ws/src/yolo_ros/yolo_msgs', 'symlink_install': False, 'test_result_base': None}
[0.754s] Level 5:colcon.colcon_core.verb:set package 'clearpath_description' build argument 'cmake_args' from command line to 'None'
[0.754s] Level 5:colcon.colcon_core.verb:set package 'clearpath_description' build argument 'cmake_target' from command line to 'None'
[0.754s] Level 5:colcon.colcon_core.verb:set package 'clearpath_description' build argument 'cmake_target_skip_unavailable' from command line to 'False'
[0.754s] Level 5:colcon.colcon_core.verb:set package 'clearpath_description' build argument 'cmake_clean_cache' from command line to 'False'
[0.754s] Level 5:colcon.colcon_core.verb:set package 'clearpath_description' build argument 'cmake_clean_first' from command line to 'False'
[0.754s] Level 5:colcon.colcon_core.verb:set package 'clearpath_description' build argument 'cmake_force_configure' from command line to 'False'
[0.754s] Level 5:colcon.colcon_core.verb:set package 'clearpath_description' build argument 'ament_cmake_args' from command line to 'None'
[0.754s] Level 5:colcon.colcon_core.verb:set package 'clearpath_description' build argument 'catkin_cmake_args' from command line to 'None'
[0.754s] Level 5:colcon.colcon_core.verb:set package 'clearpath_description' build argument 'catkin_skip_building_tests' from command line to 'False'
[0.754s] DEBUG:colcon.colcon_core.verb:Building package 'clearpath_description' with the following arguments: {'ament_cmake_args': None, 'build_base': '/home/dimash/debug_clear_ws/build/clearpath_description', 'catkin_cmake_args': None, 'catkin_skip_building_tests': False, 'cmake_args': None, 'cmake_clean_cache': False, 'cmake_clean_first': False, 'cmake_force_configure': False, 'cmake_target': None, 'cmake_target_skip_unavailable': False, 'install_base': '/home/dimash/debug_clear_ws/install/clearpath_description', 'merge_install': False, 'path': '/home/dimash/debug_clear_ws/src/clearpath_common/clearpath_description', 'symlink_install': False, 'test_result_base': None}
[0.754s] Level 5:colcon.colcon_core.verb:set package 'clearpath_manipulators' build argument 'cmake_args' from command line to 'None'
[0.754s] Level 5:colcon.colcon_core.verb:set package 'clearpath_manipulators' build argument 'cmake_target' from command line to 'None'
[0.754s] Level 5:colcon.colcon_core.verb:set package 'clearpath_manipulators' build argument 'cmake_target_skip_unavailable' from command line to 'False'
[0.754s] Level 5:colcon.colcon_core.verb:set package 'clearpath_manipulators' build argument 'cmake_clean_cache' from command line to 'False'
[0.754s] Level 5:colcon.colcon_core.verb:set package 'clearpath_manipulators' build argument 'cmake_clean_first' from command line to 'False'
[0.754s] Level 5:colcon.colcon_core.verb:set package 'clearpath_manipulators' build argument 'cmake_force_configure' from command line to 'False'
[0.754s] Level 5:colcon.colcon_core.verb:set package 'clearpath_manipulators' build argument 'ament_cmake_args' from command line to 'None'
[0.755s] Level 5:colcon.colcon_core.verb:set package 'clearpath_manipulators' build argument 'catkin_cmake_args' from command line to 'None'
[0.755s] Level 5:colcon.colcon_core.verb:set package 'clearpath_manipulators' build argument 'catkin_skip_building_tests' from command line to 'False'
[0.755s] DEBUG:colcon.colcon_core.verb:Building package 'clearpath_manipulators' with the following arguments: {'ament_cmake_args': None, 'build_base': '/home/dimash/debug_clear_ws/build/clearpath_manipulators', 'catkin_cmake_args': None, 'catkin_skip_building_tests': False, 'cmake_args': None, 'cmake_clean_cache': False, 'cmake_clean_first': False, 'cmake_force_configure': False, 'cmake_target': None, 'cmake_target_skip_unavailable': False, 'install_base': '/home/dimash/debug_clear_ws/install/clearpath_manipulators', 'merge_install': False, 'path': '/home/dimash/debug_clear_ws/src/clearpath_common/clearpath_manipulators', 'symlink_install': False, 'test_result_base': None}
[0.755s] Level 5:colcon.colcon_core.verb:set package 'clearpath_msgs' build argument 'cmake_args' from command line to 'None'
[0.755s] Level 5:colcon.colcon_core.verb:set package 'clearpath_msgs' build argument 'cmake_target' from command line to 'None'
[0.755s] Level 5:colcon.colcon_core.verb:set package 'clearpath_msgs' build argument 'cmake_target_skip_unavailable' from command line to 'False'
[0.755s] Level 5:colcon.colcon_core.verb:set package 'clearpath_msgs' build argument 'cmake_clean_cache' from command line to 'False'
[0.755s] Level 5:colcon.colcon_core.verb:set package 'clearpath_msgs' build argument 'cmake_clean_first' from command line to 'False'
[0.755s] Level 5:colcon.colcon_core.verb:set package 'clearpath_msgs' build argument 'cmake_force_configure' from command line to 'False'
[0.755s] Level 5:colcon.colcon_core.verb:set package 'clearpath_msgs' build argument 'ament_cmake_args' from command line to 'None'
[0.755s] Level 5:colcon.colcon_core.verb:set package 'clearpath_msgs' build argument 'catkin_cmake_args' from command line to 'None'
[0.755s] Level 5:colcon.colcon_core.verb:set package 'clearpath_msgs' build argument 'catkin_skip_building_tests' from command line to 'False'
[0.755s] DEBUG:colcon.colcon_core.verb:Building package 'clearpath_msgs' with the following arguments: {'ament_cmake_args': None, 'build_base': '/home/dimash/debug_clear_ws/build/clearpath_msgs', 'catkin_cmake_args': None, 'catkin_skip_building_tests': False, 'cmake_args': None, 'cmake_clean_cache': False, 'cmake_clean_first': False, 'cmake_force_configure': False, 'cmake_target': None, 'cmake_target_skip_unavailable': False, 'install_base': '/home/dimash/debug_clear_ws/install/clearpath_msgs', 'merge_install': False, 'path': '/home/dimash/debug_clear_ws/src/clearpath_msgs/clearpath_msgs', 'symlink_install': False, 'test_result_base': None}
[0.755s] Level 5:colcon.colcon_core.verb:set package 'clearpath_nav2_demos' build argument 'cmake_args' from command line to 'None'
[0.755s] Level 5:colcon.colcon_core.verb:set package 'clearpath_nav2_demos' build argument 'cmake_target' from command line to 'None'
[0.756s] Level 5:colcon.colcon_core.verb:set package 'clearpath_nav2_demos' build argument 'cmake_target_skip_unavailable' from command line to 'False'
[0.756s] Level 5:colcon.colcon_core.verb:set package 'clearpath_nav2_demos' build argument 'cmake_clean_cache' from command line to 'False'
[0.756s] Level 5:colcon.colcon_core.verb:set package 'clearpath_nav2_demos' build argument 'cmake_clean_first' from command line to 'False'
[0.756s] Level 5:colcon.colcon_core.verb:set package 'clearpath_nav2_demos' build argument 'cmake_force_configure' from command line to 'False'
[0.756s] Level 5:colcon.colcon_core.verb:set package 'clearpath_nav2_demos' build argument 'ament_cmake_args' from command line to 'None'
[0.756s] Level 5:colcon.colcon_core.verb:set package 'clearpath_nav2_demos' build argument 'catkin_cmake_args' from command line to 'None'
[0.756s] Level 5:colcon.colcon_core.verb:set package 'clearpath_nav2_demos' build argument 'catkin_skip_building_tests' from command line to 'False'
[0.756s] DEBUG:colcon.colcon_core.verb:Building package 'clearpath_nav2_demos' with the following arguments: {'ament_cmake_args': None, 'build_base': '/home/dimash/debug_clear_ws/build/clearpath_nav2_demos', 'catkin_cmake_args': None, 'catkin_skip_building_tests': False, 'cmake_args': None, 'cmake_clean_cache': False, 'cmake_clean_first': False, 'cmake_force_configure': False, 'cmake_target': None, 'cmake_target_skip_unavailable': False, 'install_base': '/home/dimash/debug_clear_ws/install/clearpath_nav2_demos', 'merge_install': False, 'path': '/home/dimash/debug_clear_ws/src/clearpath_nav2_demos', 'symlink_install': False, 'test_result_base': None}
[0.756s] Level 5:colcon.colcon_core.verb:set package 'clearpath_platform' build argument 'cmake_args' from command line to 'None'
[0.756s] Level 5:colcon.colcon_core.verb:set package 'clearpath_platform' build argument 'cmake_target' from command line to 'None'
[0.756s] Level 5:colcon.colcon_core.verb:set package 'clearpath_platform' build argument 'cmake_target_skip_unavailable' from command line to 'False'
[0.756s] Level 5:colcon.colcon_core.verb:set package 'clearpath_platform' build argument 'cmake_clean_cache' from command line to 'False'
[0.756s] Level 5:colcon.colcon_core.verb:set package 'clearpath_platform' build argument 'cmake_clean_first' from command line to 'False'
[0.756s] Level 5:colcon.colcon_core.verb:set package 'clearpath_platform' build argument 'cmake_force_configure' from command line to 'False'
[0.756s] Level 5:colcon.colcon_core.verb:set package 'clearpath_platform' build argument 'ament_cmake_args' from command line to 'None'
[0.756s] Level 5:colcon.colcon_core.verb:set package 'clearpath_platform' build argument 'catkin_cmake_args' from command line to 'None'
[0.756s] Level 5:colcon.colcon_core.verb:set package 'clearpath_platform' build argument 'catkin_skip_building_tests' from command line to 'False'
[0.756s] DEBUG:colcon.colcon_core.verb:Building package 'clearpath_platform' with the following arguments: {'ament_cmake_args': None, 'build_base': '/home/dimash/debug_clear_ws/build/clearpath_platform', 'catkin_cmake_args': None, 'catkin_skip_building_tests': False, 'cmake_args': None, 'cmake_clean_cache': False, 'cmake_clean_first': False, 'cmake_force_configure': False, 'cmake_target': None, 'cmake_target_skip_unavailable': False, 'install_base': '/home/dimash/debug_clear_ws/install/clearpath_platform', 'merge_install': False, 'path': '/home/dimash/debug_clear_ws/src/clearpath_common/clearpath_platform', 'symlink_install': False, 'test_result_base': None}
[0.757s] Level 5:colcon.colcon_core.verb:set package 'mpc_low' build argument 'cmake_args' from command line to 'None'
[0.757s] Level 5:colcon.colcon_core.verb:set package 'mpc_low' build argument 'cmake_target' from command line to 'None'
[0.757s] Level 5:colcon.colcon_core.verb:set package 'mpc_low' build argument 'cmake_target_skip_unavailable' from command line to 'False'
[0.757s] Level 5:colcon.colcon_core.verb:set package 'mpc_low' build argument 'cmake_clean_cache' from command line to 'False'
[0.757s] Level 5:colcon.colcon_core.verb:set package 'mpc_low' build argument 'cmake_clean_first' from command line to 'False'
[0.757s] Level 5:colcon.colcon_core.verb:set package 'mpc_low' build argument 'cmake_force_configure' from command line to 'False'
[0.757s] Level 5:colcon.colcon_core.verb:set package 'mpc_low' build argument 'ament_cmake_args' from command line to 'None'
[0.757s] Level 5:colcon.colcon_core.verb:set package 'mpc_low' build argument 'catkin_cmake_args' from command line to 'None'
[0.757s] Level 5:colcon.colcon_core.verb:set package 'mpc_low' build argument 'catkin_skip_building_tests' from command line to 'False'
[0.757s] DEBUG:colcon.colcon_core.verb:Building package 'mpc_low' with the following arguments: {'ament_cmake_args': None, 'build_base': '/home/dimash/debug_clear_ws/build/mpc_low', 'catkin_cmake_args': None, 'catkin_skip_building_tests': False, 'cmake_args': None, 'cmake_clean_cache': False, 'cmake_clean_first': False, 'cmake_force_configure': False, 'cmake_target': None, 'cmake_target_skip_unavailable': False, 'install_base': '/home/dimash/debug_clear_ws/install/mpc_low', 'merge_install': False, 'path': '/home/dimash/debug_clear_ws/src/mpc_low', 'symlink_install': False, 'test_result_base': None}
[0.757s] Level 5:colcon.colcon_core.verb:set package 'yolo_ros' build argument 'cmake_args' from command line to 'None'
[0.757s] Level 5:colcon.colcon_core.verb:set package 'yolo_ros' build argument 'cmake_target' from command line to 'None'
[0.757s] Level 5:colcon.colcon_core.verb:set package 'yolo_ros' build argument 'cmake_target_skip_unavailable' from command line to 'False'
[0.757s] Level 5:colcon.colcon_core.verb:set package 'yolo_ros' build argument 'cmake_clean_cache' from command line to 'False'
[0.757s] Level 5:colcon.colcon_core.verb:set package 'yolo_ros' build argument 'cmake_clean_first' from command line to 'False'
[0.757s] Level 5:colcon.colcon_core.verb:set package 'yolo_ros' build argument 'cmake_force_configure' from command line to 'False'
[0.757s] Level 5:colcon.colcon_core.verb:set package 'yolo_ros' build argument 'ament_cmake_args' from command line to 'None'
[0.757s] Level 5:colcon.colcon_core.verb:set package 'yolo_ros' build argument 'catkin_cmake_args' from command line to 'None'
[0.757s] Level 5:colcon.colcon_core.verb:set package 'yolo_ros' build argument 'catkin_skip_building_tests' from command line to 'False'
[0.757s] DEBUG:colcon.colcon_core.verb:Building package 'yolo_ros' with the following arguments: {'ament_cmake_args': None, 'build_base': '/home/dimash/debug_clear_ws/build/yolo_ros', 'catkin_cmake_args': None, 'catkin_skip_building_tests': False, 'cmake_args': None, 'cmake_clean_cache': False, 'cmake_clean_first': False, 'cmake_force_configure': False, 'cmake_target': None, 'cmake_target_skip_unavailable': False, 'install_base': '/home/dimash/debug_clear_ws/install/yolo_ros', 'merge_install': False, 'path': '/home/dimash/debug_clear_ws/src/yolo_ros/yolo_ros', 'symlink_install': False, 'test_result_base': None}
[0.758s] Level 5:colcon.colcon_core.verb:set package 'clearpath_generator_common' build argument 'cmake_args' from command line to 'None'
[0.758s] Level 5:colcon.colcon_core.verb:set package 'clearpath_generator_common' build argument 'cmake_target' from command line to 'None'
[0.758s] Level 5:colcon.colcon_core.verb:set package 'clearpath_generator_common' build argument 'cmake_target_skip_unavailable' from command line to 'False'
[0.758s] Level 5:colcon.colcon_core.verb:set package 'clearpath_generator_common' build argument 'cmake_clean_cache' from command line to 'False'
[0.758s] Level 5:colcon.colcon_core.verb:set package 'clearpath_generator_common' build argument 'cmake_clean_first' from command line to 'False'
[0.758s] Level 5:colcon.colcon_core.verb:set package 'clearpath_generator_common' build argument 'cmake_force_configure' from command line to 'False'
[0.758s] Level 5:colcon.colcon_core.verb:set package 'clearpath_generator_common' build argument 'ament_cmake_args' from command line to 'None'
[0.758s] Level 5:colcon.colcon_core.verb:set package 'clearpath_generator_common' build argument 'catkin_cmake_args' from command line to 'None'
[0.758s] Level 5:colcon.colcon_core.verb:set package 'clearpath_generator_common' build argument 'catkin_skip_building_tests' from command line to 'False'
[0.758s] DEBUG:colcon.colcon_core.verb:Building package 'clearpath_generator_common' with the following arguments: {'ament_cmake_args': None, 'build_base': '/home/dimash/debug_clear_ws/build/clearpath_generator_common', 'catkin_cmake_args': None, 'catkin_skip_building_tests': False, 'cmake_args': None, 'cmake_clean_cache': False, 'cmake_clean_first': False, 'cmake_force_configure': False, 'cmake_target': None, 'cmake_target_skip_unavailable': False, 'install_base': '/home/dimash/debug_clear_ws/install/clearpath_generator_common', 'merge_install': False, 'path': '/home/dimash/debug_clear_ws/src/clearpath_common/clearpath_generator_common', 'symlink_install': False, 'test_result_base': None}
[0.758s] Level 5:colcon.colcon_core.verb:set package 'yolo_bringup' build argument 'cmake_args' from command line to 'None'
[0.758s] Level 5:colcon.colcon_core.verb:set package 'yolo_bringup' build argument 'cmake_target' from command line to 'None'
[0.758s] Level 5:colcon.colcon_core.verb:set package 'yolo_bringup' build argument 'cmake_target_skip_unavailable' from command line to 'False'
[0.759s] Level 5:colcon.colcon_core.verb:set package 'yolo_bringup' build argument 'cmake_clean_cache' from command line to 'False'
[0.759s] Level 5:colcon.colcon_core.verb:set package 'yolo_bringup' build argument 'cmake_clean_first' from command line to 'False'
[0.759s] Level 5:colcon.colcon_core.verb:set package 'yolo_bringup' build argument 'cmake_force_configure' from command line to 'False'
[0.759s] Level 5:colcon.colcon_core.verb:set package 'yolo_bringup' build argument 'ament_cmake_args' from command line to 'None'
[0.759s] Level 5:colcon.colcon_core.verb:set package 'yolo_bringup' build argument 'catkin_cmake_args' from command line to 'None'
[0.759s] Level 5:colcon.colcon_core.verb:set package 'yolo_bringup' build argument 'catkin_skip_building_tests' from command line to 'False'
[0.759s] DEBUG:colcon.colcon_core.verb:Building package 'yolo_bringup' with the following arguments: {'ament_cmake_args': None, 'build_base': '/home/dimash/debug_clear_ws/build/yolo_bringup', 'catkin_cmake_args': None, 'catkin_skip_building_tests': False, 'cmake_args': None, 'cmake_clean_cache': False, 'cmake_clean_first': False, 'cmake_force_configure': False, 'cmake_target': None, 'cmake_target_skip_unavailable': False, 'install_base': '/home/dimash/debug_clear_ws/install/yolo_bringup', 'merge_install': False, 'path': '/home/dimash/debug_clear_ws/src/yolo_ros/yolo_bringup', 'symlink_install': False, 'test_result_base': None}
[0.759s] Level 5:colcon.colcon_core.verb:set package 'clearpath_common' build argument 'cmake_args' from command line to 'None'
[0.759s] Level 5:colcon.colcon_core.verb:set package 'clearpath_common' build argument 'cmake_target' from command line to 'None'
[0.759s] Level 5:colcon.colcon_core.verb:set package 'clearpath_common' build argument 'cmake_target_skip_unavailable' from command line to 'False'
[0.759s] Level 5:colcon.colcon_core.verb:set package 'clearpath_common' build argument 'cmake_clean_cache' from command line to 'False'
[0.759s] Level 5:colcon.colcon_core.verb:set package 'clearpath_common' build argument 'cmake_clean_first' from command line to 'False'
[0.759s] Level 5:colcon.colcon_core.verb:set package 'clearpath_common' build argument 'cmake_force_configure' from command line to 'False'
[0.759s] Level 5:colcon.colcon_core.verb:set package 'clearpath_common' build argument 'ament_cmake_args' from command line to 'None'
[0.759s] Level 5:colcon.colcon_core.verb:set package 'clearpath_common' build argument 'catkin_cmake_args' from command line to 'None'
[0.759s] Level 5:colcon.colcon_core.verb:set package 'clearpath_common' build argument 'catkin_skip_building_tests' from command line to 'False'
[0.759s] DEBUG:colcon.colcon_core.verb:Building package 'clearpath_common' with the following arguments: {'ament_cmake_args': None, 'build_base': '/home/dimash/debug_clear_ws/build/clearpath_common', 'catkin_cmake_args': None, 'catkin_skip_building_tests': False, 'cmake_args': None, 'cmake_clean_cache': False, 'cmake_clean_first': False, 'cmake_force_configure': False, 'cmake_target': None, 'cmake_target_skip_unavailable': False, 'install_base': '/home/dimash/debug_clear_ws/install/clearpath_common', 'merge_install': False, 'path': '/home/dimash/debug_clear_ws/src/clearpath_common/clearpath_common', 'symlink_install': False, 'test_result_base': None}
[0.760s] Level 5:colcon.colcon_core.verb:set package 'clearpath_generator_gz' build argument 'cmake_args' from command line to 'None'
[0.760s] Level 5:colcon.colcon_core.verb:set package 'clearpath_generator_gz' build argument 'cmake_target' from command line to 'None'
[0.760s] Level 5:colcon.colcon_core.verb:set package 'clearpath_generator_gz' build argument 'cmake_target_skip_unavailable' from command line to 'False'
[0.760s] Level 5:colcon.colcon_core.verb:set package 'clearpath_generator_gz' build argument 'cmake_clean_cache' from command line to 'False'
[0.760s] Level 5:colcon.colcon_core.verb:set package 'clearpath_generator_gz' build argument 'cmake_clean_first' from command line to 'False'
[0.760s] Level 5:colcon.colcon_core.verb:set package 'clearpath_generator_gz' build argument 'cmake_force_configure' from command line to 'False'
[0.760s] Level 5:colcon.colcon_core.verb:set package 'clearpath_generator_gz' build argument 'ament_cmake_args' from command line to 'None'
[0.760s] Level 5:colcon.colcon_core.verb:set package 'clearpath_generator_gz' build argument 'catkin_cmake_args' from command line to 'None'
[0.760s] Level 5:colcon.colcon_core.verb:set package 'clearpath_generator_gz' build argument 'catkin_skip_building_tests' from command line to 'False'
[0.760s] DEBUG:colcon.colcon_core.verb:Building package 'clearpath_generator_gz' with the following arguments: {'ament_cmake_args': None, 'build_base': '/home/dimash/debug_clear_ws/build/clearpath_generator_gz', 'catkin_cmake_args': None, 'catkin_skip_building_tests': False, 'cmake_args': None, 'cmake_clean_cache': False, 'cmake_clean_first': False, 'cmake_force_configure': False, 'cmake_target': None, 'cmake_target_skip_unavailable': False, 'install_base': '/home/dimash/debug_clear_ws/install/clearpath_generator_gz', 'merge_install': False, 'path': '/home/dimash/debug_clear_ws/src/clearpath_simulator/clearpath_generator_gz', 'symlink_install': False, 'test_result_base': None}
[0.760s] Level 5:colcon.colcon_core.verb:set package 'clearpath_gz' build argument 'cmake_args' from command line to 'None'
[0.760s] Level 5:colcon.colcon_core.verb:set package 'clearpath_gz' build argument 'cmake_target' from command line to 'None'
[0.760s] Level 5:colcon.colcon_core.verb:set package 'clearpath_gz' build argument 'cmake_target_skip_unavailable' from command line to 'False'
[0.760s] Level 5:colcon.colcon_core.verb:set package 'clearpath_gz' build argument 'cmake_clean_cache' from command line to 'False'
[0.760s] Level 5:colcon.colcon_core.verb:set package 'clearpath_gz' build argument 'cmake_clean_first' from command line to 'False'
[0.760s] Level 5:colcon.colcon_core.verb:set package 'clearpath_gz' build argument 'cmake_force_configure' from command line to 'False'
[0.760s] Level 5:colcon.colcon_core.verb:set package 'clearpath_gz' build argument 'ament_cmake_args' from command line to 'None'
[0.760s] Level 5:colcon.colcon_core.verb:set package 'clearpath_gz' build argument 'catkin_cmake_args' from command line to 'None'
[0.760s] Level 5:colcon.colcon_core.verb:set package 'clearpath_gz' build argument 'catkin_skip_building_tests' from command line to 'False'
[0.760s] DEBUG:colcon.colcon_core.verb:Building package 'clearpath_gz' with the following arguments: {'ament_cmake_args': None, 'build_base': '/home/dimash/debug_clear_ws/build/clearpath_gz', 'catkin_cmake_args': None, 'catkin_skip_building_tests': False, 'cmake_args': None, 'cmake_clean_cache': False, 'cmake_clean_first': False, 'cmake_force_configure': False, 'cmake_target': None, 'cmake_target_skip_unavailable': False, 'install_base': '/home/dimash/debug_clear_ws/install/clearpath_gz', 'merge_install': False, 'path': '/home/dimash/debug_clear_ws/src/clearpath_simulator/clearpath_gz', 'symlink_install': False, 'test_result_base': None}
[0.761s] Level 5:colcon.colcon_core.verb:set package 'clearpath_simulator' build argument 'cmake_args' from command line to 'None'
[0.761s] Level 5:colcon.colcon_core.verb:set package 'clearpath_simulator' build argument 'cmake_target' from command line to 'None'
[0.761s] Level 5:colcon.colcon_core.verb:set package 'clearpath_simulator' build argument 'cmake_target_skip_unavailable' from command line to 'False'
[0.761s] Level 5:colcon.colcon_core.verb:set package 'clearpath_simulator' build argument 'cmake_clean_cache' from command line to 'False'
[0.761s] Level 5:colcon.colcon_core.verb:set package 'clearpath_simulator' build argument 'cmake_clean_first' from command line to 'False'
[0.761s] Level 5:colcon.colcon_core.verb:set package 'clearpath_simulator' build argument 'cmake_force_configure' from command line to 'False'
[0.761s] Level 5:colcon.colcon_core.verb:set package 'clearpath_simulator' build argument 'ament_cmake_args' from command line to 'None'
[0.761s] Level 5:colcon.colcon_core.verb:set package 'clearpath_simulator' build argument 'catkin_cmake_args' from command line to 'None'
[0.761s] Level 5:colcon.colcon_core.verb:set package 'clearpath_simulator' build argument 'catkin_skip_building_tests' from command line to 'False'
[0.761s] DEBUG:colcon.colcon_core.verb:Building package 'clearpath_simulator' with the following arguments: {'ament_cmake_args': None, 'build_base': '/home/dimash/debug_clear_ws/build/clearpath_simulator', 'catkin_cmake_args': None, 'catkin_skip_building_tests': False, 'cmake_args': None, 'cmake_clean_cache': False, 'cmake_clean_first': False, 'cmake_force_configure': False, 'cmake_target': None, 'cmake_target_skip_unavailable': False, 'install_base': '/home/dimash/debug_clear_ws/install/clearpath_simulator', 'merge_install': False, 'path': '/home/dimash/debug_clear_ws/src/clearpath_simulator/clearpath_simulator', 'symlink_install': False, 'test_result_base': None}
[0.761s] INFO:colcon.colcon_core.executor:Executing jobs using 'parallel' executor
[0.762s] DEBUG:colcon.colcon_parallel_executor.executor.parallel:run_until_complete
[0.762s] INFO:colcon.colcon_ros.task.ament_cmake.build:Building ROS package in '/home/dimash/debug_clear_ws/src/clearpath_common/clearpath_manipulators_description' with build type 'ament_cmake'
[0.763s] INFO:colcon.colcon_cmake.task.cmake.build:Building CMake package in '/home/dimash/debug_clear_ws/src/clearpath_common/clearpath_manipulators_description'
[0.767s] INFO:colcon.colcon_core.plugin_system:Skipping extension 'colcon_core.shell.bat': Not used on non-Windows systems
[0.767s] INFO:colcon.colcon_core.shell:Skip shell extension 'powershell' for command environment: Not usable outside of PowerShell
[0.767s] DEBUG:colcon.colcon_core.shell:Skip shell extension 'dsv' for command environment
[0.772s] INFO:colcon.colcon_ros.task.ament_cmake.build:Building ROS package in '/home/dimash/debug_clear_ws/src/clearpath_common/clearpath_platform_description' with build type 'ament_cmake'
[0.772s] INFO:colcon.colcon_cmake.task.cmake.build:Building CMake package in '/home/dimash/debug_clear_ws/src/clearpath_common/clearpath_platform_description'
[0.772s] INFO:colcon.colcon_core.shell:Skip shell extension 'powershell' for command environment: Not usable outside of PowerShell
[0.772s] DEBUG:colcon.colcon_core.shell:Skip shell extension 'dsv' for command environment
[0.776s] INFO:colcon.colcon_ros.task.ament_cmake.build:Building ROS package in '/home/dimash/debug_clear_ws/src/clearpath_msgs/clearpath_platform_msgs' with build type 'ament_cmake'
[0.776s] INFO:colcon.colcon_cmake.task.cmake.build:Building CMake package in '/home/dimash/debug_clear_ws/src/clearpath_msgs/clearpath_platform_msgs'
[0.777s] INFO:colcon.colcon_core.shell:Skip shell extension 'powershell' for command environment: Not usable outside of PowerShell
[0.777s] DEBUG:colcon.colcon_core.shell:Skip shell extension 'dsv' for command environment
[0.781s] INFO:colcon.colcon_ros.task.ament_python.build:Building ROS package in '/home/dimash/debug_clear_ws/src/clearpath_config' with build type 'ament_python'
[0.781s] Level 1:colcon.colcon_core.shell:create_environment_hook('clearpath_config', 'ament_prefix_path')
[0.782s] INFO:colcon.colcon_core.shell:Creating environment hook '/home/dimash/debug_clear_ws/install/clearpath_config/share/clearpath_config/hook/ament_prefix_path.ps1'
[0.783s] INFO:colcon.colcon_core.shell:Creating environment descriptor '/home/dimash/debug_clear_ws/install/clearpath_config/share/clearpath_config/hook/ament_prefix_path.dsv'
[0.783s] INFO:colcon.colcon_core.shell:Creating environment hook '/home/dimash/debug_clear_ws/install/clearpath_config/share/clearpath_config/hook/ament_prefix_path.sh'
[0.784s] INFO:colcon.colcon_core.shell:Skip shell extension 'powershell' for command environment: Not usable outside of PowerShell
[0.784s] DEBUG:colcon.colcon_core.shell:Skip shell extension 'dsv' for command environment
[0.789s] INFO:colcon.colcon_ros.task.ament_cmake.build:Building ROS package in '/home/dimash/debug_clear_ws/src/clearpath_common/clearpath_control' with build type 'ament_cmake'
[0.789s] INFO:colcon.colcon_cmake.task.cmake.build:Building CMake package in '/home/dimash/debug_clear_ws/src/clearpath_common/clearpath_control'
[0.789s] INFO:colcon.colcon_core.shell:Skip shell extension 'powershell' for command environment: Not usable outside of PowerShell
[0.789s] DEBUG:colcon.colcon_core.shell:Skip shell extension 'dsv' for command environment
[0.793s] INFO:colcon.colcon_ros.task.ament_cmake.build:Building ROS package in '/home/dimash/debug_clear_ws/src/clearpath_common/clearpath_mounts_description' with build type 'ament_cmake'
[0.794s] INFO:colcon.colcon_cmake.task.cmake.build:Building CMake package in '/home/dimash/debug_clear_ws/src/clearpath_common/clearpath_mounts_description'
[0.794s] INFO:colcon.colcon_core.shell:Skip shell extension 'powershell' for command environment: Not usable outside of PowerShell
[0.794s] DEBUG:colcon.colcon_core.shell:Skip shell extension 'dsv' for command environment
[0.798s] INFO:colcon.colcon_ros.task.ament_cmake.build:Building ROS package in '/home/dimash/debug_clear_ws/src/clearpath_common/clearpath_sensors_description' with build type 'ament_cmake'
[0.798s] INFO:colcon.colcon_cmake.task.cmake.build:Building CMake package in '/home/dimash/debug_clear_ws/src/clearpath_common/clearpath_sensors_description'
[0.798s] INFO:colcon.colcon_core.shell:Skip shell extension 'powershell' for command environment: Not usable outside of PowerShell
[0.798s] DEBUG:colcon.colcon_core.shell:Skip shell extension 'dsv' for command environment
[0.803s] INFO:colcon.colcon_ros.task.ament_cmake.build:Building ROS package in '/home/dimash/debug_clear_ws/src/yolo_ros/yolo_msgs' with build type 'ament_cmake'
[0.803s] INFO:colcon.colcon_cmake.task.cmake.build:Building CMake package in '/home/dimash/debug_clear_ws/src/yolo_ros/yolo_msgs'
[0.803s] INFO:colcon.colcon_core.shell:Skip shell extension 'powershell' for command environment: Not usable outside of PowerShell
[0.803s] DEBUG:colcon.colcon_core.shell:Skip shell extension 'dsv' for command environment
[0.813s] DEBUG:colcon.colcon_core.event_handler.log_command:Invoking command in '/home/dimash/debug_clear_ws/build/clearpath_manipulators_description': CMAKE_PREFIX_PATH=${CMAKE_PREFIX_PATH}:/home/dimash/debug_clear_ws/install/yolo_ros:/home/dimash/debug_clear_ws/install/person_movement:/home/dimash/debug_clear_ws/install/clearpath_config:/opt/ros/humble /usr/bin/cmake --build /home/dimash/debug_clear_ws/build/clearpath_manipulators_description -- -j8 -l8
[0.819s] DEBUG:colcon.colcon_core.event_handler.log_command:Invoking command in '/home/dimash/debug_clear_ws/build/clearpath_platform_description': CMAKE_PREFIX_PATH=${CMAKE_PREFIX_PATH}:/home/dimash/debug_clear_ws/install/yolo_ros:/home/dimash/debug_clear_ws/install/person_movement:/home/dimash/debug_clear_ws/install/clearpath_config:/opt/ros/humble /usr/bin/cmake --build /home/dimash/debug_clear_ws/build/clearpath_platform_description -- -j8 -l8
[0.823s] DEBUG:colcon.colcon_core.event_handler.log_command:Invoking command in '/home/dimash/debug_clear_ws/build/clearpath_platform_msgs': CMAKE_PREFIX_PATH=${CMAKE_PREFIX_PATH}:/home/dimash/debug_clear_ws/install/yolo_ros:/home/dimash/debug_clear_ws/install/person_movement:/home/dimash/debug_clear_ws/install/clearpath_config:/opt/ros/humble /usr/bin/cmake --build /home/dimash/debug_clear_ws/build/clearpath_platform_msgs -- -j8 -l8
[1.210s] INFO:colcon.colcon_core.task.python.build:Building Python package in '/home/dimash/debug_clear_ws/src/clearpath_config'
[1.211s] INFO:colcon.colcon_core.shell:Skip shell extension 'powershell' for command environment: Not usable outside of PowerShell
[1.211s] DEBUG:colcon.colcon_core.shell:Skip shell extension 'dsv' for command environment
[1.224s] DEBUG:colcon.colcon_core.event_handler.log_command:Invoking command in '/home/dimash/debug_clear_ws/build/clearpath_control': CMAKE_PREFIX_PATH=${CMAKE_PREFIX_PATH}:/home/dimash/debug_clear_ws/install/yolo_ros:/home/dimash/debug_clear_ws/install/person_movement:/home/dimash/debug_clear_ws/install/clearpath_config:/opt/ros/humble /usr/bin/cmake --build /home/dimash/debug_clear_ws/build/clearpath_control -- -j8 -l8
[1.227s] DEBUG:colcon.colcon_core.event_handler.log_command:Invoking command in '/home/dimash/debug_clear_ws/build/clearpath_mounts_description': CMAKE_PREFIX_PATH=${CMAKE_PREFIX_PATH}:/home/dimash/debug_clear_ws/install/yolo_ros:/home/dimash/debug_clear_ws/install/person_movement:/home/dimash/debug_clear_ws/install/clearpath_config:/opt/ros/humble /usr/bin/cmake --build /home/dimash/debug_clear_ws/build/clearpath_mounts_description -- -j8 -l8
[1.234s] DEBUG:colcon.colcon_core.event_handler.log_command:Invoking command in '/home/dimash/debug_clear_ws/build/clearpath_sensors_description': CMAKE_PREFIX_PATH=${CMAKE_PREFIX_PATH}:/home/dimash/debug_clear_ws/install/yolo_ros:/home/dimash/debug_clear_ws/install/person_movement:/home/dimash/debug_clear_ws/install/clearpath_config:/opt/ros/humble /usr/bin/cmake --build /home/dimash/debug_clear_ws/build/clearpath_sensors_description -- -j8 -l8
[1.251s] DEBUG:colcon.colcon_core.event_handler.log_command:Invoking command in '/home/dimash/debug_clear_ws/build/yolo_msgs': CMAKE_PREFIX_PATH=${CMAKE_PREFIX_PATH}:/home/dimash/debug_clear_ws/install/yolo_ros:/home/dimash/debug_clear_ws/install/person_movement:/home/dimash/debug_clear_ws/install/clearpath_config:/opt/ros/humble /usr/bin/cmake --build /home/dimash/debug_clear_ws/build/yolo_msgs -- -j8 -l8
[1.261s] DEBUG:colcon.colcon_core.event_handler.log_command:Invoked command in '/home/dimash/debug_clear_ws/build/clearpath_platform_description' returned '0': CMAKE_PREFIX_PATH=${CMAKE_PREFIX_PATH}:/home/dimash/debug_clear_ws/install/yolo_ros:/home/dimash/debug_clear_ws/install/person_movement:/home/dimash/debug_clear_ws/install/clearpath_config:/opt/ros/humble /usr/bin/cmake --build /home/dimash/debug_clear_ws/build/clearpath_platform_description -- -j8 -l8
[1.273s] DEBUG:colcon.colcon_core.event_handler.log_command:Invoking command in '/home/dimash/debug_clear_ws/build/clearpath_platform_description': CMAKE_PREFIX_PATH=${CMAKE_PREFIX_PATH}:/home/dimash/debug_clear_ws/install/yolo_ros:/home/dimash/debug_clear_ws/install/person_movement:/home/dimash/debug_clear_ws/install/clearpath_config:/opt/ros/humble /usr/bin/cmake --install /home/dimash/debug_clear_ws/build/clearpath_platform_description
[1.280s] DEBUG:colcon.colcon_core.event_handler.log_command:Invoked command in '/home/dimash/debug_clear_ws/build/clearpath_manipulators_description' returned '0': CMAKE_PREFIX_PATH=${CMAKE_PREFIX_PATH}:/home/dimash/debug_clear_ws/install/yolo_ros:/home/dimash/debug_clear_ws/install/person_movement:/home/dimash/debug_clear_ws/install/clearpath_config:/opt/ros/humble /usr/bin/cmake --build /home/dimash/debug_clear_ws/build/clearpath_manipulators_description -- -j8 -l8
[1.285s] DEBUG:colcon.colcon_core.event_handler.log_command:Invoking command in '/home/dimash/debug_clear_ws/build/clearpath_manipulators_description': CMAKE_PREFIX_PATH=${CMAKE_PREFIX_PATH}:/home/dimash/debug_clear_ws/install/yolo_ros:/home/dimash/debug_clear_ws/install/person_movement:/home/dimash/debug_clear_ws/install/clearpath_config:/opt/ros/humble /usr/bin/cmake --install /home/dimash/debug_clear_ws/build/clearpath_manipulators_description
[1.293s] DEBUG:colcon.colcon_core.event_handler.log_command:Invoked command in '/home/dimash/debug_clear_ws/build/clearpath_control' returned '0': CMAKE_PREFIX_PATH=${CMAKE_PREFIX_PATH}:/home/dimash/debug_clear_ws/install/yolo_ros:/home/dimash/debug_clear_ws/install/person_movement:/home/dimash/debug_clear_ws/install/clearpath_config:/opt/ros/humble /usr/bin/cmake --build /home/dimash/debug_clear_ws/build/clearpath_control -- -j8 -l8
[1.299s] Level 1:colcon.colcon_core.environment:create_environment_scripts_only(clearpath_platform_description)
[1.323s] Level 1:colcon.colcon_core.environment:checking '/home/dimash/debug_clear_ws/install/clearpath_platform_description' for CMake module files
[1.326s] Level 1:colcon.colcon_core.environment:checking '/home/dimash/debug_clear_ws/install/clearpath_platform_description' for CMake config files
[1.330s] DEBUG:colcon.colcon_core.event_handler.log_command:Invoking command in '/home/dimash/debug_clear_ws/build/clearpath_control': CMAKE_PREFIX_PATH=${CMAKE_PREFIX_PATH}:/home/dimash/debug_clear_ws/install/yolo_ros:/home/dimash/debug_clear_ws/install/person_movement:/home/dimash/debug_clear_ws/install/clearpath_config:/opt/ros/humble /usr/bin/cmake --install /home/dimash/debug_clear_ws/build/clearpath_control
[1.330s] DEBUG:colcon.colcon_core.event_handler.log_command:Invoked command in '/home/dimash/debug_clear_ws/build/clearpath_platform_description' returned '0': CMAKE_PREFIX_PATH=${CMAKE_PREFIX_PATH}:/home/dimash/debug_clear_ws/install/yolo_ros:/home/dimash/debug_clear_ws/install/person_movement:/home/dimash/debug_clear_ws/install/clearpath_config:/opt/ros/humble /usr/bin/cmake --install /home/dimash/debug_clear_ws/build/clearpath_platform_description
[1.341s] Level 1:colcon.colcon_core.shell:create_environment_hook('clearpath_platform_description', 'cmake_prefix_path')
[1.342s] INFO:colcon.colcon_core.shell:Creating environment hook '/home/dimash/debug_clear_ws/install/clearpath_platform_description/share/clearpath_platform_description/hook/cmake_prefix_path.ps1'
[1.342s] INFO:colcon.colcon_core.shell:Creating environment descriptor '/home/dimash/debug_clear_ws/install/clearpath_platform_description/share/clearpath_platform_description/hook/cmake_prefix_path.dsv'
[1.343s] INFO:colcon.colcon_core.shell:Creating environment hook '/home/dimash/debug_clear_ws/install/clearpath_platform_description/share/clearpath_platform_description/hook/cmake_prefix_path.sh'
[1.344s] Level 1:colcon.colcon_core.environment:checking '/home/dimash/debug_clear_ws/install/clearpath_platform_description/bin'
[1.344s] Level 1:colcon.colcon_core.environment:checking '/home/dimash/debug_clear_ws/install/clearpath_platform_description/lib/pkgconfig/clearpath_platform_description.pc'
[1.344s] Level 1:colcon.colcon_core.environment:checking '/home/dimash/debug_clear_ws/install/clearpath_platform_description/lib/python3.10/site-packages'
[1.345s] Level 1:colcon.colcon_core.environment:checking '/home/dimash/debug_clear_ws/install/clearpath_platform_description/bin'
[1.345s] INFO:colcon.colcon_core.shell:Creating package script '/home/dimash/debug_clear_ws/install/clearpath_platform_description/share/clearpath_platform_description/package.ps1'
[1.347s] INFO:colcon.colcon_core.shell:Creating package descriptor '/home/dimash/debug_clear_ws/install/clearpath_platform_description/share/clearpath_platform_description/package.dsv'
[1.348s] INFO:colcon.colcon_core.shell:Creating package script '/home/dimash/debug_clear_ws/install/clearpath_platform_description/share/clearpath_platform_description/package.sh'
[1.350s] INFO:colcon.colcon_core.shell:Creating package script '/home/dimash/debug_clear_ws/install/clearpath_platform_description/share/clearpath_platform_description/package.bash'
[1.352s] INFO:colcon.colcon_core.shell:Creating package script '/home/dimash/debug_clear_ws/install/clearpath_platform_description/share/clearpath_platform_description/package.zsh'
[1.354s] Level 1:colcon.colcon_core.environment:create_file_with_runtime_dependencies(/home/dimash/debug_clear_ws/install/clearpath_platform_description/share/colcon-core/packages/clearpath_platform_description)
[1.359s] Level 1:colcon.colcon_core.environment:create_environment_scripts_only(clearpath_platform_description)
[1.359s] Level 1:colcon.colcon_core.environment:checking '/home/dimash/debug_clear_ws/install/clearpath_platform_description' for CMake module files
[1.360s] Level 1:colcon.colcon_core.environment:checking '/home/dimash/debug_clear_ws/install/clearpath_platform_description' for CMake config files
[1.361s] Level 1:colcon.colcon_core.shell:create_environment_hook('clearpath_platform_description', 'cmake_prefix_path')
[1.362s] INFO:colcon.colcon_core.shell:Creating environment hook '/home/dimash/debug_clear_ws/install/clearpath_platform_description/share/clearpath_platform_description/hook/cmake_prefix_path.ps1'
[1.362s] INFO:colcon.colcon_core.shell:Creating environment descriptor '/home/dimash/debug_clear_ws/install/clearpath_platform_description/share/clearpath_platform_description/hook/cmake_prefix_path.dsv'
[1.363s] INFO:colcon.colcon_core.shell:Creating environment hook '/home/dimash/debug_clear_ws/install/clearpath_platform_description/share/clearpath_platform_description/hook/cmake_prefix_path.sh'
[1.364s] Level 1:colcon.colcon_core.environment:checking '/home/dimash/debug_clear_ws/install/clearpath_platform_description/bin'
[1.364s] Level 1:colcon.colcon_core.environment:checking '/home/dimash/debug_clear_ws/install/clearpath_platform_description/lib/pkgconfig/clearpath_platform_description.pc'
[1.366s] Level 1:colcon.colcon_core.environment:checking '/home/dimash/debug_clear_ws/install/clearpath_platform_description/lib/python3.10/site-packages'
[1.366s] Level 1:colcon.colcon_core.environment:checking '/home/dimash/debug_clear_ws/install/clearpath_platform_description/bin'
[1.367s] INFO:colcon.colcon_core.shell:Creating package script '/home/dimash/debug_clear_ws/install/clearpath_platform_description/share/clearpath_platform_description/package.ps1'
[1.368s] INFO:colcon.colcon_core.shell:Creating package descriptor '/home/dimash/debug_clear_ws/install/clearpath_platform_description/share/clearpath_platform_description/package.dsv'
[1.369s] INFO:colcon.colcon_core.shell:Creating package script '/home/dimash/debug_clear_ws/install/clearpath_platform_description/share/clearpath_platform_description/package.sh'
[1.370s] INFO:colcon.colcon_core.shell:Creating package script '/home/dimash/debug_clear_ws/install/clearpath_platform_description/share/clearpath_platform_description/package.bash'
[1.371s] INFO:colcon.colcon_core.shell:Creating package script '/home/dimash/debug_clear_ws/install/clearpath_platform_description/share/clearpath_platform_description/package.zsh'
[1.371s] Level 1:colcon.colcon_core.environment:create_file_with_runtime_dependencies(/home/dimash/debug_clear_ws/install/clearpath_platform_description/share/colcon-core/packages/clearpath_platform_description)
[1.373s] DEBUG:colcon.colcon_core.event_handler.log_command:Invoked command in '/home/dimash/debug_clear_ws/build/clearpath_sensors_description' returned '0': CMAKE_PREFIX_PATH=${CMAKE_PREFIX_PATH}:/home/dimash/debug_clear_ws/install/yolo_ros:/home/dimash/debug_clear_ws/install/person_movement:/home/dimash/debug_clear_ws/install/clearpath_config:/opt/ros/humble /usr/bin/cmake --build /home/dimash/debug_clear_ws/build/clearpath_sensors_description -- -j8 -l8
[1.384s] DEBUG:colcon.colcon_core.event_handler.log_command:Invoking command in '/home/dimash/debug_clear_ws/build/clearpath_sensors_description': CMAKE_PREFIX_PATH=${CMAKE_PREFIX_PATH}:/home/dimash/debug_clear_ws/install/yolo_ros:/home/dimash/debug_clear_ws/install/person_movement:/home/dimash/debug_clear_ws/install/clearpath_config:/opt/ros/humble /usr/bin/cmake --install /home/dimash/debug_clear_ws/build/clearpath_sensors_description
[1.388s] DEBUG:colcon.colcon_core.event_handler.log_command:Invoked command in '/home/dimash/debug_clear_ws/build/clearpath_mounts_description' returned '0': CMAKE_PREFIX_PATH=${CMAKE_PREFIX_PATH}:/home/dimash/debug_clear_ws/install/yolo_ros:/home/dimash/debug_clear_ws/install/person_movement:/home/dimash/debug_clear_ws/install/clearpath_config:/opt/ros/humble /usr/bin/cmake --build /home/dimash/debug_clear_ws/build/clearpath_mounts_description -- -j8 -l8
[1.395s] DEBUG:colcon.colcon_core.event_handler.log_command:Invoking command in '/home/dimash/debug_clear_ws/build/clearpath_mounts_description': CMAKE_PREFIX_PATH=${CMAKE_PREFIX_PATH}:/home/dimash/debug_clear_ws/install/yolo_ros:/home/dimash/debug_clear_ws/install/person_movement:/home/dimash/debug_clear_ws/install/clearpath_config:/opt/ros/humble /usr/bin/cmake --install /home/dimash/debug_clear_ws/build/clearpath_mounts_description
[1.399s] INFO:colcon.colcon_ros.task.ament_cmake.build:Building ROS package in '/home/dimash/debug_clear_ws/src/clearpath_common/clearpath_customization' with build type 'ament_cmake'
[1.400s] INFO:colcon.colcon_cmake.task.cmake.build:Building CMake package in '/home/dimash/debug_clear_ws/src/clearpath_common/clearpath_customization'
[1.400s] INFO:colcon.colcon_core.shell:Skip shell extension 'powershell' for command environment: Not usable outside of PowerShell
[1.400s] DEBUG:colcon.colcon_core.shell:Skip shell extension 'dsv' for command environment
[1.409s] Level 1:colcon.colcon_core.environment:create_environment_scripts_only(clearpath_manipulators_description)
[1.410s] DEBUG:colcon.colcon_core.event_handler.log_command:Invoked command in '/home/dimash/debug_clear_ws/build/clearpath_manipulators_description' returned '0': CMAKE_PREFIX_PATH=${CMAKE_PREFIX_PATH}:/home/dimash/debug_clear_ws/install/yolo_ros:/home/dimash/debug_clear_ws/install/person_movement:/home/dimash/debug_clear_ws/install/clearpath_config:/opt/ros/humble /usr/bin/cmake --install /home/dimash/debug_clear_ws/build/clearpath_manipulators_description
[1.410s] Level 1:colcon.colcon_core.environment:checking '/home/dimash/debug_clear_ws/install/clearpath_manipulators_description' for CMake module files
[1.413s] Level 1:colcon.colcon_core.environment:checking '/home/dimash/debug_clear_ws/install/clearpath_manipulators_description' for CMake config files
[1.418s] Level 1:colcon.colcon_core.shell:create_environment_hook('clearpath_manipulators_description', 'cmake_prefix_path')
[1.418s] INFO:colcon.colcon_core.shell:Creating environment hook '/home/dimash/debug_clear_ws/install/clearpath_manipulators_description/share/clearpath_manipulators_description/hook/cmake_prefix_path.ps1'
[1.419s] INFO:colcon.colcon_core.shell:Creating environment descriptor '/home/dimash/debug_clear_ws/install/clearpath_manipulators_description/share/clearpath_manipulators_description/hook/cmake_prefix_path.dsv'
[1.420s] INFO:colcon.colcon_core.shell:Creating environment hook '/home/dimash/debug_clear_ws/install/clearpath_manipulators_description/share/clearpath_manipulators_description/hook/cmake_prefix_path.sh'
[1.421s] Level 1:colcon.colcon_core.environment:checking '/home/dimash/debug_clear_ws/install/clearpath_manipulators_description/bin'
[1.421s] Level 1:colcon.colcon_core.environment:checking '/home/dimash/debug_clear_ws/install/clearpath_manipulators_description/lib/pkgconfig/clearpath_manipulators_description.pc'
[1.422s] Level 1:colcon.colcon_core.environment:checking '/home/dimash/debug_clear_ws/install/clearpath_manipulators_description/lib/python3.10/site-packages'
[1.422s] Level 1:colcon.colcon_core.environment:checking '/home/dimash/debug_clear_ws/install/clearpath_manipulators_description/bin'
[1.423s] INFO:colcon.colcon_core.shell:Creating package script '/home/dimash/debug_clear_ws/install/clearpath_manipulators_description/share/clearpath_manipulators_description/package.ps1'
[1.424s] INFO:colcon.colcon_core.shell:Creating package descriptor '/home/dimash/debug_clear_ws/install/clearpath_manipulators_description/share/clearpath_manipulators_description/package.dsv'
[1.424s] INFO:colcon.colcon_core.shell:Creating package script '/home/dimash/debug_clear_ws/install/clearpath_manipulators_description/share/clearpath_manipulators_description/package.sh'
[1.425s] INFO:colcon.colcon_core.shell:Creating package script '/home/dimash/debug_clear_ws/install/clearpath_manipulators_description/share/clearpath_manipulators_description/package.bash'
[1.425s] INFO:colcon.colcon_core.shell:Creating package script '/home/dimash/debug_clear_ws/install/clearpath_manipulators_description/share/clearpath_manipulators_description/package.zsh'
[1.426s] Level 1:colcon.colcon_core.environment:create_file_with_runtime_dependencies(/home/dimash/debug_clear_ws/install/clearpath_manipulators_description/share/colcon-core/packages/clearpath_manipulators_description)
[1.426s] Level 1:colcon.colcon_core.environment:create_environment_scripts_only(clearpath_manipulators_description)
[1.427s] Level 1:colcon.colcon_core.environment:checking '/home/dimash/debug_clear_ws/install/clearpath_manipulators_description' for CMake module files
[1.427s] Level 1:colcon.colcon_core.environment:checking '/home/dimash/debug_clear_ws/install/clearpath_manipulators_description' for CMake config files
[1.428s] Level 1:colcon.colcon_core.shell:create_environment_hook('clearpath_manipulators_description', 'cmake_prefix_path')
[1.428s] INFO:colcon.colcon_core.shell:Creating environment hook '/home/dimash/debug_clear_ws/install/clearpath_manipulators_description/share/clearpath_manipulators_description/hook/cmake_prefix_path.ps1'
[1.432s] INFO:colcon.colcon_core.shell:Creating environment descriptor '/home/dimash/debug_clear_ws/install/clearpath_manipulators_description/share/clearpath_manipulators_description/hook/cmake_prefix_path.dsv'
[1.433s] INFO:colcon.colcon_core.shell:Creating environment hook '/home/dimash/debug_clear_ws/install/clearpath_manipulators_description/share/clearpath_manipulators_description/hook/cmake_prefix_path.sh'
[1.434s] Level 1:colcon.colcon_core.environment:checking '/home/dimash/debug_clear_ws/install/clearpath_manipulators_description/bin'
[1.434s] Level 1:colcon.colcon_core.environment:checking '/home/dimash/debug_clear_ws/install/clearpath_manipulators_description/lib/pkgconfig/clearpath_manipulators_description.pc'
[1.434s] Level 1:colcon.colcon_core.environment:checking '/home/dimash/debug_clear_ws/install/clearpath_manipulators_description/lib/python3.10/site-packages'
[1.434s] Level 1:colcon.colcon_core.environment:checking '/home/dimash/debug_clear_ws/install/clearpath_manipulators_description/bin'
[1.435s] INFO:colcon.colcon_core.shell:Creating package script '/home/dimash/debug_clear_ws/install/clearpath_manipulators_description/share/clearpath_manipulators_description/package.ps1'
[1.436s] INFO:colcon.colcon_core.shell:Creating package descriptor '/home/dimash/debug_clear_ws/install/clearpath_manipulators_description/share/clearpath_manipulators_description/package.dsv'
[1.439s] INFO:colcon.colcon_core.shell:Creating package script '/home/dimash/debug_clear_ws/install/clearpath_manipulators_description/share/clearpath_manipulators_description/package.sh'
[1.439s] INFO:colcon.colcon_core.shell:Creating package script '/home/dimash/debug_clear_ws/install/clearpath_manipulators_description/share/clearpath_manipulators_description/package.bash'
[1.440s] INFO:colcon.colcon_core.shell:Creating package script '/home/dimash/debug_clear_ws/install/clearpath_manipulators_description/share/clearpath_manipulators_description/package.zsh'
[1.441s] Level 1:colcon.colcon_core.environment:create_file_with_runtime_dependencies(/home/dimash/debug_clear_ws/install/clearpath_manipulators_description/share/colcon-core/packages/clearpath_manipulators_description)
[1.443s] INFO:colcon.colcon_ros.task.ament_cmake.build:Building ROS package in '/home/dimash/debug_clear_ws/src/clearpath_common/clearpath_manipulators' with build type 'ament_cmake'
[1.443s] INFO:colcon.colcon_cmake.task.cmake.build:Building CMake package in '/home/dimash/debug_clear_ws/src/clearpath_common/clearpath_manipulators'
[1.445s] INFO:colcon.colcon_core.shell:Skip shell extension 'powershell' for command environment: Not usable outside of PowerShell
[1.445s] DEBUG:colcon.colcon_core.shell:Skip shell extension 'dsv' for command environment
[1.464s] Level 1:colcon.colcon_core.environment:create_environment_scripts_only(clearpath_control)
[1.464s] Level 1:colcon.colcon_core.environment:checking '/home/dimash/debug_clear_ws/install/clearpath_control' for CMake module files
[1.465s] DEBUG:colcon.colcon_core.event_handler.log_command:Invoked command in '/home/dimash/debug_clear_ws/build/clearpath_control' returned '0': CMAKE_PREFIX_PATH=${CMAKE_PREFIX_PATH}:/home/dimash/debug_clear_ws/install/yolo_ros:/home/dimash/debug_clear_ws/install/person_movement:/home/dimash/debug_clear_ws/install/clearpath_config:/opt/ros/humble /usr/bin/cmake --install /home/dimash/debug_clear_ws/build/clearpath_control
[1.467s] Level 1:colcon.colcon_core.environment:checking '/home/dimash/debug_clear_ws/install/clearpath_control' for CMake config files
[1.470s] Level 1:colcon.colcon_core.shell:create_environment_hook('clearpath_control', 'cmake_prefix_path')
[1.471s] INFO:colcon.colcon_core.shell:Creating environment hook '/home/dimash/debug_clear_ws/install/clearpath_control/share/clearpath_control/hook/cmake_prefix_path.ps1'
[1.471s] INFO:colcon.colcon_core.shell:Creating environment descriptor '/home/dimash/debug_clear_ws/install/clearpath_control/share/clearpath_control/hook/cmake_prefix_path.dsv'
[1.472s] INFO:colcon.colcon_core.shell:Creating environment hook '/home/dimash/debug_clear_ws/install/clearpath_control/share/clearpath_control/hook/cmake_prefix_path.sh'
[1.473s] Level 1:colcon.colcon_core.environment:checking '/home/dimash/debug_clear_ws/install/clearpath_control/bin'
[1.473s] Level 1:colcon.colcon_core.environment:checking '/home/dimash/debug_clear_ws/install/clearpath_control/lib/pkgconfig/clearpath_control.pc'
[1.474s] Level 1:colcon.colcon_core.environment:checking '/home/dimash/debug_clear_ws/install/clearpath_control/lib/python3.10/site-packages'
[1.474s] Level 1:colcon.colcon_core.environment:checking '/home/dimash/debug_clear_ws/install/clearpath_control/bin'
[1.475s] INFO:colcon.colcon_core.shell:Creating package script '/home/dimash/debug_clear_ws/install/clearpath_control/share/clearpath_control/package.ps1'
[1.476s] INFO:colcon.colcon_core.shell:Creating package descriptor '/home/dimash/debug_clear_ws/install/clearpath_control/share/clearpath_control/package.dsv'
[1.476s] INFO:colcon.colcon_core.shell:Creating package script '/home/dimash/debug_clear_ws/install/clearpath_control/share/clearpath_control/package.sh'
[1.477s] INFO:colcon.colcon_core.shell:Creating package script '/home/dimash/debug_clear_ws/install/clearpath_control/share/clearpath_control/package.bash'
[1.478s] INFO:colcon.colcon_core.shell:Creating package script '/home/dimash/debug_clear_ws/install/clearpath_control/share/clearpath_control/package.zsh'
[1.478s] Level 1:colcon.colcon_core.environment:create_file_with_runtime_dependencies(/home/dimash/debug_clear_ws/install/clearpath_control/share/colcon-core/packages/clearpath_control)
[1.479s] Level 1:colcon.colcon_core.environment:create_environment_scripts_only(clearpath_control)
[1.480s] Level 1:colcon.colcon_core.environment:checking '/home/dimash/debug_clear_ws/install/clearpath_control' for CMake module files
[1.481s] Level 1:colcon.colcon_core.environment:checking '/home/dimash/debug_clear_ws/install/clearpath_control' for CMake config files
[1.481s] Level 1:colcon.colcon_core.shell:create_environment_hook('clearpath_control', 'cmake_prefix_path')
[1.482s] INFO:colcon.colcon_core.shell:Creating environment hook '/home/dimash/debug_clear_ws/install/clearpath_control/share/clearpath_control/hook/cmake_prefix_path.ps1'
[1.482s] INFO:colcon.colcon_core.shell:Creating environment descriptor '/home/dimash/debug_clear_ws/install/clearpath_control/share/clearpath_control/hook/cmake_prefix_path.dsv'
[1.483s] INFO:colcon.colcon_core.shell:Creating environment hook '/home/dimash/debug_clear_ws/install/clearpath_control/share/clearpath_control/hook/cmake_prefix_path.sh'
[1.484s] Level 1:colcon.colcon_core.environment:checking '/home/dimash/debug_clear_ws/install/clearpath_control/bin'
[1.484s] Level 1:colcon.colcon_core.environment:checking '/home/dimash/debug_clear_ws/install/clearpath_control/lib/pkgconfig/clearpath_control.pc'
[1.484s] Level 1:colcon.colcon_core.environment:checking '/home/dimash/debug_clear_ws/install/clearpath_control/lib/python3.10/site-packages'
[1.484s] Level 1:colcon.colcon_core.environment:checking '/home/dimash/debug_clear_ws/install/clearpath_control/bin'
[1.485s] INFO:colcon.colcon_core.shell:Creating package script '/home/dimash/debug_clear_ws/install/clearpath_control/share/clearpath_control/package.ps1'
[1.486s] INFO:colcon.colcon_core.shell:Creating package descriptor '/home/dimash/debug_clear_ws/install/clearpath_control/share/clearpath_control/package.dsv'
[1.487s] INFO:colcon.colcon_core.shell:Creating package script '/home/dimash/debug_clear_ws/install/clearpath_control/share/clearpath_control/package.sh'
[1.487s] INFO:colcon.colcon_core.shell:Creating package script '/home/dimash/debug_clear_ws/install/clearpath_control/share/clearpath_control/package.bash'
[1.488s] INFO:colcon.colcon_core.shell:Creating package script '/home/dimash/debug_clear_ws/install/clearpath_control/share/clearpath_control/package.zsh'
[1.489s] Level 1:colcon.colcon_core.environment:create_file_with_runtime_dependencies(/home/dimash/debug_clear_ws/install/clearpath_control/share/colcon-core/packages/clearpath_control)
[1.490s] DEBUG:colcon.colcon_core.event_handler.log_command:Invoked command in '/home/dimash/debug_clear_ws/build/clearpath_platform_msgs' returned '0': CMAKE_PREFIX_PATH=${CMAKE_PREFIX_PATH}:/home/dimash/debug_clear_ws/install/yolo_ros:/home/dimash/debug_clear_ws/install/person_movement:/home/dimash/debug_clear_ws/install/clearpath_config:/opt/ros/humble /usr/bin/cmake --build /home/dimash/debug_clear_ws/build/clearpath_platform_msgs -- -j8 -l8
[1.496s] DEBUG:colcon.colcon_core.event_handler.log_command:Invoking command in '/home/dimash/debug_clear_ws/build/clearpath_platform_msgs': CMAKE_PREFIX_PATH=${CMAKE_PREFIX_PATH}:/home/dimash/debug_clear_ws/install/yolo_ros:/home/dimash/debug_clear_ws/install/person_movement:/home/dimash/debug_clear_ws/install/clearpath_config:/opt/ros/humble /usr/bin/cmake --install /home/dimash/debug_clear_ws/build/clearpath_platform_msgs
[1.497s] INFO:colcon.colcon_ros.task.ament_python.build:Building ROS package in '/home/dimash/debug_clear_ws/src/person_movement' with build type 'ament_python'
[1.497s] Level 1:colcon.colcon_core.shell:create_environment_hook('person_movement', 'ament_prefix_path')
[1.497s] INFO:colcon.colcon_core.shell:Creating environment hook '/home/dimash/debug_clear_ws/install/person_movement/share/person_movement/hook/ament_prefix_path.ps1'
[1.498s] INFO:colcon.colcon_core.shell:Creating environment descriptor '/home/dimash/debug_clear_ws/install/person_movement/share/person_movement/hook/ament_prefix_path.dsv'
[1.500s] INFO:colcon.colcon_core.shell:Creating environment hook '/home/dimash/debug_clear_ws/install/person_movement/share/person_movement/hook/ament_prefix_path.sh'
[1.501s] INFO:colcon.colcon_core.shell:Skip shell extension 'powershell' for command environment: Not usable outside of PowerShell
[1.502s] DEBUG:colcon.colcon_core.shell:Skip shell extension 'dsv' for command environment
[1.514s] Level 1:colcon.colcon_core.environment:create_environment_scripts_only(clearpath_mounts_description)
[1.514s] Level 1:colcon.colcon_core.environment:checking '/home/dimash/debug_clear_ws/install/clearpath_mounts_description' for CMake module files
[1.516s] DEBUG:colcon.colcon_core.event_handler.log_command:Invoked command in '/home/dimash/debug_clear_ws/build/clearpath_mounts_description' returned '0': CMAKE_PREFIX_PATH=${CMAKE_PREFIX_PATH}:/home/dimash/debug_clear_ws/install/yolo_ros:/home/dimash/debug_clear_ws/install/person_movement:/home/dimash/debug_clear_ws/install/clearpath_config:/opt/ros/humble /usr/bin/cmake --install /home/dimash/debug_clear_ws/build/clearpath_mounts_description
[1.518s] Level 1:colcon.colcon_core.environment:checking '/home/dimash/debug_clear_ws/install/clearpath_mounts_description' for CMake config files
[1.518s] Level 1:colcon.colcon_core.shell:create_environment_hook('clearpath_mounts_description', 'cmake_prefix_path')
[1.518s] INFO:colcon.colcon_core.shell:Creating environment hook '/home/dimash/debug_clear_ws/install/clearpath_mounts_description/share/clearpath_mounts_description/hook/cmake_prefix_path.ps1'
[1.522s] INFO:colcon.colcon_core.shell:Creating environment descriptor '/home/dimash/debug_clear_ws/install/clearpath_mounts_description/share/clearpath_mounts_description/hook/cmake_prefix_path.dsv'
[1.522s] INFO:colcon.colcon_core.shell:Creating environment hook '/home/dimash/debug_clear_ws/install/clearpath_mounts_description/share/clearpath_mounts_description/hook/cmake_prefix_path.sh'
[1.525s] Level 1:colcon.colcon_core.environment:checking '/home/dimash/debug_clear_ws/install/clearpath_mounts_description/bin'
[1.525s] Level 1:colcon.colcon_core.environment:checking '/home/dimash/debug_clear_ws/install/clearpath_mounts_description/lib/pkgconfig/clearpath_mounts_description.pc'
[1.525s] Level 1:colcon.colcon_core.environment:checking '/home/dimash/debug_clear_ws/install/clearpath_mounts_description/lib/python3.10/site-packages'
[1.525s] Level 1:colcon.colcon_core.environment:checking '/home/dimash/debug_clear_ws/install/clearpath_mounts_description/bin'
[1.526s] INFO:colcon.colcon_core.shell:Creating package script '/home/dimash/debug_clear_ws/install/clearpath_mounts_description/share/clearpath_mounts_description/package.ps1'
[1.527s] INFO:colcon.colcon_core.shell:Creating package descriptor '/home/dimash/debug_clear_ws/install/clearpath_mounts_description/share/clearpath_mounts_description/package.dsv'
[1.532s] INFO:colcon.colcon_core.shell:Creating package script '/home/dimash/debug_clear_ws/install/clearpath_mounts_description/share/clearpath_mounts_description/package.sh'
[1.532s] INFO:colcon.colcon_core.shell:Creating package script '/home/dimash/debug_clear_ws/install/clearpath_mounts_description/share/clearpath_mounts_description/package.bash'
[1.533s] INFO:colcon.colcon_core.shell:Creating package script '/home/dimash/debug_clear_ws/install/clearpath_mounts_description/share/clearpath_mounts_description/package.zsh'
[1.533s] Level 1:colcon.colcon_core.environment:create_file_with_runtime_dependencies(/home/dimash/debug_clear_ws/install/clearpath_mounts_description/share/colcon-core/packages/clearpath_mounts_description)
[1.538s] Level 1:colcon.colcon_core.environment:create_environment_scripts_only(clearpath_mounts_description)
[1.538s] Level 1:colcon.colcon_core.environment:checking '/home/dimash/debug_clear_ws/install/clearpath_mounts_description' for CMake module files
[1.539s] Level 1:colcon.colcon_core.environment:checking '/home/dimash/debug_clear_ws/install/clearpath_mounts_description' for CMake config files
[1.539s] Level 1:colcon.colcon_core.shell:create_environment_hook('clearpath_mounts_description', 'cmake_prefix_path')
[1.540s] INFO:colcon.colcon_core.shell:Creating environment hook '/home/dimash/debug_clear_ws/install/clearpath_mounts_description/share/clearpath_mounts_description/hook/cmake_prefix_path.ps1'
[1.540s] INFO:colcon.colcon_core.shell:Creating environment descriptor '/home/dimash/debug_clear_ws/install/clearpath_mounts_description/share/clearpath_mounts_description/hook/cmake_prefix_path.dsv'
[1.545s] INFO:colcon.colcon_core.shell:Creating environment hook '/home/dimash/debug_clear_ws/install/clearpath_mounts_description/share/clearpath_mounts_description/hook/cmake_prefix_path.sh'
[1.545s] Level 1:colcon.colcon_core.environment:checking '/home/dimash/debug_clear_ws/install/clearpath_mounts_description/bin'
[1.546s] Level 1:colcon.colcon_core.environment:checking '/home/dimash/debug_clear_ws/install/clearpath_mounts_description/lib/pkgconfig/clearpath_mounts_description.pc'
[1.546s] Level 1:colcon.colcon_core.environment:checking '/home/dimash/debug_clear_ws/install/clearpath_mounts_description/lib/python3.10/site-packages'
[1.546s] Level 1:colcon.colcon_core.environment:checking '/home/dimash/debug_clear_ws/install/clearpath_mounts_description/bin'
[1.547s] INFO:colcon.colcon_core.shell:Creating package script '/home/dimash/debug_clear_ws/install/clearpath_mounts_description/share/clearpath_mounts_description/package.ps1'
[1.548s] INFO:colcon.colcon_core.shell:Creating package descriptor '/home/dimash/debug_clear_ws/install/clearpath_mounts_description/share/clearpath_mounts_description/package.dsv'
[1.552s] INFO:colcon.colcon_core.shell:Creating package script '/home/dimash/debug_clear_ws/install/clearpath_mounts_description/share/clearpath_mounts_description/package.sh'
[1.553s] INFO:colcon.colcon_core.shell:Creating package script '/home/dimash/debug_clear_ws/install/clearpath_mounts_description/share/clearpath_mounts_description/package.bash'
[1.553s] INFO:colcon.colcon_core.shell:Creating package script '/home/dimash/debug_clear_ws/install/clearpath_mounts_description/share/clearpath_mounts_description/package.zsh'
[1.554s] Level 1:colcon.colcon_core.environment:create_file_with_runtime_dependencies(/home/dimash/debug_clear_ws/install/clearpath_mounts_description/share/colcon-core/packages/clearpath_mounts_description)
[1.558s] Level 1:colcon.colcon_core.environment:create_environment_scripts_only(clearpath_sensors_description)
[1.559s] Level 1:colcon.colcon_core.environment:checking '/home/dimash/debug_clear_ws/install/clearpath_sensors_description' for CMake module files
[1.560s] Level 1:colcon.colcon_core.environment:checking '/home/dimash/debug_clear_ws/install/clearpath_sensors_description' for CMake config files
[1.560s] Level 1:colcon.colcon_core.shell:create_environment_hook('clearpath_sensors_description', 'cmake_prefix_path')
[1.561s] INFO:colcon.colcon_core.shell:Creating environment hook '/home/dimash/debug_clear_ws/install/clearpath_sensors_description/share/clearpath_sensors_description/hook/cmake_prefix_path.ps1'
[1.561s] INFO:colcon.colcon_core.shell:Creating environment descriptor '/home/dimash/debug_clear_ws/install/clearpath_sensors_description/share/clearpath_sensors_description/hook/cmake_prefix_path.dsv'
[1.565s] INFO:colcon.colcon_core.shell:Creating environment hook '/home/dimash/debug_clear_ws/install/clearpath_sensors_description/share/clearpath_sensors_description/hook/cmake_prefix_path.sh'
[1.567s] Level 1:colcon.colcon_core.environment:checking '/home/dimash/debug_clear_ws/install/clearpath_sensors_description/bin'
[1.567s] Level 1:colcon.colcon_core.environment:checking '/home/dimash/debug_clear_ws/install/clearpath_sensors_description/lib/pkgconfig/clearpath_sensors_description.pc'
[1.567s] Level 1:colcon.colcon_core.environment:checking '/home/dimash/debug_clear_ws/install/clearpath_sensors_description/lib/python3.10/site-packages'
[1.568s] Level 1:colcon.colcon_core.environment:checking '/home/dimash/debug_clear_ws/install/clearpath_sensors_description/bin'
[1.568s] INFO:colcon.colcon_core.shell:Creating package script '/home/dimash/debug_clear_ws/install/clearpath_sensors_description/share/clearpath_sensors_description/package.ps1'
[1.569s] INFO:colcon.colcon_core.shell:Creating package descriptor '/home/dimash/debug_clear_ws/install/clearpath_sensors_description/share/clearpath_sensors_description/package.dsv'
[1.573s] INFO:colcon.colcon_core.shell:Creating package script '/home/dimash/debug_clear_ws/install/clearpath_sensors_description/share/clearpath_sensors_description/package.sh'
[1.574s] INFO:colcon.colcon_core.shell:Creating package script '/home/dimash/debug_clear_ws/install/clearpath_sensors_description/share/clearpath_sensors_description/package.bash'
[1.578s] INFO:colcon.colcon_core.shell:Creating package script '/home/dimash/debug_clear_ws/install/clearpath_sensors_description/share/clearpath_sensors_description/package.zsh'
[1.579s] Level 1:colcon.colcon_core.environment:create_file_with_runtime_dependencies(/home/dimash/debug_clear_ws/install/clearpath_sensors_description/share/colcon-core/packages/clearpath_sensors_description)
[1.580s] Level 1:colcon.colcon_core.environment:create_environment_scripts_only(clearpath_sensors_description)
[1.580s] Level 1:colcon.colcon_core.environment:checking '/home/dimash/debug_clear_ws/install/clearpath_sensors_description' for CMake module files
[1.581s] Level 1:colcon.colcon_core.environment:checking '/home/dimash/debug_clear_ws/install/clearpath_sensors_description' for CMake config files
[1.582s] DEBUG:colcon.colcon_core.event_handler.log_command:Invoked command in '/home/dimash/debug_clear_ws/build/clearpath_sensors_description' returned '0': CMAKE_PREFIX_PATH=${CMAKE_PREFIX_PATH}:/home/dimash/debug_clear_ws/install/yolo_ros:/home/dimash/debug_clear_ws/install/person_movement:/home/dimash/debug_clear_ws/install/clearpath_config:/opt/ros/humble /usr/bin/cmake --install /home/dimash/debug_clear_ws/build/clearpath_sensors_description
[1.582s] Level 1:colcon.colcon_core.shell:create_environment_hook('clearpath_sensors_description', 'cmake_prefix_path')
[1.583s] INFO:colcon.colcon_core.shell:Creating environment hook '/home/dimash/debug_clear_ws/install/clearpath_sensors_description/share/clearpath_sensors_description/hook/cmake_prefix_path.ps1'
[1.584s] INFO:colcon.colcon_core.shell:Creating environment descriptor '/home/dimash/debug_clear_ws/install/clearpath_sensors_description/share/clearpath_sensors_description/hook/cmake_prefix_path.dsv'
[1.584s] INFO:colcon.colcon_core.shell:Creating environment hook '/home/dimash/debug_clear_ws/install/clearpath_sensors_description/share/clearpath_sensors_description/hook/cmake_prefix_path.sh'
[1.585s] Level 1:colcon.colcon_core.environment:checking '/home/dimash/debug_clear_ws/install/clearpath_sensors_description/bin'
[1.585s] Level 1:colcon.colcon_core.environment:checking '/home/dimash/debug_clear_ws/install/clearpath_sensors_description/lib/pkgconfig/clearpath_sensors_description.pc'
[1.585s] Level 1:colcon.colcon_core.environment:checking '/home/dimash/debug_clear_ws/install/clearpath_sensors_description/lib/python3.10/site-packages'
[1.586s] Level 1:colcon.colcon_core.environment:checking '/home/dimash/debug_clear_ws/install/clearpath_sensors_description/bin'
[1.586s] INFO:colcon.colcon_core.shell:Creating package script '/home/dimash/debug_clear_ws/install/clearpath_sensors_description/share/clearpath_sensors_description/package.ps1'
[1.587s] INFO:colcon.colcon_core.shell:Creating package descriptor '/home/dimash/debug_clear_ws/install/clearpath_sensors_description/share/clearpath_sensors_description/package.dsv'
[1.588s] INFO:colcon.colcon_core.shell:Creating package script '/home/dimash/debug_clear_ws/install/clearpath_sensors_description/share/clearpath_sensors_description/package.sh'
[1.589s] INFO:colcon.colcon_core.shell:Creating package script '/home/dimash/debug_clear_ws/install/clearpath_sensors_description/share/clearpath_sensors_description/package.bash'
[1.589s] INFO:colcon.colcon_core.shell:Creating package script '/home/dimash/debug_clear_ws/install/clearpath_sensors_description/share/clearpath_sensors_description/package.zsh'
[1.589s] Level 1:colcon.colcon_core.environment:create_file_with_runtime_dependencies(/home/dimash/debug_clear_ws/install/clearpath_sensors_description/share/colcon-core/packages/clearpath_sensors_description)
[1.594s] INFO:colcon.colcon_ros.task.ament_cmake.build:Building ROS package in '/home/dimash/debug_clear_ws/src/clearpath_common/clearpath_description' with build type 'ament_cmake'
[1.594s] INFO:colcon.colcon_cmake.task.cmake.build:Building CMake package in '/home/dimash/debug_clear_ws/src/clearpath_common/clearpath_description'
[1.594s] INFO:colcon.colcon_core.shell:Skip shell extension 'powershell' for command environment: Not usable outside of PowerShell
[1.595s] DEBUG:colcon.colcon_core.shell:Skip shell extension 'dsv' for command environment
[1.596s] DEBUG:colcon.colcon_core.event_handler.log_command:Invoking command in '/home/dimash/debug_clear_ws/build/clearpath_customization': CMAKE_PREFIX_PATH=${CMAKE_PREFIX_PATH}:/home/dimash/debug_clear_ws/install/yolo_ros:/home/dimash/debug_clear_ws/install/person_movement:/home/dimash/debug_clear_ws/install/clearpath_config:/opt/ros/humble /usr/bin/cmake --build /home/dimash/debug_clear_ws/build/clearpath_customization -- -j8 -l8
[1.624s] DEBUG:colcon.colcon_core.event_handler.log_command:Invoking command in '/home/dimash/debug_clear_ws/build/clearpath_manipulators': CMAKE_PREFIX_PATH=/home/dimash/debug_clear_ws/install/clearpath_manipulators_description:/home/dimash/debug_clear_ws/install/yolo_bringup:/home/dimash/debug_clear_ws/install/mpc_low:/home/dimash/debug_clear_ws/install/yolo_msgs:/home/dimash/debug_clear_ws/install/point_cloud_debug:/home/dimash/debug_clear_ws/install/move_model_plugin:/home/dimash/debug_clear_ws/install/clearpath_simulator:/home/dimash/debug_clear_ws/install/clearpath_gz:/home/dimash/debug_clear_ws/install/clearpath_generator_gz:/home/dimash/debug_clear_ws/install/clearpath_common:/home/dimash/debug_clear_ws/install/clearpath_generator_common:/home/dimash/debug_clear_ws/install/clearpath_description:/home/dimash/debug_clear_ws/install/clearpath_sensors_description:/home/dimash/debug_clear_ws/install/clearpath_platform:/home/dimash/debug_clear_ws/install/clearpath_msgs:/home/dimash/debug_clear_ws/install/clearpath_platform_msgs:/home/dimash/debug_clear_ws/install/clearpath_platform_description:/home/dimash/debug_clear_ws/install/clearpath_nav2_demos:/home/dimash/debug_clear_ws/install/clearpath_mounts_description:/home/dimash/debug_clear_ws/install/clearpath_manipulators:/home/dimash/debug_clear_ws/install/clearpath_customization:/home/dimash/debug_clear_ws/install/clearpath_control:/home/dimash/debug_clear_ws/install/yolo_ros:/home/dimash/debug_clear_ws/install/person_movement:/home/dimash/debug_clear_ws/install/clearpath_config:/opt/ros/humble /usr/bin/cmake --build /home/dimash/debug_clear_ws/build/clearpath_manipulators -- -j8 -l8
[2.094s] INFO:colcon.colcon_core.task.python.build:Building Python package in '/home/dimash/debug_clear_ws/src/person_movement'
[2.095s] INFO:colcon.colcon_core.shell:Skip shell extension 'powershell' for command environment: Not usable outside of PowerShell
[2.095s] DEBUG:colcon.colcon_core.shell:Skip shell extension 'dsv' for command environment
[2.101s] Level 1:colcon.colcon_core.environment:create_environment_scripts_only(clearpath_platform_msgs)
[2.102s] Level 1:colcon.colcon_core.environment:checking '/home/dimash/debug_clear_ws/install/clearpath_platform_msgs' for CMake module files
[2.102s] DEBUG:colcon.colcon_core.event_handler.log_command:Invoking command in '/home/dimash/debug_clear_ws/build/clearpath_description': CMAKE_PREFIX_PATH=/home/dimash/debug_clear_ws/install/clearpath_sensors_description:/home/dimash/debug_clear_ws/install/clearpath_platform_description:/home/dimash/debug_clear_ws/install/clearpath_mounts_description:/home/dimash/debug_clear_ws/install/clearpath_manipulators_description:/home/dimash/debug_clear_ws/install/yolo_bringup:/home/dimash/debug_clear_ws/install/mpc_low:/home/dimash/debug_clear_ws/install/yolo_msgs:/home/dimash/debug_clear_ws/install/point_cloud_debug:/home/dimash/debug_clear_ws/install/move_model_plugin:/home/dimash/debug_clear_ws/install/clearpath_simulator:/home/dimash/debug_clear_ws/install/clearpath_gz:/home/dimash/debug_clear_ws/install/clearpath_generator_gz:/home/dimash/debug_clear_ws/install/clearpath_common:/home/dimash/debug_clear_ws/install/clearpath_generator_common:/home/dimash/debug_clear_ws/install/clearpath_description:/home/dimash/debug_clear_ws/install/clearpath_platform:/home/dimash/debug_clear_ws/install/clearpath_msgs:/home/dimash/debug_clear_ws/install/clearpath_platform_msgs:/home/dimash/debug_clear_ws/install/clearpath_nav2_demos:/home/dimash/debug_clear_ws/install/clearpath_manipulators:/home/dimash/debug_clear_ws/install/clearpath_customization:/home/dimash/debug_clear_ws/install/clearpath_control:/home/dimash/debug_clear_ws/install/yolo_ros:/home/dimash/debug_clear_ws/install/person_movement:/home/dimash/debug_clear_ws/install/clearpath_config:/opt/ros/humble /usr/bin/cmake --build /home/dimash/debug_clear_ws/build/clearpath_description -- -j8 -l8
[2.103s] DEBUG:colcon.colcon_core.event_handler.log_command:Invoked command in '/home/dimash/debug_clear_ws/build/clearpath_platform_msgs' returned '0': CMAKE_PREFIX_PATH=${CMAKE_PREFIX_PATH}:/home/dimash/debug_clear_ws/install/yolo_ros:/home/dimash/debug_clear_ws/install/person_movement:/home/dimash/debug_clear_ws/install/clearpath_config:/opt/ros/humble /usr/bin/cmake --install /home/dimash/debug_clear_ws/build/clearpath_platform_msgs
[2.103s] Level 1:colcon.colcon_core.environment:checking '/home/dimash/debug_clear_ws/install/clearpath_platform_msgs' for CMake config files
[2.104s] Level 1:colcon.colcon_core.shell:create_environment_hook('clearpath_platform_msgs', 'cmake_prefix_path')
[2.104s] INFO:colcon.colcon_core.shell:Creating environment hook '/home/dimash/debug_clear_ws/install/clearpath_platform_msgs/share/clearpath_platform_msgs/hook/cmake_prefix_path.ps1'
[2.104s] INFO:colcon.colcon_core.shell:Creating environment descriptor '/home/dimash/debug_clear_ws/install/clearpath_platform_msgs/share/clearpath_platform_msgs/hook/cmake_prefix_path.dsv'
[2.105s] INFO:colcon.colcon_core.shell:Creating environment hook '/home/dimash/debug_clear_ws/install/clearpath_platform_msgs/share/clearpath_platform_msgs/hook/cmake_prefix_path.sh'
[2.105s] Level 1:colcon.colcon_core.environment:checking '/home/dimash/debug_clear_ws/install/clearpath_platform_msgs/lib'
[2.105s] Level 1:colcon.colcon_core.shell:create_environment_hook('clearpath_platform_msgs', 'ld_library_path_lib')
[2.106s] INFO:colcon.colcon_core.shell:Creating environment hook '/home/dimash/debug_clear_ws/install/clearpath_platform_msgs/share/clearpath_platform_msgs/hook/ld_library_path_lib.ps1'
[2.106s] INFO:colcon.colcon_core.shell:Creating environment descriptor '/home/dimash/debug_clear_ws/install/clearpath_platform_msgs/share/clearpath_platform_msgs/hook/ld_library_path_lib.dsv'
[2.106s] INFO:colcon.colcon_core.shell:Creating environment hook '/home/dimash/debug_clear_ws/install/clearpath_platform_msgs/share/clearpath_platform_msgs/hook/ld_library_path_lib.sh'
[2.107s] Level 1:colcon.colcon_core.environment:checking '/home/dimash/debug_clear_ws/install/clearpath_platform_msgs/bin'
[2.107s] Level 1:colcon.colcon_core.environment:checking '/home/dimash/debug_clear_ws/install/clearpath_platform_msgs/lib/pkgconfig/clearpath_platform_msgs.pc'
[2.107s] Level 1:colcon.colcon_core.environment:checking '/home/dimash/debug_clear_ws/install/clearpath_platform_msgs/lib/python3.10/site-packages'
[2.107s] Level 1:colcon.colcon_core.environment:checking '/home/dimash/debug_clear_ws/install/clearpath_platform_msgs/bin'
[2.107s] INFO:colcon.colcon_core.shell:Creating package script '/home/dimash/debug_clear_ws/install/clearpath_platform_msgs/share/clearpath_platform_msgs/package.ps1'
[2.108s] INFO:colcon.colcon_core.shell:Creating package descriptor '/home/dimash/debug_clear_ws/install/clearpath_platform_msgs/share/clearpath_platform_msgs/package.dsv'
[2.108s] INFO:colcon.colcon_core.shell:Creating package script '/home/dimash/debug_clear_ws/install/clearpath_platform_msgs/share/clearpath_platform_msgs/package.sh'
[2.109s] INFO:colcon.colcon_core.shell:Creating package script '/home/dimash/debug_clear_ws/install/clearpath_platform_msgs/share/clearpath_platform_msgs/package.bash'
[2.109s] INFO:colcon.colcon_core.shell:Creating package script '/home/dimash/debug_clear_ws/install/clearpath_platform_msgs/share/clearpath_platform_msgs/package.zsh'
[2.109s] Level 1:colcon.colcon_core.environment:create_file_with_runtime_dependencies(/home/dimash/debug_clear_ws/install/clearpath_platform_msgs/share/colcon-core/packages/clearpath_platform_msgs)
[2.110s] Level 1:colcon.colcon_core.environment:create_environment_scripts_only(clearpath_platform_msgs)
[2.110s] Level 1:colcon.colcon_core.environment:checking '/home/dimash/debug_clear_ws/install/clearpath_platform_msgs' for CMake module files
[2.111s] Level 1:colcon.colcon_core.environment:checking '/home/dimash/debug_clear_ws/install/clearpath_platform_msgs' for CMake config files
[2.111s] Level 1:colcon.colcon_core.shell:create_environment_hook('clearpath_platform_msgs', 'cmake_prefix_path')
[2.111s] INFO:colcon.colcon_core.shell:Creating environment hook '/home/dimash/debug_clear_ws/install/clearpath_platform_msgs/share/clearpath_platform_msgs/hook/cmake_prefix_path.ps1'
[2.112s] INFO:colcon.colcon_core.shell:Creating environment descriptor '/home/dimash/debug_clear_ws/install/clearpath_platform_msgs/share/clearpath_platform_msgs/hook/cmake_prefix_path.dsv'
[2.112s] INFO:colcon.colcon_core.shell:Creating environment hook '/home/dimash/debug_clear_ws/install/clearpath_platform_msgs/share/clearpath_platform_msgs/hook/cmake_prefix_path.sh'
[2.112s] Level 1:colcon.colcon_core.environment:checking '/home/dimash/debug_clear_ws/install/clearpath_platform_msgs/lib'
[2.112s] Level 1:colcon.colcon_core.shell:create_environment_hook('clearpath_platform_msgs', 'ld_library_path_lib')
[2.113s] INFO:colcon.colcon_core.shell:Creating environment hook '/home/dimash/debug_clear_ws/install/clearpath_platform_msgs/share/clearpath_platform_msgs/hook/ld_library_path_lib.ps1'
[2.113s] INFO:colcon.colcon_core.shell:Creating environment descriptor '/home/dimash/debug_clear_ws/install/clearpath_platform_msgs/share/clearpath_platform_msgs/hook/ld_library_path_lib.dsv'
[2.113s] INFO:colcon.colcon_core.shell:Creating environment hook '/home/dimash/debug_clear_ws/install/clearpath_platform_msgs/share/clearpath_platform_msgs/hook/ld_library_path_lib.sh'
[2.114s] Level 1:colcon.colcon_core.environment:checking '/home/dimash/debug_clear_ws/install/clearpath_platform_msgs/bin'
[2.114s] Level 1:colcon.colcon_core.environment:checking '/home/dimash/debug_clear_ws/install/clearpath_platform_msgs/lib/pkgconfig/clearpath_platform_msgs.pc'
[2.114s] Level 1:colcon.colcon_core.environment:checking '/home/dimash/debug_clear_ws/install/clearpath_platform_msgs/lib/python3.10/site-packages'
[2.114s] Level 1:colcon.colcon_core.environment:checking '/home/dimash/debug_clear_ws/install/clearpath_platform_msgs/bin'
[2.114s] INFO:colcon.colcon_core.shell:Creating package script '/home/dimash/debug_clear_ws/install/clearpath_platform_msgs/share/clearpath_platform_msgs/package.ps1'
[2.115s] INFO:colcon.colcon_core.shell:Creating package descriptor '/home/dimash/debug_clear_ws/install/clearpath_platform_msgs/share/clearpath_platform_msgs/package.dsv'
[2.115s] INFO:colcon.colcon_core.shell:Creating package script '/home/dimash/debug_clear_ws/install/clearpath_platform_msgs/share/clearpath_platform_msgs/package.sh'
[2.116s] INFO:colcon.colcon_core.shell:Creating package script '/home/dimash/debug_clear_ws/install/clearpath_platform_msgs/share/clearpath_platform_msgs/package.bash'
[2.116s] INFO:colcon.colcon_core.shell:Creating package script '/home/dimash/debug_clear_ws/install/clearpath_platform_msgs/share/clearpath_platform_msgs/package.zsh'
[2.116s] Level 1:colcon.colcon_core.environment:create_file_with_runtime_dependencies(/home/dimash/debug_clear_ws/install/clearpath_platform_msgs/share/colcon-core/packages/clearpath_platform_msgs)
[2.118s] INFO:colcon.colcon_ros.task.ament_cmake.build:Building ROS package in '/home/dimash/debug_clear_ws/src/clearpath_common/clearpath_platform' with build type 'ament_cmake'
[2.118s] INFO:colcon.colcon_cmake.task.cmake.build:Building CMake package in '/home/dimash/debug_clear_ws/src/clearpath_common/clearpath_platform'
[2.118s] INFO:colcon.colcon_core.shell:Skip shell extension 'powershell' for command environment: Not usable outside of PowerShell
[2.118s] DEBUG:colcon.colcon_core.shell:Skip shell extension 'dsv' for command environment
[2.123s] INFO:colcon.colcon_ros.task.ament_cmake.build:Building ROS package in '/home/dimash/debug_clear_ws/src/clearpath_msgs/clearpath_msgs' with build type 'ament_cmake'
[2.123s] INFO:colcon.colcon_cmake.task.cmake.build:Building CMake package in '/home/dimash/debug_clear_ws/src/clearpath_msgs/clearpath_msgs'
[2.123s] INFO:colcon.colcon_core.shell:Skip shell extension 'powershell' for command environment: Not usable outside of PowerShell
[2.123s] DEBUG:colcon.colcon_core.shell:Skip shell extension 'dsv' for command environment
[2.128s] DEBUG:colcon.colcon_core.event_handler.log_command:Invoked command in '/home/dimash/debug_clear_ws/build/clearpath_customization' returned '0': CMAKE_PREFIX_PATH=${CMAKE_PREFIX_PATH}:/home/dimash/debug_clear_ws/install/yolo_ros:/home/dimash/debug_clear_ws/install/person_movement:/home/dimash/debug_clear_ws/install/clearpath_config:/opt/ros/humble /usr/bin/cmake --build /home/dimash/debug_clear_ws/build/clearpath_customization -- -j8 -l8
[2.130s] DEBUG:colcon.colcon_core.event_handler.log_command:Invoking command in '/home/dimash/debug_clear_ws/build/clearpath_customization': CMAKE_PREFIX_PATH=${CMAKE_PREFIX_PATH}:/home/dimash/debug_clear_ws/install/yolo_ros:/home/dimash/debug_clear_ws/install/person_movement:/home/dimash/debug_clear_ws/install/clearpath_config:/opt/ros/humble /usr/bin/cmake --install /home/dimash/debug_clear_ws/build/clearpath_customization
[2.131s] DEBUG:colcon.colcon_core.event_handler.log_command:Invoked command in '/home/dimash/debug_clear_ws/build/clearpath_manipulators' returned '0': CMAKE_PREFIX_PATH=/home/dimash/debug_clear_ws/install/clearpath_manipulators_description:/home/dimash/debug_clear_ws/install/yolo_bringup:/home/dimash/debug_clear_ws/install/mpc_low:/home/dimash/debug_clear_ws/install/yolo_msgs:/home/dimash/debug_clear_ws/install/point_cloud_debug:/home/dimash/debug_clear_ws/install/move_model_plugin:/home/dimash/debug_clear_ws/install/clearpath_simulator:/home/dimash/debug_clear_ws/install/clearpath_gz:/home/dimash/debug_clear_ws/install/clearpath_generator_gz:/home/dimash/debug_clear_ws/install/clearpath_common:/home/dimash/debug_clear_ws/install/clearpath_generator_common:/home/dimash/debug_clear_ws/install/clearpath_description:/home/dimash/debug_clear_ws/install/clearpath_sensors_description:/home/dimash/debug_clear_ws/install/clearpath_platform:/home/dimash/debug_clear_ws/install/clearpath_msgs:/home/dimash/debug_clear_ws/install/clearpath_platform_msgs:/home/dimash/debug_clear_ws/install/clearpath_platform_description:/home/dimash/debug_clear_ws/install/clearpath_nav2_demos:/home/dimash/debug_clear_ws/install/clearpath_mounts_description:/home/dimash/debug_clear_ws/install/clearpath_manipulators:/home/dimash/debug_clear_ws/install/clearpath_customization:/home/dimash/debug_clear_ws/install/clearpath_control:/home/dimash/debug_clear_ws/install/yolo_ros:/home/dimash/debug_clear_ws/install/person_movement:/home/dimash/debug_clear_ws/install/clearpath_config:/opt/ros/humble /usr/bin/cmake --build /home/dimash/debug_clear_ws/build/clearpath_manipulators -- -j8 -l8
[2.133s] DEBUG:colcon.colcon_core.event_handler.log_command:Invoking command in '/home/dimash/debug_clear_ws/build/clearpath_manipulators': CMAKE_PREFIX_PATH=/home/dimash/debug_clear_ws/install/clearpath_manipulators_description:/home/dimash/debug_clear_ws/install/yolo_bringup:/home/dimash/debug_clear_ws/install/mpc_low:/home/dimash/debug_clear_ws/install/yolo_msgs:/home/dimash/debug_clear_ws/install/point_cloud_debug:/home/dimash/debug_clear_ws/install/move_model_plugin:/home/dimash/debug_clear_ws/install/clearpath_simulator:/home/dimash/debug_clear_ws/install/clearpath_gz:/home/dimash/debug_clear_ws/install/clearpath_generator_gz:/home/dimash/debug_clear_ws/install/clearpath_common:/home/dimash/debug_clear_ws/install/clearpath_generator_common:/home/dimash/debug_clear_ws/install/clearpath_description:/home/dimash/debug_clear_ws/install/clearpath_sensors_description:/home/dimash/debug_clear_ws/install/clearpath_platform:/home/dimash/debug_clear_ws/install/clearpath_msgs:/home/dimash/debug_clear_ws/install/clearpath_platform_msgs:/home/dimash/debug_clear_ws/install/clearpath_platform_description:/home/dimash/debug_clear_ws/install/clearpath_nav2_demos:/home/dimash/debug_clear_ws/install/clearpath_mounts_description:/home/dimash/debug_clear_ws/install/clearpath_manipulators:/home/dimash/debug_clear_ws/install/clearpath_customization:/home/dimash/debug_clear_ws/install/clearpath_control:/home/dimash/debug_clear_ws/install/yolo_ros:/home/dimash/debug_clear_ws/install/person_movement:/home/dimash/debug_clear_ws/install/clearpath_config:/opt/ros/humble /usr/bin/cmake --install /home/dimash/debug_clear_ws/build/clearpath_manipulators
[2.134s] DEBUG:colcon.colcon_core.event_handler.log_command:Invoked command in '/home/dimash/debug_clear_ws/build/yolo_msgs' returned '0': CMAKE_PREFIX_PATH=${CMAKE_PREFIX_PATH}:/home/dimash/debug_clear_ws/install/yolo_ros:/home/dimash/debug_clear_ws/install/person_movement:/home/dimash/debug_clear_ws/install/clearpath_config:/opt/ros/humble /usr/bin/cmake --build /home/dimash/debug_clear_ws/build/yolo_msgs -- -j8 -l8
[2.136s] DEBUG:colcon.colcon_core.event_handler.log_command:Invoking command in '/home/dimash/debug_clear_ws/build/yolo_msgs': CMAKE_PREFIX_PATH=${CMAKE_PREFIX_PATH}:/home/dimash/debug_clear_ws/install/yolo_ros:/home/dimash/debug_clear_ws/install/person_movement:/home/dimash/debug_clear_ws/install/clearpath_config:/opt/ros/humble /usr/bin/cmake --install /home/dimash/debug_clear_ws/build/yolo_msgs
[2.139s] DEBUG:colcon.colcon_core.event_handler.log_command:Invoking command in '/home/dimash/debug_clear_ws/src/clearpath_config': PYTHONPATH=/home/dimash/debug_clear_ws/build/clearpath_config/prefix_override:/usr/lib/python3/dist-packages/colcon_core/task/python/colcon_distutils_commands:/home/dimash/debug_clear_ws/install/clearpath_config/lib/python3.10/site-packages:${PYTHONPATH} /usr/bin/python3 -W ignore:setup.py install is deprecated -W ignore:easy_install command is deprecated setup.py egg_info --egg-base ../../build/clearpath_config build --build-base /home/dimash/debug_clear_ws/build/clearpath_config/build install --record /home/dimash/debug_clear_ws/build/clearpath_config/install.log --single-version-externally-managed install_data
[2.188s] DEBUG:colcon.colcon_core.event_handler.log_command:Invoked command in '/home/dimash/debug_clear_ws/build/clearpath_description' returned '0': CMAKE_PREFIX_PATH=/home/dimash/debug_clear_ws/install/clearpath_sensors_description:/home/dimash/debug_clear_ws/install/clearpath_platform_description:/home/dimash/debug_clear_ws/install/clearpath_mounts_description:/home/dimash/debug_clear_ws/install/clearpath_manipulators_description:/home/dimash/debug_clear_ws/install/yolo_bringup:/home/dimash/debug_clear_ws/install/mpc_low:/home/dimash/debug_clear_ws/install/yolo_msgs:/home/dimash/debug_clear_ws/install/point_cloud_debug:/home/dimash/debug_clear_ws/install/move_model_plugin:/home/dimash/debug_clear_ws/install/clearpath_simulator:/home/dimash/debug_clear_ws/install/clearpath_gz:/home/dimash/debug_clear_ws/install/clearpath_generator_gz:/home/dimash/debug_clear_ws/install/clearpath_common:/home/dimash/debug_clear_ws/install/clearpath_generator_common:/home/dimash/debug_clear_ws/install/clearpath_description:/home/dimash/debug_clear_ws/install/clearpath_platform:/home/dimash/debug_clear_ws/install/clearpath_msgs:/home/dimash/debug_clear_ws/install/clearpath_platform_msgs:/home/dimash/debug_clear_ws/install/clearpath_nav2_demos:/home/dimash/debug_clear_ws/install/clearpath_manipulators:/home/dimash/debug_clear_ws/install/clearpath_customization:/home/dimash/debug_clear_ws/install/clearpath_control:/home/dimash/debug_clear_ws/install/yolo_ros:/home/dimash/debug_clear_ws/install/person_movement:/home/dimash/debug_clear_ws/install/clearpath_config:/opt/ros/humble /usr/bin/cmake --build /home/dimash/debug_clear_ws/build/clearpath_description -- -j8 -l8
[2.197s] Level 1:colcon.colcon_core.environment:create_environment_scripts_only(clearpath_customization)
[2.198s] Level 1:colcon.colcon_core.environment:checking '/home/dimash/debug_clear_ws/install/clearpath_customization' for CMake module files
[2.199s] Level 1:colcon.colcon_core.environment:checking '/home/dimash/debug_clear_ws/install/clearpath_customization' for CMake config files
[2.199s] Level 1:colcon.colcon_core.shell:create_environment_hook('clearpath_customization', 'cmake_prefix_path')
[2.200s] INFO:colcon.colcon_core.shell:Creating environment hook '/home/dimash/debug_clear_ws/install/clearpath_customization/share/clearpath_customization/hook/cmake_prefix_path.ps1'
[2.200s] INFO:colcon.colcon_core.shell:Creating environment descriptor '/home/dimash/debug_clear_ws/install/clearpath_customization/share/clearpath_customization/hook/cmake_prefix_path.dsv'
[2.201s] INFO:colcon.colcon_core.shell:Creating environment hook '/home/dimash/debug_clear_ws/install/clearpath_customization/share/clearpath_customization/hook/cmake_prefix_path.sh'
[2.204s] Level 1:colcon.colcon_core.environment:checking '/home/dimash/debug_clear_ws/install/clearpath_customization/lib'
[2.208s] Level 1:colcon.colcon_core.environment:checking '/home/dimash/debug_clear_ws/install/clearpath_customization/bin'
[2.209s] Level 1:colcon.colcon_core.environment:checking '/home/dimash/debug_clear_ws/install/clearpath_customization/lib/pkgconfig/clearpath_customization.pc'
[2.209s] Level 1:colcon.colcon_core.environment:checking '/home/dimash/debug_clear_ws/install/clearpath_customization/lib/python3.10/site-packages'
[2.210s] Level 1:colcon.colcon_core.environment:checking '/home/dimash/debug_clear_ws/install/clearpath_customization/bin'
[2.210s] INFO:colcon.colcon_core.shell:Creating package script '/home/dimash/debug_clear_ws/install/clearpath_customization/share/clearpath_customization/package.ps1'
[2.212s] INFO:colcon.colcon_core.shell:Creating package descriptor '/home/dimash/debug_clear_ws/install/clearpath_customization/share/clearpath_customization/package.dsv'
[2.218s] DEBUG:colcon.colcon_core.event_handler.log_command:Invoking command in '/home/dimash/debug_clear_ws/build/clearpath_description': CMAKE_PREFIX_PATH=/home/dimash/debug_clear_ws/install/clearpath_sensors_description:/home/dimash/debug_clear_ws/install/clearpath_platform_description:/home/dimash/debug_clear_ws/install/clearpath_mounts_description:/home/dimash/debug_clear_ws/install/clearpath_manipulators_description:/home/dimash/debug_clear_ws/install/yolo_bringup:/home/dimash/debug_clear_ws/install/mpc_low:/home/dimash/debug_clear_ws/install/yolo_msgs:/home/dimash/debug_clear_ws/install/point_cloud_debug:/home/dimash/debug_clear_ws/install/move_model_plugin:/home/dimash/debug_clear_ws/install/clearpath_simulator:/home/dimash/debug_clear_ws/install/clearpath_gz:/home/dimash/debug_clear_ws/install/clearpath_generator_gz:/home/dimash/debug_clear_ws/install/clearpath_common:/home/dimash/debug_clear_ws/install/clearpath_generator_common:/home/dimash/debug_clear_ws/install/clearpath_description:/home/dimash/debug_clear_ws/install/clearpath_platform:/home/dimash/debug_clear_ws/install/clearpath_msgs:/home/dimash/debug_clear_ws/install/clearpath_platform_msgs:/home/dimash/debug_clear_ws/install/clearpath_nav2_demos:/home/dimash/debug_clear_ws/install/clearpath_manipulators:/home/dimash/debug_clear_ws/install/clearpath_customization:/home/dimash/debug_clear_ws/install/clearpath_control:/home/dimash/debug_clear_ws/install/yolo_ros:/home/dimash/debug_clear_ws/install/person_movement:/home/dimash/debug_clear_ws/install/clearpath_config:/opt/ros/humble /usr/bin/cmake --install /home/dimash/debug_clear_ws/build/clearpath_description
[2.220s] INFO:colcon.colcon_core.shell:Creating package script '/home/dimash/debug_clear_ws/install/clearpath_customization/share/clearpath_customization/package.sh'
[2.221s] INFO:colcon.colcon_core.shell:Creating package script '/home/dimash/debug_clear_ws/install/clearpath_customization/share/clearpath_customization/package.bash'
[2.221s] INFO:colcon.colcon_core.shell:Creating package script '/home/dimash/debug_clear_ws/install/clearpath_customization/share/clearpath_customization/package.zsh'
[2.222s] Level 1:colcon.colcon_core.environment:create_file_with_runtime_dependencies(/home/dimash/debug_clear_ws/install/clearpath_customization/share/colcon-core/packages/clearpath_customization)
[2.223s] Level 1:colcon.colcon_core.environment:create_environment_scripts_only(clearpath_customization)
[2.223s] Level 1:colcon.colcon_core.environment:checking '/home/dimash/debug_clear_ws/install/clearpath_customization' for CMake module files
[2.228s] Level 1:colcon.colcon_core.environment:checking '/home/dimash/debug_clear_ws/install/clearpath_customization' for CMake config files
[2.229s] Level 1:colcon.colcon_core.shell:create_environment_hook('clearpath_customization', 'cmake_prefix_path')
[2.229s] INFO:colcon.colcon_core.shell:Creating environment hook '/home/dimash/debug_clear_ws/install/clearpath_customization/share/clearpath_customization/hook/cmake_prefix_path.ps1'
[2.230s] INFO:colcon.colcon_core.shell:Creating environment descriptor '/home/dimash/debug_clear_ws/install/clearpath_customization/share/clearpath_customization/hook/cmake_prefix_path.dsv'
[2.230s] INFO:colcon.colcon_core.shell:Creating environment hook '/home/dimash/debug_clear_ws/install/clearpath_customization/share/clearpath_customization/hook/cmake_prefix_path.sh'
[2.231s] Level 1:colcon.colcon_core.environment:checking '/home/dimash/debug_clear_ws/install/clearpath_customization/lib'
[2.231s] Level 1:colcon.colcon_core.environment:checking '/home/dimash/debug_clear_ws/install/clearpath_customization/bin'
[2.231s] Level 1:colcon.colcon_core.environment:checking '/home/dimash/debug_clear_ws/install/clearpath_customization/lib/pkgconfig/clearpath_customization.pc'
[2.232s] Level 1:colcon.colcon_core.environment:checking '/home/dimash/debug_clear_ws/install/clearpath_customization/lib/python3.10/site-packages'
[2.232s] Level 1:colcon.colcon_core.environment:checking '/home/dimash/debug_clear_ws/install/clearpath_customization/bin'
[2.233s] DEBUG:colcon.colcon_core.event_handler.log_command:Invoking command in '/home/dimash/debug_clear_ws/build/clearpath_platform': CMAKE_PREFIX_PATH=/home/dimash/debug_clear_ws/install/clearpath_platform_msgs:/home/dimash/debug_clear_ws/install/clearpath_platform_description:/home/dimash/debug_clear_ws/install/clearpath_control:/home/dimash/debug_clear_ws/install/yolo_bringup:/home/dimash/debug_clear_ws/install/mpc_low:/home/dimash/debug_clear_ws/install/yolo_msgs:/home/dimash/debug_clear_ws/install/point_cloud_debug:/home/dimash/debug_clear_ws/install/move_model_plugin:/home/dimash/debug_clear_ws/install/clearpath_simulator:/home/dimash/debug_clear_ws/install/clearpath_gz:/home/dimash/debug_clear_ws/install/clearpath_generator_gz:/home/dimash/debug_clear_ws/install/clearpath_common:/home/dimash/debug_clear_ws/install/clearpath_generator_common:/home/dimash/debug_clear_ws/install/clearpath_description:/home/dimash/debug_clear_ws/install/clearpath_sensors_description:/home/dimash/debug_clear_ws/install/clearpath_platform:/home/dimash/debug_clear_ws/install/clearpath_msgs:/home/dimash/debug_clear_ws/install/clearpath_nav2_demos:/home/dimash/debug_clear_ws/install/clearpath_mounts_description:/home/dimash/debug_clear_ws/install/clearpath_manipulators:/home/dimash/debug_clear_ws/install/clearpath_manipulators_description:/home/dimash/debug_clear_ws/install/clearpath_customization:/home/dimash/debug_clear_ws/install/yolo_ros:/home/dimash/debug_clear_ws/install/person_movement:/home/dimash/debug_clear_ws/install/clearpath_config:/opt/ros/humble LD_LIBRARY_PATH=/home/dimash/debug_clear_ws/install/clearpath_platform_msgs/lib:/home/dimash/debug_clear_ws/install/mpc_low/lib:/home/dimash/debug_clear_ws/install/yolo_msgs/lib:/home/dimash/debug_clear_ws/install/move_model_plugin/lib:/home/dimash/debug_clear_ws/install/clearpath_platform/lib:/opt/ros/humble/opt/rviz_ogre_vendor/lib:/opt/ros/humble/lib/x86_64-linux-gnu:/opt/ros/humble/lib:/home/dimash/acados/lib:/home/dimash/acados/lib /usr/bin/cmake --build /home/dimash/debug_clear_ws/build/clearpath_platform -- -j8 -l8
[2.235s] DEBUG:colcon.colcon_core.event_handler.log_command:Invoking command in '/home/dimash/debug_clear_ws/build/clearpath_msgs': CMAKE_PREFIX_PATH=/home/dimash/debug_clear_ws/install/clearpath_platform_msgs:/home/dimash/debug_clear_ws/install/yolo_bringup:/home/dimash/debug_clear_ws/install/mpc_low:/home/dimash/debug_clear_ws/install/yolo_msgs:/home/dimash/debug_clear_ws/install/point_cloud_debug:/home/dimash/debug_clear_ws/install/move_model_plugin:/home/dimash/debug_clear_ws/install/clearpath_simulator:/home/dimash/debug_clear_ws/install/clearpath_gz:/home/dimash/debug_clear_ws/install/clearpath_generator_gz:/home/dimash/debug_clear_ws/install/clearpath_common:/home/dimash/debug_clear_ws/install/clearpath_generator_common:/home/dimash/debug_clear_ws/install/clearpath_description:/home/dimash/debug_clear_ws/install/clearpath_sensors_description:/home/dimash/debug_clear_ws/install/clearpath_platform:/home/dimash/debug_clear_ws/install/clearpath_msgs:/home/dimash/debug_clear_ws/install/clearpath_platform_description:/home/dimash/debug_clear_ws/install/clearpath_nav2_demos:/home/dimash/debug_clear_ws/install/clearpath_mounts_description:/home/dimash/debug_clear_ws/install/clearpath_manipulators:/home/dimash/debug_clear_ws/install/clearpath_manipulators_description:/home/dimash/debug_clear_ws/install/clearpath_customization:/home/dimash/debug_clear_ws/install/clearpath_control:/home/dimash/debug_clear_ws/install/yolo_ros:/home/dimash/debug_clear_ws/install/person_movement:/home/dimash/debug_clear_ws/install/clearpath_config:/opt/ros/humble LD_LIBRARY_PATH=/home/dimash/debug_clear_ws/install/clearpath_platform_msgs/lib:/home/dimash/debug_clear_ws/install/mpc_low/lib:/home/dimash/debug_clear_ws/install/yolo_msgs/lib:/home/dimash/debug_clear_ws/install/move_model_plugin/lib:/home/dimash/debug_clear_ws/install/clearpath_platform/lib:/opt/ros/humble/opt/rviz_ogre_vendor/lib:/opt/ros/humble/lib/x86_64-linux-gnu:/opt/ros/humble/lib:/home/dimash/acados/lib:/home/dimash/acados/lib /usr/bin/cmake --build /home/dimash/debug_clear_ws/build/clearpath_msgs -- -j8 -l8
[2.235s] DEBUG:colcon.colcon_core.event_handler.log_command:Invoked command in '/home/dimash/debug_clear_ws/build/clearpath_customization' returned '0': CMAKE_PREFIX_PATH=${CMAKE_PREFIX_PATH}:/home/dimash/debug_clear_ws/install/yolo_ros:/home/dimash/debug_clear_ws/install/person_movement:/home/dimash/debug_clear_ws/install/clearpath_config:/opt/ros/humble /usr/bin/cmake --install /home/dimash/debug_clear_ws/build/clearpath_customization
[2.238s] INFO:colcon.colcon_core.shell:Creating package script '/home/dimash/debug_clear_ws/install/clearpath_customization/share/clearpath_customization/package.ps1'
[2.239s] INFO:colcon.colcon_core.shell:Creating package descriptor '/home/dimash/debug_clear_ws/install/clearpath_customization/share/clearpath_customization/package.dsv'
[2.240s] INFO:colcon.colcon_core.shell:Creating package script '/home/dimash/debug_clear_ws/install/clearpath_customization/share/clearpath_customization/package.sh'
[2.240s] INFO:colcon.colcon_core.shell:Creating package script '/home/dimash/debug_clear_ws/install/clearpath_customization/share/clearpath_customization/package.bash'
[2.241s] INFO:colcon.colcon_core.shell:Creating package script '/home/dimash/debug_clear_ws/install/clearpath_customization/share/clearpath_customization/package.zsh'
[2.242s] Level 1:colcon.colcon_core.environment:create_file_with_runtime_dependencies(/home/dimash/debug_clear_ws/install/clearpath_customization/share/colcon-core/packages/clearpath_customization)
[2.243s] Level 1:colcon.colcon_core.environment:create_environment_scripts_only(clearpath_manipulators)
[2.243s] Level 1:colcon.colcon_core.environment:checking '/home/dimash/debug_clear_ws/install/clearpath_manipulators' for CMake module files
[2.244s] Level 1:colcon.colcon_core.environment:checking '/home/dimash/debug_clear_ws/install/clearpath_manipulators' for CMake config files
[2.244s] Level 1:colcon.colcon_core.shell:create_environment_hook('clearpath_manipulators', 'cmake_prefix_path')
[2.245s] INFO:colcon.colcon_core.shell:Creating environment hook '/home/dimash/debug_clear_ws/install/clearpath_manipulators/share/clearpath_manipulators/hook/cmake_prefix_path.ps1'
[2.246s] DEBUG:colcon.colcon_core.event_handler.log_command:Invoked command in '/home/dimash/debug_clear_ws/build/clearpath_manipulators' returned '0': CMAKE_PREFIX_PATH=/home/dimash/debug_clear_ws/install/clearpath_manipulators_description:/home/dimash/debug_clear_ws/install/yolo_bringup:/home/dimash/debug_clear_ws/install/mpc_low:/home/dimash/debug_clear_ws/install/yolo_msgs:/home/dimash/debug_clear_ws/install/point_cloud_debug:/home/dimash/debug_clear_ws/install/move_model_plugin:/home/dimash/debug_clear_ws/install/clearpath_simulator:/home/dimash/debug_clear_ws/install/clearpath_gz:/home/dimash/debug_clear_ws/install/clearpath_generator_gz:/home/dimash/debug_clear_ws/install/clearpath_common:/home/dimash/debug_clear_ws/install/clearpath_generator_common:/home/dimash/debug_clear_ws/install/clearpath_description:/home/dimash/debug_clear_ws/install/clearpath_sensors_description:/home/dimash/debug_clear_ws/install/clearpath_platform:/home/dimash/debug_clear_ws/install/clearpath_msgs:/home/dimash/debug_clear_ws/install/clearpath_platform_msgs:/home/dimash/debug_clear_ws/install/clearpath_platform_description:/home/dimash/debug_clear_ws/install/clearpath_nav2_demos:/home/dimash/debug_clear_ws/install/clearpath_mounts_description:/home/dimash/debug_clear_ws/install/clearpath_manipulators:/home/dimash/debug_clear_ws/install/clearpath_customization:/home/dimash/debug_clear_ws/install/clearpath_control:/home/dimash/debug_clear_ws/install/yolo_ros:/home/dimash/debug_clear_ws/install/person_movement:/home/dimash/debug_clear_ws/install/clearpath_config:/opt/ros/humble /usr/bin/cmake --install /home/dimash/debug_clear_ws/build/clearpath_manipulators
[2.247s] INFO:colcon.colcon_core.shell:Creating environment descriptor '/home/dimash/debug_clear_ws/install/clearpath_manipulators/share/clearpath_manipulators/hook/cmake_prefix_path.dsv'
[2.248s] INFO:colcon.colcon_core.shell:Creating environment hook '/home/dimash/debug_clear_ws/install/clearpath_manipulators/share/clearpath_manipulators/hook/cmake_prefix_path.sh'
[2.248s] Level 1:colcon.colcon_core.environment:checking '/home/dimash/debug_clear_ws/install/clearpath_manipulators/bin'
[2.248s] Level 1:colcon.colcon_core.environment:checking '/home/dimash/debug_clear_ws/install/clearpath_manipulators/lib/pkgconfig/clearpath_manipulators.pc'
[2.249s] Level 1:colcon.colcon_core.environment:checking '/home/dimash/debug_clear_ws/install/clearpath_manipulators/lib/python3.10/site-packages'
[2.249s] Level 1:colcon.colcon_core.environment:checking '/home/dimash/debug_clear_ws/install/clearpath_manipulators/bin'
[2.250s] INFO:colcon.colcon_core.shell:Creating package script '/home/dimash/debug_clear_ws/install/clearpath_manipulators/share/clearpath_manipulators/package.ps1'
[2.256s] INFO:colcon.colcon_core.shell:Creating package descriptor '/home/dimash/debug_clear_ws/install/clearpath_manipulators/share/clearpath_manipulators/package.dsv'
[2.257s] INFO:colcon.colcon_core.shell:Creating package script '/home/dimash/debug_clear_ws/install/clearpath_manipulators/share/clearpath_manipulators/package.sh'
[2.276s] INFO:colcon.colcon_core.shell:Creating package script '/home/dimash/debug_clear_ws/install/clearpath_manipulators/share/clearpath_manipulators/package.bash'
[2.277s] INFO:colcon.colcon_core.shell:Creating package script '/home/dimash/debug_clear_ws/install/clearpath_manipulators/share/clearpath_manipulators/package.zsh'
[2.277s] Level 1:colcon.colcon_core.environment:create_file_with_runtime_dependencies(/home/dimash/debug_clear_ws/install/clearpath_manipulators/share/colcon-core/packages/clearpath_manipulators)
[2.278s] Level 1:colcon.colcon_core.environment:create_environment_scripts_only(clearpath_manipulators)
[2.279s] Level 1:colcon.colcon_core.environment:checking '/home/dimash/debug_clear_ws/install/clearpath_manipulators' for CMake module files
[2.283s] Level 1:colcon.colcon_core.environment:checking '/home/dimash/debug_clear_ws/install/clearpath_manipulators' for CMake config files
[2.283s] Level 1:colcon.colcon_core.shell:create_environment_hook('clearpath_manipulators', 'cmake_prefix_path')
[2.284s] INFO:colcon.colcon_core.shell:Creating environment hook '/home/dimash/debug_clear_ws/install/clearpath_manipulators/share/clearpath_manipulators/hook/cmake_prefix_path.ps1'
[2.285s] INFO:colcon.colcon_core.shell:Creating environment descriptor '/home/dimash/debug_clear_ws/install/clearpath_manipulators/share/clearpath_manipulators/hook/cmake_prefix_path.dsv'
[2.286s] INFO:colcon.colcon_core.shell:Creating environment hook '/home/dimash/debug_clear_ws/install/clearpath_manipulators/share/clearpath_manipulators/hook/cmake_prefix_path.sh'
[2.287s] Level 1:colcon.colcon_core.environment:checking '/home/dimash/debug_clear_ws/install/clearpath_manipulators/bin'
[2.287s] Level 1:colcon.colcon_core.environment:checking '/home/dimash/debug_clear_ws/install/clearpath_manipulators/lib/pkgconfig/clearpath_manipulators.pc'
[2.292s] Level 1:colcon.colcon_core.environment:checking '/home/dimash/debug_clear_ws/install/clearpath_manipulators/lib/python3.10/site-packages'
[2.296s] Level 1:colcon.colcon_core.environment:checking '/home/dimash/debug_clear_ws/install/clearpath_manipulators/bin'
[2.296s] INFO:colcon.colcon_core.shell:Creating package script '/home/dimash/debug_clear_ws/install/clearpath_manipulators/share/clearpath_manipulators/package.ps1'
[2.297s] INFO:colcon.colcon_core.shell:Creating package descriptor '/home/dimash/debug_clear_ws/install/clearpath_manipulators/share/clearpath_manipulators/package.dsv'
[2.298s] INFO:colcon.colcon_core.shell:Creating package script '/home/dimash/debug_clear_ws/install/clearpath_manipulators/share/clearpath_manipulators/package.sh'
[2.301s] INFO:colcon.colcon_core.shell:Creating package script '/home/dimash/debug_clear_ws/install/clearpath_manipulators/share/clearpath_manipulators/package.bash'
[2.306s] INFO:colcon.colcon_core.shell:Creating package script '/home/dimash/debug_clear_ws/install/clearpath_manipulators/share/clearpath_manipulators/package.zsh'
[2.308s] Level 1:colcon.colcon_core.environment:create_file_with_runtime_dependencies(/home/dimash/debug_clear_ws/install/clearpath_manipulators/share/colcon-core/packages/clearpath_manipulators)
[2.310s] Level 1:colcon.colcon_core.environment:create_environment_scripts_only(clearpath_description)
[2.310s] Level 1:colcon.colcon_core.environment:checking '/home/dimash/debug_clear_ws/install/clearpath_description' for CMake module files
[2.311s] Level 1:colcon.colcon_core.environment:checking '/home/dimash/debug_clear_ws/install/clearpath_description' for CMake config files
[2.311s] Level 1:colcon.colcon_core.shell:create_environment_hook('clearpath_description', 'cmake_prefix_path')
[2.312s] INFO:colcon.colcon_core.shell:Creating environment hook '/home/dimash/debug_clear_ws/install/clearpath_description/share/clearpath_description/hook/cmake_prefix_path.ps1'
[2.312s] INFO:colcon.colcon_core.shell:Creating environment descriptor '/home/dimash/debug_clear_ws/install/clearpath_description/share/clearpath_description/hook/cmake_prefix_path.dsv'
[2.313s] DEBUG:colcon.colcon_core.event_handler.log_command:Invoked command in '/home/dimash/debug_clear_ws/build/clearpath_description' returned '0': CMAKE_PREFIX_PATH=/home/dimash/debug_clear_ws/install/clearpath_sensors_description:/home/dimash/debug_clear_ws/install/clearpath_platform_description:/home/dimash/debug_clear_ws/install/clearpath_mounts_description:/home/dimash/debug_clear_ws/install/clearpath_manipulators_description:/home/dimash/debug_clear_ws/install/yolo_bringup:/home/dimash/debug_clear_ws/install/mpc_low:/home/dimash/debug_clear_ws/install/yolo_msgs:/home/dimash/debug_clear_ws/install/point_cloud_debug:/home/dimash/debug_clear_ws/install/move_model_plugin:/home/dimash/debug_clear_ws/install/clearpath_simulator:/home/dimash/debug_clear_ws/install/clearpath_gz:/home/dimash/debug_clear_ws/install/clearpath_generator_gz:/home/dimash/debug_clear_ws/install/clearpath_common:/home/dimash/debug_clear_ws/install/clearpath_generator_common:/home/dimash/debug_clear_ws/install/clearpath_description:/home/dimash/debug_clear_ws/install/clearpath_platform:/home/dimash/debug_clear_ws/install/clearpath_msgs:/home/dimash/debug_clear_ws/install/clearpath_platform_msgs:/home/dimash/debug_clear_ws/install/clearpath_nav2_demos:/home/dimash/debug_clear_ws/install/clearpath_manipulators:/home/dimash/debug_clear_ws/install/clearpath_customization:/home/dimash/debug_clear_ws/install/clearpath_control:/home/dimash/debug_clear_ws/install/yolo_ros:/home/dimash/debug_clear_ws/install/person_movement:/home/dimash/debug_clear_ws/install/clearpath_config:/opt/ros/humble /usr/bin/cmake --install /home/dimash/debug_clear_ws/build/clearpath_description
[2.313s] INFO:colcon.colcon_core.shell:Creating environment hook '/home/dimash/debug_clear_ws/install/clearpath_description/share/clearpath_description/hook/cmake_prefix_path.sh'
[2.314s] Level 1:colcon.colcon_core.environment:checking '/home/dimash/debug_clear_ws/install/clearpath_description/bin'
[2.314s] Level 1:colcon.colcon_core.environment:checking '/home/dimash/debug_clear_ws/install/clearpath_description/lib/pkgconfig/clearpath_description.pc'
[2.315s] Level 1:colcon.colcon_core.environment:checking '/home/dimash/debug_clear_ws/install/clearpath_description/lib/python3.10/site-packages'
[2.315s] Level 1:colcon.colcon_core.environment:checking '/home/dimash/debug_clear_ws/install/clearpath_description/bin'
[2.316s] INFO:colcon.colcon_core.shell:Creating package script '/home/dimash/debug_clear_ws/install/clearpath_description/share/clearpath_description/package.ps1'
[2.316s] INFO:colcon.colcon_core.shell:Creating package descriptor '/home/dimash/debug_clear_ws/install/clearpath_description/share/clearpath_description/package.dsv'
[2.317s] INFO:colcon.colcon_core.shell:Creating package script '/home/dimash/debug_clear_ws/install/clearpath_description/share/clearpath_description/package.sh'
[2.317s] INFO:colcon.colcon_core.shell:Creating package script '/home/dimash/debug_clear_ws/install/clearpath_description/share/clearpath_description/package.bash'
[2.318s] INFO:colcon.colcon_core.shell:Creating package script '/home/dimash/debug_clear_ws/install/clearpath_description/share/clearpath_description/package.zsh'
[2.318s] Level 1:colcon.colcon_core.environment:create_file_with_runtime_dependencies(/home/dimash/debug_clear_ws/install/clearpath_description/share/colcon-core/packages/clearpath_description)
[2.319s] Level 1:colcon.colcon_core.environment:create_environment_scripts_only(clearpath_description)
[2.320s] Level 1:colcon.colcon_core.environment:checking '/home/dimash/debug_clear_ws/install/clearpath_description' for CMake module files
[2.322s] Level 1:colcon.colcon_core.environment:checking '/home/dimash/debug_clear_ws/install/clearpath_description' for CMake config files
[2.322s] Level 1:colcon.colcon_core.shell:create_environment_hook('clearpath_description', 'cmake_prefix_path')
[2.322s] INFO:colcon.colcon_core.shell:Creating environment hook '/home/dimash/debug_clear_ws/install/clearpath_description/share/clearpath_description/hook/cmake_prefix_path.ps1'
[2.323s] INFO:colcon.colcon_core.shell:Creating environment descriptor '/home/dimash/debug_clear_ws/install/clearpath_description/share/clearpath_description/hook/cmake_prefix_path.dsv'
[2.323s] INFO:colcon.colcon_core.shell:Creating environment hook '/home/dimash/debug_clear_ws/install/clearpath_description/share/clearpath_description/hook/cmake_prefix_path.sh'
[2.324s] Level 1:colcon.colcon_core.environment:checking '/home/dimash/debug_clear_ws/install/clearpath_description/bin'
[2.324s] Level 1:colcon.colcon_core.environment:checking '/home/dimash/debug_clear_ws/install/clearpath_description/lib/pkgconfig/clearpath_description.pc'
[2.325s] Level 1:colcon.colcon_core.environment:checking '/home/dimash/debug_clear_ws/install/clearpath_description/lib/python3.10/site-packages'
[2.325s] Level 1:colcon.colcon_core.environment:checking '/home/dimash/debug_clear_ws/install/clearpath_description/bin'
[2.326s] INFO:colcon.colcon_core.shell:Creating package script '/home/dimash/debug_clear_ws/install/clearpath_description/share/clearpath_description/package.ps1'
[2.326s] INFO:colcon.colcon_core.shell:Creating package descriptor '/home/dimash/debug_clear_ws/install/clearpath_description/share/clearpath_description/package.dsv'
[2.327s] INFO:colcon.colcon_core.shell:Creating package script '/home/dimash/debug_clear_ws/install/clearpath_description/share/clearpath_description/package.sh'
[2.328s] INFO:colcon.colcon_core.shell:Creating package script '/home/dimash/debug_clear_ws/install/clearpath_description/share/clearpath_description/package.bash'
[2.328s] INFO:colcon.colcon_core.shell:Creating package script '/home/dimash/debug_clear_ws/install/clearpath_description/share/clearpath_description/package.zsh'
[2.329s] Level 1:colcon.colcon_core.environment:create_file_with_runtime_dependencies(/home/dimash/debug_clear_ws/install/clearpath_description/share/colcon-core/packages/clearpath_description)
[2.331s] DEBUG:colcon.colcon_core.event_handler.log_command:Invoked command in '/home/dimash/debug_clear_ws/build/clearpath_msgs' returned '0': CMAKE_PREFIX_PATH=/home/dimash/debug_clear_ws/install/clearpath_platform_msgs:/home/dimash/debug_clear_ws/install/yolo_bringup:/home/dimash/debug_clear_ws/install/mpc_low:/home/dimash/debug_clear_ws/install/yolo_msgs:/home/dimash/debug_clear_ws/install/point_cloud_debug:/home/dimash/debug_clear_ws/install/move_model_plugin:/home/dimash/debug_clear_ws/install/clearpath_simulator:/home/dimash/debug_clear_ws/install/clearpath_gz:/home/dimash/debug_clear_ws/install/clearpath_generator_gz:/home/dimash/debug_clear_ws/install/clearpath_common:/home/dimash/debug_clear_ws/install/clearpath_generator_common:/home/dimash/debug_clear_ws/install/clearpath_description:/home/dimash/debug_clear_ws/install/clearpath_sensors_description:/home/dimash/debug_clear_ws/install/clearpath_platform:/home/dimash/debug_clear_ws/install/clearpath_msgs:/home/dimash/debug_clear_ws/install/clearpath_platform_description:/home/dimash/debug_clear_ws/install/clearpath_nav2_demos:/home/dimash/debug_clear_ws/install/clearpath_mounts_description:/home/dimash/debug_clear_ws/install/clearpath_manipulators:/home/dimash/debug_clear_ws/install/clearpath_manipulators_description:/home/dimash/debug_clear_ws/install/clearpath_customization:/home/dimash/debug_clear_ws/install/clearpath_control:/home/dimash/debug_clear_ws/install/yolo_ros:/home/dimash/debug_clear_ws/install/person_movement:/home/dimash/debug_clear_ws/install/clearpath_config:/opt/ros/humble LD_LIBRARY_PATH=/home/dimash/debug_clear_ws/install/clearpath_platform_msgs/lib:/home/dimash/debug_clear_ws/install/mpc_low/lib:/home/dimash/debug_clear_ws/install/yolo_msgs/lib:/home/dimash/debug_clear_ws/install/move_model_plugin/lib:/home/dimash/debug_clear_ws/install/clearpath_platform/lib:/opt/ros/humble/opt/rviz_ogre_vendor/lib:/opt/ros/humble/lib/x86_64-linux-gnu:/opt/ros/humble/lib:/home/dimash/acados/lib:/home/dimash/acados/lib /usr/bin/cmake --build /home/dimash/debug_clear_ws/build/clearpath_msgs -- -j8 -l8
[2.333s] DEBUG:colcon.colcon_core.event_handler.log_command:Invoking command in '/home/dimash/debug_clear_ws/build/clearpath_msgs': CMAKE_PREFIX_PATH=/home/dimash/debug_clear_ws/install/clearpath_platform_msgs:/home/dimash/debug_clear_ws/install/yolo_bringup:/home/dimash/debug_clear_ws/install/mpc_low:/home/dimash/debug_clear_ws/install/yolo_msgs:/home/dimash/debug_clear_ws/install/point_cloud_debug:/home/dimash/debug_clear_ws/install/move_model_plugin:/home/dimash/debug_clear_ws/install/clearpath_simulator:/home/dimash/debug_clear_ws/install/clearpath_gz:/home/dimash/debug_clear_ws/install/clearpath_generator_gz:/home/dimash/debug_clear_ws/install/clearpath_common:/home/dimash/debug_clear_ws/install/clearpath_generator_common:/home/dimash/debug_clear_ws/install/clearpath_description:/home/dimash/debug_clear_ws/install/clearpath_sensors_description:/home/dimash/debug_clear_ws/install/clearpath_platform:/home/dimash/debug_clear_ws/install/clearpath_msgs:/home/dimash/debug_clear_ws/install/clearpath_platform_description:/home/dimash/debug_clear_ws/install/clearpath_nav2_demos:/home/dimash/debug_clear_ws/install/clearpath_mounts_description:/home/dimash/debug_clear_ws/install/clearpath_manipulators:/home/dimash/debug_clear_ws/install/clearpath_manipulators_description:/home/dimash/debug_clear_ws/install/clearpath_customization:/home/dimash/debug_clear_ws/install/clearpath_control:/home/dimash/debug_clear_ws/install/yolo_ros:/home/dimash/debug_clear_ws/install/person_movement:/home/dimash/debug_clear_ws/install/clearpath_config:/opt/ros/humble LD_LIBRARY_PATH=/home/dimash/debug_clear_ws/install/clearpath_platform_msgs/lib:/home/dimash/debug_clear_ws/install/mpc_low/lib:/home/dimash/debug_clear_ws/install/yolo_msgs/lib:/home/dimash/debug_clear_ws/install/move_model_plugin/lib:/home/dimash/debug_clear_ws/install/clearpath_platform/lib:/opt/ros/humble/opt/rviz_ogre_vendor/lib:/opt/ros/humble/lib/x86_64-linux-gnu:/opt/ros/humble/lib:/home/dimash/acados/lib:/home/dimash/acados/lib /usr/bin/cmake --install /home/dimash/debug_clear_ws/build/clearpath_msgs
[2.337s] Level 1:colcon.colcon_core.environment:create_environment_scripts_only(yolo_msgs)
[2.338s] Level 1:colcon.colcon_core.environment:checking '/home/dimash/debug_clear_ws/install/yolo_msgs' for CMake module files
[2.339s] Level 1:colcon.colcon_core.environment:checking '/home/dimash/debug_clear_ws/install/yolo_msgs' for CMake config files
[2.340s] Level 1:colcon.colcon_core.shell:create_environment_hook('yolo_msgs', 'cmake_prefix_path')
[2.340s] INFO:colcon.colcon_core.shell:Creating environment hook '/home/dimash/debug_clear_ws/install/yolo_msgs/share/yolo_msgs/hook/cmake_prefix_path.ps1'
[2.341s] DEBUG:colcon.colcon_core.event_handler.log_command:Invoked command in '/home/dimash/debug_clear_ws/build/yolo_msgs' returned '0': CMAKE_PREFIX_PATH=${CMAKE_PREFIX_PATH}:/home/dimash/debug_clear_ws/install/yolo_ros:/home/dimash/debug_clear_ws/install/person_movement:/home/dimash/debug_clear_ws/install/clearpath_config:/opt/ros/humble /usr/bin/cmake --install /home/dimash/debug_clear_ws/build/yolo_msgs
[2.342s] INFO:colcon.colcon_core.shell:Creating environment descriptor '/home/dimash/debug_clear_ws/install/yolo_msgs/share/yolo_msgs/hook/cmake_prefix_path.dsv'
[2.342s] INFO:colcon.colcon_core.shell:Creating environment hook '/home/dimash/debug_clear_ws/install/yolo_msgs/share/yolo_msgs/hook/cmake_prefix_path.sh'
[2.345s] Level 1:colcon.colcon_core.environment:checking '/home/dimash/debug_clear_ws/install/yolo_msgs/lib'
[2.345s] Level 1:colcon.colcon_core.shell:create_environment_hook('yolo_msgs', 'ld_library_path_lib')
[2.345s] INFO:colcon.colcon_core.shell:Creating environment hook '/home/dimash/debug_clear_ws/install/yolo_msgs/share/yolo_msgs/hook/ld_library_path_lib.ps1'
[2.346s] INFO:colcon.colcon_core.shell:Creating environment descriptor '/home/dimash/debug_clear_ws/install/yolo_msgs/share/yolo_msgs/hook/ld_library_path_lib.dsv'
[2.346s] INFO:colcon.colcon_core.shell:Creating environment hook '/home/dimash/debug_clear_ws/install/yolo_msgs/share/yolo_msgs/hook/ld_library_path_lib.sh'
[2.349s] Level 1:colcon.colcon_core.environment:checking '/home/dimash/debug_clear_ws/install/yolo_msgs/bin'
[2.349s] Level 1:colcon.colcon_core.environment:checking '/home/dimash/debug_clear_ws/install/yolo_msgs/lib/pkgconfig/yolo_msgs.pc'
[2.349s] Level 1:colcon.colcon_core.environment:checking '/home/dimash/debug_clear_ws/install/yolo_msgs/lib/python3.10/site-packages'
[2.350s] Level 1:colcon.colcon_core.environment:checking '/home/dimash/debug_clear_ws/install/yolo_msgs/bin'
[2.350s] INFO:colcon.colcon_core.shell:Creating package script '/home/dimash/debug_clear_ws/install/yolo_msgs/share/yolo_msgs/package.ps1'
[2.355s] INFO:colcon.colcon_core.shell:Creating package descriptor '/home/dimash/debug_clear_ws/install/yolo_msgs/share/yolo_msgs/package.dsv'
[2.356s] INFO:colcon.colcon_core.shell:Creating package script '/home/dimash/debug_clear_ws/install/yolo_msgs/share/yolo_msgs/package.sh'
[2.357s] INFO:colcon.colcon_core.shell:Creating package script '/home/dimash/debug_clear_ws/install/yolo_msgs/share/yolo_msgs/package.bash'
[2.358s] INFO:colcon.colcon_core.shell:Creating package script '/home/dimash/debug_clear_ws/install/yolo_msgs/share/yolo_msgs/package.zsh'
[2.358s] Level 1:colcon.colcon_core.environment:create_file_with_runtime_dependencies(/home/dimash/debug_clear_ws/install/yolo_msgs/share/colcon-core/packages/yolo_msgs)
[2.359s] Level 1:colcon.colcon_core.environment:create_environment_scripts_only(yolo_msgs)
[2.360s] Level 1:colcon.colcon_core.environment:checking '/home/dimash/debug_clear_ws/install/yolo_msgs' for CMake module files
[2.365s] Level 1:colcon.colcon_core.environment:checking '/home/dimash/debug_clear_ws/install/yolo_msgs' for CMake config files
[2.366s] Level 1:colcon.colcon_core.shell:create_environment_hook('yolo_msgs', 'cmake_prefix_path')
[2.366s] INFO:colcon.colcon_core.shell:Creating environment hook '/home/dimash/debug_clear_ws/install/yolo_msgs/share/yolo_msgs/hook/cmake_prefix_path.ps1'
[2.367s] INFO:colcon.colcon_core.shell:Creating environment descriptor '/home/dimash/debug_clear_ws/install/yolo_msgs/share/yolo_msgs/hook/cmake_prefix_path.dsv'
[2.367s] INFO:colcon.colcon_core.shell:Creating environment hook '/home/dimash/debug_clear_ws/install/yolo_msgs/share/yolo_msgs/hook/cmake_prefix_path.sh'
[2.368s] Level 1:colcon.colcon_core.environment:checking '/home/dimash/debug_clear_ws/install/yolo_msgs/lib'
[2.368s] Level 1:colcon.colcon_core.shell:create_environment_hook('yolo_msgs', 'ld_library_path_lib')
[2.368s] INFO:colcon.colcon_core.shell:Creating environment hook '/home/dimash/debug_clear_ws/install/yolo_msgs/share/yolo_msgs/hook/ld_library_path_lib.ps1'
[2.369s] INFO:colcon.colcon_core.shell:Creating environment descriptor '/home/dimash/debug_clear_ws/install/yolo_msgs/share/yolo_msgs/hook/ld_library_path_lib.dsv'
[2.369s] INFO:colcon.colcon_core.shell:Creating environment hook '/home/dimash/debug_clear_ws/install/yolo_msgs/share/yolo_msgs/hook/ld_library_path_lib.sh'
[2.370s] Level 1:colcon.colcon_core.environment:checking '/home/dimash/debug_clear_ws/install/yolo_msgs/bin'
[2.370s] Level 1:colcon.colcon_core.environment:checking '/home/dimash/debug_clear_ws/install/yolo_msgs/lib/pkgconfig/yolo_msgs.pc'
[2.370s] Level 1:colcon.colcon_core.environment:checking '/home/dimash/debug_clear_ws/install/yolo_msgs/lib/python3.10/site-packages'
[2.371s] Level 1:colcon.colcon_core.environment:checking '/home/dimash/debug_clear_ws/install/yolo_msgs/bin'
[2.371s] INFO:colcon.colcon_core.shell:Creating package script '/home/dimash/debug_clear_ws/install/yolo_msgs/share/yolo_msgs/package.ps1'
[2.372s] INFO:colcon.colcon_core.shell:Creating package descriptor '/home/dimash/debug_clear_ws/install/yolo_msgs/share/yolo_msgs/package.dsv'
[2.373s] INFO:colcon.colcon_core.shell:Creating package script '/home/dimash/debug_clear_ws/install/yolo_msgs/share/yolo_msgs/package.sh'
[2.374s] INFO:colcon.colcon_core.shell:Creating package script '/home/dimash/debug_clear_ws/install/yolo_msgs/share/yolo_msgs/package.bash'
[2.374s] INFO:colcon.colcon_core.shell:Creating package script '/home/dimash/debug_clear_ws/install/yolo_msgs/share/yolo_msgs/package.zsh'
[2.375s] Level 1:colcon.colcon_core.environment:create_file_with_runtime_dependencies(/home/dimash/debug_clear_ws/install/yolo_msgs/share/colcon-core/packages/yolo_msgs)
[2.376s] INFO:colcon.colcon_ros.task.ament_python.build:Building ROS package in '/home/dimash/debug_clear_ws/src/yolo_ros/yolo_ros' with build type 'ament_python'
[2.376s] Level 1:colcon.colcon_core.shell:create_environment_hook('yolo_ros', 'ament_prefix_path')
[2.377s] INFO:colcon.colcon_core.shell:Creating environment hook '/home/dimash/debug_clear_ws/install/yolo_ros/share/yolo_ros/hook/ament_prefix_path.ps1'
[2.377s] INFO:colcon.colcon_core.shell:Creating environment descriptor '/home/dimash/debug_clear_ws/install/yolo_ros/share/yolo_ros/hook/ament_prefix_path.dsv'
[2.378s] INFO:colcon.colcon_core.shell:Creating environment hook '/home/dimash/debug_clear_ws/install/yolo_ros/share/yolo_ros/hook/ament_prefix_path.sh'
[2.379s] INFO:colcon.colcon_core.shell:Skip shell extension 'powershell' for command environment: Not usable outside of PowerShell
[2.379s] DEBUG:colcon.colcon_core.shell:Skip shell extension 'dsv' for command environment
[2.387s] INFO:colcon.colcon_ros.task.ament_cmake.build:Building ROS package in '/home/dimash/debug_clear_ws/src/mpc_low' with build type 'ament_cmake'
[2.387s] INFO:colcon.colcon_cmake.task.cmake.build:Building CMake package in '/home/dimash/debug_clear_ws/src/mpc_low'
[2.387s] INFO:colcon.colcon_core.shell:Skip shell extension 'powershell' for command environment: Not usable outside of PowerShell
[2.387s] DEBUG:colcon.colcon_core.shell:Skip shell extension 'dsv' for command environment
[2.397s] Level 1:colcon.colcon_core.environment:create_environment_scripts_only(clearpath_msgs)
[2.397s] DEBUG:colcon.colcon_core.event_handler.log_command:Invoked command in '/home/dimash/debug_clear_ws/build/clearpath_msgs' returned '0': CMAKE_PREFIX_PATH=/home/dimash/debug_clear_ws/install/clearpath_platform_msgs:/home/dimash/debug_clear_ws/install/yolo_bringup:/home/dimash/debug_clear_ws/install/mpc_low:/home/dimash/debug_clear_ws/install/yolo_msgs:/home/dimash/debug_clear_ws/install/point_cloud_debug:/home/dimash/debug_clear_ws/install/move_model_plugin:/home/dimash/debug_clear_ws/install/clearpath_simulator:/home/dimash/debug_clear_ws/install/clearpath_gz:/home/dimash/debug_clear_ws/install/clearpath_generator_gz:/home/dimash/debug_clear_ws/install/clearpath_common:/home/dimash/debug_clear_ws/install/clearpath_generator_common:/home/dimash/debug_clear_ws/install/clearpath_description:/home/dimash/debug_clear_ws/install/clearpath_sensors_description:/home/dimash/debug_clear_ws/install/clearpath_platform:/home/dimash/debug_clear_ws/install/clearpath_msgs:/home/dimash/debug_clear_ws/install/clearpath_platform_description:/home/dimash/debug_clear_ws/install/clearpath_nav2_demos:/home/dimash/debug_clear_ws/install/clearpath_mounts_description:/home/dimash/debug_clear_ws/install/clearpath_manipulators:/home/dimash/debug_clear_ws/install/clearpath_manipulators_description:/home/dimash/debug_clear_ws/install/clearpath_customization:/home/dimash/debug_clear_ws/install/clearpath_control:/home/dimash/debug_clear_ws/install/yolo_ros:/home/dimash/debug_clear_ws/install/person_movement:/home/dimash/debug_clear_ws/install/clearpath_config:/opt/ros/humble LD_LIBRARY_PATH=/home/dimash/debug_clear_ws/install/clearpath_platform_msgs/lib:/home/dimash/debug_clear_ws/install/mpc_low/lib:/home/dimash/debug_clear_ws/install/yolo_msgs/lib:/home/dimash/debug_clear_ws/install/move_model_plugin/lib:/home/dimash/debug_clear_ws/install/clearpath_platform/lib:/opt/ros/humble/opt/rviz_ogre_vendor/lib:/opt/ros/humble/lib/x86_64-linux-gnu:/opt/ros/humble/lib:/home/dimash/acados/lib:/home/dimash/acados/lib /usr/bin/cmake --install /home/dimash/debug_clear_ws/build/clearpath_msgs
[2.398s] Level 1:colcon.colcon_core.environment:checking '/home/dimash/debug_clear_ws/install/clearpath_msgs' for CMake module files
[2.399s] Level 1:colcon.colcon_core.environment:checking '/home/dimash/debug_clear_ws/install/clearpath_msgs' for CMake config files
[2.399s] Level 1:colcon.colcon_core.shell:create_environment_hook('clearpath_msgs', 'cmake_prefix_path')
[2.399s] INFO:colcon.colcon_core.shell:Creating environment hook '/home/dimash/debug_clear_ws/install/clearpath_msgs/share/clearpath_msgs/hook/cmake_prefix_path.ps1'
[2.400s] INFO:colcon.colcon_core.shell:Creating environment descriptor '/home/dimash/debug_clear_ws/install/clearpath_msgs/share/clearpath_msgs/hook/cmake_prefix_path.dsv'
[2.400s] INFO:colcon.colcon_core.shell:Creating environment hook '/home/dimash/debug_clear_ws/install/clearpath_msgs/share/clearpath_msgs/hook/cmake_prefix_path.sh'
[2.401s] Level 1:colcon.colcon_core.environment:checking '/home/dimash/debug_clear_ws/install/clearpath_msgs/bin'
[2.401s] Level 1:colcon.colcon_core.environment:checking '/home/dimash/debug_clear_ws/install/clearpath_msgs/lib/pkgconfig/clearpath_msgs.pc'
[2.402s] Level 1:colcon.colcon_core.environment:checking '/home/dimash/debug_clear_ws/install/clearpath_msgs/lib/python3.10/site-packages'
[2.402s] Level 1:colcon.colcon_core.environment:checking '/home/dimash/debug_clear_ws/install/clearpath_msgs/bin'
[2.403s] INFO:colcon.colcon_core.shell:Creating package script '/home/dimash/debug_clear_ws/install/clearpath_msgs/share/clearpath_msgs/package.ps1'
[2.403s] INFO:colcon.colcon_core.shell:Creating package descriptor '/home/dimash/debug_clear_ws/install/clearpath_msgs/share/clearpath_msgs/package.dsv'
[2.404s] INFO:colcon.colcon_core.shell:Creating package script '/home/dimash/debug_clear_ws/install/clearpath_msgs/share/clearpath_msgs/package.sh'
[2.404s] INFO:colcon.colcon_core.shell:Creating package script '/home/dimash/debug_clear_ws/install/clearpath_msgs/share/clearpath_msgs/package.bash'
[2.405s] INFO:colcon.colcon_core.shell:Creating package script '/home/dimash/debug_clear_ws/install/clearpath_msgs/share/clearpath_msgs/package.zsh'
[2.405s] Level 1:colcon.colcon_core.environment:create_file_with_runtime_dependencies(/home/dimash/debug_clear_ws/install/clearpath_msgs/share/colcon-core/packages/clearpath_msgs)
[2.406s] Level 1:colcon.colcon_core.environment:create_environment_scripts_only(clearpath_msgs)
[2.407s] Level 1:colcon.colcon_core.environment:checking '/home/dimash/debug_clear_ws/install/clearpath_msgs' for CMake module files
[2.407s] Level 1:colcon.colcon_core.environment:checking '/home/dimash/debug_clear_ws/install/clearpath_msgs' for CMake config files
[2.407s] Level 1:colcon.colcon_core.shell:create_environment_hook('clearpath_msgs', 'cmake_prefix_path')
[2.408s] INFO:colcon.colcon_core.shell:Creating environment hook '/home/dimash/debug_clear_ws/install/clearpath_msgs/share/clearpath_msgs/hook/cmake_prefix_path.ps1'
[2.408s] INFO:colcon.colcon_core.shell:Creating environment descriptor '/home/dimash/debug_clear_ws/install/clearpath_msgs/share/clearpath_msgs/hook/cmake_prefix_path.dsv'
[2.409s] INFO:colcon.colcon_core.shell:Creating environment hook '/home/dimash/debug_clear_ws/install/clearpath_msgs/share/clearpath_msgs/hook/cmake_prefix_path.sh'
[2.410s] Level 1:colcon.colcon_core.environment:checking '/home/dimash/debug_clear_ws/install/clearpath_msgs/bin'
[2.410s] Level 1:colcon.colcon_core.environment:checking '/home/dimash/debug_clear_ws/install/clearpath_msgs/lib/pkgconfig/clearpath_msgs.pc'
[2.410s] Level 1:colcon.colcon_core.environment:checking '/home/dimash/debug_clear_ws/install/clearpath_msgs/lib/python3.10/site-packages'
[2.411s] Level 1:colcon.colcon_core.environment:checking '/home/dimash/debug_clear_ws/install/clearpath_msgs/bin'
[2.411s] INFO:colcon.colcon_core.shell:Creating package script '/home/dimash/debug_clear_ws/install/clearpath_msgs/share/clearpath_msgs/package.ps1'
[2.412s] INFO:colcon.colcon_core.shell:Creating package descriptor '/home/dimash/debug_clear_ws/install/clearpath_msgs/share/clearpath_msgs/package.dsv'
[2.413s] INFO:colcon.colcon_core.shell:Creating package script '/home/dimash/debug_clear_ws/install/clearpath_msgs/share/clearpath_msgs/package.sh'
[2.414s] INFO:colcon.colcon_core.shell:Creating package script '/home/dimash/debug_clear_ws/install/clearpath_msgs/share/clearpath_msgs/package.bash'
[2.414s] INFO:colcon.colcon_core.shell:Creating package script '/home/dimash/debug_clear_ws/install/clearpath_msgs/share/clearpath_msgs/package.zsh'
[2.415s] Level 1:colcon.colcon_core.environment:create_file_with_runtime_dependencies(/home/dimash/debug_clear_ws/install/clearpath_msgs/share/colcon-core/packages/clearpath_msgs)
[2.835s] INFO:colcon.colcon_core.task.python.build:Building Python package in '/home/dimash/debug_clear_ws/src/yolo_ros/yolo_ros'
[2.835s] INFO:colcon.colcon_core.shell:Skip shell extension 'powershell' for command environment: Not usable outside of PowerShell
[2.836s] DEBUG:colcon.colcon_core.shell:Skip shell extension 'dsv' for command environment
[2.847s] DEBUG:colcon.colcon_core.event_handler.log_command:Invoking command in '/home/dimash/debug_clear_ws/build/mpc_low': CMAKE_PREFIX_PATH=/home/dimash/debug_clear_ws/install/yolo_msgs:/home/dimash/debug_clear_ws/install/yolo_bringup:/home/dimash/debug_clear_ws/install/mpc_low:/home/dimash/debug_clear_ws/install/point_cloud_debug:/home/dimash/debug_clear_ws/install/move_model_plugin:/home/dimash/debug_clear_ws/install/clearpath_simulator:/home/dimash/debug_clear_ws/install/clearpath_gz:/home/dimash/debug_clear_ws/install/clearpath_generator_gz:/home/dimash/debug_clear_ws/install/clearpath_common:/home/dimash/debug_clear_ws/install/clearpath_generator_common:/home/dimash/debug_clear_ws/install/clearpath_description:/home/dimash/debug_clear_ws/install/clearpath_sensors_description:/home/dimash/debug_clear_ws/install/clearpath_platform:/home/dimash/debug_clear_ws/install/clearpath_msgs:/home/dimash/debug_clear_ws/install/clearpath_platform_msgs:/home/dimash/debug_clear_ws/install/clearpath_platform_description:/home/dimash/debug_clear_ws/install/clearpath_nav2_demos:/home/dimash/debug_clear_ws/install/clearpath_mounts_description:/home/dimash/debug_clear_ws/install/clearpath_manipulators:/home/dimash/debug_clear_ws/install/clearpath_manipulators_description:/home/dimash/debug_clear_ws/install/clearpath_customization:/home/dimash/debug_clear_ws/install/clearpath_control:/home/dimash/debug_clear_ws/install/yolo_ros:/home/dimash/debug_clear_ws/install/person_movement:/home/dimash/debug_clear_ws/install/clearpath_config:/opt/ros/humble LD_LIBRARY_PATH=/home/dimash/debug_clear_ws/install/yolo_msgs/lib:/home/dimash/debug_clear_ws/install/mpc_low/lib:/home/dimash/debug_clear_ws/install/move_model_plugin/lib:/home/dimash/debug_clear_ws/install/clearpath_platform/lib:/home/dimash/debug_clear_ws/install/clearpath_platform_msgs/lib:/opt/ros/humble/opt/rviz_ogre_vendor/lib:/opt/ros/humble/lib/x86_64-linux-gnu:/opt/ros/humble/lib:/home/dimash/acados/lib:/home/dimash/acados/lib /usr/bin/cmake --build /home/dimash/debug_clear_ws/build/mpc_low -- -j8 -l8
[2.848s] DEBUG:colcon.colcon_core.event_handler.log_command:Invoked command in '/home/dimash/debug_clear_ws/build/clearpath_platform' returned '0': CMAKE_PREFIX_PATH=/home/dimash/debug_clear_ws/install/clearpath_platform_msgs:/home/dimash/debug_clear_ws/install/clearpath_platform_description:/home/dimash/debug_clear_ws/install/clearpath_control:/home/dimash/debug_clear_ws/install/yolo_bringup:/home/dimash/debug_clear_ws/install/mpc_low:/home/dimash/debug_clear_ws/install/yolo_msgs:/home/dimash/debug_clear_ws/install/point_cloud_debug:/home/dimash/debug_clear_ws/install/move_model_plugin:/home/dimash/debug_clear_ws/install/clearpath_simulator:/home/dimash/debug_clear_ws/install/clearpath_gz:/home/dimash/debug_clear_ws/install/clearpath_generator_gz:/home/dimash/debug_clear_ws/install/clearpath_common:/home/dimash/debug_clear_ws/install/clearpath_generator_common:/home/dimash/debug_clear_ws/install/clearpath_description:/home/dimash/debug_clear_ws/install/clearpath_sensors_description:/home/dimash/debug_clear_ws/install/clearpath_platform:/home/dimash/debug_clear_ws/install/clearpath_msgs:/home/dimash/debug_clear_ws/install/clearpath_nav2_demos:/home/dimash/debug_clear_ws/install/clearpath_mounts_description:/home/dimash/debug_clear_ws/install/clearpath_manipulators:/home/dimash/debug_clear_ws/install/clearpath_manipulators_description:/home/dimash/debug_clear_ws/install/clearpath_customization:/home/dimash/debug_clear_ws/install/yolo_ros:/home/dimash/debug_clear_ws/install/person_movement:/home/dimash/debug_clear_ws/install/clearpath_config:/opt/ros/humble LD_LIBRARY_PATH=/home/dimash/debug_clear_ws/install/clearpath_platform_msgs/lib:/home/dimash/debug_clear_ws/install/mpc_low/lib:/home/dimash/debug_clear_ws/install/yolo_msgs/lib:/home/dimash/debug_clear_ws/install/move_model_plugin/lib:/home/dimash/debug_clear_ws/install/clearpath_platform/lib:/opt/ros/humble/opt/rviz_ogre_vendor/lib:/opt/ros/humble/lib/x86_64-linux-gnu:/opt/ros/humble/lib:/home/dimash/acados/lib:/home/dimash/acados/lib /usr/bin/cmake --build /home/dimash/debug_clear_ws/build/clearpath_platform -- -j8 -l8
[2.850s] DEBUG:colcon.colcon_core.event_handler.log_command:Invoking command in '/home/dimash/debug_clear_ws/build/clearpath_platform': CMAKE_PREFIX_PATH=/home/dimash/debug_clear_ws/install/clearpath_platform_msgs:/home/dimash/debug_clear_ws/install/clearpath_platform_description:/home/dimash/debug_clear_ws/install/clearpath_control:/home/dimash/debug_clear_ws/install/yolo_bringup:/home/dimash/debug_clear_ws/install/mpc_low:/home/dimash/debug_clear_ws/install/yolo_msgs:/home/dimash/debug_clear_ws/install/point_cloud_debug:/home/dimash/debug_clear_ws/install/move_model_plugin:/home/dimash/debug_clear_ws/install/clearpath_simulator:/home/dimash/debug_clear_ws/install/clearpath_gz:/home/dimash/debug_clear_ws/install/clearpath_generator_gz:/home/dimash/debug_clear_ws/install/clearpath_common:/home/dimash/debug_clear_ws/install/clearpath_generator_common:/home/dimash/debug_clear_ws/install/clearpath_description:/home/dimash/debug_clear_ws/install/clearpath_sensors_description:/home/dimash/debug_clear_ws/install/clearpath_platform:/home/dimash/debug_clear_ws/install/clearpath_msgs:/home/dimash/debug_clear_ws/install/clearpath_nav2_demos:/home/dimash/debug_clear_ws/install/clearpath_mounts_description:/home/dimash/debug_clear_ws/install/clearpath_manipulators:/home/dimash/debug_clear_ws/install/clearpath_manipulators_description:/home/dimash/debug_clear_ws/install/clearpath_customization:/home/dimash/debug_clear_ws/install/yolo_ros:/home/dimash/debug_clear_ws/install/person_movement:/home/dimash/debug_clear_ws/install/clearpath_config:/opt/ros/humble LD_LIBRARY_PATH=/home/dimash/debug_clear_ws/install/clearpath_platform_msgs/lib:/home/dimash/debug_clear_ws/install/mpc_low/lib:/home/dimash/debug_clear_ws/install/yolo_msgs/lib:/home/dimash/debug_clear_ws/install/move_model_plugin/lib:/home/dimash/debug_clear_ws/install/clearpath_platform/lib:/opt/ros/humble/opt/rviz_ogre_vendor/lib:/opt/ros/humble/lib/x86_64-linux-gnu:/opt/ros/humble/lib:/home/dimash/acados/lib:/home/dimash/acados/lib /usr/bin/cmake --install /home/dimash/debug_clear_ws/build/clearpath_platform
[2.851s] Level 1:colcon.colcon_core.environment:checking '/home/dimash/debug_clear_ws/install/clearpath_config' for CMake module files
[2.852s] DEBUG:colcon.colcon_core.event_handler.log_command:Invoked command in '/home/dimash/debug_clear_ws/src/clearpath_config' returned '0': PYTHONPATH=/home/dimash/debug_clear_ws/build/clearpath_config/prefix_override:/usr/lib/python3/dist-packages/colcon_core/task/python/colcon_distutils_commands:/home/dimash/debug_clear_ws/install/clearpath_config/lib/python3.10/site-packages:${PYTHONPATH} /usr/bin/python3 -W ignore:setup.py install is deprecated -W ignore:easy_install command is deprecated setup.py egg_info --egg-base ../../build/clearpath_config build --build-base /home/dimash/debug_clear_ws/build/clearpath_config/build install --record /home/dimash/debug_clear_ws/build/clearpath_config/install.log --single-version-externally-managed install_data
[2.853s] Level 1:colcon.colcon_core.environment:checking '/home/dimash/debug_clear_ws/install/clearpath_config' for CMake config files
[2.854s] Level 1:colcon.colcon_core.environment:checking '/home/dimash/debug_clear_ws/install/clearpath_config/lib'
[2.854s] Level 1:colcon.colcon_core.environment:checking '/home/dimash/debug_clear_ws/install/clearpath_config/bin'
[2.855s] Level 1:colcon.colcon_core.environment:checking '/home/dimash/debug_clear_ws/install/clearpath_config/lib/pkgconfig/clearpath_config.pc'
[2.855s] Level 1:colcon.colcon_core.environment:checking '/home/dimash/debug_clear_ws/install/clearpath_config/lib/python3.10/site-packages'
[2.856s] Level 1:colcon.colcon_core.shell:create_environment_hook('clearpath_config', 'pythonpath')
[2.856s] INFO:colcon.colcon_core.shell:Creating environment hook '/home/dimash/debug_clear_ws/install/clearpath_config/share/clearpath_config/hook/pythonpath.ps1'
[2.857s] INFO:colcon.colcon_core.shell:Creating environment descriptor '/home/dimash/debug_clear_ws/install/clearpath_config/share/clearpath_config/hook/pythonpath.dsv'
[2.858s] INFO:colcon.colcon_core.shell:Creating environment hook '/home/dimash/debug_clear_ws/install/clearpath_config/share/clearpath_config/hook/pythonpath.sh'
[2.858s] Level 1:colcon.colcon_core.environment:checking '/home/dimash/debug_clear_ws/install/clearpath_config/bin'
[2.859s] Level 1:colcon.colcon_core.environment:create_environment_scripts_only(clearpath_config)
[2.859s] INFO:colcon.colcon_core.shell:Creating package script '/home/dimash/debug_clear_ws/install/clearpath_config/share/clearpath_config/package.ps1'
[2.860s] INFO:colcon.colcon_core.shell:Creating package descriptor '/home/dimash/debug_clear_ws/install/clearpath_config/share/clearpath_config/package.dsv'
[2.861s] INFO:colcon.colcon_core.shell:Creating package script '/home/dimash/debug_clear_ws/install/clearpath_config/share/clearpath_config/package.sh'
[2.861s] INFO:colcon.colcon_core.shell:Creating package script '/home/dimash/debug_clear_ws/install/clearpath_config/share/clearpath_config/package.bash'
[2.862s] INFO:colcon.colcon_core.shell:Creating package script '/home/dimash/debug_clear_ws/install/clearpath_config/share/clearpath_config/package.zsh'
[2.862s] Level 1:colcon.colcon_core.environment:create_file_with_runtime_dependencies(/home/dimash/debug_clear_ws/install/clearpath_config/share/colcon-core/packages/clearpath_config)
[2.867s] INFO:colcon.colcon_ros.task.ament_cmake.build:Building ROS package in '/home/dimash/debug_clear_ws/src/clearpath_nav2_demos' with build type 'ament_cmake'
[2.867s] INFO:colcon.colcon_cmake.task.cmake.build:Building CMake package in '/home/dimash/debug_clear_ws/src/clearpath_nav2_demos'
[2.868s] INFO:colcon.colcon_core.shell:Skip shell extension 'powershell' for command environment: Not usable outside of PowerShell
[2.868s] DEBUG:colcon.colcon_core.shell:Skip shell extension 'dsv' for command environment
[2.894s] DEBUG:colcon.colcon_core.event_handler.log_command:Invoking command in '/home/dimash/debug_clear_ws/build/clearpath_nav2_demos': AMENT_PREFIX_PATH=/home/dimash/debug_clear_ws/install/clearpath_config:/home/dimash/debug_clear_ws/install/yolo_bringup:/home/dimash/debug_clear_ws/install/yolo_ros:/home/dimash/debug_clear_ws/install/mpc_low:/home/dimash/debug_clear_ws/install/yolo_msgs:/home/dimash/debug_clear_ws/install/point_cloud_debug:/home/dimash/debug_clear_ws/install/person_movement:/home/dimash/debug_clear_ws/install/move_model_plugin:/home/dimash/debug_clear_ws/install/clearpath_simulator:/home/dimash/debug_clear_ws/install/clearpath_gz:/home/dimash/debug_clear_ws/install/clearpath_generator_gz:/home/dimash/debug_clear_ws/install/clearpath_common:/home/dimash/debug_clear_ws/install/clearpath_generator_common:/home/dimash/debug_clear_ws/install/clearpath_description:/home/dimash/debug_clear_ws/install/clearpath_sensors_description:/home/dimash/debug_clear_ws/install/clearpath_platform:/home/dimash/debug_clear_ws/install/clearpath_msgs:/home/dimash/debug_clear_ws/install/clearpath_platform_msgs:/home/dimash/debug_clear_ws/install/clearpath_platform_description:/home/dimash/debug_clear_ws/install/clearpath_nav2_demos:/home/dimash/debug_clear_ws/install/clearpath_mounts_description:/home/dimash/debug_clear_ws/install/clearpath_manipulators:/home/dimash/debug_clear_ws/install/clearpath_manipulators_description:/home/dimash/debug_clear_ws/install/clearpath_customization:/home/dimash/debug_clear_ws/install/clearpath_control:/opt/ros/humble CMAKE_PREFIX_PATH=${CMAKE_PREFIX_PATH}:/home/dimash/debug_clear_ws/install/yolo_ros:/home/dimash/debug_clear_ws/install/person_movement:/home/dimash/debug_clear_ws/install/clearpath_config:/opt/ros/humble PYTHONPATH=/home/dimash/debug_clear_ws/install/clearpath_config/lib/python3.10/site-packages:/home/dimash/debug_clear_ws/install/yolo_ros/lib/python3.10/site-packages:/home/dimash/debug_clear_ws/install/yolo_msgs/local/lib/python3.10/dist-packages:/home/dimash/debug_clear_ws/install/person_movement/lib/python3.10/site-packages:/home/dimash/debug_clear_ws/install/clearpath_generator_gz/local/lib/python3.10/dist-packages:/home/dimash/debug_clear_ws/install/clearpath_generator_common/local/lib/python3.10/dist-packages:/home/dimash/debug_clear_ws/install/clearpath_platform_msgs/local/lib/python3.10/dist-packages:/opt/ros/humble/lib/python3.10/site-packages:/opt/ros/humble/local/lib/python3.10/dist-packages:/home/dimash/acados/lib /usr/bin/cmake --build /home/dimash/debug_clear_ws/build/clearpath_nav2_demos -- -j8 -l8
[2.895s] Level 1:colcon.colcon_core.environment:create_environment_scripts_only(clearpath_platform)
[2.896s] Level 1:colcon.colcon_core.environment:checking '/home/dimash/debug_clear_ws/install/clearpath_platform' for CMake module files
[2.896s] Level 1:colcon.colcon_core.environment:checking '/home/dimash/debug_clear_ws/install/clearpath_platform' for CMake config files
[2.898s] Level 1:colcon.colcon_core.shell:create_environment_hook('clearpath_platform', 'cmake_prefix_path')
[2.898s] DEBUG:colcon.colcon_core.event_handler.log_command:Invoked command in '/home/dimash/debug_clear_ws/build/clearpath_platform' returned '0': CMAKE_PREFIX_PATH=/home/dimash/debug_clear_ws/install/clearpath_platform_msgs:/home/dimash/debug_clear_ws/install/clearpath_platform_description:/home/dimash/debug_clear_ws/install/clearpath_control:/home/dimash/debug_clear_ws/install/yolo_bringup:/home/dimash/debug_clear_ws/install/mpc_low:/home/dimash/debug_clear_ws/install/yolo_msgs:/home/dimash/debug_clear_ws/install/point_cloud_debug:/home/dimash/debug_clear_ws/install/move_model_plugin:/home/dimash/debug_clear_ws/install/clearpath_simulator:/home/dimash/debug_clear_ws/install/clearpath_gz:/home/dimash/debug_clear_ws/install/clearpath_generator_gz:/home/dimash/debug_clear_ws/install/clearpath_common:/home/dimash/debug_clear_ws/install/clearpath_generator_common:/home/dimash/debug_clear_ws/install/clearpath_description:/home/dimash/debug_clear_ws/install/clearpath_sensors_description:/home/dimash/debug_clear_ws/install/clearpath_platform:/home/dimash/debug_clear_ws/install/clearpath_msgs:/home/dimash/debug_clear_ws/install/clearpath_nav2_demos:/home/dimash/debug_clear_ws/install/clearpath_mounts_description:/home/dimash/debug_clear_ws/install/clearpath_manipulators:/home/dimash/debug_clear_ws/install/clearpath_manipulators_description:/home/dimash/debug_clear_ws/install/clearpath_customization:/home/dimash/debug_clear_ws/install/yolo_ros:/home/dimash/debug_clear_ws/install/person_movement:/home/dimash/debug_clear_ws/install/clearpath_config:/opt/ros/humble LD_LIBRARY_PATH=/home/dimash/debug_clear_ws/install/clearpath_platform_msgs/lib:/home/dimash/debug_clear_ws/install/mpc_low/lib:/home/dimash/debug_clear_ws/install/yolo_msgs/lib:/home/dimash/debug_clear_ws/install/move_model_plugin/lib:/home/dimash/debug_clear_ws/install/clearpath_platform/lib:/opt/ros/humble/opt/rviz_ogre_vendor/lib:/opt/ros/humble/lib/x86_64-linux-gnu:/opt/ros/humble/lib:/home/dimash/acados/lib:/home/dimash/acados/lib /usr/bin/cmake --install /home/dimash/debug_clear_ws/build/clearpath_platform
[2.898s] INFO:colcon.colcon_core.shell:Creating environment hook '/home/dimash/debug_clear_ws/install/clearpath_platform/share/clearpath_platform/hook/cmake_prefix_path.ps1'
[2.899s] INFO:colcon.colcon_core.shell:Creating environment descriptor '/home/dimash/debug_clear_ws/install/clearpath_platform/share/clearpath_platform/hook/cmake_prefix_path.dsv'
[2.900s] INFO:colcon.colcon_core.shell:Creating environment hook '/home/dimash/debug_clear_ws/install/clearpath_platform/share/clearpath_platform/hook/cmake_prefix_path.sh'
[2.901s] Level 1:colcon.colcon_core.environment:checking '/home/dimash/debug_clear_ws/install/clearpath_platform/lib'
[2.901s] Level 1:colcon.colcon_core.shell:create_environment_hook('clearpath_platform', 'ld_library_path_lib')
[2.901s] INFO:colcon.colcon_core.shell:Creating environment hook '/home/dimash/debug_clear_ws/install/clearpath_platform/share/clearpath_platform/hook/ld_library_path_lib.ps1'
[2.902s] INFO:colcon.colcon_core.shell:Creating environment descriptor '/home/dimash/debug_clear_ws/install/clearpath_platform/share/clearpath_platform/hook/ld_library_path_lib.dsv'
[2.902s] INFO:colcon.colcon_core.shell:Creating environment hook '/home/dimash/debug_clear_ws/install/clearpath_platform/share/clearpath_platform/hook/ld_library_path_lib.sh'
[2.903s] Level 1:colcon.colcon_core.environment:checking '/home/dimash/debug_clear_ws/install/clearpath_platform/bin'
[2.903s] Level 1:colcon.colcon_core.environment:checking '/home/dimash/debug_clear_ws/install/clearpath_platform/lib/pkgconfig/clearpath_platform.pc'
[2.903s] Level 1:colcon.colcon_core.environment:checking '/home/dimash/debug_clear_ws/install/clearpath_platform/lib/python3.10/site-packages'
[2.904s] Level 1:colcon.colcon_core.environment:checking '/home/dimash/debug_clear_ws/install/clearpath_platform/bin'
[2.904s] INFO:colcon.colcon_core.shell:Creating package script '/home/dimash/debug_clear_ws/install/clearpath_platform/share/clearpath_platform/package.ps1'
[2.905s] INFO:colcon.colcon_core.shell:Creating package descriptor '/home/dimash/debug_clear_ws/install/clearpath_platform/share/clearpath_platform/package.dsv'
[2.906s] INFO:colcon.colcon_core.shell:Creating package script '/home/dimash/debug_clear_ws/install/clearpath_platform/share/clearpath_platform/package.sh'
[2.906s] INFO:colcon.colcon_core.shell:Creating package script '/home/dimash/debug_clear_ws/install/clearpath_platform/share/clearpath_platform/package.bash'
[2.907s] INFO:colcon.colcon_core.shell:Creating package script '/home/dimash/debug_clear_ws/install/clearpath_platform/share/clearpath_platform/package.zsh'
[2.907s] Level 1:colcon.colcon_core.environment:create_file_with_runtime_dependencies(/home/dimash/debug_clear_ws/install/clearpath_platform/share/colcon-core/packages/clearpath_platform)
[2.908s] Level 1:colcon.colcon_core.environment:create_environment_scripts_only(clearpath_platform)
[2.909s] Level 1:colcon.colcon_core.environment:checking '/home/dimash/debug_clear_ws/install/clearpath_platform' for CMake module files
[2.910s] Level 1:colcon.colcon_core.environment:checking '/home/dimash/debug_clear_ws/install/clearpath_platform' for CMake config files
[2.910s] Level 1:colcon.colcon_core.shell:create_environment_hook('clearpath_platform', 'cmake_prefix_path')
[2.911s] INFO:colcon.colcon_core.shell:Creating environment hook '/home/dimash/debug_clear_ws/install/clearpath_platform/share/clearpath_platform/hook/cmake_prefix_path.ps1'
[2.911s] INFO:colcon.colcon_core.shell:Creating environment descriptor '/home/dimash/debug_clear_ws/install/clearpath_platform/share/clearpath_platform/hook/cmake_prefix_path.dsv'
[2.913s] INFO:colcon.colcon_core.shell:Creating environment hook '/home/dimash/debug_clear_ws/install/clearpath_platform/share/clearpath_platform/hook/cmake_prefix_path.sh'
[2.913s] Level 1:colcon.colcon_core.environment:checking '/home/dimash/debug_clear_ws/install/clearpath_platform/lib'
[2.914s] Level 1:colcon.colcon_core.shell:create_environment_hook('clearpath_platform', 'ld_library_path_lib')
[2.914s] INFO:colcon.colcon_core.shell:Creating environment hook '/home/dimash/debug_clear_ws/install/clearpath_platform/share/clearpath_platform/hook/ld_library_path_lib.ps1'
[2.915s] INFO:colcon.colcon_core.shell:Creating environment descriptor '/home/dimash/debug_clear_ws/install/clearpath_platform/share/clearpath_platform/hook/ld_library_path_lib.dsv'
[2.915s] INFO:colcon.colcon_core.shell:Creating environment hook '/home/dimash/debug_clear_ws/install/clearpath_platform/share/clearpath_platform/hook/ld_library_path_lib.sh'
[2.916s] Level 1:colcon.colcon_core.environment:checking '/home/dimash/debug_clear_ws/install/clearpath_platform/bin'
[2.916s] Level 1:colcon.colcon_core.environment:checking '/home/dimash/debug_clear_ws/install/clearpath_platform/lib/pkgconfig/clearpath_platform.pc'
[2.916s] Level 1:colcon.colcon_core.environment:checking '/home/dimash/debug_clear_ws/install/clearpath_platform/lib/python3.10/site-packages'
[2.917s] Level 1:colcon.colcon_core.environment:checking '/home/dimash/debug_clear_ws/install/clearpath_platform/bin'
[2.917s] INFO:colcon.colcon_core.shell:Creating package script '/home/dimash/debug_clear_ws/install/clearpath_platform/share/clearpath_platform/package.ps1'
[2.919s] INFO:colcon.colcon_core.shell:Creating package descriptor '/home/dimash/debug_clear_ws/install/clearpath_platform/share/clearpath_platform/package.dsv'
[2.919s] INFO:colcon.colcon_core.shell:Creating package script '/home/dimash/debug_clear_ws/install/clearpath_platform/share/clearpath_platform/package.sh'
[2.920s] INFO:colcon.colcon_core.shell:Creating package script '/home/dimash/debug_clear_ws/install/clearpath_platform/share/clearpath_platform/package.bash'
[2.921s] INFO:colcon.colcon_core.shell:Creating package script '/home/dimash/debug_clear_ws/install/clearpath_platform/share/clearpath_platform/package.zsh'
[2.922s] Level 1:colcon.colcon_core.environment:create_file_with_runtime_dependencies(/home/dimash/debug_clear_ws/install/clearpath_platform/share/colcon-core/packages/clearpath_platform)
[2.922s] INFO:colcon.colcon_ros.task.ament_cmake.build:Building ROS package in '/home/dimash/debug_clear_ws/src/clearpath_common/clearpath_generator_common' with build type 'ament_cmake'
[2.922s] INFO:colcon.colcon_cmake.task.cmake.build:Building CMake package in '/home/dimash/debug_clear_ws/src/clearpath_common/clearpath_generator_common'
[2.923s] INFO:colcon.colcon_core.shell:Skip shell extension 'powershell' for command environment: Not usable outside of PowerShell
[2.923s] DEBUG:colcon.colcon_core.shell:Skip shell extension 'dsv' for command environment
[2.947s] DEBUG:colcon.colcon_core.event_handler.log_command:Invoking command in '/home/dimash/debug_clear_ws/src/person_movement': PYTHONPATH=/home/dimash/debug_clear_ws/build/person_movement/prefix_override:/usr/lib/python3/dist-packages/colcon_core/task/python/colcon_distutils_commands:/home/dimash/debug_clear_ws/install/person_movement/lib/python3.10/site-packages:${PYTHONPATH} /usr/bin/python3 -W ignore:setup.py install is deprecated -W ignore:easy_install command is deprecated setup.py egg_info --egg-base ../../build/person_movement build --build-base /home/dimash/debug_clear_ws/build/person_movement/build install --record /home/dimash/debug_clear_ws/build/person_movement/install.log --single-version-externally-managed install_data
[2.957s] DEBUG:colcon.colcon_core.event_handler.log_command:Invoked command in '/home/dimash/debug_clear_ws/build/clearpath_nav2_demos' returned '0': AMENT_PREFIX_PATH=/home/dimash/debug_clear_ws/install/clearpath_config:/home/dimash/debug_clear_ws/install/yolo_bringup:/home/dimash/debug_clear_ws/install/yolo_ros:/home/dimash/debug_clear_ws/install/mpc_low:/home/dimash/debug_clear_ws/install/yolo_msgs:/home/dimash/debug_clear_ws/install/point_cloud_debug:/home/dimash/debug_clear_ws/install/person_movement:/home/dimash/debug_clear_ws/install/move_model_plugin:/home/dimash/debug_clear_ws/install/clearpath_simulator:/home/dimash/debug_clear_ws/install/clearpath_gz:/home/dimash/debug_clear_ws/install/clearpath_generator_gz:/home/dimash/debug_clear_ws/install/clearpath_common:/home/dimash/debug_clear_ws/install/clearpath_generator_common:/home/dimash/debug_clear_ws/install/clearpath_description:/home/dimash/debug_clear_ws/install/clearpath_sensors_description:/home/dimash/debug_clear_ws/install/clearpath_platform:/home/dimash/debug_clear_ws/install/clearpath_msgs:/home/dimash/debug_clear_ws/install/clearpath_platform_msgs:/home/dimash/debug_clear_ws/install/clearpath_platform_description:/home/dimash/debug_clear_ws/install/clearpath_nav2_demos:/home/dimash/debug_clear_ws/install/clearpath_mounts_description:/home/dimash/debug_clear_ws/install/clearpath_manipulators:/home/dimash/debug_clear_ws/install/clearpath_manipulators_description:/home/dimash/debug_clear_ws/install/clearpath_customization:/home/dimash/debug_clear_ws/install/clearpath_control:/opt/ros/humble CMAKE_PREFIX_PATH=${CMAKE_PREFIX_PATH}:/home/dimash/debug_clear_ws/install/yolo_ros:/home/dimash/debug_clear_ws/install/person_movement:/home/dimash/debug_clear_ws/install/clearpath_config:/opt/ros/humble PYTHONPATH=/home/dimash/debug_clear_ws/install/clearpath_config/lib/python3.10/site-packages:/home/dimash/debug_clear_ws/install/yolo_ros/lib/python3.10/site-packages:/home/dimash/debug_clear_ws/install/yolo_msgs/local/lib/python3.10/dist-packages:/home/dimash/debug_clear_ws/install/person_movement/lib/python3.10/site-packages:/home/dimash/debug_clear_ws/install/clearpath_generator_gz/local/lib/python3.10/dist-packages:/home/dimash/debug_clear_ws/install/clearpath_generator_common/local/lib/python3.10/dist-packages:/home/dimash/debug_clear_ws/install/clearpath_platform_msgs/local/lib/python3.10/dist-packages:/opt/ros/humble/lib/python3.10/site-packages:/opt/ros/humble/local/lib/python3.10/dist-packages:/home/dimash/acados/lib /usr/bin/cmake --build /home/dimash/debug_clear_ws/build/clearpath_nav2_demos -- -j8 -l8
[2.960s] DEBUG:colcon.colcon_core.event_handler.log_command:Invoking command in '/home/dimash/debug_clear_ws/build/clearpath_nav2_demos': AMENT_PREFIX_PATH=/home/dimash/debug_clear_ws/install/clearpath_config:/home/dimash/debug_clear_ws/install/yolo_bringup:/home/dimash/debug_clear_ws/install/yolo_ros:/home/dimash/debug_clear_ws/install/mpc_low:/home/dimash/debug_clear_ws/install/yolo_msgs:/home/dimash/debug_clear_ws/install/point_cloud_debug:/home/dimash/debug_clear_ws/install/person_movement:/home/dimash/debug_clear_ws/install/move_model_plugin:/home/dimash/debug_clear_ws/install/clearpath_simulator:/home/dimash/debug_clear_ws/install/clearpath_gz:/home/dimash/debug_clear_ws/install/clearpath_generator_gz:/home/dimash/debug_clear_ws/install/clearpath_common:/home/dimash/debug_clear_ws/install/clearpath_generator_common:/home/dimash/debug_clear_ws/install/clearpath_description:/home/dimash/debug_clear_ws/install/clearpath_sensors_description:/home/dimash/debug_clear_ws/install/clearpath_platform:/home/dimash/debug_clear_ws/install/clearpath_msgs:/home/dimash/debug_clear_ws/install/clearpath_platform_msgs:/home/dimash/debug_clear_ws/install/clearpath_platform_description:/home/dimash/debug_clear_ws/install/clearpath_nav2_demos:/home/dimash/debug_clear_ws/install/clearpath_mounts_description:/home/dimash/debug_clear_ws/install/clearpath_manipulators:/home/dimash/debug_clear_ws/install/clearpath_manipulators_description:/home/dimash/debug_clear_ws/install/clearpath_customization:/home/dimash/debug_clear_ws/install/clearpath_control:/opt/ros/humble CMAKE_PREFIX_PATH=${CMAKE_PREFIX_PATH}:/home/dimash/debug_clear_ws/install/yolo_ros:/home/dimash/debug_clear_ws/install/person_movement:/home/dimash/debug_clear_ws/install/clearpath_config:/opt/ros/humble PYTHONPATH=/home/dimash/debug_clear_ws/install/clearpath_config/lib/python3.10/site-packages:/home/dimash/debug_clear_ws/install/yolo_ros/lib/python3.10/site-packages:/home/dimash/debug_clear_ws/install/yolo_msgs/local/lib/python3.10/dist-packages:/home/dimash/debug_clear_ws/install/person_movement/lib/python3.10/site-packages:/home/dimash/debug_clear_ws/install/clearpath_generator_gz/local/lib/python3.10/dist-packages:/home/dimash/debug_clear_ws/install/clearpath_generator_common/local/lib/python3.10/dist-packages:/home/dimash/debug_clear_ws/install/clearpath_platform_msgs/local/lib/python3.10/dist-packages:/opt/ros/humble/lib/python3.10/site-packages:/opt/ros/humble/local/lib/python3.10/dist-packages:/home/dimash/acados/lib /usr/bin/cmake --install /home/dimash/debug_clear_ws/build/clearpath_nav2_demos
[2.969s] DEBUG:colcon.colcon_core.event_handler.log_command:Invoking command in '/home/dimash/debug_clear_ws/build/clearpath_generator_common': AMENT_PREFIX_PATH=/home/dimash/debug_clear_ws/install/clearpath_config:/home/dimash/debug_clear_ws/install/yolo_bringup:/home/dimash/debug_clear_ws/install/yolo_ros:/home/dimash/debug_clear_ws/install/mpc_low:/home/dimash/debug_clear_ws/install/yolo_msgs:/home/dimash/debug_clear_ws/install/point_cloud_debug:/home/dimash/debug_clear_ws/install/person_movement:/home/dimash/debug_clear_ws/install/move_model_plugin:/home/dimash/debug_clear_ws/install/clearpath_simulator:/home/dimash/debug_clear_ws/install/clearpath_gz:/home/dimash/debug_clear_ws/install/clearpath_generator_gz:/home/dimash/debug_clear_ws/install/clearpath_common:/home/dimash/debug_clear_ws/install/clearpath_generator_common:/home/dimash/debug_clear_ws/install/clearpath_description:/home/dimash/debug_clear_ws/install/clearpath_sensors_description:/home/dimash/debug_clear_ws/install/clearpath_platform:/home/dimash/debug_clear_ws/install/clearpath_msgs:/home/dimash/debug_clear_ws/install/clearpath_platform_msgs:/home/dimash/debug_clear_ws/install/clearpath_platform_description:/home/dimash/debug_clear_ws/install/clearpath_nav2_demos:/home/dimash/debug_clear_ws/install/clearpath_mounts_description:/home/dimash/debug_clear_ws/install/clearpath_manipulators:/home/dimash/debug_clear_ws/install/clearpath_manipulators_description:/home/dimash/debug_clear_ws/install/clearpath_customization:/home/dimash/debug_clear_ws/install/clearpath_control:/opt/ros/humble CMAKE_PREFIX_PATH=/home/dimash/debug_clear_ws/install/clearpath_platform:/home/dimash/debug_clear_ws/install/clearpath_manipulators:/home/dimash/debug_clear_ws/install/clearpath_description:/home/dimash/debug_clear_ws/install/clearpath_sensors_description:/home/dimash/debug_clear_ws/install/clearpath_platform_msgs:/home/dimash/debug_clear_ws/install/clearpath_platform_description:/home/dimash/debug_clear_ws/install/clearpath_mounts_description:/home/dimash/debug_clear_ws/install/clearpath_manipulators_description:/home/dimash/debug_clear_ws/install/clearpath_control:/home/dimash/debug_clear_ws/install/yolo_bringup:/home/dimash/debug_clear_ws/install/mpc_low:/home/dimash/debug_clear_ws/install/yolo_msgs:/home/dimash/debug_clear_ws/install/point_cloud_debug:/home/dimash/debug_clear_ws/install/move_model_plugin:/home/dimash/debug_clear_ws/install/clearpath_simulator:/home/dimash/debug_clear_ws/install/clearpath_gz:/home/dimash/debug_clear_ws/install/clearpath_generator_gz:/home/dimash/debug_clear_ws/install/clearpath_common:/home/dimash/debug_clear_ws/install/clearpath_generator_common:/home/dimash/debug_clear_ws/install/clearpath_msgs:/home/dimash/debug_clear_ws/install/clearpath_nav2_demos:/home/dimash/debug_clear_ws/install/clearpath_customization:/home/dimash/debug_clear_ws/install/yolo_ros:/home/dimash/debug_clear_ws/install/person_movement:/home/dimash/debug_clear_ws/install/clearpath_config:/opt/ros/humble LD_LIBRARY_PATH=/home/dimash/debug_clear_ws/install/clearpath_platform/lib:/home/dimash/debug_clear_ws/install/clearpath_platform_msgs/lib:/home/dimash/debug_clear_ws/install/mpc_low/lib:/home/dimash/debug_clear_ws/install/yolo_msgs/lib:/home/dimash/debug_clear_ws/install/move_model_plugin/lib:/opt/ros/humble/opt/rviz_ogre_vendor/lib:/opt/ros/humble/lib/x86_64-linux-gnu:/opt/ros/humble/lib:/home/dimash/acados/lib:/home/dimash/acados/lib PYTHONPATH=/home/dimash/debug_clear_ws/install/clearpath_config/lib/python3.10/site-packages:/home/dimash/debug_clear_ws/install/yolo_ros/lib/python3.10/site-packages:/home/dimash/debug_clear_ws/install/yolo_msgs/local/lib/python3.10/dist-packages:/home/dimash/debug_clear_ws/install/person_movement/lib/python3.10/site-packages:/home/dimash/debug_clear_ws/install/clearpath_generator_gz/local/lib/python3.10/dist-packages:/home/dimash/debug_clear_ws/install/clearpath_generator_common/local/lib/python3.10/dist-packages:/home/dimash/debug_clear_ws/install/clearpath_platform_msgs/local/lib/python3.10/dist-packages:/opt/ros/humble/lib/python3.10/site-packages:/opt/ros/humble/local/lib/python3.10/dist-packages:/home/dimash/acados/lib /usr/bin/cmake --build /home/dimash/debug_clear_ws/build/clearpath_generator_common -- -j8 -l8
[2.976s] Level 1:colcon.colcon_core.environment:create_environment_scripts_only(clearpath_nav2_demos)
[2.976s] Level 1:colcon.colcon_core.environment:checking '/home/dimash/debug_clear_ws/install/clearpath_nav2_demos' for CMake module files
[2.977s] Level 1:colcon.colcon_core.environment:checking '/home/dimash/debug_clear_ws/install/clearpath_nav2_demos' for CMake config files
[2.978s] Level 1:colcon.colcon_core.shell:create_environment_hook('clearpath_nav2_demos', 'cmake_prefix_path')
[2.978s] INFO:colcon.colcon_core.shell:Creating environment hook '/home/dimash/debug_clear_ws/install/clearpath_nav2_demos/share/clearpath_nav2_demos/hook/cmake_prefix_path.ps1'
[2.979s] INFO:colcon.colcon_core.shell:Creating environment descriptor '/home/dimash/debug_clear_ws/install/clearpath_nav2_demos/share/clearpath_nav2_demos/hook/cmake_prefix_path.dsv'
[2.982s] INFO:colcon.colcon_core.shell:Creating environment hook '/home/dimash/debug_clear_ws/install/clearpath_nav2_demos/share/clearpath_nav2_demos/hook/cmake_prefix_path.sh'
[2.983s] DEBUG:colcon.colcon_core.event_handler.log_command:Invoked command in '/home/dimash/debug_clear_ws/build/clearpath_nav2_demos' returned '0': AMENT_PREFIX_PATH=/home/dimash/debug_clear_ws/install/clearpath_config:/home/dimash/debug_clear_ws/install/yolo_bringup:/home/dimash/debug_clear_ws/install/yolo_ros:/home/dimash/debug_clear_ws/install/mpc_low:/home/dimash/debug_clear_ws/install/yolo_msgs:/home/dimash/debug_clear_ws/install/point_cloud_debug:/home/dimash/debug_clear_ws/install/person_movement:/home/dimash/debug_clear_ws/install/move_model_plugin:/home/dimash/debug_clear_ws/install/clearpath_simulator:/home/dimash/debug_clear_ws/install/clearpath_gz:/home/dimash/debug_clear_ws/install/clearpath_generator_gz:/home/dimash/debug_clear_ws/install/clearpath_common:/home/dimash/debug_clear_ws/install/clearpath_generator_common:/home/dimash/debug_clear_ws/install/clearpath_description:/home/dimash/debug_clear_ws/install/clearpath_sensors_description:/home/dimash/debug_clear_ws/install/clearpath_platform:/home/dimash/debug_clear_ws/install/clearpath_msgs:/home/dimash/debug_clear_ws/install/clearpath_platform_msgs:/home/dimash/debug_clear_ws/install/clearpath_platform_description:/home/dimash/debug_clear_ws/install/clearpath_nav2_demos:/home/dimash/debug_clear_ws/install/clearpath_mounts_description:/home/dimash/debug_clear_ws/install/clearpath_manipulators:/home/dimash/debug_clear_ws/install/clearpath_manipulators_description:/home/dimash/debug_clear_ws/install/clearpath_customization:/home/dimash/debug_clear_ws/install/clearpath_control:/opt/ros/humble CMAKE_PREFIX_PATH=${CMAKE_PREFIX_PATH}:/home/dimash/debug_clear_ws/install/yolo_ros:/home/dimash/debug_clear_ws/install/person_movement:/home/dimash/debug_clear_ws/install/clearpath_config:/opt/ros/humble PYTHONPATH=/home/dimash/debug_clear_ws/install/clearpath_config/lib/python3.10/site-packages:/home/dimash/debug_clear_ws/install/yolo_ros/lib/python3.10/site-packages:/home/dimash/debug_clear_ws/install/yolo_msgs/local/lib/python3.10/dist-packages:/home/dimash/debug_clear_ws/install/person_movement/lib/python3.10/site-packages:/home/dimash/debug_clear_ws/install/clearpath_generator_gz/local/lib/python3.10/dist-packages:/home/dimash/debug_clear_ws/install/clearpath_generator_common/local/lib/python3.10/dist-packages:/home/dimash/debug_clear_ws/install/clearpath_platform_msgs/local/lib/python3.10/dist-packages:/opt/ros/humble/lib/python3.10/site-packages:/opt/ros/humble/local/lib/python3.10/dist-packages:/home/dimash/acados/lib /usr/bin/cmake --install /home/dimash/debug_clear_ws/build/clearpath_nav2_demos
[2.983s] Level 1:colcon.colcon_core.environment:checking '/home/dimash/debug_clear_ws/install/clearpath_nav2_demos/bin'
[2.983s] Level 1:colcon.colcon_core.environment:checking '/home/dimash/debug_clear_ws/install/clearpath_nav2_demos/lib/pkgconfig/clearpath_nav2_demos.pc'
[2.984s] Level 1:colcon.colcon_core.environment:checking '/home/dimash/debug_clear_ws/install/clearpath_nav2_demos/lib/python3.10/site-packages'
[2.984s] Level 1:colcon.colcon_core.environment:checking '/home/dimash/debug_clear_ws/install/clearpath_nav2_demos/bin'
[2.985s] INFO:colcon.colcon_core.shell:Creating package script '/home/dimash/debug_clear_ws/install/clearpath_nav2_demos/share/clearpath_nav2_demos/package.ps1'
[2.985s] INFO:colcon.colcon_core.shell:Creating package descriptor '/home/dimash/debug_clear_ws/install/clearpath_nav2_demos/share/clearpath_nav2_demos/package.dsv'
[2.986s] INFO:colcon.colcon_core.shell:Creating package script '/home/dimash/debug_clear_ws/install/clearpath_nav2_demos/share/clearpath_nav2_demos/package.sh'
[2.986s] INFO:colcon.colcon_core.shell:Creating package script '/home/dimash/debug_clear_ws/install/clearpath_nav2_demos/share/clearpath_nav2_demos/package.bash'
[2.987s] INFO:colcon.colcon_core.shell:Creating package script '/home/dimash/debug_clear_ws/install/clearpath_nav2_demos/share/clearpath_nav2_demos/package.zsh'
[2.987s] Level 1:colcon.colcon_core.environment:create_file_with_runtime_dependencies(/home/dimash/debug_clear_ws/install/clearpath_nav2_demos/share/colcon-core/packages/clearpath_nav2_demos)
[2.988s] Level 1:colcon.colcon_core.environment:create_environment_scripts_only(clearpath_nav2_demos)
[2.989s] Level 1:colcon.colcon_core.environment:checking '/home/dimash/debug_clear_ws/install/clearpath_nav2_demos' for CMake module files
[2.989s] Level 1:colcon.colcon_core.environment:checking '/home/dimash/debug_clear_ws/install/clearpath_nav2_demos' for CMake config files
[2.990s] Level 1:colcon.colcon_core.shell:create_environment_hook('clearpath_nav2_demos', 'cmake_prefix_path')
[2.990s] INFO:colcon.colcon_core.shell:Creating environment hook '/home/dimash/debug_clear_ws/install/clearpath_nav2_demos/share/clearpath_nav2_demos/hook/cmake_prefix_path.ps1'
[2.991s] INFO:colcon.colcon_core.shell:Creating environment descriptor '/home/dimash/debug_clear_ws/install/clearpath_nav2_demos/share/clearpath_nav2_demos/hook/cmake_prefix_path.dsv'
[2.991s] INFO:colcon.colcon_core.shell:Creating environment hook '/home/dimash/debug_clear_ws/install/clearpath_nav2_demos/share/clearpath_nav2_demos/hook/cmake_prefix_path.sh'
[2.992s] Level 1:colcon.colcon_core.environment:checking '/home/dimash/debug_clear_ws/install/clearpath_nav2_demos/bin'
[2.992s] Level 1:colcon.colcon_core.environment:checking '/home/dimash/debug_clear_ws/install/clearpath_nav2_demos/lib/pkgconfig/clearpath_nav2_demos.pc'
[2.992s] Level 1:colcon.colcon_core.environment:checking '/home/dimash/debug_clear_ws/install/clearpath_nav2_demos/lib/python3.10/site-packages'
[2.993s] Level 1:colcon.colcon_core.environment:checking '/home/dimash/debug_clear_ws/install/clearpath_nav2_demos/bin'
[2.993s] INFO:colcon.colcon_core.shell:Creating package script '/home/dimash/debug_clear_ws/install/clearpath_nav2_demos/share/clearpath_nav2_demos/package.ps1'
[2.993s] INFO:colcon.colcon_core.shell:Creating package descriptor '/home/dimash/debug_clear_ws/install/clearpath_nav2_demos/share/clearpath_nav2_demos/package.dsv'
[2.994s] INFO:colcon.colcon_core.shell:Creating package script '/home/dimash/debug_clear_ws/install/clearpath_nav2_demos/share/clearpath_nav2_demos/package.sh'
[2.994s] INFO:colcon.colcon_core.shell:Creating package script '/home/dimash/debug_clear_ws/install/clearpath_nav2_demos/share/clearpath_nav2_demos/package.bash'
[2.995s] INFO:colcon.colcon_core.shell:Creating package script '/home/dimash/debug_clear_ws/install/clearpath_nav2_demos/share/clearpath_nav2_demos/package.zsh'
[2.995s] Level 1:colcon.colcon_core.environment:create_file_with_runtime_dependencies(/home/dimash/debug_clear_ws/install/clearpath_nav2_demos/share/colcon-core/packages/clearpath_nav2_demos)
[3.432s] Level 1:colcon.colcon_core.environment:checking '/home/dimash/debug_clear_ws/install/person_movement' for CMake module files
[3.433s] DEBUG:colcon.colcon_core.event_handler.log_command:Invoked command in '/home/dimash/debug_clear_ws/src/person_movement' returned '0': PYTHONPATH=/home/dimash/debug_clear_ws/build/person_movement/prefix_override:/usr/lib/python3/dist-packages/colcon_core/task/python/colcon_distutils_commands:/home/dimash/debug_clear_ws/install/person_movement/lib/python3.10/site-packages:${PYTHONPATH} /usr/bin/python3 -W ignore:setup.py install is deprecated -W ignore:easy_install command is deprecated setup.py egg_info --egg-base ../../build/person_movement build --build-base /home/dimash/debug_clear_ws/build/person_movement/build install --record /home/dimash/debug_clear_ws/build/person_movement/install.log --single-version-externally-managed install_data
[3.434s] Level 1:colcon.colcon_core.environment:checking '/home/dimash/debug_clear_ws/install/person_movement' for CMake config files
[3.434s] Level 1:colcon.colcon_core.environment:checking '/home/dimash/debug_clear_ws/install/person_movement/lib'
[3.434s] Level 1:colcon.colcon_core.environment:checking '/home/dimash/debug_clear_ws/install/person_movement/bin'
[3.435s] Level 1:colcon.colcon_core.environment:checking '/home/dimash/debug_clear_ws/install/person_movement/lib/pkgconfig/person_movement.pc'
[3.435s] Level 1:colcon.colcon_core.environment:checking '/home/dimash/debug_clear_ws/install/person_movement/lib/python3.10/site-packages'
[3.435s] Level 1:colcon.colcon_core.shell:create_environment_hook('person_movement', 'pythonpath')
[3.435s] INFO:colcon.colcon_core.shell:Creating environment hook '/home/dimash/debug_clear_ws/install/person_movement/share/person_movement/hook/pythonpath.ps1'
[3.436s] INFO:colcon.colcon_core.shell:Creating environment descriptor '/home/dimash/debug_clear_ws/install/person_movement/share/person_movement/hook/pythonpath.dsv'
[3.437s] INFO:colcon.colcon_core.shell:Creating environment hook '/home/dimash/debug_clear_ws/install/person_movement/share/person_movement/hook/pythonpath.sh'
[3.437s] Level 1:colcon.colcon_core.environment:checking '/home/dimash/debug_clear_ws/install/person_movement/bin'
[3.438s] Level 1:colcon.colcon_core.environment:create_environment_scripts_only(person_movement)
[3.438s] INFO:colcon.colcon_core.shell:Creating package script '/home/dimash/debug_clear_ws/install/person_movement/share/person_movement/package.ps1'
[3.439s] INFO:colcon.colcon_core.shell:Creating package descriptor '/home/dimash/debug_clear_ws/install/person_movement/share/person_movement/package.dsv'
[3.440s] INFO:colcon.colcon_core.shell:Creating package script '/home/dimash/debug_clear_ws/install/person_movement/share/person_movement/package.sh'
[3.440s] INFO:colcon.colcon_core.shell:Creating package script '/home/dimash/debug_clear_ws/install/person_movement/share/person_movement/package.bash'
[3.441s] INFO:colcon.colcon_core.shell:Creating package script '/home/dimash/debug_clear_ws/install/person_movement/share/person_movement/package.zsh'
[3.441s] Level 1:colcon.colcon_core.environment:create_file_with_runtime_dependencies(/home/dimash/debug_clear_ws/install/person_movement/share/colcon-core/packages/person_movement)
[3.519s] DEBUG:colcon.colcon_core.event_handler.log_command:Invoking command in '/home/dimash/debug_clear_ws/src/yolo_ros/yolo_ros': CMAKE_PREFIX_PATH=/home/dimash/debug_clear_ws/install/yolo_msgs:/home/dimash/debug_clear_ws/install/yolo_bringup:/home/dimash/debug_clear_ws/install/mpc_low:/home/dimash/debug_clear_ws/install/point_cloud_debug:/home/dimash/debug_clear_ws/install/move_model_plugin:/home/dimash/debug_clear_ws/install/clearpath_simulator:/home/dimash/debug_clear_ws/install/clearpath_gz:/home/dimash/debug_clear_ws/install/clearpath_generator_gz:/home/dimash/debug_clear_ws/install/clearpath_common:/home/dimash/debug_clear_ws/install/clearpath_generator_common:/home/dimash/debug_clear_ws/install/clearpath_description:/home/dimash/debug_clear_ws/install/clearpath_sensors_description:/home/dimash/debug_clear_ws/install/clearpath_platform:/home/dimash/debug_clear_ws/install/clearpath_msgs:/home/dimash/debug_clear_ws/install/clearpath_platform_msgs:/home/dimash/debug_clear_ws/install/clearpath_platform_description:/home/dimash/debug_clear_ws/install/clearpath_nav2_demos:/home/dimash/debug_clear_ws/install/clearpath_mounts_description:/home/dimash/debug_clear_ws/install/clearpath_manipulators:/home/dimash/debug_clear_ws/install/clearpath_manipulators_description:/home/dimash/debug_clear_ws/install/clearpath_customization:/home/dimash/debug_clear_ws/install/clearpath_control LD_LIBRARY_PATH=/home/dimash/debug_clear_ws/install/yolo_msgs/lib:/home/dimash/debug_clear_ws/install/mpc_low/lib:/home/dimash/debug_clear_ws/install/move_model_plugin/lib:/home/dimash/debug_clear_ws/install/clearpath_platform/lib:/home/dimash/debug_clear_ws/install/clearpath_platform_msgs/lib:/opt/ros/humble/opt/rviz_ogre_vendor/lib:/opt/ros/humble/lib/x86_64-linux-gnu:/opt/ros/humble/lib:/home/dimash/acados/lib:/home/dimash/acados/lib PYTHONPATH=/home/dimash/debug_clear_ws/build/yolo_ros/prefix_override:/usr/lib/python3/dist-packages/colcon_core/task/python/colcon_distutils_commands:/home/dimash/debug_clear_ws/install/yolo_ros/lib/python3.10/site-packages:${PYTHONPATH} /usr/bin/python3 -W ignore:setup.py install is deprecated -W ignore:easy_install command is deprecated setup.py egg_info --egg-base ../../../build/yolo_ros build --build-base /home/dimash/debug_clear_ws/build/yolo_ros/build install --record /home/dimash/debug_clear_ws/build/yolo_ros/install.log --single-version-externally-managed install_data
[3.544s] DEBUG:colcon.colcon_core.event_handler.log_command:Invoked command in '/home/dimash/debug_clear_ws/build/clearpath_generator_common' returned '0': AMENT_PREFIX_PATH=/home/dimash/debug_clear_ws/install/clearpath_config:/home/dimash/debug_clear_ws/install/yolo_bringup:/home/dimash/debug_clear_ws/install/yolo_ros:/home/dimash/debug_clear_ws/install/mpc_low:/home/dimash/debug_clear_ws/install/yolo_msgs:/home/dimash/debug_clear_ws/install/point_cloud_debug:/home/dimash/debug_clear_ws/install/person_movement:/home/dimash/debug_clear_ws/install/move_model_plugin:/home/dimash/debug_clear_ws/install/clearpath_simulator:/home/dimash/debug_clear_ws/install/clearpath_gz:/home/dimash/debug_clear_ws/install/clearpath_generator_gz:/home/dimash/debug_clear_ws/install/clearpath_common:/home/dimash/debug_clear_ws/install/clearpath_generator_common:/home/dimash/debug_clear_ws/install/clearpath_description:/home/dimash/debug_clear_ws/install/clearpath_sensors_description:/home/dimash/debug_clear_ws/install/clearpath_platform:/home/dimash/debug_clear_ws/install/clearpath_msgs:/home/dimash/debug_clear_ws/install/clearpath_platform_msgs:/home/dimash/debug_clear_ws/install/clearpath_platform_description:/home/dimash/debug_clear_ws/install/clearpath_nav2_demos:/home/dimash/debug_clear_ws/install/clearpath_mounts_description:/home/dimash/debug_clear_ws/install/clearpath_manipulators:/home/dimash/debug_clear_ws/install/clearpath_manipulators_description:/home/dimash/debug_clear_ws/install/clearpath_customization:/home/dimash/debug_clear_ws/install/clearpath_control:/opt/ros/humble CMAKE_PREFIX_PATH=/home/dimash/debug_clear_ws/install/clearpath_platform:/home/dimash/debug_clear_ws/install/clearpath_manipulators:/home/dimash/debug_clear_ws/install/clearpath_description:/home/dimash/debug_clear_ws/install/clearpath_sensors_description:/home/dimash/debug_clear_ws/install/clearpath_platform_msgs:/home/dimash/debug_clear_ws/install/clearpath_platform_description:/home/dimash/debug_clear_ws/install/clearpath_mounts_description:/home/dimash/debug_clear_ws/install/clearpath_manipulators_description:/home/dimash/debug_clear_ws/install/clearpath_control:/home/dimash/debug_clear_ws/install/yolo_bringup:/home/dimash/debug_clear_ws/install/mpc_low:/home/dimash/debug_clear_ws/install/yolo_msgs:/home/dimash/debug_clear_ws/install/point_cloud_debug:/home/dimash/debug_clear_ws/install/move_model_plugin:/home/dimash/debug_clear_ws/install/clearpath_simulator:/home/dimash/debug_clear_ws/install/clearpath_gz:/home/dimash/debug_clear_ws/install/clearpath_generator_gz:/home/dimash/debug_clear_ws/install/clearpath_common:/home/dimash/debug_clear_ws/install/clearpath_generator_common:/home/dimash/debug_clear_ws/install/clearpath_msgs:/home/dimash/debug_clear_ws/install/clearpath_nav2_demos:/home/dimash/debug_clear_ws/install/clearpath_customization:/home/dimash/debug_clear_ws/install/yolo_ros:/home/dimash/debug_clear_ws/install/person_movement:/home/dimash/debug_clear_ws/install/clearpath_config:/opt/ros/humble LD_LIBRARY_PATH=/home/dimash/debug_clear_ws/install/clearpath_platform/lib:/home/dimash/debug_clear_ws/install/clearpath_platform_msgs/lib:/home/dimash/debug_clear_ws/install/mpc_low/lib:/home/dimash/debug_clear_ws/install/yolo_msgs/lib:/home/dimash/debug_clear_ws/install/move_model_plugin/lib:/opt/ros/humble/opt/rviz_ogre_vendor/lib:/opt/ros/humble/lib/x86_64-linux-gnu:/opt/ros/humble/lib:/home/dimash/acados/lib:/home/dimash/acados/lib PYTHONPATH=/home/dimash/debug_clear_ws/install/clearpath_config/lib/python3.10/site-packages:/home/dimash/debug_clear_ws/install/yolo_ros/lib/python3.10/site-packages:/home/dimash/debug_clear_ws/install/yolo_msgs/local/lib/python3.10/dist-packages:/home/dimash/debug_clear_ws/install/person_movement/lib/python3.10/site-packages:/home/dimash/debug_clear_ws/install/clearpath_generator_gz/local/lib/python3.10/dist-packages:/home/dimash/debug_clear_ws/install/clearpath_generator_common/local/lib/python3.10/dist-packages:/home/dimash/debug_clear_ws/install/clearpath_platform_msgs/local/lib/python3.10/dist-packages:/opt/ros/humble/lib/python3.10/site-packages:/opt/ros/humble/local/lib/python3.10/dist-packages:/home/dimash/acados/lib /usr/bin/cmake --build /home/dimash/debug_clear_ws/build/clearpath_generator_common -- -j8 -l8
[3.547s] DEBUG:colcon.colcon_core.event_handler.log_command:Invoking command in '/home/dimash/debug_clear_ws/build/clearpath_generator_common': AMENT_PREFIX_PATH=/home/dimash/debug_clear_ws/install/clearpath_config:/home/dimash/debug_clear_ws/install/yolo_bringup:/home/dimash/debug_clear_ws/install/yolo_ros:/home/dimash/debug_clear_ws/install/mpc_low:/home/dimash/debug_clear_ws/install/yolo_msgs:/home/dimash/debug_clear_ws/install/point_cloud_debug:/home/dimash/debug_clear_ws/install/person_movement:/home/dimash/debug_clear_ws/install/move_model_plugin:/home/dimash/debug_clear_ws/install/clearpath_simulator:/home/dimash/debug_clear_ws/install/clearpath_gz:/home/dimash/debug_clear_ws/install/clearpath_generator_gz:/home/dimash/debug_clear_ws/install/clearpath_common:/home/dimash/debug_clear_ws/install/clearpath_generator_common:/home/dimash/debug_clear_ws/install/clearpath_description:/home/dimash/debug_clear_ws/install/clearpath_sensors_description:/home/dimash/debug_clear_ws/install/clearpath_platform:/home/dimash/debug_clear_ws/install/clearpath_msgs:/home/dimash/debug_clear_ws/install/clearpath_platform_msgs:/home/dimash/debug_clear_ws/install/clearpath_platform_description:/home/dimash/debug_clear_ws/install/clearpath_nav2_demos:/home/dimash/debug_clear_ws/install/clearpath_mounts_description:/home/dimash/debug_clear_ws/install/clearpath_manipulators:/home/dimash/debug_clear_ws/install/clearpath_manipulators_description:/home/dimash/debug_clear_ws/install/clearpath_customization:/home/dimash/debug_clear_ws/install/clearpath_control:/opt/ros/humble CMAKE_PREFIX_PATH=/home/dimash/debug_clear_ws/install/clearpath_platform:/home/dimash/debug_clear_ws/install/clearpath_manipulators:/home/dimash/debug_clear_ws/install/clearpath_description:/home/dimash/debug_clear_ws/install/clearpath_sensors_description:/home/dimash/debug_clear_ws/install/clearpath_platform_msgs:/home/dimash/debug_clear_ws/install/clearpath_platform_description:/home/dimash/debug_clear_ws/install/clearpath_mounts_description:/home/dimash/debug_clear_ws/install/clearpath_manipulators_description:/home/dimash/debug_clear_ws/install/clearpath_control:/home/dimash/debug_clear_ws/install/yolo_bringup:/home/dimash/debug_clear_ws/install/mpc_low:/home/dimash/debug_clear_ws/install/yolo_msgs:/home/dimash/debug_clear_ws/install/point_cloud_debug:/home/dimash/debug_clear_ws/install/move_model_plugin:/home/dimash/debug_clear_ws/install/clearpath_simulator:/home/dimash/debug_clear_ws/install/clearpath_gz:/home/dimash/debug_clear_ws/install/clearpath_generator_gz:/home/dimash/debug_clear_ws/install/clearpath_common:/home/dimash/debug_clear_ws/install/clearpath_generator_common:/home/dimash/debug_clear_ws/install/clearpath_msgs:/home/dimash/debug_clear_ws/install/clearpath_nav2_demos:/home/dimash/debug_clear_ws/install/clearpath_customization:/home/dimash/debug_clear_ws/install/yolo_ros:/home/dimash/debug_clear_ws/install/person_movement:/home/dimash/debug_clear_ws/install/clearpath_config:/opt/ros/humble LD_LIBRARY_PATH=/home/dimash/debug_clear_ws/install/clearpath_platform/lib:/home/dimash/debug_clear_ws/install/clearpath_platform_msgs/lib:/home/dimash/debug_clear_ws/install/mpc_low/lib:/home/dimash/debug_clear_ws/install/yolo_msgs/lib:/home/dimash/debug_clear_ws/install/move_model_plugin/lib:/opt/ros/humble/opt/rviz_ogre_vendor/lib:/opt/ros/humble/lib/x86_64-linux-gnu:/opt/ros/humble/lib:/home/dimash/acados/lib:/home/dimash/acados/lib PYTHONPATH=/home/dimash/debug_clear_ws/install/clearpath_config/lib/python3.10/site-packages:/home/dimash/debug_clear_ws/install/yolo_ros/lib/python3.10/site-packages:/home/dimash/debug_clear_ws/install/yolo_msgs/local/lib/python3.10/dist-packages:/home/dimash/debug_clear_ws/install/person_movement/lib/python3.10/site-packages:/home/dimash/debug_clear_ws/install/clearpath_generator_gz/local/lib/python3.10/dist-packages:/home/dimash/debug_clear_ws/install/clearpath_generator_common/local/lib/python3.10/dist-packages:/home/dimash/debug_clear_ws/install/clearpath_platform_msgs/local/lib/python3.10/dist-packages:/opt/ros/humble/lib/python3.10/site-packages:/opt/ros/humble/local/lib/python3.10/dist-packages:/home/dimash/acados/lib /usr/bin/cmake --install /home/dimash/debug_clear_ws/build/clearpath_generator_common
[3.605s] Level 1:colcon.colcon_core.environment:create_environment_scripts_only(clearpath_generator_common)
[3.605s] Level 1:colcon.colcon_core.environment:checking '/home/dimash/debug_clear_ws/install/clearpath_generator_common' for CMake module files
[3.605s] DEBUG:colcon.colcon_core.event_handler.log_command:Invoked command in '/home/dimash/debug_clear_ws/build/clearpath_generator_common' returned '0': AMENT_PREFIX_PATH=/home/dimash/debug_clear_ws/install/clearpath_config:/home/dimash/debug_clear_ws/install/yolo_bringup:/home/dimash/debug_clear_ws/install/yolo_ros:/home/dimash/debug_clear_ws/install/mpc_low:/home/dimash/debug_clear_ws/install/yolo_msgs:/home/dimash/debug_clear_ws/install/point_cloud_debug:/home/dimash/debug_clear_ws/install/person_movement:/home/dimash/debug_clear_ws/install/move_model_plugin:/home/dimash/debug_clear_ws/install/clearpath_simulator:/home/dimash/debug_clear_ws/install/clearpath_gz:/home/dimash/debug_clear_ws/install/clearpath_generator_gz:/home/dimash/debug_clear_ws/install/clearpath_common:/home/dimash/debug_clear_ws/install/clearpath_generator_common:/home/dimash/debug_clear_ws/install/clearpath_description:/home/dimash/debug_clear_ws/install/clearpath_sensors_description:/home/dimash/debug_clear_ws/install/clearpath_platform:/home/dimash/debug_clear_ws/install/clearpath_msgs:/home/dimash/debug_clear_ws/install/clearpath_platform_msgs:/home/dimash/debug_clear_ws/install/clearpath_platform_description:/home/dimash/debug_clear_ws/install/clearpath_nav2_demos:/home/dimash/debug_clear_ws/install/clearpath_mounts_description:/home/dimash/debug_clear_ws/install/clearpath_manipulators:/home/dimash/debug_clear_ws/install/clearpath_manipulators_description:/home/dimash/debug_clear_ws/install/clearpath_customization:/home/dimash/debug_clear_ws/install/clearpath_control:/opt/ros/humble CMAKE_PREFIX_PATH=/home/dimash/debug_clear_ws/install/clearpath_platform:/home/dimash/debug_clear_ws/install/clearpath_manipulators:/home/dimash/debug_clear_ws/install/clearpath_description:/home/dimash/debug_clear_ws/install/clearpath_sensors_description:/home/dimash/debug_clear_ws/install/clearpath_platform_msgs:/home/dimash/debug_clear_ws/install/clearpath_platform_description:/home/dimash/debug_clear_ws/install/clearpath_mounts_description:/home/dimash/debug_clear_ws/install/clearpath_manipulators_description:/home/dimash/debug_clear_ws/install/clearpath_control:/home/dimash/debug_clear_ws/install/yolo_bringup:/home/dimash/debug_clear_ws/install/mpc_low:/home/dimash/debug_clear_ws/install/yolo_msgs:/home/dimash/debug_clear_ws/install/point_cloud_debug:/home/dimash/debug_clear_ws/install/move_model_plugin:/home/dimash/debug_clear_ws/install/clearpath_simulator:/home/dimash/debug_clear_ws/install/clearpath_gz:/home/dimash/debug_clear_ws/install/clearpath_generator_gz:/home/dimash/debug_clear_ws/install/clearpath_common:/home/dimash/debug_clear_ws/install/clearpath_generator_common:/home/dimash/debug_clear_ws/install/clearpath_msgs:/home/dimash/debug_clear_ws/install/clearpath_nav2_demos:/home/dimash/debug_clear_ws/install/clearpath_customization:/home/dimash/debug_clear_ws/install/yolo_ros:/home/dimash/debug_clear_ws/install/person_movement:/home/dimash/debug_clear_ws/install/clearpath_config:/opt/ros/humble LD_LIBRARY_PATH=/home/dimash/debug_clear_ws/install/clearpath_platform/lib:/home/dimash/debug_clear_ws/install/clearpath_platform_msgs/lib:/home/dimash/debug_clear_ws/install/mpc_low/lib:/home/dimash/debug_clear_ws/install/yolo_msgs/lib:/home/dimash/debug_clear_ws/install/move_model_plugin/lib:/opt/ros/humble/opt/rviz_ogre_vendor/lib:/opt/ros/humble/lib/x86_64-linux-gnu:/opt/ros/humble/lib:/home/dimash/acados/lib:/home/dimash/acados/lib PYTHONPATH=/home/dimash/debug_clear_ws/install/clearpath_config/lib/python3.10/site-packages:/home/dimash/debug_clear_ws/install/yolo_ros/lib/python3.10/site-packages:/home/dimash/debug_clear_ws/install/yolo_msgs/local/lib/python3.10/dist-packages:/home/dimash/debug_clear_ws/install/person_movement/lib/python3.10/site-packages:/home/dimash/debug_clear_ws/install/clearpath_generator_gz/local/lib/python3.10/dist-packages:/home/dimash/debug_clear_ws/install/clearpath_generator_common/local/lib/python3.10/dist-packages:/home/dimash/debug_clear_ws/install/clearpath_platform_msgs/local/lib/python3.10/dist-packages:/opt/ros/humble/lib/python3.10/site-packages:/opt/ros/humble/local/lib/python3.10/dist-packages:/home/dimash/acados/lib /usr/bin/cmake --install /home/dimash/debug_clear_ws/build/clearpath_generator_common
[3.606s] Level 1:colcon.colcon_core.environment:checking '/home/dimash/debug_clear_ws/install/clearpath_generator_common' for CMake config files
[3.606s] Level 1:colcon.colcon_core.shell:create_environment_hook('clearpath_generator_common', 'cmake_prefix_path')
[3.606s] INFO:colcon.colcon_core.shell:Creating environment hook '/home/dimash/debug_clear_ws/install/clearpath_generator_common/share/clearpath_generator_common/hook/cmake_prefix_path.ps1'
[3.607s] INFO:colcon.colcon_core.shell:Creating environment descriptor '/home/dimash/debug_clear_ws/install/clearpath_generator_common/share/clearpath_generator_common/hook/cmake_prefix_path.dsv'
[3.607s] INFO:colcon.colcon_core.shell:Creating environment hook '/home/dimash/debug_clear_ws/install/clearpath_generator_common/share/clearpath_generator_common/hook/cmake_prefix_path.sh'
[3.607s] Level 1:colcon.colcon_core.environment:checking '/home/dimash/debug_clear_ws/install/clearpath_generator_common/lib'
[3.608s] Level 1:colcon.colcon_core.environment:checking '/home/dimash/debug_clear_ws/install/clearpath_generator_common/bin'
[3.608s] Level 1:colcon.colcon_core.environment:checking '/home/dimash/debug_clear_ws/install/clearpath_generator_common/lib/pkgconfig/clearpath_generator_common.pc'
[3.608s] Level 1:colcon.colcon_core.environment:checking '/home/dimash/debug_clear_ws/install/clearpath_generator_common/lib/python3.10/site-packages'
[3.608s] Level 1:colcon.colcon_core.environment:checking '/home/dimash/debug_clear_ws/install/clearpath_generator_common/bin'
[3.608s] INFO:colcon.colcon_core.shell:Creating package script '/home/dimash/debug_clear_ws/install/clearpath_generator_common/share/clearpath_generator_common/package.ps1'
[3.609s] INFO:colcon.colcon_core.shell:Creating package descriptor '/home/dimash/debug_clear_ws/install/clearpath_generator_common/share/clearpath_generator_common/package.dsv'
[3.609s] INFO:colcon.colcon_core.shell:Creating package script '/home/dimash/debug_clear_ws/install/clearpath_generator_common/share/clearpath_generator_common/package.sh'
[3.610s] INFO:colcon.colcon_core.shell:Creating package script '/home/dimash/debug_clear_ws/install/clearpath_generator_common/share/clearpath_generator_common/package.bash'
[3.610s] INFO:colcon.colcon_core.shell:Creating package script '/home/dimash/debug_clear_ws/install/clearpath_generator_common/share/clearpath_generator_common/package.zsh'
[3.610s] Level 1:colcon.colcon_core.environment:create_file_with_runtime_dependencies(/home/dimash/debug_clear_ws/install/clearpath_generator_common/share/colcon-core/packages/clearpath_generator_common)
[3.611s] Level 1:colcon.colcon_core.environment:create_environment_scripts_only(clearpath_generator_common)
[3.611s] Level 1:colcon.colcon_core.environment:checking '/home/dimash/debug_clear_ws/install/clearpath_generator_common' for CMake module files
[3.611s] Level 1:colcon.colcon_core.environment:checking '/home/dimash/debug_clear_ws/install/clearpath_generator_common' for CMake config files
[3.611s] Level 1:colcon.colcon_core.shell:create_environment_hook('clearpath_generator_common', 'cmake_prefix_path')
[3.612s] INFO:colcon.colcon_core.shell:Creating environment hook '/home/dimash/debug_clear_ws/install/clearpath_generator_common/share/clearpath_generator_common/hook/cmake_prefix_path.ps1'
[3.612s] INFO:colcon.colcon_core.shell:Creating environment descriptor '/home/dimash/debug_clear_ws/install/clearpath_generator_common/share/clearpath_generator_common/hook/cmake_prefix_path.dsv'
[3.612s] INFO:colcon.colcon_core.shell:Creating environment hook '/home/dimash/debug_clear_ws/install/clearpath_generator_common/share/clearpath_generator_common/hook/cmake_prefix_path.sh'
[3.613s] Level 1:colcon.colcon_core.environment:checking '/home/dimash/debug_clear_ws/install/clearpath_generator_common/lib'
[3.613s] Level 1:colcon.colcon_core.environment:checking '/home/dimash/debug_clear_ws/install/clearpath_generator_common/bin'
[3.613s] Level 1:colcon.colcon_core.environment:checking '/home/dimash/debug_clear_ws/install/clearpath_generator_common/lib/pkgconfig/clearpath_generator_common.pc'
[3.613s] Level 1:colcon.colcon_core.environment:checking '/home/dimash/debug_clear_ws/install/clearpath_generator_common/lib/python3.10/site-packages'
[3.614s] Level 1:colcon.colcon_core.environment:checking '/home/dimash/debug_clear_ws/install/clearpath_generator_common/bin'
[3.614s] INFO:colcon.colcon_core.shell:Creating package script '/home/dimash/debug_clear_ws/install/clearpath_generator_common/share/clearpath_generator_common/package.ps1'
[3.614s] INFO:colcon.colcon_core.shell:Creating package descriptor '/home/dimash/debug_clear_ws/install/clearpath_generator_common/share/clearpath_generator_common/package.dsv'
[3.615s] INFO:colcon.colcon_core.shell:Creating package script '/home/dimash/debug_clear_ws/install/clearpath_generator_common/share/clearpath_generator_common/package.sh'
[3.615s] INFO:colcon.colcon_core.shell:Creating package script '/home/dimash/debug_clear_ws/install/clearpath_generator_common/share/clearpath_generator_common/package.bash'
[3.616s] INFO:colcon.colcon_core.shell:Creating package script '/home/dimash/debug_clear_ws/install/clearpath_generator_common/share/clearpath_generator_common/package.zsh'
[3.616s] Level 1:colcon.colcon_core.environment:create_file_with_runtime_dependencies(/home/dimash/debug_clear_ws/install/clearpath_generator_common/share/colcon-core/packages/clearpath_generator_common)
[3.617s] INFO:colcon.colcon_ros.task.ament_cmake.build:Building ROS package in '/home/dimash/debug_clear_ws/src/clearpath_common/clearpath_common' with build type 'ament_cmake'
[3.617s] INFO:colcon.colcon_cmake.task.cmake.build:Building CMake package in '/home/dimash/debug_clear_ws/src/clearpath_common/clearpath_common'
[3.617s] INFO:colcon.colcon_core.shell:Skip shell extension 'powershell' for command environment: Not usable outside of PowerShell
[3.617s] DEBUG:colcon.colcon_core.shell:Skip shell extension 'dsv' for command environment
[3.624s] INFO:colcon.colcon_ros.task.ament_cmake.build:Building ROS package in '/home/dimash/debug_clear_ws/src/clearpath_simulator/clearpath_generator_gz' with build type 'ament_cmake'
[3.625s] INFO:colcon.colcon_cmake.task.cmake.build:Building CMake package in '/home/dimash/debug_clear_ws/src/clearpath_simulator/clearpath_generator_gz'
[3.625s] INFO:colcon.colcon_core.shell:Skip shell extension 'powershell' for command environment: Not usable outside of PowerShell
[3.625s] DEBUG:colcon.colcon_core.shell:Skip shell extension 'dsv' for command environment
[3.643s] DEBUG:colcon.colcon_core.event_handler.log_command:Invoking command in '/home/dimash/debug_clear_ws/build/clearpath_common': AMENT_PREFIX_PATH=/home/dimash/debug_clear_ws/install/clearpath_config:/home/dimash/debug_clear_ws/install/yolo_bringup:/home/dimash/debug_clear_ws/install/yolo_ros:/home/dimash/debug_clear_ws/install/mpc_low:/home/dimash/debug_clear_ws/install/yolo_msgs:/home/dimash/debug_clear_ws/install/point_cloud_debug:/home/dimash/debug_clear_ws/install/person_movement:/home/dimash/debug_clear_ws/install/move_model_plugin:/home/dimash/debug_clear_ws/install/clearpath_simulator:/home/dimash/debug_clear_ws/install/clearpath_gz:/home/dimash/debug_clear_ws/install/clearpath_generator_gz:/home/dimash/debug_clear_ws/install/clearpath_common:/home/dimash/debug_clear_ws/install/clearpath_generator_common:/home/dimash/debug_clear_ws/install/clearpath_description:/home/dimash/debug_clear_ws/install/clearpath_sensors_description:/home/dimash/debug_clear_ws/install/clearpath_platform:/home/dimash/debug_clear_ws/install/clearpath_msgs:/home/dimash/debug_clear_ws/install/clearpath_platform_msgs:/home/dimash/debug_clear_ws/install/clearpath_platform_description:/home/dimash/debug_clear_ws/install/clearpath_nav2_demos:/home/dimash/debug_clear_ws/install/clearpath_mounts_description:/home/dimash/debug_clear_ws/install/clearpath_manipulators:/home/dimash/debug_clear_ws/install/clearpath_manipulators_description:/home/dimash/debug_clear_ws/install/clearpath_customization:/home/dimash/debug_clear_ws/install/clearpath_control:/opt/ros/humble CMAKE_PREFIX_PATH=/home/dimash/debug_clear_ws/install/clearpath_generator_common:/home/dimash/debug_clear_ws/install/clearpath_platform:/home/dimash/debug_clear_ws/install/clearpath_manipulators:/home/dimash/debug_clear_ws/install/clearpath_description:/home/dimash/debug_clear_ws/install/clearpath_sensors_description:/home/dimash/debug_clear_ws/install/clearpath_platform_msgs:/home/dimash/debug_clear_ws/install/clearpath_platform_description:/home/dimash/debug_clear_ws/install/clearpath_mounts_description:/home/dimash/debug_clear_ws/install/clearpath_manipulators_description:/home/dimash/debug_clear_ws/install/clearpath_control:/home/dimash/debug_clear_ws/install/yolo_bringup:/home/dimash/debug_clear_ws/install/mpc_low:/home/dimash/debug_clear_ws/install/yolo_msgs:/home/dimash/debug_clear_ws/install/point_cloud_debug:/home/dimash/debug_clear_ws/install/move_model_plugin:/home/dimash/debug_clear_ws/install/clearpath_simulator:/home/dimash/debug_clear_ws/install/clearpath_gz:/home/dimash/debug_clear_ws/install/clearpath_generator_gz:/home/dimash/debug_clear_ws/install/clearpath_common:/home/dimash/debug_clear_ws/install/clearpath_msgs:/home/dimash/debug_clear_ws/install/clearpath_nav2_demos:/home/dimash/debug_clear_ws/install/clearpath_customization:/home/dimash/debug_clear_ws/install/yolo_ros:/home/dimash/debug_clear_ws/install/person_movement:/home/dimash/debug_clear_ws/install/clearpath_config:/opt/ros/humble LD_LIBRARY_PATH=/home/dimash/debug_clear_ws/install/clearpath_platform/lib:/home/dimash/debug_clear_ws/install/clearpath_platform_msgs/lib:/home/dimash/debug_clear_ws/install/mpc_low/lib:/home/dimash/debug_clear_ws/install/yolo_msgs/lib:/home/dimash/debug_clear_ws/install/move_model_plugin/lib:/opt/ros/humble/opt/rviz_ogre_vendor/lib:/opt/ros/humble/lib/x86_64-linux-gnu:/opt/ros/humble/lib:/home/dimash/acados/lib:/home/dimash/acados/lib PYTHONPATH=/home/dimash/debug_clear_ws/install/clearpath_config/lib/python3.10/site-packages:/home/dimash/debug_clear_ws/install/yolo_ros/lib/python3.10/site-packages:/home/dimash/debug_clear_ws/install/yolo_msgs/local/lib/python3.10/dist-packages:/home/dimash/debug_clear_ws/install/person_movement/lib/python3.10/site-packages:/home/dimash/debug_clear_ws/install/clearpath_generator_gz/local/lib/python3.10/dist-packages:/home/dimash/debug_clear_ws/install/clearpath_generator_common/local/lib/python3.10/dist-packages:/home/dimash/debug_clear_ws/install/clearpath_platform_msgs/local/lib/python3.10/dist-packages:/opt/ros/humble/lib/python3.10/site-packages:/opt/ros/humble/local/lib/python3.10/dist-packages:/home/dimash/acados/lib /usr/bin/cmake --build /home/dimash/debug_clear_ws/build/clearpath_common -- -j8 -l8
[3.652s] DEBUG:colcon.colcon_core.event_handler.log_command:Invoking command in '/home/dimash/debug_clear_ws/build/clearpath_generator_gz': AMENT_PREFIX_PATH=/home/dimash/debug_clear_ws/install/clearpath_config:/home/dimash/debug_clear_ws/install/yolo_bringup:/home/dimash/debug_clear_ws/install/yolo_ros:/home/dimash/debug_clear_ws/install/mpc_low:/home/dimash/debug_clear_ws/install/yolo_msgs:/home/dimash/debug_clear_ws/install/point_cloud_debug:/home/dimash/debug_clear_ws/install/person_movement:/home/dimash/debug_clear_ws/install/move_model_plugin:/home/dimash/debug_clear_ws/install/clearpath_simulator:/home/dimash/debug_clear_ws/install/clearpath_gz:/home/dimash/debug_clear_ws/install/clearpath_generator_gz:/home/dimash/debug_clear_ws/install/clearpath_common:/home/dimash/debug_clear_ws/install/clearpath_generator_common:/home/dimash/debug_clear_ws/install/clearpath_description:/home/dimash/debug_clear_ws/install/clearpath_sensors_description:/home/dimash/debug_clear_ws/install/clearpath_platform:/home/dimash/debug_clear_ws/install/clearpath_msgs:/home/dimash/debug_clear_ws/install/clearpath_platform_msgs:/home/dimash/debug_clear_ws/install/clearpath_platform_description:/home/dimash/debug_clear_ws/install/clearpath_nav2_demos:/home/dimash/debug_clear_ws/install/clearpath_mounts_description:/home/dimash/debug_clear_ws/install/clearpath_manipulators:/home/dimash/debug_clear_ws/install/clearpath_manipulators_description:/home/dimash/debug_clear_ws/install/clearpath_customization:/home/dimash/debug_clear_ws/install/clearpath_control:/opt/ros/humble CMAKE_PREFIX_PATH=/home/dimash/debug_clear_ws/install/clearpath_generator_common:/home/dimash/debug_clear_ws/install/clearpath_platform:/home/dimash/debug_clear_ws/install/clearpath_manipulators:/home/dimash/debug_clear_ws/install/clearpath_description:/home/dimash/debug_clear_ws/install/clearpath_sensors_description:/home/dimash/debug_clear_ws/install/clearpath_platform_msgs:/home/dimash/debug_clear_ws/install/clearpath_platform_description:/home/dimash/debug_clear_ws/install/clearpath_mounts_description:/home/dimash/debug_clear_ws/install/clearpath_manipulators_description:/home/dimash/debug_clear_ws/install/clearpath_control:/home/dimash/debug_clear_ws/install/yolo_bringup:/home/dimash/debug_clear_ws/install/mpc_low:/home/dimash/debug_clear_ws/install/yolo_msgs:/home/dimash/debug_clear_ws/install/point_cloud_debug:/home/dimash/debug_clear_ws/install/move_model_plugin:/home/dimash/debug_clear_ws/install/clearpath_simulator:/home/dimash/debug_clear_ws/install/clearpath_gz:/home/dimash/debug_clear_ws/install/clearpath_generator_gz:/home/dimash/debug_clear_ws/install/clearpath_common:/home/dimash/debug_clear_ws/install/clearpath_msgs:/home/dimash/debug_clear_ws/install/clearpath_nav2_demos:/home/dimash/debug_clear_ws/install/clearpath_customization:/home/dimash/debug_clear_ws/install/yolo_ros:/home/dimash/debug_clear_ws/install/person_movement:/home/dimash/debug_clear_ws/install/clearpath_config:/opt/ros/humble LD_LIBRARY_PATH=/home/dimash/debug_clear_ws/install/clearpath_platform/lib:/home/dimash/debug_clear_ws/install/clearpath_platform_msgs/lib:/home/dimash/debug_clear_ws/install/mpc_low/lib:/home/dimash/debug_clear_ws/install/yolo_msgs/lib:/home/dimash/debug_clear_ws/install/move_model_plugin/lib:/opt/ros/humble/opt/rviz_ogre_vendor/lib:/opt/ros/humble/lib/x86_64-linux-gnu:/opt/ros/humble/lib:/home/dimash/acados/lib:/home/dimash/acados/lib PYTHONPATH=/home/dimash/debug_clear_ws/install/clearpath_config/lib/python3.10/site-packages:/home/dimash/debug_clear_ws/install/yolo_ros/lib/python3.10/site-packages:/home/dimash/debug_clear_ws/install/yolo_msgs/local/lib/python3.10/dist-packages:/home/dimash/debug_clear_ws/install/person_movement/lib/python3.10/site-packages:/home/dimash/debug_clear_ws/install/clearpath_generator_gz/local/lib/python3.10/dist-packages:/home/dimash/debug_clear_ws/install/clearpath_generator_common/local/lib/python3.10/dist-packages:/home/dimash/debug_clear_ws/install/clearpath_platform_msgs/local/lib/python3.10/dist-packages:/opt/ros/humble/lib/python3.10/site-packages:/opt/ros/humble/local/lib/python3.10/dist-packages:/home/dimash/acados/lib /usr/bin/cmake --build /home/dimash/debug_clear_ws/build/clearpath_generator_gz -- -j8 -l8
[3.692s] DEBUG:colcon.colcon_core.event_handler.log_command:Invoked command in '/home/dimash/debug_clear_ws/build/clearpath_common' returned '0': AMENT_PREFIX_PATH=/home/dimash/debug_clear_ws/install/clearpath_config:/home/dimash/debug_clear_ws/install/yolo_bringup:/home/dimash/debug_clear_ws/install/yolo_ros:/home/dimash/debug_clear_ws/install/mpc_low:/home/dimash/debug_clear_ws/install/yolo_msgs:/home/dimash/debug_clear_ws/install/point_cloud_debug:/home/dimash/debug_clear_ws/install/person_movement:/home/dimash/debug_clear_ws/install/move_model_plugin:/home/dimash/debug_clear_ws/install/clearpath_simulator:/home/dimash/debug_clear_ws/install/clearpath_gz:/home/dimash/debug_clear_ws/install/clearpath_generator_gz:/home/dimash/debug_clear_ws/install/clearpath_common:/home/dimash/debug_clear_ws/install/clearpath_generator_common:/home/dimash/debug_clear_ws/install/clearpath_description:/home/dimash/debug_clear_ws/install/clearpath_sensors_description:/home/dimash/debug_clear_ws/install/clearpath_platform:/home/dimash/debug_clear_ws/install/clearpath_msgs:/home/dimash/debug_clear_ws/install/clearpath_platform_msgs:/home/dimash/debug_clear_ws/install/clearpath_platform_description:/home/dimash/debug_clear_ws/install/clearpath_nav2_demos:/home/dimash/debug_clear_ws/install/clearpath_mounts_description:/home/dimash/debug_clear_ws/install/clearpath_manipulators:/home/dimash/debug_clear_ws/install/clearpath_manipulators_description:/home/dimash/debug_clear_ws/install/clearpath_customization:/home/dimash/debug_clear_ws/install/clearpath_control:/opt/ros/humble CMAKE_PREFIX_PATH=/home/dimash/debug_clear_ws/install/clearpath_generator_common:/home/dimash/debug_clear_ws/install/clearpath_platform:/home/dimash/debug_clear_ws/install/clearpath_manipulators:/home/dimash/debug_clear_ws/install/clearpath_description:/home/dimash/debug_clear_ws/install/clearpath_sensors_description:/home/dimash/debug_clear_ws/install/clearpath_platform_msgs:/home/dimash/debug_clear_ws/install/clearpath_platform_description:/home/dimash/debug_clear_ws/install/clearpath_mounts_description:/home/dimash/debug_clear_ws/install/clearpath_manipulators_description:/home/dimash/debug_clear_ws/install/clearpath_control:/home/dimash/debug_clear_ws/install/yolo_bringup:/home/dimash/debug_clear_ws/install/mpc_low:/home/dimash/debug_clear_ws/install/yolo_msgs:/home/dimash/debug_clear_ws/install/point_cloud_debug:/home/dimash/debug_clear_ws/install/move_model_plugin:/home/dimash/debug_clear_ws/install/clearpath_simulator:/home/dimash/debug_clear_ws/install/clearpath_gz:/home/dimash/debug_clear_ws/install/clearpath_generator_gz:/home/dimash/debug_clear_ws/install/clearpath_common:/home/dimash/debug_clear_ws/install/clearpath_msgs:/home/dimash/debug_clear_ws/install/clearpath_nav2_demos:/home/dimash/debug_clear_ws/install/clearpath_customization:/home/dimash/debug_clear_ws/install/yolo_ros:/home/dimash/debug_clear_ws/install/person_movement:/home/dimash/debug_clear_ws/install/clearpath_config:/opt/ros/humble LD_LIBRARY_PATH=/home/dimash/debug_clear_ws/install/clearpath_platform/lib:/home/dimash/debug_clear_ws/install/clearpath_platform_msgs/lib:/home/dimash/debug_clear_ws/install/mpc_low/lib:/home/dimash/debug_clear_ws/install/yolo_msgs/lib:/home/dimash/debug_clear_ws/install/move_model_plugin/lib:/opt/ros/humble/opt/rviz_ogre_vendor/lib:/opt/ros/humble/lib/x86_64-linux-gnu:/opt/ros/humble/lib:/home/dimash/acados/lib:/home/dimash/acados/lib PYTHONPATH=/home/dimash/debug_clear_ws/install/clearpath_config/lib/python3.10/site-packages:/home/dimash/debug_clear_ws/install/yolo_ros/lib/python3.10/site-packages:/home/dimash/debug_clear_ws/install/yolo_msgs/local/lib/python3.10/dist-packages:/home/dimash/debug_clear_ws/install/person_movement/lib/python3.10/site-packages:/home/dimash/debug_clear_ws/install/clearpath_generator_gz/local/lib/python3.10/dist-packages:/home/dimash/debug_clear_ws/install/clearpath_generator_common/local/lib/python3.10/dist-packages:/home/dimash/debug_clear_ws/install/clearpath_platform_msgs/local/lib/python3.10/dist-packages:/opt/ros/humble/lib/python3.10/site-packages:/opt/ros/humble/local/lib/python3.10/dist-packages:/home/dimash/acados/lib /usr/bin/cmake --build /home/dimash/debug_clear_ws/build/clearpath_common -- -j8 -l8
[3.695s] DEBUG:colcon.colcon_core.event_handler.log_command:Invoking command in '/home/dimash/debug_clear_ws/build/clearpath_common': AMENT_PREFIX_PATH=/home/dimash/debug_clear_ws/install/clearpath_config:/home/dimash/debug_clear_ws/install/yolo_bringup:/home/dimash/debug_clear_ws/install/yolo_ros:/home/dimash/debug_clear_ws/install/mpc_low:/home/dimash/debug_clear_ws/install/yolo_msgs:/home/dimash/debug_clear_ws/install/point_cloud_debug:/home/dimash/debug_clear_ws/install/person_movement:/home/dimash/debug_clear_ws/install/move_model_plugin:/home/dimash/debug_clear_ws/install/clearpath_simulator:/home/dimash/debug_clear_ws/install/clearpath_gz:/home/dimash/debug_clear_ws/install/clearpath_generator_gz:/home/dimash/debug_clear_ws/install/clearpath_common:/home/dimash/debug_clear_ws/install/clearpath_generator_common:/home/dimash/debug_clear_ws/install/clearpath_description:/home/dimash/debug_clear_ws/install/clearpath_sensors_description:/home/dimash/debug_clear_ws/install/clearpath_platform:/home/dimash/debug_clear_ws/install/clearpath_msgs:/home/dimash/debug_clear_ws/install/clearpath_platform_msgs:/home/dimash/debug_clear_ws/install/clearpath_platform_description:/home/dimash/debug_clear_ws/install/clearpath_nav2_demos:/home/dimash/debug_clear_ws/install/clearpath_mounts_description:/home/dimash/debug_clear_ws/install/clearpath_manipulators:/home/dimash/debug_clear_ws/install/clearpath_manipulators_description:/home/dimash/debug_clear_ws/install/clearpath_customization:/home/dimash/debug_clear_ws/install/clearpath_control:/opt/ros/humble CMAKE_PREFIX_PATH=/home/dimash/debug_clear_ws/install/clearpath_generator_common:/home/dimash/debug_clear_ws/install/clearpath_platform:/home/dimash/debug_clear_ws/install/clearpath_manipulators:/home/dimash/debug_clear_ws/install/clearpath_description:/home/dimash/debug_clear_ws/install/clearpath_sensors_description:/home/dimash/debug_clear_ws/install/clearpath_platform_msgs:/home/dimash/debug_clear_ws/install/clearpath_platform_description:/home/dimash/debug_clear_ws/install/clearpath_mounts_description:/home/dimash/debug_clear_ws/install/clearpath_manipulators_description:/home/dimash/debug_clear_ws/install/clearpath_control:/home/dimash/debug_clear_ws/install/yolo_bringup:/home/dimash/debug_clear_ws/install/mpc_low:/home/dimash/debug_clear_ws/install/yolo_msgs:/home/dimash/debug_clear_ws/install/point_cloud_debug:/home/dimash/debug_clear_ws/install/move_model_plugin:/home/dimash/debug_clear_ws/install/clearpath_simulator:/home/dimash/debug_clear_ws/install/clearpath_gz:/home/dimash/debug_clear_ws/install/clearpath_generator_gz:/home/dimash/debug_clear_ws/install/clearpath_common:/home/dimash/debug_clear_ws/install/clearpath_msgs:/home/dimash/debug_clear_ws/install/clearpath_nav2_demos:/home/dimash/debug_clear_ws/install/clearpath_customization:/home/dimash/debug_clear_ws/install/yolo_ros:/home/dimash/debug_clear_ws/install/person_movement:/home/dimash/debug_clear_ws/install/clearpath_config:/opt/ros/humble LD_LIBRARY_PATH=/home/dimash/debug_clear_ws/install/clearpath_platform/lib:/home/dimash/debug_clear_ws/install/clearpath_platform_msgs/lib:/home/dimash/debug_clear_ws/install/mpc_low/lib:/home/dimash/debug_clear_ws/install/yolo_msgs/lib:/home/dimash/debug_clear_ws/install/move_model_plugin/lib:/opt/ros/humble/opt/rviz_ogre_vendor/lib:/opt/ros/humble/lib/x86_64-linux-gnu:/opt/ros/humble/lib:/home/dimash/acados/lib:/home/dimash/acados/lib PYTHONPATH=/home/dimash/debug_clear_ws/install/clearpath_config/lib/python3.10/site-packages:/home/dimash/debug_clear_ws/install/yolo_ros/lib/python3.10/site-packages:/home/dimash/debug_clear_ws/install/yolo_msgs/local/lib/python3.10/dist-packages:/home/dimash/debug_clear_ws/install/person_movement/lib/python3.10/site-packages:/home/dimash/debug_clear_ws/install/clearpath_generator_gz/local/lib/python3.10/dist-packages:/home/dimash/debug_clear_ws/install/clearpath_generator_common/local/lib/python3.10/dist-packages:/home/dimash/debug_clear_ws/install/clearpath_platform_msgs/local/lib/python3.10/dist-packages:/opt/ros/humble/lib/python3.10/site-packages:/opt/ros/humble/local/lib/python3.10/dist-packages:/home/dimash/acados/lib /usr/bin/cmake --install /home/dimash/debug_clear_ws/build/clearpath_common
[3.710s] Level 1:colcon.colcon_core.environment:create_environment_scripts_only(clearpath_common)
[3.711s] Level 1:colcon.colcon_core.environment:checking '/home/dimash/debug_clear_ws/install/clearpath_common' for CMake module files
[3.711s] DEBUG:colcon.colcon_core.event_handler.log_command:Invoked command in '/home/dimash/debug_clear_ws/build/clearpath_common' returned '0': AMENT_PREFIX_PATH=/home/dimash/debug_clear_ws/install/clearpath_config:/home/dimash/debug_clear_ws/install/yolo_bringup:/home/dimash/debug_clear_ws/install/yolo_ros:/home/dimash/debug_clear_ws/install/mpc_low:/home/dimash/debug_clear_ws/install/yolo_msgs:/home/dimash/debug_clear_ws/install/point_cloud_debug:/home/dimash/debug_clear_ws/install/person_movement:/home/dimash/debug_clear_ws/install/move_model_plugin:/home/dimash/debug_clear_ws/install/clearpath_simulator:/home/dimash/debug_clear_ws/install/clearpath_gz:/home/dimash/debug_clear_ws/install/clearpath_generator_gz:/home/dimash/debug_clear_ws/install/clearpath_common:/home/dimash/debug_clear_ws/install/clearpath_generator_common:/home/dimash/debug_clear_ws/install/clearpath_description:/home/dimash/debug_clear_ws/install/clearpath_sensors_description:/home/dimash/debug_clear_ws/install/clearpath_platform:/home/dimash/debug_clear_ws/install/clearpath_msgs:/home/dimash/debug_clear_ws/install/clearpath_platform_msgs:/home/dimash/debug_clear_ws/install/clearpath_platform_description:/home/dimash/debug_clear_ws/install/clearpath_nav2_demos:/home/dimash/debug_clear_ws/install/clearpath_mounts_description:/home/dimash/debug_clear_ws/install/clearpath_manipulators:/home/dimash/debug_clear_ws/install/clearpath_manipulators_description:/home/dimash/debug_clear_ws/install/clearpath_customization:/home/dimash/debug_clear_ws/install/clearpath_control:/opt/ros/humble CMAKE_PREFIX_PATH=/home/dimash/debug_clear_ws/install/clearpath_generator_common:/home/dimash/debug_clear_ws/install/clearpath_platform:/home/dimash/debug_clear_ws/install/clearpath_manipulators:/home/dimash/debug_clear_ws/install/clearpath_description:/home/dimash/debug_clear_ws/install/clearpath_sensors_description:/home/dimash/debug_clear_ws/install/clearpath_platform_msgs:/home/dimash/debug_clear_ws/install/clearpath_platform_description:/home/dimash/debug_clear_ws/install/clearpath_mounts_description:/home/dimash/debug_clear_ws/install/clearpath_manipulators_description:/home/dimash/debug_clear_ws/install/clearpath_control:/home/dimash/debug_clear_ws/install/yolo_bringup:/home/dimash/debug_clear_ws/install/mpc_low:/home/dimash/debug_clear_ws/install/yolo_msgs:/home/dimash/debug_clear_ws/install/point_cloud_debug:/home/dimash/debug_clear_ws/install/move_model_plugin:/home/dimash/debug_clear_ws/install/clearpath_simulator:/home/dimash/debug_clear_ws/install/clearpath_gz:/home/dimash/debug_clear_ws/install/clearpath_generator_gz:/home/dimash/debug_clear_ws/install/clearpath_common:/home/dimash/debug_clear_ws/install/clearpath_msgs:/home/dimash/debug_clear_ws/install/clearpath_nav2_demos:/home/dimash/debug_clear_ws/install/clearpath_customization:/home/dimash/debug_clear_ws/install/yolo_ros:/home/dimash/debug_clear_ws/install/person_movement:/home/dimash/debug_clear_ws/install/clearpath_config:/opt/ros/humble LD_LIBRARY_PATH=/home/dimash/debug_clear_ws/install/clearpath_platform/lib:/home/dimash/debug_clear_ws/install/clearpath_platform_msgs/lib:/home/dimash/debug_clear_ws/install/mpc_low/lib:/home/dimash/debug_clear_ws/install/yolo_msgs/lib:/home/dimash/debug_clear_ws/install/move_model_plugin/lib:/opt/ros/humble/opt/rviz_ogre_vendor/lib:/opt/ros/humble/lib/x86_64-linux-gnu:/opt/ros/humble/lib:/home/dimash/acados/lib:/home/dimash/acados/lib PYTHONPATH=/home/dimash/debug_clear_ws/install/clearpath_config/lib/python3.10/site-packages:/home/dimash/debug_clear_ws/install/yolo_ros/lib/python3.10/site-packages:/home/dimash/debug_clear_ws/install/yolo_msgs/local/lib/python3.10/dist-packages:/home/dimash/debug_clear_ws/install/person_movement/lib/python3.10/site-packages:/home/dimash/debug_clear_ws/install/clearpath_generator_gz/local/lib/python3.10/dist-packages:/home/dimash/debug_clear_ws/install/clearpath_generator_common/local/lib/python3.10/dist-packages:/home/dimash/debug_clear_ws/install/clearpath_platform_msgs/local/lib/python3.10/dist-packages:/opt/ros/humble/lib/python3.10/site-packages:/opt/ros/humble/local/lib/python3.10/dist-packages:/home/dimash/acados/lib /usr/bin/cmake --install /home/dimash/debug_clear_ws/build/clearpath_common
[3.712s] Level 1:colcon.colcon_core.environment:checking '/home/dimash/debug_clear_ws/install/clearpath_common' for CMake config files
[3.712s] Level 1:colcon.colcon_core.shell:create_environment_hook('clearpath_common', 'cmake_prefix_path')
[3.713s] INFO:colcon.colcon_core.shell:Creating environment hook '/home/dimash/debug_clear_ws/install/clearpath_common/share/clearpath_common/hook/cmake_prefix_path.ps1'
[3.714s] INFO:colcon.colcon_core.shell:Creating environment descriptor '/home/dimash/debug_clear_ws/install/clearpath_common/share/clearpath_common/hook/cmake_prefix_path.dsv'
[3.714s] INFO:colcon.colcon_core.shell:Creating environment hook '/home/dimash/debug_clear_ws/install/clearpath_common/share/clearpath_common/hook/cmake_prefix_path.sh'
[3.717s] Level 1:colcon.colcon_core.environment:checking '/home/dimash/debug_clear_ws/install/clearpath_common/bin'
[3.717s] Level 1:colcon.colcon_core.environment:checking '/home/dimash/debug_clear_ws/install/clearpath_common/lib/pkgconfig/clearpath_common.pc'
[3.717s] Level 1:colcon.colcon_core.environment:checking '/home/dimash/debug_clear_ws/install/clearpath_common/lib/python3.10/site-packages'
[3.717s] Level 1:colcon.colcon_core.environment:checking '/home/dimash/debug_clear_ws/install/clearpath_common/bin'
[3.718s] INFO:colcon.colcon_core.shell:Creating package script '/home/dimash/debug_clear_ws/install/clearpath_common/share/clearpath_common/package.ps1'
[3.719s] INFO:colcon.colcon_core.shell:Creating package descriptor '/home/dimash/debug_clear_ws/install/clearpath_common/share/clearpath_common/package.dsv'
[3.719s] INFO:colcon.colcon_core.shell:Creating package script '/home/dimash/debug_clear_ws/install/clearpath_common/share/clearpath_common/package.sh'
[3.720s] INFO:colcon.colcon_core.shell:Creating package script '/home/dimash/debug_clear_ws/install/clearpath_common/share/clearpath_common/package.bash'
[3.721s] INFO:colcon.colcon_core.shell:Creating package script '/home/dimash/debug_clear_ws/install/clearpath_common/share/clearpath_common/package.zsh'
[3.721s] Level 1:colcon.colcon_core.environment:create_file_with_runtime_dependencies(/home/dimash/debug_clear_ws/install/clearpath_common/share/colcon-core/packages/clearpath_common)
[3.722s] Level 1:colcon.colcon_core.environment:create_environment_scripts_only(clearpath_common)
[3.723s] Level 1:colcon.colcon_core.environment:checking '/home/dimash/debug_clear_ws/install/clearpath_common' for CMake module files
[3.723s] Level 1:colcon.colcon_core.environment:checking '/home/dimash/debug_clear_ws/install/clearpath_common' for CMake config files
[3.724s] Level 1:colcon.colcon_core.shell:create_environment_hook('clearpath_common', 'cmake_prefix_path')
[3.724s] INFO:colcon.colcon_core.shell:Creating environment hook '/home/dimash/debug_clear_ws/install/clearpath_common/share/clearpath_common/hook/cmake_prefix_path.ps1'
[3.725s] INFO:colcon.colcon_core.shell:Creating environment descriptor '/home/dimash/debug_clear_ws/install/clearpath_common/share/clearpath_common/hook/cmake_prefix_path.dsv'
[3.726s] INFO:colcon.colcon_core.shell:Creating environment hook '/home/dimash/debug_clear_ws/install/clearpath_common/share/clearpath_common/hook/cmake_prefix_path.sh'
[3.726s] Level 1:colcon.colcon_core.environment:checking '/home/dimash/debug_clear_ws/install/clearpath_common/bin'
[3.726s] Level 1:colcon.colcon_core.environment:checking '/home/dimash/debug_clear_ws/install/clearpath_common/lib/pkgconfig/clearpath_common.pc'
[3.727s] Level 1:colcon.colcon_core.environment:checking '/home/dimash/debug_clear_ws/install/clearpath_common/lib/python3.10/site-packages'
[3.727s] Level 1:colcon.colcon_core.environment:checking '/home/dimash/debug_clear_ws/install/clearpath_common/bin'
[3.728s] INFO:colcon.colcon_core.shell:Creating package script '/home/dimash/debug_clear_ws/install/clearpath_common/share/clearpath_common/package.ps1'
[3.729s] INFO:colcon.colcon_core.shell:Creating package descriptor '/home/dimash/debug_clear_ws/install/clearpath_common/share/clearpath_common/package.dsv'
[3.729s] INFO:colcon.colcon_core.shell:Creating package script '/home/dimash/debug_clear_ws/install/clearpath_common/share/clearpath_common/package.sh'
[3.730s] INFO:colcon.colcon_core.shell:Creating package script '/home/dimash/debug_clear_ws/install/clearpath_common/share/clearpath_common/package.bash'
[3.731s] INFO:colcon.colcon_core.shell:Creating package script '/home/dimash/debug_clear_ws/install/clearpath_common/share/clearpath_common/package.zsh'
[3.731s] Level 1:colcon.colcon_core.environment:create_file_with_runtime_dependencies(/home/dimash/debug_clear_ws/install/clearpath_common/share/colcon-core/packages/clearpath_common)
[3.949s] Level 1:colcon.colcon_core.environment:checking '/home/dimash/debug_clear_ws/install/yolo_ros' for CMake module files
[3.950s] DEBUG:colcon.colcon_core.event_handler.log_command:Invoked command in '/home/dimash/debug_clear_ws/src/yolo_ros/yolo_ros' returned '0': CMAKE_PREFIX_PATH=/home/dimash/debug_clear_ws/install/yolo_msgs:/home/dimash/debug_clear_ws/install/yolo_bringup:/home/dimash/debug_clear_ws/install/mpc_low:/home/dimash/debug_clear_ws/install/point_cloud_debug:/home/dimash/debug_clear_ws/install/move_model_plugin:/home/dimash/debug_clear_ws/install/clearpath_simulator:/home/dimash/debug_clear_ws/install/clearpath_gz:/home/dimash/debug_clear_ws/install/clearpath_generator_gz:/home/dimash/debug_clear_ws/install/clearpath_common:/home/dimash/debug_clear_ws/install/clearpath_generator_common:/home/dimash/debug_clear_ws/install/clearpath_description:/home/dimash/debug_clear_ws/install/clearpath_sensors_description:/home/dimash/debug_clear_ws/install/clearpath_platform:/home/dimash/debug_clear_ws/install/clearpath_msgs:/home/dimash/debug_clear_ws/install/clearpath_platform_msgs:/home/dimash/debug_clear_ws/install/clearpath_platform_description:/home/dimash/debug_clear_ws/install/clearpath_nav2_demos:/home/dimash/debug_clear_ws/install/clearpath_mounts_description:/home/dimash/debug_clear_ws/install/clearpath_manipulators:/home/dimash/debug_clear_ws/install/clearpath_manipulators_description:/home/dimash/debug_clear_ws/install/clearpath_customization:/home/dimash/debug_clear_ws/install/clearpath_control LD_LIBRARY_PATH=/home/dimash/debug_clear_ws/install/yolo_msgs/lib:/home/dimash/debug_clear_ws/install/mpc_low/lib:/home/dimash/debug_clear_ws/install/move_model_plugin/lib:/home/dimash/debug_clear_ws/install/clearpath_platform/lib:/home/dimash/debug_clear_ws/install/clearpath_platform_msgs/lib:/opt/ros/humble/opt/rviz_ogre_vendor/lib:/opt/ros/humble/lib/x86_64-linux-gnu:/opt/ros/humble/lib:/home/dimash/acados/lib:/home/dimash/acados/lib PYTHONPATH=/home/dimash/debug_clear_ws/build/yolo_ros/prefix_override:/usr/lib/python3/dist-packages/colcon_core/task/python/colcon_distutils_commands:/home/dimash/debug_clear_ws/install/yolo_ros/lib/python3.10/site-packages:${PYTHONPATH} /usr/bin/python3 -W ignore:setup.py install is deprecated -W ignore:easy_install command is deprecated setup.py egg_info --egg-base ../../../build/yolo_ros build --build-base /home/dimash/debug_clear_ws/build/yolo_ros/build install --record /home/dimash/debug_clear_ws/build/yolo_ros/install.log --single-version-externally-managed install_data
[3.950s] Level 1:colcon.colcon_core.environment:checking '/home/dimash/debug_clear_ws/install/yolo_ros' for CMake config files
[3.951s] Level 1:colcon.colcon_core.environment:checking '/home/dimash/debug_clear_ws/install/yolo_ros/lib'
[3.951s] Level 1:colcon.colcon_core.environment:checking '/home/dimash/debug_clear_ws/install/yolo_ros/bin'
[3.951s] Level 1:colcon.colcon_core.environment:checking '/home/dimash/debug_clear_ws/install/yolo_ros/lib/pkgconfig/yolo_ros.pc'
[3.951s] Level 1:colcon.colcon_core.environment:checking '/home/dimash/debug_clear_ws/install/yolo_ros/lib/python3.10/site-packages'
[3.951s] Level 1:colcon.colcon_core.shell:create_environment_hook('yolo_ros', 'pythonpath')
[3.952s] INFO:colcon.colcon_core.shell:Creating environment hook '/home/dimash/debug_clear_ws/install/yolo_ros/share/yolo_ros/hook/pythonpath.ps1'
[3.952s] INFO:colcon.colcon_core.shell:Creating environment descriptor '/home/dimash/debug_clear_ws/install/yolo_ros/share/yolo_ros/hook/pythonpath.dsv'
[3.953s] INFO:colcon.colcon_core.shell:Creating environment hook '/home/dimash/debug_clear_ws/install/yolo_ros/share/yolo_ros/hook/pythonpath.sh'
[3.954s] Level 1:colcon.colcon_core.environment:checking '/home/dimash/debug_clear_ws/install/yolo_ros/bin'
[3.954s] Level 1:colcon.colcon_core.environment:create_environment_scripts_only(yolo_ros)
[3.955s] INFO:colcon.colcon_core.shell:Creating package script '/home/dimash/debug_clear_ws/install/yolo_ros/share/yolo_ros/package.ps1'
[3.955s] INFO:colcon.colcon_core.shell:Creating package descriptor '/home/dimash/debug_clear_ws/install/yolo_ros/share/yolo_ros/package.dsv'
[3.956s] INFO:colcon.colcon_core.shell:Creating package script '/home/dimash/debug_clear_ws/install/yolo_ros/share/yolo_ros/package.sh'
[3.957s] INFO:colcon.colcon_core.shell:Creating package script '/home/dimash/debug_clear_ws/install/yolo_ros/share/yolo_ros/package.bash'
[3.957s] INFO:colcon.colcon_core.shell:Creating package script '/home/dimash/debug_clear_ws/install/yolo_ros/share/yolo_ros/package.zsh'
[3.958s] Level 1:colcon.colcon_core.environment:create_file_with_runtime_dependencies(/home/dimash/debug_clear_ws/install/yolo_ros/share/colcon-core/packages/yolo_ros)
[3.958s] INFO:colcon.colcon_ros.task.ament_cmake.build:Building ROS package in '/home/dimash/debug_clear_ws/src/yolo_ros/yolo_bringup' with build type 'ament_cmake'
[3.958s] INFO:colcon.colcon_cmake.task.cmake.build:Building CMake package in '/home/dimash/debug_clear_ws/src/yolo_ros/yolo_bringup'
[3.959s] INFO:colcon.colcon_core.shell:Skip shell extension 'powershell' for command environment: Not usable outside of PowerShell
[3.959s] DEBUG:colcon.colcon_core.shell:Skip shell extension 'dsv' for command environment
[3.975s] DEBUG:colcon.colcon_core.event_handler.log_command:Invoking command in '/home/dimash/debug_clear_ws/build/yolo_bringup': AMENT_PREFIX_PATH=/home/dimash/debug_clear_ws/install/yolo_ros:/home/dimash/debug_clear_ws/install/yolo_bringup:/home/dimash/debug_clear_ws/install/mpc_low:/home/dimash/debug_clear_ws/install/yolo_msgs:/home/dimash/debug_clear_ws/install/point_cloud_debug:/home/dimash/debug_clear_ws/install/person_movement:/home/dimash/debug_clear_ws/install/move_model_plugin:/home/dimash/debug_clear_ws/install/clearpath_simulator:/home/dimash/debug_clear_ws/install/clearpath_gz:/home/dimash/debug_clear_ws/install/clearpath_generator_gz:/home/dimash/debug_clear_ws/install/clearpath_common:/home/dimash/debug_clear_ws/install/clearpath_generator_common:/home/dimash/debug_clear_ws/install/clearpath_description:/home/dimash/debug_clear_ws/install/clearpath_sensors_description:/home/dimash/debug_clear_ws/install/clearpath_platform:/home/dimash/debug_clear_ws/install/clearpath_msgs:/home/dimash/debug_clear_ws/install/clearpath_platform_msgs:/home/dimash/debug_clear_ws/install/clearpath_platform_description:/home/dimash/debug_clear_ws/install/clearpath_nav2_demos:/home/dimash/debug_clear_ws/install/clearpath_mounts_description:/home/dimash/debug_clear_ws/install/clearpath_manipulators:/home/dimash/debug_clear_ws/install/clearpath_manipulators_description:/home/dimash/debug_clear_ws/install/clearpath_customization:/home/dimash/debug_clear_ws/install/clearpath_control:/home/dimash/debug_clear_ws/install/clearpath_config:/opt/ros/humble CMAKE_PREFIX_PATH=/home/dimash/debug_clear_ws/install/yolo_msgs:/home/dimash/debug_clear_ws/install/yolo_bringup:/home/dimash/debug_clear_ws/install/mpc_low:/home/dimash/debug_clear_ws/install/point_cloud_debug:/home/dimash/debug_clear_ws/install/move_model_plugin:/home/dimash/debug_clear_ws/install/clearpath_simulator:/home/dimash/debug_clear_ws/install/clearpath_gz:/home/dimash/debug_clear_ws/install/clearpath_generator_gz:/home/dimash/debug_clear_ws/install/clearpath_common:/home/dimash/debug_clear_ws/install/clearpath_generator_common:/home/dimash/debug_clear_ws/install/clearpath_description:/home/dimash/debug_clear_ws/install/clearpath_sensors_description:/home/dimash/debug_clear_ws/install/clearpath_platform:/home/dimash/debug_clear_ws/install/clearpath_msgs:/home/dimash/debug_clear_ws/install/clearpath_platform_msgs:/home/dimash/debug_clear_ws/install/clearpath_platform_description:/home/dimash/debug_clear_ws/install/clearpath_nav2_demos:/home/dimash/debug_clear_ws/install/clearpath_mounts_description:/home/dimash/debug_clear_ws/install/clearpath_manipulators:/home/dimash/debug_clear_ws/install/clearpath_manipulators_description:/home/dimash/debug_clear_ws/install/clearpath_customization:/home/dimash/debug_clear_ws/install/clearpath_control:/home/dimash/debug_clear_ws/install/yolo_ros:/home/dimash/debug_clear_ws/install/person_movement:/home/dimash/debug_clear_ws/install/clearpath_config:/opt/ros/humble LD_LIBRARY_PATH=/home/dimash/debug_clear_ws/install/yolo_msgs/lib:/home/dimash/debug_clear_ws/install/mpc_low/lib:/home/dimash/debug_clear_ws/install/move_model_plugin/lib:/home/dimash/debug_clear_ws/install/clearpath_platform/lib:/home/dimash/debug_clear_ws/install/clearpath_platform_msgs/lib:/opt/ros/humble/opt/rviz_ogre_vendor/lib:/opt/ros/humble/lib/x86_64-linux-gnu:/opt/ros/humble/lib:/home/dimash/acados/lib:/home/dimash/acados/lib /usr/bin/cmake --build /home/dimash/debug_clear_ws/build/yolo_bringup -- -j8 -l8
[4.009s] DEBUG:colcon.colcon_core.event_handler.log_command:Invoked command in '/home/dimash/debug_clear_ws/build/yolo_bringup' returned '0': AMENT_PREFIX_PATH=/home/dimash/debug_clear_ws/install/yolo_ros:/home/dimash/debug_clear_ws/install/yolo_bringup:/home/dimash/debug_clear_ws/install/mpc_low:/home/dimash/debug_clear_ws/install/yolo_msgs:/home/dimash/debug_clear_ws/install/point_cloud_debug:/home/dimash/debug_clear_ws/install/person_movement:/home/dimash/debug_clear_ws/install/move_model_plugin:/home/dimash/debug_clear_ws/install/clearpath_simulator:/home/dimash/debug_clear_ws/install/clearpath_gz:/home/dimash/debug_clear_ws/install/clearpath_generator_gz:/home/dimash/debug_clear_ws/install/clearpath_common:/home/dimash/debug_clear_ws/install/clearpath_generator_common:/home/dimash/debug_clear_ws/install/clearpath_description:/home/dimash/debug_clear_ws/install/clearpath_sensors_description:/home/dimash/debug_clear_ws/install/clearpath_platform:/home/dimash/debug_clear_ws/install/clearpath_msgs:/home/dimash/debug_clear_ws/install/clearpath_platform_msgs:/home/dimash/debug_clear_ws/install/clearpath_platform_description:/home/dimash/debug_clear_ws/install/clearpath_nav2_demos:/home/dimash/debug_clear_ws/install/clearpath_mounts_description:/home/dimash/debug_clear_ws/install/clearpath_manipulators:/home/dimash/debug_clear_ws/install/clearpath_manipulators_description:/home/dimash/debug_clear_ws/install/clearpath_customization:/home/dimash/debug_clear_ws/install/clearpath_control:/home/dimash/debug_clear_ws/install/clearpath_config:/opt/ros/humble CMAKE_PREFIX_PATH=/home/dimash/debug_clear_ws/install/yolo_msgs:/home/dimash/debug_clear_ws/install/yolo_bringup:/home/dimash/debug_clear_ws/install/mpc_low:/home/dimash/debug_clear_ws/install/point_cloud_debug:/home/dimash/debug_clear_ws/install/move_model_plugin:/home/dimash/debug_clear_ws/install/clearpath_simulator:/home/dimash/debug_clear_ws/install/clearpath_gz:/home/dimash/debug_clear_ws/install/clearpath_generator_gz:/home/dimash/debug_clear_ws/install/clearpath_common:/home/dimash/debug_clear_ws/install/clearpath_generator_common:/home/dimash/debug_clear_ws/install/clearpath_description:/home/dimash/debug_clear_ws/install/clearpath_sensors_description:/home/dimash/debug_clear_ws/install/clearpath_platform:/home/dimash/debug_clear_ws/install/clearpath_msgs:/home/dimash/debug_clear_ws/install/clearpath_platform_msgs:/home/dimash/debug_clear_ws/install/clearpath_platform_description:/home/dimash/debug_clear_ws/install/clearpath_nav2_demos:/home/dimash/debug_clear_ws/install/clearpath_mounts_description:/home/dimash/debug_clear_ws/install/clearpath_manipulators:/home/dimash/debug_clear_ws/install/clearpath_manipulators_description:/home/dimash/debug_clear_ws/install/clearpath_customization:/home/dimash/debug_clear_ws/install/clearpath_control:/home/dimash/debug_clear_ws/install/yolo_ros:/home/dimash/debug_clear_ws/install/person_movement:/home/dimash/debug_clear_ws/install/clearpath_config:/opt/ros/humble LD_LIBRARY_PATH=/home/dimash/debug_clear_ws/install/yolo_msgs/lib:/home/dimash/debug_clear_ws/install/mpc_low/lib:/home/dimash/debug_clear_ws/install/move_model_plugin/lib:/home/dimash/debug_clear_ws/install/clearpath_platform/lib:/home/dimash/debug_clear_ws/install/clearpath_platform_msgs/lib:/opt/ros/humble/opt/rviz_ogre_vendor/lib:/opt/ros/humble/lib/x86_64-linux-gnu:/opt/ros/humble/lib:/home/dimash/acados/lib:/home/dimash/acados/lib /usr/bin/cmake --build /home/dimash/debug_clear_ws/build/yolo_bringup -- -j8 -l8
[4.011s] DEBUG:colcon.colcon_core.event_handler.log_command:Invoking command in '/home/dimash/debug_clear_ws/build/yolo_bringup': AMENT_PREFIX_PATH=/home/dimash/debug_clear_ws/install/yolo_ros:/home/dimash/debug_clear_ws/install/yolo_bringup:/home/dimash/debug_clear_ws/install/mpc_low:/home/dimash/debug_clear_ws/install/yolo_msgs:/home/dimash/debug_clear_ws/install/point_cloud_debug:/home/dimash/debug_clear_ws/install/person_movement:/home/dimash/debug_clear_ws/install/move_model_plugin:/home/dimash/debug_clear_ws/install/clearpath_simulator:/home/dimash/debug_clear_ws/install/clearpath_gz:/home/dimash/debug_clear_ws/install/clearpath_generator_gz:/home/dimash/debug_clear_ws/install/clearpath_common:/home/dimash/debug_clear_ws/install/clearpath_generator_common:/home/dimash/debug_clear_ws/install/clearpath_description:/home/dimash/debug_clear_ws/install/clearpath_sensors_description:/home/dimash/debug_clear_ws/install/clearpath_platform:/home/dimash/debug_clear_ws/install/clearpath_msgs:/home/dimash/debug_clear_ws/install/clearpath_platform_msgs:/home/dimash/debug_clear_ws/install/clearpath_platform_description:/home/dimash/debug_clear_ws/install/clearpath_nav2_demos:/home/dimash/debug_clear_ws/install/clearpath_mounts_description:/home/dimash/debug_clear_ws/install/clearpath_manipulators:/home/dimash/debug_clear_ws/install/clearpath_manipulators_description:/home/dimash/debug_clear_ws/install/clearpath_customization:/home/dimash/debug_clear_ws/install/clearpath_control:/home/dimash/debug_clear_ws/install/clearpath_config:/opt/ros/humble CMAKE_PREFIX_PATH=/home/dimash/debug_clear_ws/install/yolo_msgs:/home/dimash/debug_clear_ws/install/yolo_bringup:/home/dimash/debug_clear_ws/install/mpc_low:/home/dimash/debug_clear_ws/install/point_cloud_debug:/home/dimash/debug_clear_ws/install/move_model_plugin:/home/dimash/debug_clear_ws/install/clearpath_simulator:/home/dimash/debug_clear_ws/install/clearpath_gz:/home/dimash/debug_clear_ws/install/clearpath_generator_gz:/home/dimash/debug_clear_ws/install/clearpath_common:/home/dimash/debug_clear_ws/install/clearpath_generator_common:/home/dimash/debug_clear_ws/install/clearpath_description:/home/dimash/debug_clear_ws/install/clearpath_sensors_description:/home/dimash/debug_clear_ws/install/clearpath_platform:/home/dimash/debug_clear_ws/install/clearpath_msgs:/home/dimash/debug_clear_ws/install/clearpath_platform_msgs:/home/dimash/debug_clear_ws/install/clearpath_platform_description:/home/dimash/debug_clear_ws/install/clearpath_nav2_demos:/home/dimash/debug_clear_ws/install/clearpath_mounts_description:/home/dimash/debug_clear_ws/install/clearpath_manipulators:/home/dimash/debug_clear_ws/install/clearpath_manipulators_description:/home/dimash/debug_clear_ws/install/clearpath_customization:/home/dimash/debug_clear_ws/install/clearpath_control:/home/dimash/debug_clear_ws/install/yolo_ros:/home/dimash/debug_clear_ws/install/person_movement:/home/dimash/debug_clear_ws/install/clearpath_config:/opt/ros/humble LD_LIBRARY_PATH=/home/dimash/debug_clear_ws/install/yolo_msgs/lib:/home/dimash/debug_clear_ws/install/mpc_low/lib:/home/dimash/debug_clear_ws/install/move_model_plugin/lib:/home/dimash/debug_clear_ws/install/clearpath_platform/lib:/home/dimash/debug_clear_ws/install/clearpath_platform_msgs/lib:/opt/ros/humble/opt/rviz_ogre_vendor/lib:/opt/ros/humble/lib/x86_64-linux-gnu:/opt/ros/humble/lib:/home/dimash/acados/lib:/home/dimash/acados/lib /usr/bin/cmake --install /home/dimash/debug_clear_ws/build/yolo_bringup
[4.021s] Level 1:colcon.colcon_core.environment:create_environment_scripts_only(yolo_bringup)
[4.022s] Level 1:colcon.colcon_core.environment:checking '/home/dimash/debug_clear_ws/install/yolo_bringup' for CMake module files
[4.022s] DEBUG:colcon.colcon_core.event_handler.log_command:Invoked command in '/home/dimash/debug_clear_ws/build/yolo_bringup' returned '0': AMENT_PREFIX_PATH=/home/dimash/debug_clear_ws/install/yolo_ros:/home/dimash/debug_clear_ws/install/yolo_bringup:/home/dimash/debug_clear_ws/install/mpc_low:/home/dimash/debug_clear_ws/install/yolo_msgs:/home/dimash/debug_clear_ws/install/point_cloud_debug:/home/dimash/debug_clear_ws/install/person_movement:/home/dimash/debug_clear_ws/install/move_model_plugin:/home/dimash/debug_clear_ws/install/clearpath_simulator:/home/dimash/debug_clear_ws/install/clearpath_gz:/home/dimash/debug_clear_ws/install/clearpath_generator_gz:/home/dimash/debug_clear_ws/install/clearpath_common:/home/dimash/debug_clear_ws/install/clearpath_generator_common:/home/dimash/debug_clear_ws/install/clearpath_description:/home/dimash/debug_clear_ws/install/clearpath_sensors_description:/home/dimash/debug_clear_ws/install/clearpath_platform:/home/dimash/debug_clear_ws/install/clearpath_msgs:/home/dimash/debug_clear_ws/install/clearpath_platform_msgs:/home/dimash/debug_clear_ws/install/clearpath_platform_description:/home/dimash/debug_clear_ws/install/clearpath_nav2_demos:/home/dimash/debug_clear_ws/install/clearpath_mounts_description:/home/dimash/debug_clear_ws/install/clearpath_manipulators:/home/dimash/debug_clear_ws/install/clearpath_manipulators_description:/home/dimash/debug_clear_ws/install/clearpath_customization:/home/dimash/debug_clear_ws/install/clearpath_control:/home/dimash/debug_clear_ws/install/clearpath_config:/opt/ros/humble CMAKE_PREFIX_PATH=/home/dimash/debug_clear_ws/install/yolo_msgs:/home/dimash/debug_clear_ws/install/yolo_bringup:/home/dimash/debug_clear_ws/install/mpc_low:/home/dimash/debug_clear_ws/install/point_cloud_debug:/home/dimash/debug_clear_ws/install/move_model_plugin:/home/dimash/debug_clear_ws/install/clearpath_simulator:/home/dimash/debug_clear_ws/install/clearpath_gz:/home/dimash/debug_clear_ws/install/clearpath_generator_gz:/home/dimash/debug_clear_ws/install/clearpath_common:/home/dimash/debug_clear_ws/install/clearpath_generator_common:/home/dimash/debug_clear_ws/install/clearpath_description:/home/dimash/debug_clear_ws/install/clearpath_sensors_description:/home/dimash/debug_clear_ws/install/clearpath_platform:/home/dimash/debug_clear_ws/install/clearpath_msgs:/home/dimash/debug_clear_ws/install/clearpath_platform_msgs:/home/dimash/debug_clear_ws/install/clearpath_platform_description:/home/dimash/debug_clear_ws/install/clearpath_nav2_demos:/home/dimash/debug_clear_ws/install/clearpath_mounts_description:/home/dimash/debug_clear_ws/install/clearpath_manipulators:/home/dimash/debug_clear_ws/install/clearpath_manipulators_description:/home/dimash/debug_clear_ws/install/clearpath_customization:/home/dimash/debug_clear_ws/install/clearpath_control:/home/dimash/debug_clear_ws/install/yolo_ros:/home/dimash/debug_clear_ws/install/person_movement:/home/dimash/debug_clear_ws/install/clearpath_config:/opt/ros/humble LD_LIBRARY_PATH=/home/dimash/debug_clear_ws/install/yolo_msgs/lib:/home/dimash/debug_clear_ws/install/mpc_low/lib:/home/dimash/debug_clear_ws/install/move_model_plugin/lib:/home/dimash/debug_clear_ws/install/clearpath_platform/lib:/home/dimash/debug_clear_ws/install/clearpath_platform_msgs/lib:/opt/ros/humble/opt/rviz_ogre_vendor/lib:/opt/ros/humble/lib/x86_64-linux-gnu:/opt/ros/humble/lib:/home/dimash/acados/lib:/home/dimash/acados/lib /usr/bin/cmake --install /home/dimash/debug_clear_ws/build/yolo_bringup
[4.023s] Level 1:colcon.colcon_core.environment:checking '/home/dimash/debug_clear_ws/install/yolo_bringup' for CMake config files
[4.023s] Level 1:colcon.colcon_core.shell:create_environment_hook('yolo_bringup', 'cmake_prefix_path')
[4.023s] INFO:colcon.colcon_core.shell:Creating environment hook '/home/dimash/debug_clear_ws/install/yolo_bringup/share/yolo_bringup/hook/cmake_prefix_path.ps1'
[4.024s] INFO:colcon.colcon_core.shell:Creating environment descriptor '/home/dimash/debug_clear_ws/install/yolo_bringup/share/yolo_bringup/hook/cmake_prefix_path.dsv'
[4.024s] INFO:colcon.colcon_core.shell:Creating environment hook '/home/dimash/debug_clear_ws/install/yolo_bringup/share/yolo_bringup/hook/cmake_prefix_path.sh'
[4.025s] Level 1:colcon.colcon_core.environment:checking '/home/dimash/debug_clear_ws/install/yolo_bringup/bin'
[4.025s] Level 1:colcon.colcon_core.environment:checking '/home/dimash/debug_clear_ws/install/yolo_bringup/lib/pkgconfig/yolo_bringup.pc'
[4.026s] Level 1:colcon.colcon_core.environment:checking '/home/dimash/debug_clear_ws/install/yolo_bringup/lib/python3.10/site-packages'
[4.026s] Level 1:colcon.colcon_core.environment:checking '/home/dimash/debug_clear_ws/install/yolo_bringup/bin'
[4.026s] INFO:colcon.colcon_core.shell:Creating package script '/home/dimash/debug_clear_ws/install/yolo_bringup/share/yolo_bringup/package.ps1'
[4.027s] INFO:colcon.colcon_core.shell:Creating package descriptor '/home/dimash/debug_clear_ws/install/yolo_bringup/share/yolo_bringup/package.dsv'
[4.028s] INFO:colcon.colcon_core.shell:Creating package script '/home/dimash/debug_clear_ws/install/yolo_bringup/share/yolo_bringup/package.sh'
[4.028s] INFO:colcon.colcon_core.shell:Creating package script '/home/dimash/debug_clear_ws/install/yolo_bringup/share/yolo_bringup/package.bash'
[4.029s] INFO:colcon.colcon_core.shell:Creating package script '/home/dimash/debug_clear_ws/install/yolo_bringup/share/yolo_bringup/package.zsh'
[4.029s] Level 1:colcon.colcon_core.environment:create_file_with_runtime_dependencies(/home/dimash/debug_clear_ws/install/yolo_bringup/share/colcon-core/packages/yolo_bringup)
[4.030s] Level 1:colcon.colcon_core.environment:create_environment_scripts_only(yolo_bringup)
[4.031s] Level 1:colcon.colcon_core.environment:checking '/home/dimash/debug_clear_ws/install/yolo_bringup' for CMake module files
[4.031s] Level 1:colcon.colcon_core.environment:checking '/home/dimash/debug_clear_ws/install/yolo_bringup' for CMake config files
[4.032s] Level 1:colcon.colcon_core.shell:create_environment_hook('yolo_bringup', 'cmake_prefix_path')
[4.032s] INFO:colcon.colcon_core.shell:Creating environment hook '/home/dimash/debug_clear_ws/install/yolo_bringup/share/yolo_bringup/hook/cmake_prefix_path.ps1'
[4.033s] INFO:colcon.colcon_core.shell:Creating environment descriptor '/home/dimash/debug_clear_ws/install/yolo_bringup/share/yolo_bringup/hook/cmake_prefix_path.dsv'
[4.033s] INFO:colcon.colcon_core.shell:Creating environment hook '/home/dimash/debug_clear_ws/install/yolo_bringup/share/yolo_bringup/hook/cmake_prefix_path.sh'
[4.034s] Level 1:colcon.colcon_core.environment:checking '/home/dimash/debug_clear_ws/install/yolo_bringup/bin'
[4.034s] Level 1:colcon.colcon_core.environment:checking '/home/dimash/debug_clear_ws/install/yolo_bringup/lib/pkgconfig/yolo_bringup.pc'
[4.034s] Level 1:colcon.colcon_core.environment:checking '/home/dimash/debug_clear_ws/install/yolo_bringup/lib/python3.10/site-packages'
[4.035s] Level 1:colcon.colcon_core.environment:checking '/home/dimash/debug_clear_ws/install/yolo_bringup/bin'
[4.035s] INFO:colcon.colcon_core.shell:Creating package script '/home/dimash/debug_clear_ws/install/yolo_bringup/share/yolo_bringup/package.ps1'
[4.036s] INFO:colcon.colcon_core.shell:Creating package descriptor '/home/dimash/debug_clear_ws/install/yolo_bringup/share/yolo_bringup/package.dsv'
[4.036s] INFO:colcon.colcon_core.shell:Creating package script '/home/dimash/debug_clear_ws/install/yolo_bringup/share/yolo_bringup/package.sh'
[4.037s] INFO:colcon.colcon_core.shell:Creating package script '/home/dimash/debug_clear_ws/install/yolo_bringup/share/yolo_bringup/package.bash'
[4.038s] INFO:colcon.colcon_core.shell:Creating package script '/home/dimash/debug_clear_ws/install/yolo_bringup/share/yolo_bringup/package.zsh'
[4.038s] Level 1:colcon.colcon_core.environment:create_file_with_runtime_dependencies(/home/dimash/debug_clear_ws/install/yolo_bringup/share/colcon-core/packages/yolo_bringup)
[4.107s] DEBUG:colcon.colcon_core.event_handler.log_command:Invoked command in '/home/dimash/debug_clear_ws/build/clearpath_generator_gz' returned '0': AMENT_PREFIX_PATH=/home/dimash/debug_clear_ws/install/clearpath_config:/home/dimash/debug_clear_ws/install/yolo_bringup:/home/dimash/debug_clear_ws/install/yolo_ros:/home/dimash/debug_clear_ws/install/mpc_low:/home/dimash/debug_clear_ws/install/yolo_msgs:/home/dimash/debug_clear_ws/install/point_cloud_debug:/home/dimash/debug_clear_ws/install/person_movement:/home/dimash/debug_clear_ws/install/move_model_plugin:/home/dimash/debug_clear_ws/install/clearpath_simulator:/home/dimash/debug_clear_ws/install/clearpath_gz:/home/dimash/debug_clear_ws/install/clearpath_generator_gz:/home/dimash/debug_clear_ws/install/clearpath_common:/home/dimash/debug_clear_ws/install/clearpath_generator_common:/home/dimash/debug_clear_ws/install/clearpath_description:/home/dimash/debug_clear_ws/install/clearpath_sensors_description:/home/dimash/debug_clear_ws/install/clearpath_platform:/home/dimash/debug_clear_ws/install/clearpath_msgs:/home/dimash/debug_clear_ws/install/clearpath_platform_msgs:/home/dimash/debug_clear_ws/install/clearpath_platform_description:/home/dimash/debug_clear_ws/install/clearpath_nav2_demos:/home/dimash/debug_clear_ws/install/clearpath_mounts_description:/home/dimash/debug_clear_ws/install/clearpath_manipulators:/home/dimash/debug_clear_ws/install/clearpath_manipulators_description:/home/dimash/debug_clear_ws/install/clearpath_customization:/home/dimash/debug_clear_ws/install/clearpath_control:/opt/ros/humble CMAKE_PREFIX_PATH=/home/dimash/debug_clear_ws/install/clearpath_generator_common:/home/dimash/debug_clear_ws/install/clearpath_platform:/home/dimash/debug_clear_ws/install/clearpath_manipulators:/home/dimash/debug_clear_ws/install/clearpath_description:/home/dimash/debug_clear_ws/install/clearpath_sensors_description:/home/dimash/debug_clear_ws/install/clearpath_platform_msgs:/home/dimash/debug_clear_ws/install/clearpath_platform_description:/home/dimash/debug_clear_ws/install/clearpath_mounts_description:/home/dimash/debug_clear_ws/install/clearpath_manipulators_description:/home/dimash/debug_clear_ws/install/clearpath_control:/home/dimash/debug_clear_ws/install/yolo_bringup:/home/dimash/debug_clear_ws/install/mpc_low:/home/dimash/debug_clear_ws/install/yolo_msgs:/home/dimash/debug_clear_ws/install/point_cloud_debug:/home/dimash/debug_clear_ws/install/move_model_plugin:/home/dimash/debug_clear_ws/install/clearpath_simulator:/home/dimash/debug_clear_ws/install/clearpath_gz:/home/dimash/debug_clear_ws/install/clearpath_generator_gz:/home/dimash/debug_clear_ws/install/clearpath_common:/home/dimash/debug_clear_ws/install/clearpath_msgs:/home/dimash/debug_clear_ws/install/clearpath_nav2_demos:/home/dimash/debug_clear_ws/install/clearpath_customization:/home/dimash/debug_clear_ws/install/yolo_ros:/home/dimash/debug_clear_ws/install/person_movement:/home/dimash/debug_clear_ws/install/clearpath_config:/opt/ros/humble LD_LIBRARY_PATH=/home/dimash/debug_clear_ws/install/clearpath_platform/lib:/home/dimash/debug_clear_ws/install/clearpath_platform_msgs/lib:/home/dimash/debug_clear_ws/install/mpc_low/lib:/home/dimash/debug_clear_ws/install/yolo_msgs/lib:/home/dimash/debug_clear_ws/install/move_model_plugin/lib:/opt/ros/humble/opt/rviz_ogre_vendor/lib:/opt/ros/humble/lib/x86_64-linux-gnu:/opt/ros/humble/lib:/home/dimash/acados/lib:/home/dimash/acados/lib PYTHONPATH=/home/dimash/debug_clear_ws/install/clearpath_config/lib/python3.10/site-packages:/home/dimash/debug_clear_ws/install/yolo_ros/lib/python3.10/site-packages:/home/dimash/debug_clear_ws/install/yolo_msgs/local/lib/python3.10/dist-packages:/home/dimash/debug_clear_ws/install/person_movement/lib/python3.10/site-packages:/home/dimash/debug_clear_ws/install/clearpath_generator_gz/local/lib/python3.10/dist-packages:/home/dimash/debug_clear_ws/install/clearpath_generator_common/local/lib/python3.10/dist-packages:/home/dimash/debug_clear_ws/install/clearpath_platform_msgs/local/lib/python3.10/dist-packages:/opt/ros/humble/lib/python3.10/site-packages:/opt/ros/humble/local/lib/python3.10/dist-packages:/home/dimash/acados/lib /usr/bin/cmake --build /home/dimash/debug_clear_ws/build/clearpath_generator_gz -- -j8 -l8
[4.109s] DEBUG:colcon.colcon_core.event_handler.log_command:Invoking command in '/home/dimash/debug_clear_ws/build/clearpath_generator_gz': AMENT_PREFIX_PATH=/home/dimash/debug_clear_ws/install/clearpath_config:/home/dimash/debug_clear_ws/install/yolo_bringup:/home/dimash/debug_clear_ws/install/yolo_ros:/home/dimash/debug_clear_ws/install/mpc_low:/home/dimash/debug_clear_ws/install/yolo_msgs:/home/dimash/debug_clear_ws/install/point_cloud_debug:/home/dimash/debug_clear_ws/install/person_movement:/home/dimash/debug_clear_ws/install/move_model_plugin:/home/dimash/debug_clear_ws/install/clearpath_simulator:/home/dimash/debug_clear_ws/install/clearpath_gz:/home/dimash/debug_clear_ws/install/clearpath_generator_gz:/home/dimash/debug_clear_ws/install/clearpath_common:/home/dimash/debug_clear_ws/install/clearpath_generator_common:/home/dimash/debug_clear_ws/install/clearpath_description:/home/dimash/debug_clear_ws/install/clearpath_sensors_description:/home/dimash/debug_clear_ws/install/clearpath_platform:/home/dimash/debug_clear_ws/install/clearpath_msgs:/home/dimash/debug_clear_ws/install/clearpath_platform_msgs:/home/dimash/debug_clear_ws/install/clearpath_platform_description:/home/dimash/debug_clear_ws/install/clearpath_nav2_demos:/home/dimash/debug_clear_ws/install/clearpath_mounts_description:/home/dimash/debug_clear_ws/install/clearpath_manipulators:/home/dimash/debug_clear_ws/install/clearpath_manipulators_description:/home/dimash/debug_clear_ws/install/clearpath_customization:/home/dimash/debug_clear_ws/install/clearpath_control:/opt/ros/humble CMAKE_PREFIX_PATH=/home/dimash/debug_clear_ws/install/clearpath_generator_common:/home/dimash/debug_clear_ws/install/clearpath_platform:/home/dimash/debug_clear_ws/install/clearpath_manipulators:/home/dimash/debug_clear_ws/install/clearpath_description:/home/dimash/debug_clear_ws/install/clearpath_sensors_description:/home/dimash/debug_clear_ws/install/clearpath_platform_msgs:/home/dimash/debug_clear_ws/install/clearpath_platform_description:/home/dimash/debug_clear_ws/install/clearpath_mounts_description:/home/dimash/debug_clear_ws/install/clearpath_manipulators_description:/home/dimash/debug_clear_ws/install/clearpath_control:/home/dimash/debug_clear_ws/install/yolo_bringup:/home/dimash/debug_clear_ws/install/mpc_low:/home/dimash/debug_clear_ws/install/yolo_msgs:/home/dimash/debug_clear_ws/install/point_cloud_debug:/home/dimash/debug_clear_ws/install/move_model_plugin:/home/dimash/debug_clear_ws/install/clearpath_simulator:/home/dimash/debug_clear_ws/install/clearpath_gz:/home/dimash/debug_clear_ws/install/clearpath_generator_gz:/home/dimash/debug_clear_ws/install/clearpath_common:/home/dimash/debug_clear_ws/install/clearpath_msgs:/home/dimash/debug_clear_ws/install/clearpath_nav2_demos:/home/dimash/debug_clear_ws/install/clearpath_customization:/home/dimash/debug_clear_ws/install/yolo_ros:/home/dimash/debug_clear_ws/install/person_movement:/home/dimash/debug_clear_ws/install/clearpath_config:/opt/ros/humble LD_LIBRARY_PATH=/home/dimash/debug_clear_ws/install/clearpath_platform/lib:/home/dimash/debug_clear_ws/install/clearpath_platform_msgs/lib:/home/dimash/debug_clear_ws/install/mpc_low/lib:/home/dimash/debug_clear_ws/install/yolo_msgs/lib:/home/dimash/debug_clear_ws/install/move_model_plugin/lib:/opt/ros/humble/opt/rviz_ogre_vendor/lib:/opt/ros/humble/lib/x86_64-linux-gnu:/opt/ros/humble/lib:/home/dimash/acados/lib:/home/dimash/acados/lib PYTHONPATH=/home/dimash/debug_clear_ws/install/clearpath_config/lib/python3.10/site-packages:/home/dimash/debug_clear_ws/install/yolo_ros/lib/python3.10/site-packages:/home/dimash/debug_clear_ws/install/yolo_msgs/local/lib/python3.10/dist-packages:/home/dimash/debug_clear_ws/install/person_movement/lib/python3.10/site-packages:/home/dimash/debug_clear_ws/install/clearpath_generator_gz/local/lib/python3.10/dist-packages:/home/dimash/debug_clear_ws/install/clearpath_generator_common/local/lib/python3.10/dist-packages:/home/dimash/debug_clear_ws/install/clearpath_platform_msgs/local/lib/python3.10/dist-packages:/opt/ros/humble/lib/python3.10/site-packages:/opt/ros/humble/local/lib/python3.10/dist-packages:/home/dimash/acados/lib /usr/bin/cmake --install /home/dimash/debug_clear_ws/build/clearpath_generator_gz
[4.166s] Level 1:colcon.colcon_core.environment:create_environment_scripts_only(clearpath_generator_gz)
[4.166s] Level 1:colcon.colcon_core.environment:checking '/home/dimash/debug_clear_ws/install/clearpath_generator_gz' for CMake module files
[4.167s] DEBUG:colcon.colcon_core.event_handler.log_command:Invoked command in '/home/dimash/debug_clear_ws/build/clearpath_generator_gz' returned '0': AMENT_PREFIX_PATH=/home/dimash/debug_clear_ws/install/clearpath_config:/home/dimash/debug_clear_ws/install/yolo_bringup:/home/dimash/debug_clear_ws/install/yolo_ros:/home/dimash/debug_clear_ws/install/mpc_low:/home/dimash/debug_clear_ws/install/yolo_msgs:/home/dimash/debug_clear_ws/install/point_cloud_debug:/home/dimash/debug_clear_ws/install/person_movement:/home/dimash/debug_clear_ws/install/move_model_plugin:/home/dimash/debug_clear_ws/install/clearpath_simulator:/home/dimash/debug_clear_ws/install/clearpath_gz:/home/dimash/debug_clear_ws/install/clearpath_generator_gz:/home/dimash/debug_clear_ws/install/clearpath_common:/home/dimash/debug_clear_ws/install/clearpath_generator_common:/home/dimash/debug_clear_ws/install/clearpath_description:/home/dimash/debug_clear_ws/install/clearpath_sensors_description:/home/dimash/debug_clear_ws/install/clearpath_platform:/home/dimash/debug_clear_ws/install/clearpath_msgs:/home/dimash/debug_clear_ws/install/clearpath_platform_msgs:/home/dimash/debug_clear_ws/install/clearpath_platform_description:/home/dimash/debug_clear_ws/install/clearpath_nav2_demos:/home/dimash/debug_clear_ws/install/clearpath_mounts_description:/home/dimash/debug_clear_ws/install/clearpath_manipulators:/home/dimash/debug_clear_ws/install/clearpath_manipulators_description:/home/dimash/debug_clear_ws/install/clearpath_customization:/home/dimash/debug_clear_ws/install/clearpath_control:/opt/ros/humble CMAKE_PREFIX_PATH=/home/dimash/debug_clear_ws/install/clearpath_generator_common:/home/dimash/debug_clear_ws/install/clearpath_platform:/home/dimash/debug_clear_ws/install/clearpath_manipulators:/home/dimash/debug_clear_ws/install/clearpath_description:/home/dimash/debug_clear_ws/install/clearpath_sensors_description:/home/dimash/debug_clear_ws/install/clearpath_platform_msgs:/home/dimash/debug_clear_ws/install/clearpath_platform_description:/home/dimash/debug_clear_ws/install/clearpath_mounts_description:/home/dimash/debug_clear_ws/install/clearpath_manipulators_description:/home/dimash/debug_clear_ws/install/clearpath_control:/home/dimash/debug_clear_ws/install/yolo_bringup:/home/dimash/debug_clear_ws/install/mpc_low:/home/dimash/debug_clear_ws/install/yolo_msgs:/home/dimash/debug_clear_ws/install/point_cloud_debug:/home/dimash/debug_clear_ws/install/move_model_plugin:/home/dimash/debug_clear_ws/install/clearpath_simulator:/home/dimash/debug_clear_ws/install/clearpath_gz:/home/dimash/debug_clear_ws/install/clearpath_generator_gz:/home/dimash/debug_clear_ws/install/clearpath_common:/home/dimash/debug_clear_ws/install/clearpath_msgs:/home/dimash/debug_clear_ws/install/clearpath_nav2_demos:/home/dimash/debug_clear_ws/install/clearpath_customization:/home/dimash/debug_clear_ws/install/yolo_ros:/home/dimash/debug_clear_ws/install/person_movement:/home/dimash/debug_clear_ws/install/clearpath_config:/opt/ros/humble LD_LIBRARY_PATH=/home/dimash/debug_clear_ws/install/clearpath_platform/lib:/home/dimash/debug_clear_ws/install/clearpath_platform_msgs/lib:/home/dimash/debug_clear_ws/install/mpc_low/lib:/home/dimash/debug_clear_ws/install/yolo_msgs/lib:/home/dimash/debug_clear_ws/install/move_model_plugin/lib:/opt/ros/humble/opt/rviz_ogre_vendor/lib:/opt/ros/humble/lib/x86_64-linux-gnu:/opt/ros/humble/lib:/home/dimash/acados/lib:/home/dimash/acados/lib PYTHONPATH=/home/dimash/debug_clear_ws/install/clearpath_config/lib/python3.10/site-packages:/home/dimash/debug_clear_ws/install/yolo_ros/lib/python3.10/site-packages:/home/dimash/debug_clear_ws/install/yolo_msgs/local/lib/python3.10/dist-packages:/home/dimash/debug_clear_ws/install/person_movement/lib/python3.10/site-packages:/home/dimash/debug_clear_ws/install/clearpath_generator_gz/local/lib/python3.10/dist-packages:/home/dimash/debug_clear_ws/install/clearpath_generator_common/local/lib/python3.10/dist-packages:/home/dimash/debug_clear_ws/install/clearpath_platform_msgs/local/lib/python3.10/dist-packages:/opt/ros/humble/lib/python3.10/site-packages:/opt/ros/humble/local/lib/python3.10/dist-packages:/home/dimash/acados/lib /usr/bin/cmake --install /home/dimash/debug_clear_ws/build/clearpath_generator_gz
[4.167s] Level 1:colcon.colcon_core.environment:checking '/home/dimash/debug_clear_ws/install/clearpath_generator_gz' for CMake config files
[4.167s] Level 1:colcon.colcon_core.shell:create_environment_hook('clearpath_generator_gz', 'cmake_prefix_path')
[4.168s] INFO:colcon.colcon_core.shell:Creating environment hook '/home/dimash/debug_clear_ws/install/clearpath_generator_gz/share/clearpath_generator_gz/hook/cmake_prefix_path.ps1'
[4.168s] INFO:colcon.colcon_core.shell:Creating environment descriptor '/home/dimash/debug_clear_ws/install/clearpath_generator_gz/share/clearpath_generator_gz/hook/cmake_prefix_path.dsv'
[4.169s] INFO:colcon.colcon_core.shell:Creating environment hook '/home/dimash/debug_clear_ws/install/clearpath_generator_gz/share/clearpath_generator_gz/hook/cmake_prefix_path.sh'
[4.169s] Level 1:colcon.colcon_core.environment:checking '/home/dimash/debug_clear_ws/install/clearpath_generator_gz/lib'
[4.169s] Level 1:colcon.colcon_core.environment:checking '/home/dimash/debug_clear_ws/install/clearpath_generator_gz/bin'
[4.169s] Level 1:colcon.colcon_core.environment:checking '/home/dimash/debug_clear_ws/install/clearpath_generator_gz/lib/pkgconfig/clearpath_generator_gz.pc'
[4.170s] Level 1:colcon.colcon_core.environment:checking '/home/dimash/debug_clear_ws/install/clearpath_generator_gz/lib/python3.10/site-packages'
[4.170s] Level 1:colcon.colcon_core.environment:checking '/home/dimash/debug_clear_ws/install/clearpath_generator_gz/bin'
[4.170s] INFO:colcon.colcon_core.shell:Creating package script '/home/dimash/debug_clear_ws/install/clearpath_generator_gz/share/clearpath_generator_gz/package.ps1'
[4.171s] INFO:colcon.colcon_core.shell:Creating package descriptor '/home/dimash/debug_clear_ws/install/clearpath_generator_gz/share/clearpath_generator_gz/package.dsv'
[4.172s] INFO:colcon.colcon_core.shell:Creating package script '/home/dimash/debug_clear_ws/install/clearpath_generator_gz/share/clearpath_generator_gz/package.sh'
[4.172s] INFO:colcon.colcon_core.shell:Creating package script '/home/dimash/debug_clear_ws/install/clearpath_generator_gz/share/clearpath_generator_gz/package.bash'
[4.172s] INFO:colcon.colcon_core.shell:Creating package script '/home/dimash/debug_clear_ws/install/clearpath_generator_gz/share/clearpath_generator_gz/package.zsh'
[4.173s] Level 1:colcon.colcon_core.environment:create_file_with_runtime_dependencies(/home/dimash/debug_clear_ws/install/clearpath_generator_gz/share/colcon-core/packages/clearpath_generator_gz)
[4.174s] Level 1:colcon.colcon_core.environment:create_environment_scripts_only(clearpath_generator_gz)
[4.174s] Level 1:colcon.colcon_core.environment:checking '/home/dimash/debug_clear_ws/install/clearpath_generator_gz' for CMake module files
[4.174s] Level 1:colcon.colcon_core.environment:checking '/home/dimash/debug_clear_ws/install/clearpath_generator_gz' for CMake config files
[4.174s] Level 1:colcon.colcon_core.shell:create_environment_hook('clearpath_generator_gz', 'cmake_prefix_path')
[4.174s] INFO:colcon.colcon_core.shell:Creating environment hook '/home/dimash/debug_clear_ws/install/clearpath_generator_gz/share/clearpath_generator_gz/hook/cmake_prefix_path.ps1'
[4.175s] INFO:colcon.colcon_core.shell:Creating environment descriptor '/home/dimash/debug_clear_ws/install/clearpath_generator_gz/share/clearpath_generator_gz/hook/cmake_prefix_path.dsv'
[4.175s] INFO:colcon.colcon_core.shell:Creating environment hook '/home/dimash/debug_clear_ws/install/clearpath_generator_gz/share/clearpath_generator_gz/hook/cmake_prefix_path.sh'
[4.176s] Level 1:colcon.colcon_core.environment:checking '/home/dimash/debug_clear_ws/install/clearpath_generator_gz/lib'
[4.176s] Level 1:colcon.colcon_core.environment:checking '/home/dimash/debug_clear_ws/install/clearpath_generator_gz/bin'
[4.176s] Level 1:colcon.colcon_core.environment:checking '/home/dimash/debug_clear_ws/install/clearpath_generator_gz/lib/pkgconfig/clearpath_generator_gz.pc'
[4.176s] Level 1:colcon.colcon_core.environment:checking '/home/dimash/debug_clear_ws/install/clearpath_generator_gz/lib/python3.10/site-packages'
[4.176s] Level 1:colcon.colcon_core.environment:checking '/home/dimash/debug_clear_ws/install/clearpath_generator_gz/bin'
[4.176s] INFO:colcon.colcon_core.shell:Creating package script '/home/dimash/debug_clear_ws/install/clearpath_generator_gz/share/clearpath_generator_gz/package.ps1'
[4.177s] INFO:colcon.colcon_core.shell:Creating package descriptor '/home/dimash/debug_clear_ws/install/clearpath_generator_gz/share/clearpath_generator_gz/package.dsv'
[4.177s] INFO:colcon.colcon_core.shell:Creating package script '/home/dimash/debug_clear_ws/install/clearpath_generator_gz/share/clearpath_generator_gz/package.sh'
[4.178s] INFO:colcon.colcon_core.shell:Creating package script '/home/dimash/debug_clear_ws/install/clearpath_generator_gz/share/clearpath_generator_gz/package.bash'
[4.178s] INFO:colcon.colcon_core.shell:Creating package script '/home/dimash/debug_clear_ws/install/clearpath_generator_gz/share/clearpath_generator_gz/package.zsh'
[4.178s] Level 1:colcon.colcon_core.environment:create_file_with_runtime_dependencies(/home/dimash/debug_clear_ws/install/clearpath_generator_gz/share/colcon-core/packages/clearpath_generator_gz)
[4.179s] INFO:colcon.colcon_ros.task.ament_cmake.build:Building ROS package in '/home/dimash/debug_clear_ws/src/clearpath_simulator/clearpath_gz' with build type 'ament_cmake'
[4.179s] INFO:colcon.colcon_cmake.task.cmake.build:Building CMake package in '/home/dimash/debug_clear_ws/src/clearpath_simulator/clearpath_gz'
[4.179s] INFO:colcon.colcon_core.shell:Skip shell extension 'powershell' for command environment: Not usable outside of PowerShell
[4.179s] DEBUG:colcon.colcon_core.shell:Skip shell extension 'dsv' for command environment
[4.202s] DEBUG:colcon.colcon_core.event_handler.log_command:Invoking command in '/home/dimash/debug_clear_ws/build/clearpath_gz': AMENT_PREFIX_PATH=/home/dimash/debug_clear_ws/install/clearpath_config:/home/dimash/debug_clear_ws/install/yolo_bringup:/home/dimash/debug_clear_ws/install/yolo_ros:/home/dimash/debug_clear_ws/install/mpc_low:/home/dimash/debug_clear_ws/install/yolo_msgs:/home/dimash/debug_clear_ws/install/point_cloud_debug:/home/dimash/debug_clear_ws/install/person_movement:/home/dimash/debug_clear_ws/install/move_model_plugin:/home/dimash/debug_clear_ws/install/clearpath_simulator:/home/dimash/debug_clear_ws/install/clearpath_gz:/home/dimash/debug_clear_ws/install/clearpath_generator_gz:/home/dimash/debug_clear_ws/install/clearpath_common:/home/dimash/debug_clear_ws/install/clearpath_generator_common:/home/dimash/debug_clear_ws/install/clearpath_description:/home/dimash/debug_clear_ws/install/clearpath_sensors_description:/home/dimash/debug_clear_ws/install/clearpath_platform:/home/dimash/debug_clear_ws/install/clearpath_msgs:/home/dimash/debug_clear_ws/install/clearpath_platform_msgs:/home/dimash/debug_clear_ws/install/clearpath_platform_description:/home/dimash/debug_clear_ws/install/clearpath_nav2_demos:/home/dimash/debug_clear_ws/install/clearpath_mounts_description:/home/dimash/debug_clear_ws/install/clearpath_manipulators:/home/dimash/debug_clear_ws/install/clearpath_manipulators_description:/home/dimash/debug_clear_ws/install/clearpath_customization:/home/dimash/debug_clear_ws/install/clearpath_control:/opt/ros/humble CMAKE_PREFIX_PATH=/home/dimash/debug_clear_ws/install/clearpath_generator_gz:/home/dimash/debug_clear_ws/install/clearpath_common:/home/dimash/debug_clear_ws/install/clearpath_generator_common:/home/dimash/debug_clear_ws/install/clearpath_platform:/home/dimash/debug_clear_ws/install/clearpath_manipulators:/home/dimash/debug_clear_ws/install/clearpath_description:/home/dimash/debug_clear_ws/install/clearpath_sensors_description:/home/dimash/debug_clear_ws/install/clearpath_platform_msgs:/home/dimash/debug_clear_ws/install/clearpath_platform_description:/home/dimash/debug_clear_ws/install/clearpath_mounts_description:/home/dimash/debug_clear_ws/install/clearpath_manipulators_description:/home/dimash/debug_clear_ws/install/clearpath_control:/home/dimash/debug_clear_ws/install/yolo_bringup:/home/dimash/debug_clear_ws/install/mpc_low:/home/dimash/debug_clear_ws/install/yolo_msgs:/home/dimash/debug_clear_ws/install/point_cloud_debug:/home/dimash/debug_clear_ws/install/move_model_plugin:/home/dimash/debug_clear_ws/install/clearpath_simulator:/home/dimash/debug_clear_ws/install/clearpath_gz:/home/dimash/debug_clear_ws/install/clearpath_msgs:/home/dimash/debug_clear_ws/install/clearpath_nav2_demos:/home/dimash/debug_clear_ws/install/clearpath_customization:/home/dimash/debug_clear_ws/install/yolo_ros:/home/dimash/debug_clear_ws/install/person_movement:/home/dimash/debug_clear_ws/install/clearpath_config:/opt/ros/humble LD_LIBRARY_PATH=/home/dimash/debug_clear_ws/install/clearpath_platform/lib:/home/dimash/debug_clear_ws/install/clearpath_platform_msgs/lib:/home/dimash/debug_clear_ws/install/mpc_low/lib:/home/dimash/debug_clear_ws/install/yolo_msgs/lib:/home/dimash/debug_clear_ws/install/move_model_plugin/lib:/opt/ros/humble/opt/rviz_ogre_vendor/lib:/opt/ros/humble/lib/x86_64-linux-gnu:/opt/ros/humble/lib:/home/dimash/acados/lib:/home/dimash/acados/lib PYTHONPATH=/home/dimash/debug_clear_ws/install/clearpath_config/lib/python3.10/site-packages:/home/dimash/debug_clear_ws/install/yolo_ros/lib/python3.10/site-packages:/home/dimash/debug_clear_ws/install/yolo_msgs/local/lib/python3.10/dist-packages:/home/dimash/debug_clear_ws/install/person_movement/lib/python3.10/site-packages:/home/dimash/debug_clear_ws/install/clearpath_generator_gz/local/lib/python3.10/dist-packages:/home/dimash/debug_clear_ws/install/clearpath_generator_common/local/lib/python3.10/dist-packages:/home/dimash/debug_clear_ws/install/clearpath_platform_msgs/local/lib/python3.10/dist-packages:/opt/ros/humble/lib/python3.10/site-packages:/opt/ros/humble/local/lib/python3.10/dist-packages:/home/dimash/acados/lib /usr/bin/cmake --build /home/dimash/debug_clear_ws/build/clearpath_gz -- -j8 -l8
[4.234s] DEBUG:colcon.colcon_core.event_handler.log_command:Invoked command in '/home/dimash/debug_clear_ws/build/clearpath_gz' returned '0': AMENT_PREFIX_PATH=/home/dimash/debug_clear_ws/install/clearpath_config:/home/dimash/debug_clear_ws/install/yolo_bringup:/home/dimash/debug_clear_ws/install/yolo_ros:/home/dimash/debug_clear_ws/install/mpc_low:/home/dimash/debug_clear_ws/install/yolo_msgs:/home/dimash/debug_clear_ws/install/point_cloud_debug:/home/dimash/debug_clear_ws/install/person_movement:/home/dimash/debug_clear_ws/install/move_model_plugin:/home/dimash/debug_clear_ws/install/clearpath_simulator:/home/dimash/debug_clear_ws/install/clearpath_gz:/home/dimash/debug_clear_ws/install/clearpath_generator_gz:/home/dimash/debug_clear_ws/install/clearpath_common:/home/dimash/debug_clear_ws/install/clearpath_generator_common:/home/dimash/debug_clear_ws/install/clearpath_description:/home/dimash/debug_clear_ws/install/clearpath_sensors_description:/home/dimash/debug_clear_ws/install/clearpath_platform:/home/dimash/debug_clear_ws/install/clearpath_msgs:/home/dimash/debug_clear_ws/install/clearpath_platform_msgs:/home/dimash/debug_clear_ws/install/clearpath_platform_description:/home/dimash/debug_clear_ws/install/clearpath_nav2_demos:/home/dimash/debug_clear_ws/install/clearpath_mounts_description:/home/dimash/debug_clear_ws/install/clearpath_manipulators:/home/dimash/debug_clear_ws/install/clearpath_manipulators_description:/home/dimash/debug_clear_ws/install/clearpath_customization:/home/dimash/debug_clear_ws/install/clearpath_control:/opt/ros/humble CMAKE_PREFIX_PATH=/home/dimash/debug_clear_ws/install/clearpath_generator_gz:/home/dimash/debug_clear_ws/install/clearpath_common:/home/dimash/debug_clear_ws/install/clearpath_generator_common:/home/dimash/debug_clear_ws/install/clearpath_platform:/home/dimash/debug_clear_ws/install/clearpath_manipulators:/home/dimash/debug_clear_ws/install/clearpath_description:/home/dimash/debug_clear_ws/install/clearpath_sensors_description:/home/dimash/debug_clear_ws/install/clearpath_platform_msgs:/home/dimash/debug_clear_ws/install/clearpath_platform_description:/home/dimash/debug_clear_ws/install/clearpath_mounts_description:/home/dimash/debug_clear_ws/install/clearpath_manipulators_description:/home/dimash/debug_clear_ws/install/clearpath_control:/home/dimash/debug_clear_ws/install/yolo_bringup:/home/dimash/debug_clear_ws/install/mpc_low:/home/dimash/debug_clear_ws/install/yolo_msgs:/home/dimash/debug_clear_ws/install/point_cloud_debug:/home/dimash/debug_clear_ws/install/move_model_plugin:/home/dimash/debug_clear_ws/install/clearpath_simulator:/home/dimash/debug_clear_ws/install/clearpath_gz:/home/dimash/debug_clear_ws/install/clearpath_msgs:/home/dimash/debug_clear_ws/install/clearpath_nav2_demos:/home/dimash/debug_clear_ws/install/clearpath_customization:/home/dimash/debug_clear_ws/install/yolo_ros:/home/dimash/debug_clear_ws/install/person_movement:/home/dimash/debug_clear_ws/install/clearpath_config:/opt/ros/humble LD_LIBRARY_PATH=/home/dimash/debug_clear_ws/install/clearpath_platform/lib:/home/dimash/debug_clear_ws/install/clearpath_platform_msgs/lib:/home/dimash/debug_clear_ws/install/mpc_low/lib:/home/dimash/debug_clear_ws/install/yolo_msgs/lib:/home/dimash/debug_clear_ws/install/move_model_plugin/lib:/opt/ros/humble/opt/rviz_ogre_vendor/lib:/opt/ros/humble/lib/x86_64-linux-gnu:/opt/ros/humble/lib:/home/dimash/acados/lib:/home/dimash/acados/lib PYTHONPATH=/home/dimash/debug_clear_ws/install/clearpath_config/lib/python3.10/site-packages:/home/dimash/debug_clear_ws/install/yolo_ros/lib/python3.10/site-packages:/home/dimash/debug_clear_ws/install/yolo_msgs/local/lib/python3.10/dist-packages:/home/dimash/debug_clear_ws/install/person_movement/lib/python3.10/site-packages:/home/dimash/debug_clear_ws/install/clearpath_generator_gz/local/lib/python3.10/dist-packages:/home/dimash/debug_clear_ws/install/clearpath_generator_common/local/lib/python3.10/dist-packages:/home/dimash/debug_clear_ws/install/clearpath_platform_msgs/local/lib/python3.10/dist-packages:/opt/ros/humble/lib/python3.10/site-packages:/opt/ros/humble/local/lib/python3.10/dist-packages:/home/dimash/acados/lib /usr/bin/cmake --build /home/dimash/debug_clear_ws/build/clearpath_gz -- -j8 -l8
[4.235s] DEBUG:colcon.colcon_core.event_handler.log_command:Invoking command in '/home/dimash/debug_clear_ws/build/clearpath_gz': AMENT_PREFIX_PATH=/home/dimash/debug_clear_ws/install/clearpath_config:/home/dimash/debug_clear_ws/install/yolo_bringup:/home/dimash/debug_clear_ws/install/yolo_ros:/home/dimash/debug_clear_ws/install/mpc_low:/home/dimash/debug_clear_ws/install/yolo_msgs:/home/dimash/debug_clear_ws/install/point_cloud_debug:/home/dimash/debug_clear_ws/install/person_movement:/home/dimash/debug_clear_ws/install/move_model_plugin:/home/dimash/debug_clear_ws/install/clearpath_simulator:/home/dimash/debug_clear_ws/install/clearpath_gz:/home/dimash/debug_clear_ws/install/clearpath_generator_gz:/home/dimash/debug_clear_ws/install/clearpath_common:/home/dimash/debug_clear_ws/install/clearpath_generator_common:/home/dimash/debug_clear_ws/install/clearpath_description:/home/dimash/debug_clear_ws/install/clearpath_sensors_description:/home/dimash/debug_clear_ws/install/clearpath_platform:/home/dimash/debug_clear_ws/install/clearpath_msgs:/home/dimash/debug_clear_ws/install/clearpath_platform_msgs:/home/dimash/debug_clear_ws/install/clearpath_platform_description:/home/dimash/debug_clear_ws/install/clearpath_nav2_demos:/home/dimash/debug_clear_ws/install/clearpath_mounts_description:/home/dimash/debug_clear_ws/install/clearpath_manipulators:/home/dimash/debug_clear_ws/install/clearpath_manipulators_description:/home/dimash/debug_clear_ws/install/clearpath_customization:/home/dimash/debug_clear_ws/install/clearpath_control:/opt/ros/humble CMAKE_PREFIX_PATH=/home/dimash/debug_clear_ws/install/clearpath_generator_gz:/home/dimash/debug_clear_ws/install/clearpath_common:/home/dimash/debug_clear_ws/install/clearpath_generator_common:/home/dimash/debug_clear_ws/install/clearpath_platform:/home/dimash/debug_clear_ws/install/clearpath_manipulators:/home/dimash/debug_clear_ws/install/clearpath_description:/home/dimash/debug_clear_ws/install/clearpath_sensors_description:/home/dimash/debug_clear_ws/install/clearpath_platform_msgs:/home/dimash/debug_clear_ws/install/clearpath_platform_description:/home/dimash/debug_clear_ws/install/clearpath_mounts_description:/home/dimash/debug_clear_ws/install/clearpath_manipulators_description:/home/dimash/debug_clear_ws/install/clearpath_control:/home/dimash/debug_clear_ws/install/yolo_bringup:/home/dimash/debug_clear_ws/install/mpc_low:/home/dimash/debug_clear_ws/install/yolo_msgs:/home/dimash/debug_clear_ws/install/point_cloud_debug:/home/dimash/debug_clear_ws/install/move_model_plugin:/home/dimash/debug_clear_ws/install/clearpath_simulator:/home/dimash/debug_clear_ws/install/clearpath_gz:/home/dimash/debug_clear_ws/install/clearpath_msgs:/home/dimash/debug_clear_ws/install/clearpath_nav2_demos:/home/dimash/debug_clear_ws/install/clearpath_customization:/home/dimash/debug_clear_ws/install/yolo_ros:/home/dimash/debug_clear_ws/install/person_movement:/home/dimash/debug_clear_ws/install/clearpath_config:/opt/ros/humble LD_LIBRARY_PATH=/home/dimash/debug_clear_ws/install/clearpath_platform/lib:/home/dimash/debug_clear_ws/install/clearpath_platform_msgs/lib:/home/dimash/debug_clear_ws/install/mpc_low/lib:/home/dimash/debug_clear_ws/install/yolo_msgs/lib:/home/dimash/debug_clear_ws/install/move_model_plugin/lib:/opt/ros/humble/opt/rviz_ogre_vendor/lib:/opt/ros/humble/lib/x86_64-linux-gnu:/opt/ros/humble/lib:/home/dimash/acados/lib:/home/dimash/acados/lib PYTHONPATH=/home/dimash/debug_clear_ws/install/clearpath_config/lib/python3.10/site-packages:/home/dimash/debug_clear_ws/install/yolo_ros/lib/python3.10/site-packages:/home/dimash/debug_clear_ws/install/yolo_msgs/local/lib/python3.10/dist-packages:/home/dimash/debug_clear_ws/install/person_movement/lib/python3.10/site-packages:/home/dimash/debug_clear_ws/install/clearpath_generator_gz/local/lib/python3.10/dist-packages:/home/dimash/debug_clear_ws/install/clearpath_generator_common/local/lib/python3.10/dist-packages:/home/dimash/debug_clear_ws/install/clearpath_platform_msgs/local/lib/python3.10/dist-packages:/opt/ros/humble/lib/python3.10/site-packages:/opt/ros/humble/local/lib/python3.10/dist-packages:/home/dimash/acados/lib /usr/bin/cmake --install /home/dimash/debug_clear_ws/build/clearpath_gz
[4.246s] Level 1:colcon.colcon_core.environment:create_environment_scripts_only(clearpath_gz)
[4.246s] Level 1:colcon.colcon_core.environment:checking '/home/dimash/debug_clear_ws/install/clearpath_gz' for CMake module files
[4.247s] DEBUG:colcon.colcon_core.event_handler.log_command:Invoked command in '/home/dimash/debug_clear_ws/build/clearpath_gz' returned '0': AMENT_PREFIX_PATH=/home/dimash/debug_clear_ws/install/clearpath_config:/home/dimash/debug_clear_ws/install/yolo_bringup:/home/dimash/debug_clear_ws/install/yolo_ros:/home/dimash/debug_clear_ws/install/mpc_low:/home/dimash/debug_clear_ws/install/yolo_msgs:/home/dimash/debug_clear_ws/install/point_cloud_debug:/home/dimash/debug_clear_ws/install/person_movement:/home/dimash/debug_clear_ws/install/move_model_plugin:/home/dimash/debug_clear_ws/install/clearpath_simulator:/home/dimash/debug_clear_ws/install/clearpath_gz:/home/dimash/debug_clear_ws/install/clearpath_generator_gz:/home/dimash/debug_clear_ws/install/clearpath_common:/home/dimash/debug_clear_ws/install/clearpath_generator_common:/home/dimash/debug_clear_ws/install/clearpath_description:/home/dimash/debug_clear_ws/install/clearpath_sensors_description:/home/dimash/debug_clear_ws/install/clearpath_platform:/home/dimash/debug_clear_ws/install/clearpath_msgs:/home/dimash/debug_clear_ws/install/clearpath_platform_msgs:/home/dimash/debug_clear_ws/install/clearpath_platform_description:/home/dimash/debug_clear_ws/install/clearpath_nav2_demos:/home/dimash/debug_clear_ws/install/clearpath_mounts_description:/home/dimash/debug_clear_ws/install/clearpath_manipulators:/home/dimash/debug_clear_ws/install/clearpath_manipulators_description:/home/dimash/debug_clear_ws/install/clearpath_customization:/home/dimash/debug_clear_ws/install/clearpath_control:/opt/ros/humble CMAKE_PREFIX_PATH=/home/dimash/debug_clear_ws/install/clearpath_generator_gz:/home/dimash/debug_clear_ws/install/clearpath_common:/home/dimash/debug_clear_ws/install/clearpath_generator_common:/home/dimash/debug_clear_ws/install/clearpath_platform:/home/dimash/debug_clear_ws/install/clearpath_manipulators:/home/dimash/debug_clear_ws/install/clearpath_description:/home/dimash/debug_clear_ws/install/clearpath_sensors_description:/home/dimash/debug_clear_ws/install/clearpath_platform_msgs:/home/dimash/debug_clear_ws/install/clearpath_platform_description:/home/dimash/debug_clear_ws/install/clearpath_mounts_description:/home/dimash/debug_clear_ws/install/clearpath_manipulators_description:/home/dimash/debug_clear_ws/install/clearpath_control:/home/dimash/debug_clear_ws/install/yolo_bringup:/home/dimash/debug_clear_ws/install/mpc_low:/home/dimash/debug_clear_ws/install/yolo_msgs:/home/dimash/debug_clear_ws/install/point_cloud_debug:/home/dimash/debug_clear_ws/install/move_model_plugin:/home/dimash/debug_clear_ws/install/clearpath_simulator:/home/dimash/debug_clear_ws/install/clearpath_gz:/home/dimash/debug_clear_ws/install/clearpath_msgs:/home/dimash/debug_clear_ws/install/clearpath_nav2_demos:/home/dimash/debug_clear_ws/install/clearpath_customization:/home/dimash/debug_clear_ws/install/yolo_ros:/home/dimash/debug_clear_ws/install/person_movement:/home/dimash/debug_clear_ws/install/clearpath_config:/opt/ros/humble LD_LIBRARY_PATH=/home/dimash/debug_clear_ws/install/clearpath_platform/lib:/home/dimash/debug_clear_ws/install/clearpath_platform_msgs/lib:/home/dimash/debug_clear_ws/install/mpc_low/lib:/home/dimash/debug_clear_ws/install/yolo_msgs/lib:/home/dimash/debug_clear_ws/install/move_model_plugin/lib:/opt/ros/humble/opt/rviz_ogre_vendor/lib:/opt/ros/humble/lib/x86_64-linux-gnu:/opt/ros/humble/lib:/home/dimash/acados/lib:/home/dimash/acados/lib PYTHONPATH=/home/dimash/debug_clear_ws/install/clearpath_config/lib/python3.10/site-packages:/home/dimash/debug_clear_ws/install/yolo_ros/lib/python3.10/site-packages:/home/dimash/debug_clear_ws/install/yolo_msgs/local/lib/python3.10/dist-packages:/home/dimash/debug_clear_ws/install/person_movement/lib/python3.10/site-packages:/home/dimash/debug_clear_ws/install/clearpath_generator_gz/local/lib/python3.10/dist-packages:/home/dimash/debug_clear_ws/install/clearpath_generator_common/local/lib/python3.10/dist-packages:/home/dimash/debug_clear_ws/install/clearpath_platform_msgs/local/lib/python3.10/dist-packages:/opt/ros/humble/lib/python3.10/site-packages:/opt/ros/humble/local/lib/python3.10/dist-packages:/home/dimash/acados/lib /usr/bin/cmake --install /home/dimash/debug_clear_ws/build/clearpath_gz
[4.247s] Level 1:colcon.colcon_core.environment:checking '/home/dimash/debug_clear_ws/install/clearpath_gz' for CMake config files
[4.247s] Level 1:colcon.colcon_core.shell:create_environment_hook('clearpath_gz', 'cmake_prefix_path')
[4.248s] INFO:colcon.colcon_core.shell:Creating environment hook '/home/dimash/debug_clear_ws/install/clearpath_gz/share/clearpath_gz/hook/cmake_prefix_path.ps1'
[4.248s] INFO:colcon.colcon_core.shell:Creating environment descriptor '/home/dimash/debug_clear_ws/install/clearpath_gz/share/clearpath_gz/hook/cmake_prefix_path.dsv'
[4.249s] INFO:colcon.colcon_core.shell:Creating environment hook '/home/dimash/debug_clear_ws/install/clearpath_gz/share/clearpath_gz/hook/cmake_prefix_path.sh'
[4.249s] Level 1:colcon.colcon_core.environment:checking '/home/dimash/debug_clear_ws/install/clearpath_gz/bin'
[4.249s] Level 1:colcon.colcon_core.environment:checking '/home/dimash/debug_clear_ws/install/clearpath_gz/lib/pkgconfig/clearpath_gz.pc'
[4.250s] Level 1:colcon.colcon_core.environment:checking '/home/dimash/debug_clear_ws/install/clearpath_gz/lib/python3.10/site-packages'
[4.250s] Level 1:colcon.colcon_core.environment:checking '/home/dimash/debug_clear_ws/install/clearpath_gz/bin'
[4.250s] INFO:colcon.colcon_core.shell:Creating package script '/home/dimash/debug_clear_ws/install/clearpath_gz/share/clearpath_gz/package.ps1'
[4.251s] INFO:colcon.colcon_core.shell:Creating package descriptor '/home/dimash/debug_clear_ws/install/clearpath_gz/share/clearpath_gz/package.dsv'
[4.251s] INFO:colcon.colcon_core.shell:Creating package script '/home/dimash/debug_clear_ws/install/clearpath_gz/share/clearpath_gz/package.sh'
[4.251s] INFO:colcon.colcon_core.shell:Creating package script '/home/dimash/debug_clear_ws/install/clearpath_gz/share/clearpath_gz/package.bash'
[4.252s] INFO:colcon.colcon_core.shell:Creating package script '/home/dimash/debug_clear_ws/install/clearpath_gz/share/clearpath_gz/package.zsh'
[4.252s] Level 1:colcon.colcon_core.environment:create_file_with_runtime_dependencies(/home/dimash/debug_clear_ws/install/clearpath_gz/share/colcon-core/packages/clearpath_gz)
[4.252s] Level 1:colcon.colcon_core.environment:create_environment_scripts_only(clearpath_gz)
[4.253s] Level 1:colcon.colcon_core.environment:checking '/home/dimash/debug_clear_ws/install/clearpath_gz' for CMake module files
[4.253s] Level 1:colcon.colcon_core.environment:checking '/home/dimash/debug_clear_ws/install/clearpath_gz' for CMake config files
[4.253s] Level 1:colcon.colcon_core.shell:create_environment_hook('clearpath_gz', 'cmake_prefix_path')
[4.254s] INFO:colcon.colcon_core.shell:Creating environment hook '/home/dimash/debug_clear_ws/install/clearpath_gz/share/clearpath_gz/hook/cmake_prefix_path.ps1'
[4.254s] INFO:colcon.colcon_core.shell:Creating environment descriptor '/home/dimash/debug_clear_ws/install/clearpath_gz/share/clearpath_gz/hook/cmake_prefix_path.dsv'
[4.254s] INFO:colcon.colcon_core.shell:Creating environment hook '/home/dimash/debug_clear_ws/install/clearpath_gz/share/clearpath_gz/hook/cmake_prefix_path.sh'
[4.255s] Level 1:colcon.colcon_core.environment:checking '/home/dimash/debug_clear_ws/install/clearpath_gz/bin'
[4.255s] Level 1:colcon.colcon_core.environment:checking '/home/dimash/debug_clear_ws/install/clearpath_gz/lib/pkgconfig/clearpath_gz.pc'
[4.255s] Level 1:colcon.colcon_core.environment:checking '/home/dimash/debug_clear_ws/install/clearpath_gz/lib/python3.10/site-packages'
[4.255s] Level 1:colcon.colcon_core.environment:checking '/home/dimash/debug_clear_ws/install/clearpath_gz/bin'
[4.256s] INFO:colcon.colcon_core.shell:Creating package script '/home/dimash/debug_clear_ws/install/clearpath_gz/share/clearpath_gz/package.ps1'
[4.256s] INFO:colcon.colcon_core.shell:Creating package descriptor '/home/dimash/debug_clear_ws/install/clearpath_gz/share/clearpath_gz/package.dsv'
[4.257s] INFO:colcon.colcon_core.shell:Creating package script '/home/dimash/debug_clear_ws/install/clearpath_gz/share/clearpath_gz/package.sh'
[4.257s] INFO:colcon.colcon_core.shell:Creating package script '/home/dimash/debug_clear_ws/install/clearpath_gz/share/clearpath_gz/package.bash'
[4.257s] INFO:colcon.colcon_core.shell:Creating package script '/home/dimash/debug_clear_ws/install/clearpath_gz/share/clearpath_gz/package.zsh'
[4.258s] Level 1:colcon.colcon_core.environment:create_file_with_runtime_dependencies(/home/dimash/debug_clear_ws/install/clearpath_gz/share/colcon-core/packages/clearpath_gz)
[4.258s] INFO:colcon.colcon_ros.task.ament_cmake.build:Building ROS package in '/home/dimash/debug_clear_ws/src/clearpath_simulator/clearpath_simulator' with build type 'ament_cmake'
[4.258s] INFO:colcon.colcon_cmake.task.cmake.build:Building CMake package in '/home/dimash/debug_clear_ws/src/clearpath_simulator/clearpath_simulator'
[4.258s] INFO:colcon.colcon_core.shell:Skip shell extension 'powershell' for command environment: Not usable outside of PowerShell
[4.258s] DEBUG:colcon.colcon_core.shell:Skip shell extension 'dsv' for command environment
[4.283s] DEBUG:colcon.colcon_core.event_handler.log_command:Invoking command in '/home/dimash/debug_clear_ws/build/clearpath_simulator': AMENT_PREFIX_PATH=/home/dimash/debug_clear_ws/install/clearpath_config:/home/dimash/debug_clear_ws/install/yolo_bringup:/home/dimash/debug_clear_ws/install/yolo_ros:/home/dimash/debug_clear_ws/install/mpc_low:/home/dimash/debug_clear_ws/install/yolo_msgs:/home/dimash/debug_clear_ws/install/point_cloud_debug:/home/dimash/debug_clear_ws/install/person_movement:/home/dimash/debug_clear_ws/install/move_model_plugin:/home/dimash/debug_clear_ws/install/clearpath_simulator:/home/dimash/debug_clear_ws/install/clearpath_gz:/home/dimash/debug_clear_ws/install/clearpath_generator_gz:/home/dimash/debug_clear_ws/install/clearpath_common:/home/dimash/debug_clear_ws/install/clearpath_generator_common:/home/dimash/debug_clear_ws/install/clearpath_description:/home/dimash/debug_clear_ws/install/clearpath_sensors_description:/home/dimash/debug_clear_ws/install/clearpath_platform:/home/dimash/debug_clear_ws/install/clearpath_msgs:/home/dimash/debug_clear_ws/install/clearpath_platform_msgs:/home/dimash/debug_clear_ws/install/clearpath_platform_description:/home/dimash/debug_clear_ws/install/clearpath_nav2_demos:/home/dimash/debug_clear_ws/install/clearpath_mounts_description:/home/dimash/debug_clear_ws/install/clearpath_manipulators:/home/dimash/debug_clear_ws/install/clearpath_manipulators_description:/home/dimash/debug_clear_ws/install/clearpath_customization:/home/dimash/debug_clear_ws/install/clearpath_control:/opt/ros/humble CMAKE_PREFIX_PATH=/home/dimash/debug_clear_ws/install/clearpath_gz:/home/dimash/debug_clear_ws/install/clearpath_generator_gz:/home/dimash/debug_clear_ws/install/clearpath_common:/home/dimash/debug_clear_ws/install/clearpath_generator_common:/home/dimash/debug_clear_ws/install/clearpath_platform:/home/dimash/debug_clear_ws/install/clearpath_manipulators:/home/dimash/debug_clear_ws/install/clearpath_description:/home/dimash/debug_clear_ws/install/clearpath_sensors_description:/home/dimash/debug_clear_ws/install/clearpath_platform_msgs:/home/dimash/debug_clear_ws/install/clearpath_platform_description:/home/dimash/debug_clear_ws/install/clearpath_mounts_description:/home/dimash/debug_clear_ws/install/clearpath_manipulators_description:/home/dimash/debug_clear_ws/install/clearpath_control:/home/dimash/debug_clear_ws/install/yolo_bringup:/home/dimash/debug_clear_ws/install/mpc_low:/home/dimash/debug_clear_ws/install/yolo_msgs:/home/dimash/debug_clear_ws/install/point_cloud_debug:/home/dimash/debug_clear_ws/install/move_model_plugin:/home/dimash/debug_clear_ws/install/clearpath_simulator:/home/dimash/debug_clear_ws/install/clearpath_msgs:/home/dimash/debug_clear_ws/install/clearpath_nav2_demos:/home/dimash/debug_clear_ws/install/clearpath_customization:/home/dimash/debug_clear_ws/install/yolo_ros:/home/dimash/debug_clear_ws/install/person_movement:/home/dimash/debug_clear_ws/install/clearpath_config:/opt/ros/humble LD_LIBRARY_PATH=/home/dimash/debug_clear_ws/install/clearpath_platform/lib:/home/dimash/debug_clear_ws/install/clearpath_platform_msgs/lib:/home/dimash/debug_clear_ws/install/mpc_low/lib:/home/dimash/debug_clear_ws/install/yolo_msgs/lib:/home/dimash/debug_clear_ws/install/move_model_plugin/lib:/opt/ros/humble/opt/rviz_ogre_vendor/lib:/opt/ros/humble/lib/x86_64-linux-gnu:/opt/ros/humble/lib:/home/dimash/acados/lib:/home/dimash/acados/lib PYTHONPATH=/home/dimash/debug_clear_ws/install/clearpath_config/lib/python3.10/site-packages:/home/dimash/debug_clear_ws/install/yolo_ros/lib/python3.10/site-packages:/home/dimash/debug_clear_ws/install/yolo_msgs/local/lib/python3.10/dist-packages:/home/dimash/debug_clear_ws/install/person_movement/lib/python3.10/site-packages:/home/dimash/debug_clear_ws/install/clearpath_generator_gz/local/lib/python3.10/dist-packages:/home/dimash/debug_clear_ws/install/clearpath_generator_common/local/lib/python3.10/dist-packages:/home/dimash/debug_clear_ws/install/clearpath_platform_msgs/local/lib/python3.10/dist-packages:/opt/ros/humble/lib/python3.10/site-packages:/opt/ros/humble/local/lib/python3.10/dist-packages:/home/dimash/acados/lib /usr/bin/cmake --build /home/dimash/debug_clear_ws/build/clearpath_simulator -- -j8 -l8
[4.320s] DEBUG:colcon.colcon_core.event_handler.log_command:Invoked command in '/home/dimash/debug_clear_ws/build/clearpath_simulator' returned '0': AMENT_PREFIX_PATH=/home/dimash/debug_clear_ws/install/clearpath_config:/home/dimash/debug_clear_ws/install/yolo_bringup:/home/dimash/debug_clear_ws/install/yolo_ros:/home/dimash/debug_clear_ws/install/mpc_low:/home/dimash/debug_clear_ws/install/yolo_msgs:/home/dimash/debug_clear_ws/install/point_cloud_debug:/home/dimash/debug_clear_ws/install/person_movement:/home/dimash/debug_clear_ws/install/move_model_plugin:/home/dimash/debug_clear_ws/install/clearpath_simulator:/home/dimash/debug_clear_ws/install/clearpath_gz:/home/dimash/debug_clear_ws/install/clearpath_generator_gz:/home/dimash/debug_clear_ws/install/clearpath_common:/home/dimash/debug_clear_ws/install/clearpath_generator_common:/home/dimash/debug_clear_ws/install/clearpath_description:/home/dimash/debug_clear_ws/install/clearpath_sensors_description:/home/dimash/debug_clear_ws/install/clearpath_platform:/home/dimash/debug_clear_ws/install/clearpath_msgs:/home/dimash/debug_clear_ws/install/clearpath_platform_msgs:/home/dimash/debug_clear_ws/install/clearpath_platform_description:/home/dimash/debug_clear_ws/install/clearpath_nav2_demos:/home/dimash/debug_clear_ws/install/clearpath_mounts_description:/home/dimash/debug_clear_ws/install/clearpath_manipulators:/home/dimash/debug_clear_ws/install/clearpath_manipulators_description:/home/dimash/debug_clear_ws/install/clearpath_customization:/home/dimash/debug_clear_ws/install/clearpath_control:/opt/ros/humble CMAKE_PREFIX_PATH=/home/dimash/debug_clear_ws/install/clearpath_gz:/home/dimash/debug_clear_ws/install/clearpath_generator_gz:/home/dimash/debug_clear_ws/install/clearpath_common:/home/dimash/debug_clear_ws/install/clearpath_generator_common:/home/dimash/debug_clear_ws/install/clearpath_platform:/home/dimash/debug_clear_ws/install/clearpath_manipulators:/home/dimash/debug_clear_ws/install/clearpath_description:/home/dimash/debug_clear_ws/install/clearpath_sensors_description:/home/dimash/debug_clear_ws/install/clearpath_platform_msgs:/home/dimash/debug_clear_ws/install/clearpath_platform_description:/home/dimash/debug_clear_ws/install/clearpath_mounts_description:/home/dimash/debug_clear_ws/install/clearpath_manipulators_description:/home/dimash/debug_clear_ws/install/clearpath_control:/home/dimash/debug_clear_ws/install/yolo_bringup:/home/dimash/debug_clear_ws/install/mpc_low:/home/dimash/debug_clear_ws/install/yolo_msgs:/home/dimash/debug_clear_ws/install/point_cloud_debug:/home/dimash/debug_clear_ws/install/move_model_plugin:/home/dimash/debug_clear_ws/install/clearpath_simulator:/home/dimash/debug_clear_ws/install/clearpath_msgs:/home/dimash/debug_clear_ws/install/clearpath_nav2_demos:/home/dimash/debug_clear_ws/install/clearpath_customization:/home/dimash/debug_clear_ws/install/yolo_ros:/home/dimash/debug_clear_ws/install/person_movement:/home/dimash/debug_clear_ws/install/clearpath_config:/opt/ros/humble LD_LIBRARY_PATH=/home/dimash/debug_clear_ws/install/clearpath_platform/lib:/home/dimash/debug_clear_ws/install/clearpath_platform_msgs/lib:/home/dimash/debug_clear_ws/install/mpc_low/lib:/home/dimash/debug_clear_ws/install/yolo_msgs/lib:/home/dimash/debug_clear_ws/install/move_model_plugin/lib:/opt/ros/humble/opt/rviz_ogre_vendor/lib:/opt/ros/humble/lib/x86_64-linux-gnu:/opt/ros/humble/lib:/home/dimash/acados/lib:/home/dimash/acados/lib PYTHONPATH=/home/dimash/debug_clear_ws/install/clearpath_config/lib/python3.10/site-packages:/home/dimash/debug_clear_ws/install/yolo_ros/lib/python3.10/site-packages:/home/dimash/debug_clear_ws/install/yolo_msgs/local/lib/python3.10/dist-packages:/home/dimash/debug_clear_ws/install/person_movement/lib/python3.10/site-packages:/home/dimash/debug_clear_ws/install/clearpath_generator_gz/local/lib/python3.10/dist-packages:/home/dimash/debug_clear_ws/install/clearpath_generator_common/local/lib/python3.10/dist-packages:/home/dimash/debug_clear_ws/install/clearpath_platform_msgs/local/lib/python3.10/dist-packages:/opt/ros/humble/lib/python3.10/site-packages:/opt/ros/humble/local/lib/python3.10/dist-packages:/home/dimash/acados/lib /usr/bin/cmake --build /home/dimash/debug_clear_ws/build/clearpath_simulator -- -j8 -l8
[4.322s] DEBUG:colcon.colcon_core.event_handler.log_command:Invoking command in '/home/dimash/debug_clear_ws/build/clearpath_simulator': AMENT_PREFIX_PATH=/home/dimash/debug_clear_ws/install/clearpath_config:/home/dimash/debug_clear_ws/install/yolo_bringup:/home/dimash/debug_clear_ws/install/yolo_ros:/home/dimash/debug_clear_ws/install/mpc_low:/home/dimash/debug_clear_ws/install/yolo_msgs:/home/dimash/debug_clear_ws/install/point_cloud_debug:/home/dimash/debug_clear_ws/install/person_movement:/home/dimash/debug_clear_ws/install/move_model_plugin:/home/dimash/debug_clear_ws/install/clearpath_simulator:/home/dimash/debug_clear_ws/install/clearpath_gz:/home/dimash/debug_clear_ws/install/clearpath_generator_gz:/home/dimash/debug_clear_ws/install/clearpath_common:/home/dimash/debug_clear_ws/install/clearpath_generator_common:/home/dimash/debug_clear_ws/install/clearpath_description:/home/dimash/debug_clear_ws/install/clearpath_sensors_description:/home/dimash/debug_clear_ws/install/clearpath_platform:/home/dimash/debug_clear_ws/install/clearpath_msgs:/home/dimash/debug_clear_ws/install/clearpath_platform_msgs:/home/dimash/debug_clear_ws/install/clearpath_platform_description:/home/dimash/debug_clear_ws/install/clearpath_nav2_demos:/home/dimash/debug_clear_ws/install/clearpath_mounts_description:/home/dimash/debug_clear_ws/install/clearpath_manipulators:/home/dimash/debug_clear_ws/install/clearpath_manipulators_description:/home/dimash/debug_clear_ws/install/clearpath_customization:/home/dimash/debug_clear_ws/install/clearpath_control:/opt/ros/humble CMAKE_PREFIX_PATH=/home/dimash/debug_clear_ws/install/clearpath_gz:/home/dimash/debug_clear_ws/install/clearpath_generator_gz:/home/dimash/debug_clear_ws/install/clearpath_common:/home/dimash/debug_clear_ws/install/clearpath_generator_common:/home/dimash/debug_clear_ws/install/clearpath_platform:/home/dimash/debug_clear_ws/install/clearpath_manipulators:/home/dimash/debug_clear_ws/install/clearpath_description:/home/dimash/debug_clear_ws/install/clearpath_sensors_description:/home/dimash/debug_clear_ws/install/clearpath_platform_msgs:/home/dimash/debug_clear_ws/install/clearpath_platform_description:/home/dimash/debug_clear_ws/install/clearpath_mounts_description:/home/dimash/debug_clear_ws/install/clearpath_manipulators_description:/home/dimash/debug_clear_ws/install/clearpath_control:/home/dimash/debug_clear_ws/install/yolo_bringup:/home/dimash/debug_clear_ws/install/mpc_low:/home/dimash/debug_clear_ws/install/yolo_msgs:/home/dimash/debug_clear_ws/install/point_cloud_debug:/home/dimash/debug_clear_ws/install/move_model_plugin:/home/dimash/debug_clear_ws/install/clearpath_simulator:/home/dimash/debug_clear_ws/install/clearpath_msgs:/home/dimash/debug_clear_ws/install/clearpath_nav2_demos:/home/dimash/debug_clear_ws/install/clearpath_customization:/home/dimash/debug_clear_ws/install/yolo_ros:/home/dimash/debug_clear_ws/install/person_movement:/home/dimash/debug_clear_ws/install/clearpath_config:/opt/ros/humble LD_LIBRARY_PATH=/home/dimash/debug_clear_ws/install/clearpath_platform/lib:/home/dimash/debug_clear_ws/install/clearpath_platform_msgs/lib:/home/dimash/debug_clear_ws/install/mpc_low/lib:/home/dimash/debug_clear_ws/install/yolo_msgs/lib:/home/dimash/debug_clear_ws/install/move_model_plugin/lib:/opt/ros/humble/opt/rviz_ogre_vendor/lib:/opt/ros/humble/lib/x86_64-linux-gnu:/opt/ros/humble/lib:/home/dimash/acados/lib:/home/dimash/acados/lib PYTHONPATH=/home/dimash/debug_clear_ws/install/clearpath_config/lib/python3.10/site-packages:/home/dimash/debug_clear_ws/install/yolo_ros/lib/python3.10/site-packages:/home/dimash/debug_clear_ws/install/yolo_msgs/local/lib/python3.10/dist-packages:/home/dimash/debug_clear_ws/install/person_movement/lib/python3.10/site-packages:/home/dimash/debug_clear_ws/install/clearpath_generator_gz/local/lib/python3.10/dist-packages:/home/dimash/debug_clear_ws/install/clearpath_generator_common/local/lib/python3.10/dist-packages:/home/dimash/debug_clear_ws/install/clearpath_platform_msgs/local/lib/python3.10/dist-packages:/opt/ros/humble/lib/python3.10/site-packages:/opt/ros/humble/local/lib/python3.10/dist-packages:/home/dimash/acados/lib /usr/bin/cmake --install /home/dimash/debug_clear_ws/build/clearpath_simulator
[4.329s] Level 1:colcon.colcon_core.environment:create_environment_scripts_only(clearpath_simulator)
[4.330s] Level 1:colcon.colcon_core.environment:checking '/home/dimash/debug_clear_ws/install/clearpath_simulator' for CMake module files
[4.331s] DEBUG:colcon.colcon_core.event_handler.log_command:Invoked command in '/home/dimash/debug_clear_ws/build/clearpath_simulator' returned '0': AMENT_PREFIX_PATH=/home/dimash/debug_clear_ws/install/clearpath_config:/home/dimash/debug_clear_ws/install/yolo_bringup:/home/dimash/debug_clear_ws/install/yolo_ros:/home/dimash/debug_clear_ws/install/mpc_low:/home/dimash/debug_clear_ws/install/yolo_msgs:/home/dimash/debug_clear_ws/install/point_cloud_debug:/home/dimash/debug_clear_ws/install/person_movement:/home/dimash/debug_clear_ws/install/move_model_plugin:/home/dimash/debug_clear_ws/install/clearpath_simulator:/home/dimash/debug_clear_ws/install/clearpath_gz:/home/dimash/debug_clear_ws/install/clearpath_generator_gz:/home/dimash/debug_clear_ws/install/clearpath_common:/home/dimash/debug_clear_ws/install/clearpath_generator_common:/home/dimash/debug_clear_ws/install/clearpath_description:/home/dimash/debug_clear_ws/install/clearpath_sensors_description:/home/dimash/debug_clear_ws/install/clearpath_platform:/home/dimash/debug_clear_ws/install/clearpath_msgs:/home/dimash/debug_clear_ws/install/clearpath_platform_msgs:/home/dimash/debug_clear_ws/install/clearpath_platform_description:/home/dimash/debug_clear_ws/install/clearpath_nav2_demos:/home/dimash/debug_clear_ws/install/clearpath_mounts_description:/home/dimash/debug_clear_ws/install/clearpath_manipulators:/home/dimash/debug_clear_ws/install/clearpath_manipulators_description:/home/dimash/debug_clear_ws/install/clearpath_customization:/home/dimash/debug_clear_ws/install/clearpath_control:/opt/ros/humble CMAKE_PREFIX_PATH=/home/dimash/debug_clear_ws/install/clearpath_gz:/home/dimash/debug_clear_ws/install/clearpath_generator_gz:/home/dimash/debug_clear_ws/install/clearpath_common:/home/dimash/debug_clear_ws/install/clearpath_generator_common:/home/dimash/debug_clear_ws/install/clearpath_platform:/home/dimash/debug_clear_ws/install/clearpath_manipulators:/home/dimash/debug_clear_ws/install/clearpath_description:/home/dimash/debug_clear_ws/install/clearpath_sensors_description:/home/dimash/debug_clear_ws/install/clearpath_platform_msgs:/home/dimash/debug_clear_ws/install/clearpath_platform_description:/home/dimash/debug_clear_ws/install/clearpath_mounts_description:/home/dimash/debug_clear_ws/install/clearpath_manipulators_description:/home/dimash/debug_clear_ws/install/clearpath_control:/home/dimash/debug_clear_ws/install/yolo_bringup:/home/dimash/debug_clear_ws/install/mpc_low:/home/dimash/debug_clear_ws/install/yolo_msgs:/home/dimash/debug_clear_ws/install/point_cloud_debug:/home/dimash/debug_clear_ws/install/move_model_plugin:/home/dimash/debug_clear_ws/install/clearpath_simulator:/home/dimash/debug_clear_ws/install/clearpath_msgs:/home/dimash/debug_clear_ws/install/clearpath_nav2_demos:/home/dimash/debug_clear_ws/install/clearpath_customization:/home/dimash/debug_clear_ws/install/yolo_ros:/home/dimash/debug_clear_ws/install/person_movement:/home/dimash/debug_clear_ws/install/clearpath_config:/opt/ros/humble LD_LIBRARY_PATH=/home/dimash/debug_clear_ws/install/clearpath_platform/lib:/home/dimash/debug_clear_ws/install/clearpath_platform_msgs/lib:/home/dimash/debug_clear_ws/install/mpc_low/lib:/home/dimash/debug_clear_ws/install/yolo_msgs/lib:/home/dimash/debug_clear_ws/install/move_model_plugin/lib:/opt/ros/humble/opt/rviz_ogre_vendor/lib:/opt/ros/humble/lib/x86_64-linux-gnu:/opt/ros/humble/lib:/home/dimash/acados/lib:/home/dimash/acados/lib PYTHONPATH=/home/dimash/debug_clear_ws/install/clearpath_config/lib/python3.10/site-packages:/home/dimash/debug_clear_ws/install/yolo_ros/lib/python3.10/site-packages:/home/dimash/debug_clear_ws/install/yolo_msgs/local/lib/python3.10/dist-packages:/home/dimash/debug_clear_ws/install/person_movement/lib/python3.10/site-packages:/home/dimash/debug_clear_ws/install/clearpath_generator_gz/local/lib/python3.10/dist-packages:/home/dimash/debug_clear_ws/install/clearpath_generator_common/local/lib/python3.10/dist-packages:/home/dimash/debug_clear_ws/install/clearpath_platform_msgs/local/lib/python3.10/dist-packages:/opt/ros/humble/lib/python3.10/site-packages:/opt/ros/humble/local/lib/python3.10/dist-packages:/home/dimash/acados/lib /usr/bin/cmake --install /home/dimash/debug_clear_ws/build/clearpath_simulator
[4.331s] Level 1:colcon.colcon_core.environment:checking '/home/dimash/debug_clear_ws/install/clearpath_simulator' for CMake config files
[4.331s] Level 1:colcon.colcon_core.shell:create_environment_hook('clearpath_simulator', 'cmake_prefix_path')
[4.331s] INFO:colcon.colcon_core.shell:Creating environment hook '/home/dimash/debug_clear_ws/install/clearpath_simulator/share/clearpath_simulator/hook/cmake_prefix_path.ps1'
[4.332s] INFO:colcon.colcon_core.shell:Creating environment descriptor '/home/dimash/debug_clear_ws/install/clearpath_simulator/share/clearpath_simulator/hook/cmake_prefix_path.dsv'
[4.332s] INFO:colcon.colcon_core.shell:Creating environment hook '/home/dimash/debug_clear_ws/install/clearpath_simulator/share/clearpath_simulator/hook/cmake_prefix_path.sh'
[4.332s] Level 1:colcon.colcon_core.environment:checking '/home/dimash/debug_clear_ws/install/clearpath_simulator/bin'
[4.332s] Level 1:colcon.colcon_core.environment:checking '/home/dimash/debug_clear_ws/install/clearpath_simulator/lib/pkgconfig/clearpath_simulator.pc'
[4.333s] Level 1:colcon.colcon_core.environment:checking '/home/dimash/debug_clear_ws/install/clearpath_simulator/lib/python3.10/site-packages'
[4.333s] Level 1:colcon.colcon_core.environment:checking '/home/dimash/debug_clear_ws/install/clearpath_simulator/bin'
[4.333s] INFO:colcon.colcon_core.shell:Creating package script '/home/dimash/debug_clear_ws/install/clearpath_simulator/share/clearpath_simulator/package.ps1'
[4.334s] INFO:colcon.colcon_core.shell:Creating package descriptor '/home/dimash/debug_clear_ws/install/clearpath_simulator/share/clearpath_simulator/package.dsv'
[4.334s] INFO:colcon.colcon_core.shell:Creating package script '/home/dimash/debug_clear_ws/install/clearpath_simulator/share/clearpath_simulator/package.sh'
[4.334s] INFO:colcon.colcon_core.shell:Creating package script '/home/dimash/debug_clear_ws/install/clearpath_simulator/share/clearpath_simulator/package.bash'
[4.335s] INFO:colcon.colcon_core.shell:Creating package script '/home/dimash/debug_clear_ws/install/clearpath_simulator/share/clearpath_simulator/package.zsh'
[4.335s] Level 1:colcon.colcon_core.environment:create_file_with_runtime_dependencies(/home/dimash/debug_clear_ws/install/clearpath_simulator/share/colcon-core/packages/clearpath_simulator)
[4.336s] Level 1:colcon.colcon_core.environment:create_environment_scripts_only(clearpath_simulator)
[4.336s] Level 1:colcon.colcon_core.environment:checking '/home/dimash/debug_clear_ws/install/clearpath_simulator' for CMake module files
[4.336s] Level 1:colcon.colcon_core.environment:checking '/home/dimash/debug_clear_ws/install/clearpath_simulator' for CMake config files
[4.337s] Level 1:colcon.colcon_core.shell:create_environment_hook('clearpath_simulator', 'cmake_prefix_path')
[4.337s] INFO:colcon.colcon_core.shell:Creating environment hook '/home/dimash/debug_clear_ws/install/clearpath_simulator/share/clearpath_simulator/hook/cmake_prefix_path.ps1'
[4.338s] INFO:colcon.colcon_core.shell:Creating environment descriptor '/home/dimash/debug_clear_ws/install/clearpath_simulator/share/clearpath_simulator/hook/cmake_prefix_path.dsv'
[4.338s] INFO:colcon.colcon_core.shell:Creating environment hook '/home/dimash/debug_clear_ws/install/clearpath_simulator/share/clearpath_simulator/hook/cmake_prefix_path.sh'
[4.339s] Level 1:colcon.colcon_core.environment:checking '/home/dimash/debug_clear_ws/install/clearpath_simulator/bin'
[4.339s] Level 1:colcon.colcon_core.environment:checking '/home/dimash/debug_clear_ws/install/clearpath_simulator/lib/pkgconfig/clearpath_simulator.pc'
[4.339s] Level 1:colcon.colcon_core.environment:checking '/home/dimash/debug_clear_ws/install/clearpath_simulator/lib/python3.10/site-packages'
[4.340s] Level 1:colcon.colcon_core.environment:checking '/home/dimash/debug_clear_ws/install/clearpath_simulator/bin'
[4.340s] INFO:colcon.colcon_core.shell:Creating package script '/home/dimash/debug_clear_ws/install/clearpath_simulator/share/clearpath_simulator/package.ps1'
[4.341s] INFO:colcon.colcon_core.shell:Creating package descriptor '/home/dimash/debug_clear_ws/install/clearpath_simulator/share/clearpath_simulator/package.dsv'
[4.341s] INFO:colcon.colcon_core.shell:Creating package script '/home/dimash/debug_clear_ws/install/clearpath_simulator/share/clearpath_simulator/package.sh'
[4.342s] INFO:colcon.colcon_core.shell:Creating package script '/home/dimash/debug_clear_ws/install/clearpath_simulator/share/clearpath_simulator/package.bash'
[4.342s] INFO:colcon.colcon_core.shell:Creating package script '/home/dimash/debug_clear_ws/install/clearpath_simulator/share/clearpath_simulator/package.zsh'
[4.343s] Level 1:colcon.colcon_core.environment:create_file_with_runtime_dependencies(/home/dimash/debug_clear_ws/install/clearpath_simulator/share/colcon-core/packages/clearpath_simulator)
[11.779s] DEBUG:colcon.colcon_core.event_handler.log_command:Invoked command in '/home/dimash/debug_clear_ws/build/mpc_low' returned '0': CMAKE_PREFIX_PATH=/home/dimash/debug_clear_ws/install/yolo_msgs:/home/dimash/debug_clear_ws/install/yolo_bringup:/home/dimash/debug_clear_ws/install/mpc_low:/home/dimash/debug_clear_ws/install/point_cloud_debug:/home/dimash/debug_clear_ws/install/move_model_plugin:/home/dimash/debug_clear_ws/install/clearpath_simulator:/home/dimash/debug_clear_ws/install/clearpath_gz:/home/dimash/debug_clear_ws/install/clearpath_generator_gz:/home/dimash/debug_clear_ws/install/clearpath_common:/home/dimash/debug_clear_ws/install/clearpath_generator_common:/home/dimash/debug_clear_ws/install/clearpath_description:/home/dimash/debug_clear_ws/install/clearpath_sensors_description:/home/dimash/debug_clear_ws/install/clearpath_platform:/home/dimash/debug_clear_ws/install/clearpath_msgs:/home/dimash/debug_clear_ws/install/clearpath_platform_msgs:/home/dimash/debug_clear_ws/install/clearpath_platform_description:/home/dimash/debug_clear_ws/install/clearpath_nav2_demos:/home/dimash/debug_clear_ws/install/clearpath_mounts_description:/home/dimash/debug_clear_ws/install/clearpath_manipulators:/home/dimash/debug_clear_ws/install/clearpath_manipulators_description:/home/dimash/debug_clear_ws/install/clearpath_customization:/home/dimash/debug_clear_ws/install/clearpath_control:/home/dimash/debug_clear_ws/install/yolo_ros:/home/dimash/debug_clear_ws/install/person_movement:/home/dimash/debug_clear_ws/install/clearpath_config:/opt/ros/humble LD_LIBRARY_PATH=/home/dimash/debug_clear_ws/install/yolo_msgs/lib:/home/dimash/debug_clear_ws/install/mpc_low/lib:/home/dimash/debug_clear_ws/install/move_model_plugin/lib:/home/dimash/debug_clear_ws/install/clearpath_platform/lib:/home/dimash/debug_clear_ws/install/clearpath_platform_msgs/lib:/opt/ros/humble/opt/rviz_ogre_vendor/lib:/opt/ros/humble/lib/x86_64-linux-gnu:/opt/ros/humble/lib:/home/dimash/acados/lib:/home/dimash/acados/lib /usr/bin/cmake --build /home/dimash/debug_clear_ws/build/mpc_low -- -j8 -l8
[11.780s] DEBUG:colcon.colcon_core.event_handler.log_command:Invoking command in '/home/dimash/debug_clear_ws/build/mpc_low': CMAKE_PREFIX_PATH=/home/dimash/debug_clear_ws/install/yolo_msgs:/home/dimash/debug_clear_ws/install/yolo_bringup:/home/dimash/debug_clear_ws/install/mpc_low:/home/dimash/debug_clear_ws/install/point_cloud_debug:/home/dimash/debug_clear_ws/install/move_model_plugin:/home/dimash/debug_clear_ws/install/clearpath_simulator:/home/dimash/debug_clear_ws/install/clearpath_gz:/home/dimash/debug_clear_ws/install/clearpath_generator_gz:/home/dimash/debug_clear_ws/install/clearpath_common:/home/dimash/debug_clear_ws/install/clearpath_generator_common:/home/dimash/debug_clear_ws/install/clearpath_description:/home/dimash/debug_clear_ws/install/clearpath_sensors_description:/home/dimash/debug_clear_ws/install/clearpath_platform:/home/dimash/debug_clear_ws/install/clearpath_msgs:/home/dimash/debug_clear_ws/install/clearpath_platform_msgs:/home/dimash/debug_clear_ws/install/clearpath_platform_description:/home/dimash/debug_clear_ws/install/clearpath_nav2_demos:/home/dimash/debug_clear_ws/install/clearpath_mounts_description:/home/dimash/debug_clear_ws/install/clearpath_manipulators:/home/dimash/debug_clear_ws/install/clearpath_manipulators_description:/home/dimash/debug_clear_ws/install/clearpath_customization:/home/dimash/debug_clear_ws/install/clearpath_control:/home/dimash/debug_clear_ws/install/yolo_ros:/home/dimash/debug_clear_ws/install/person_movement:/home/dimash/debug_clear_ws/install/clearpath_config:/opt/ros/humble LD_LIBRARY_PATH=/home/dimash/debug_clear_ws/install/yolo_msgs/lib:/home/dimash/debug_clear_ws/install/mpc_low/lib:/home/dimash/debug_clear_ws/install/move_model_plugin/lib:/home/dimash/debug_clear_ws/install/clearpath_platform/lib:/home/dimash/debug_clear_ws/install/clearpath_platform_msgs/lib:/opt/ros/humble/opt/rviz_ogre_vendor/lib:/opt/ros/humble/lib/x86_64-linux-gnu:/opt/ros/humble/lib:/home/dimash/acados/lib:/home/dimash/acados/lib /usr/bin/cmake --install /home/dimash/debug_clear_ws/build/mpc_low
[11.795s] Level 1:colcon.colcon_core.environment:create_environment_scripts_only(mpc_low)
[11.795s] Level 1:colcon.colcon_core.environment:checking '/home/dimash/debug_clear_ws/install/mpc_low' for CMake module files
[11.799s] Level 1:colcon.colcon_core.environment:checking '/home/dimash/debug_clear_ws/install/mpc_low' for CMake config files
[11.799s] DEBUG:colcon.colcon_core.event_handler.log_command:Invoked command in '/home/dimash/debug_clear_ws/build/mpc_low' returned '0': CMAKE_PREFIX_PATH=/home/dimash/debug_clear_ws/install/yolo_msgs:/home/dimash/debug_clear_ws/install/yolo_bringup:/home/dimash/debug_clear_ws/install/mpc_low:/home/dimash/debug_clear_ws/install/point_cloud_debug:/home/dimash/debug_clear_ws/install/move_model_plugin:/home/dimash/debug_clear_ws/install/clearpath_simulator:/home/dimash/debug_clear_ws/install/clearpath_gz:/home/dimash/debug_clear_ws/install/clearpath_generator_gz:/home/dimash/debug_clear_ws/install/clearpath_common:/home/dimash/debug_clear_ws/install/clearpath_generator_common:/home/dimash/debug_clear_ws/install/clearpath_description:/home/dimash/debug_clear_ws/install/clearpath_sensors_description:/home/dimash/debug_clear_ws/install/clearpath_platform:/home/dimash/debug_clear_ws/install/clearpath_msgs:/home/dimash/debug_clear_ws/install/clearpath_platform_msgs:/home/dimash/debug_clear_ws/install/clearpath_platform_description:/home/dimash/debug_clear_ws/install/clearpath_nav2_demos:/home/dimash/debug_clear_ws/install/clearpath_mounts_description:/home/dimash/debug_clear_ws/install/clearpath_manipulators:/home/dimash/debug_clear_ws/install/clearpath_manipulators_description:/home/dimash/debug_clear_ws/install/clearpath_customization:/home/dimash/debug_clear_ws/install/clearpath_control:/home/dimash/debug_clear_ws/install/yolo_ros:/home/dimash/debug_clear_ws/install/person_movement:/home/dimash/debug_clear_ws/install/clearpath_config:/opt/ros/humble LD_LIBRARY_PATH=/home/dimash/debug_clear_ws/install/yolo_msgs/lib:/home/dimash/debug_clear_ws/install/mpc_low/lib:/home/dimash/debug_clear_ws/install/move_model_plugin/lib:/home/dimash/debug_clear_ws/install/clearpath_platform/lib:/home/dimash/debug_clear_ws/install/clearpath_platform_msgs/lib:/opt/ros/humble/opt/rviz_ogre_vendor/lib:/opt/ros/humble/lib/x86_64-linux-gnu:/opt/ros/humble/lib:/home/dimash/acados/lib:/home/dimash/acados/lib /usr/bin/cmake --install /home/dimash/debug_clear_ws/build/mpc_low
[11.800s] Level 1:colcon.colcon_core.shell:create_environment_hook('mpc_low', 'cmake_prefix_path')
[11.800s] INFO:colcon.colcon_core.shell:Creating environment hook '/home/dimash/debug_clear_ws/install/mpc_low/share/mpc_low/hook/cmake_prefix_path.ps1'
[11.801s] INFO:colcon.colcon_core.shell:Creating environment descriptor '/home/dimash/debug_clear_ws/install/mpc_low/share/mpc_low/hook/cmake_prefix_path.dsv'
[11.801s] INFO:colcon.colcon_core.shell:Creating environment hook '/home/dimash/debug_clear_ws/install/mpc_low/share/mpc_low/hook/cmake_prefix_path.sh'
[11.802s] Level 1:colcon.colcon_core.environment:checking '/home/dimash/debug_clear_ws/install/mpc_low/lib'
[11.802s] Level 1:colcon.colcon_core.shell:create_environment_hook('mpc_low', 'ld_library_path_lib')
[11.802s] INFO:colcon.colcon_core.shell:Creating environment hook '/home/dimash/debug_clear_ws/install/mpc_low/share/mpc_low/hook/ld_library_path_lib.ps1'
[11.803s] INFO:colcon.colcon_core.shell:Creating environment descriptor '/home/dimash/debug_clear_ws/install/mpc_low/share/mpc_low/hook/ld_library_path_lib.dsv'
[11.803s] INFO:colcon.colcon_core.shell:Creating environment hook '/home/dimash/debug_clear_ws/install/mpc_low/share/mpc_low/hook/ld_library_path_lib.sh'
[11.804s] Level 1:colcon.colcon_core.environment:checking '/home/dimash/debug_clear_ws/install/mpc_low/bin'
[11.804s] Level 1:colcon.colcon_core.environment:checking '/home/dimash/debug_clear_ws/install/mpc_low/lib/pkgconfig/mpc_low.pc'
[11.804s] Level 1:colcon.colcon_core.environment:checking '/home/dimash/debug_clear_ws/install/mpc_low/lib/python3.10/site-packages'
[11.805s] Level 1:colcon.colcon_core.environment:checking '/home/dimash/debug_clear_ws/install/mpc_low/bin'
[11.805s] INFO:colcon.colcon_core.shell:Creating package script '/home/dimash/debug_clear_ws/install/mpc_low/share/mpc_low/package.ps1'
[11.806s] INFO:colcon.colcon_core.shell:Creating package descriptor '/home/dimash/debug_clear_ws/install/mpc_low/share/mpc_low/package.dsv'
[11.806s] INFO:colcon.colcon_core.shell:Creating package script '/home/dimash/debug_clear_ws/install/mpc_low/share/mpc_low/package.sh'
[11.807s] INFO:colcon.colcon_core.shell:Creating package script '/home/dimash/debug_clear_ws/install/mpc_low/share/mpc_low/package.bash'
[11.808s] INFO:colcon.colcon_core.shell:Creating package script '/home/dimash/debug_clear_ws/install/mpc_low/share/mpc_low/package.zsh'
[11.808s] Level 1:colcon.colcon_core.environment:create_file_with_runtime_dependencies(/home/dimash/debug_clear_ws/install/mpc_low/share/colcon-core/packages/mpc_low)
[11.809s] Level 1:colcon.colcon_core.environment:create_environment_scripts_only(mpc_low)
[11.809s] Level 1:colcon.colcon_core.environment:checking '/home/dimash/debug_clear_ws/install/mpc_low' for CMake module files
[11.810s] Level 1:colcon.colcon_core.environment:checking '/home/dimash/debug_clear_ws/install/mpc_low' for CMake config files
[11.810s] Level 1:colcon.colcon_core.shell:create_environment_hook('mpc_low', 'cmake_prefix_path')
[11.811s] INFO:colcon.colcon_core.shell:Creating environment hook '/home/dimash/debug_clear_ws/install/mpc_low/share/mpc_low/hook/cmake_prefix_path.ps1'
[11.811s] INFO:colcon.colcon_core.shell:Creating environment descriptor '/home/dimash/debug_clear_ws/install/mpc_low/share/mpc_low/hook/cmake_prefix_path.dsv'
[11.812s] INFO:colcon.colcon_core.shell:Creating environment hook '/home/dimash/debug_clear_ws/install/mpc_low/share/mpc_low/hook/cmake_prefix_path.sh'
[11.812s] Level 1:colcon.colcon_core.environment:checking '/home/dimash/debug_clear_ws/install/mpc_low/lib'
[11.812s] Level 1:colcon.colcon_core.shell:create_environment_hook('mpc_low', 'ld_library_path_lib')
[11.813s] INFO:colcon.colcon_core.shell:Creating environment hook '/home/dimash/debug_clear_ws/install/mpc_low/share/mpc_low/hook/ld_library_path_lib.ps1'
[11.813s] INFO:colcon.colcon_core.shell:Creating environment descriptor '/home/dimash/debug_clear_ws/install/mpc_low/share/mpc_low/hook/ld_library_path_lib.dsv'
[11.814s] INFO:colcon.colcon_core.shell:Creating environment hook '/home/dimash/debug_clear_ws/install/mpc_low/share/mpc_low/hook/ld_library_path_lib.sh'
[11.814s] Level 1:colcon.colcon_core.environment:checking '/home/dimash/debug_clear_ws/install/mpc_low/bin'
[11.815s] Level 1:colcon.colcon_core.environment:checking '/home/dimash/debug_clear_ws/install/mpc_low/lib/pkgconfig/mpc_low.pc'
[11.815s] Level 1:colcon.colcon_core.environment:checking '/home/dimash/debug_clear_ws/install/mpc_low/lib/python3.10/site-packages'
[11.815s] Level 1:colcon.colcon_core.environment:checking '/home/dimash/debug_clear_ws/install/mpc_low/bin'
[11.816s] INFO:colcon.colcon_core.shell:Creating package script '/home/dimash/debug_clear_ws/install/mpc_low/share/mpc_low/package.ps1'
[11.817s] INFO:colcon.colcon_core.shell:Creating package descriptor '/home/dimash/debug_clear_ws/install/mpc_low/share/mpc_low/package.dsv'
[11.817s] INFO:colcon.colcon_core.shell:Creating package script '/home/dimash/debug_clear_ws/install/mpc_low/share/mpc_low/package.sh'
[11.818s] INFO:colcon.colcon_core.shell:Creating package script '/home/dimash/debug_clear_ws/install/mpc_low/share/mpc_low/package.bash'
[11.819s] INFO:colcon.colcon_core.shell:Creating package script '/home/dimash/debug_clear_ws/install/mpc_low/share/mpc_low/package.zsh'
[11.819s] Level 1:colcon.colcon_core.environment:create_file_with_runtime_dependencies(/home/dimash/debug_clear_ws/install/mpc_low/share/colcon-core/packages/mpc_low)
[11.820s] DEBUG:colcon.colcon_parallel_executor.executor.parallel:closing loop
[11.820s] DEBUG:colcon.colcon_parallel_executor.executor.parallel:loop closed
[11.820s] DEBUG:colcon.colcon_parallel_executor.executor.parallel:run_until_complete finished with '0'
[11.820s] DEBUG:colcon.colcon_core.event_reactor:joining thread
[11.827s] INFO:colcon.colcon_core.plugin_system:Skipping extension 'colcon_notification.desktop_notification.terminal_notifier': Not used on non-Darwin systems
[11.827s] INFO:colcon.colcon_core.plugin_system:Skipping extension 'colcon_notification.desktop_notification.win32': Not used on non-Windows systems
[11.827s] INFO:colcon.colcon_notification.desktop_notification:Sending desktop notification using 'notify2'
[11.854s] DEBUG:colcon.colcon_core.event_reactor:joined thread
[11.855s] INFO:colcon.colcon_core.shell:Creating prefix script '/home/dimash/debug_clear_ws/install/local_setup.ps1'
[11.856s] INFO:colcon.colcon_core.shell:Creating prefix util module '/home/dimash/debug_clear_ws/install/_local_setup_util_ps1.py'
[11.858s] INFO:colcon.colcon_core.shell:Creating prefix chain script '/home/dimash/debug_clear_ws/install/setup.ps1'
[11.861s] INFO:colcon.colcon_core.shell:Creating prefix script '/home/dimash/debug_clear_ws/install/local_setup.sh'
[11.862s] INFO:colcon.colcon_core.shell:Creating prefix util module '/home/dimash/debug_clear_ws/install/_local_setup_util_sh.py'
[11.863s] INFO:colcon.colcon_core.shell:Creating prefix chain script '/home/dimash/debug_clear_ws/install/setup.sh'
[11.866s] INFO:colcon.colcon_core.shell:Creating prefix script '/home/dimash/debug_clear_ws/install/local_setup.bash'
[11.867s] INFO:colcon.colcon_core.shell:Creating prefix chain script '/home/dimash/debug_clear_ws/install/setup.bash'
[11.870s] INFO:colcon.colcon_core.shell:Creating prefix script '/home/dimash/debug_clear_ws/install/local_setup.zsh'
[11.870s] INFO:colcon.colcon_core.shell:Creating prefix chain script '/home/dimash/debug_clear_ws/install/setup.zsh'
