[0.102s] [34mcolcon[0m [1;30mDEBUG[0m [32mCommand line arguments: ['/usr/bin/colcon', 'build'][0m
[0.102s] [34mcolcon[0m [1;30mDEBUG[0m [32mParsed command line arguments: Namespace(log_base=None, log_level=None, verb_name='build', build_base='build', install_base='install', merge_install=False, symlink_install=False, test_result_base=None, continue_on_error=False, executor='parallel', parallel_workers=12, event_handlers=None, ignore_user_meta=False, metas=['./colcon.meta'], base_paths=['.'], packages_ignore=None, packages_ignore_regex=None, paths=None, packages_up_to=None, packages_up_to_regex=None, packages_above=None, packages_above_and_dependencies=None, packages_above_depth=None, packages_select_by_dep=None, packages_skip_by_dep=None, packages_skip_up_to=None, packages_select_build_failed=False, packages_skip_build_finished=False, packages_select_test_failures=False, packages_skip_test_passed=False, packages_select=None, packages_skip=None, packages_select_regex=None, packages_skip_regex=None, packages_start=None, packages_end=None, allow_overriding=[], cmake_args=None, cmake_target=None, cmake_target_skip_unavailable=False, cmake_clean_cache=False, cmake_clean_first=False, cmake_force_configure=False, ament_cmake_args=None, catkin_cmake_args=None, catkin_skip_building_tests=False, verb_parser=<colcon_defaults.argument_parser.defaults.DefaultArgumentsDecorator object at 0x72d3bd414700>, verb_extension=<colcon_core.verb.build.BuildVerb object at 0x72d3bd588be0>, main=<bound method BuildVerb.main of <colcon_core.verb.build.BuildVerb object at 0x72d3bd588be0>>)[0m
[0.302s] [34mcolcon.colcon_core.package_discovery[0m [1;30mLevel 1[0m discover_packages(colcon_meta) check parameters
[0.302s] [34mcolcon.colcon_core.package_discovery[0m [1;30mLevel 1[0m discover_packages(recursive) check parameters
[0.302s] [34mcolcon.colcon_core.package_discovery[0m [1;30mLevel 1[0m discover_packages(ignore) check parameters
[0.302s] [34mcolcon.colcon_core.package_discovery[0m [1;30mLevel 1[0m discover_packages(path) check parameters
[0.302s] [34mcolcon.colcon_core.package_discovery[0m [1;30mLevel 1[0m discover_packages(colcon_meta) discover
[0.302s] [34mcolcon.colcon_core.package_discovery[0m [1;30mLevel 1[0m discover_packages(recursive) discover
[0.302s] [34mcolcon.colcon_core.package_discovery[0m [1;30mINFO[0m Crawling recursively for packages in '/home/robot/debug_clear_ws'
[0.302s] [34mcolcon.colcon_core.package_identification[0m [1;30mLevel 1[0m _identify(.) by extensions ['ignore', 'ignore_ament_install']
[0.302s] [34mcolcon.colcon_core.package_identification[0m [1;30mLevel 1[0m _identify(.) by extension 'ignore'
[0.302s] [34mcolcon.colcon_core.package_identification[0m [1;30mLevel 1[0m _identify(.) by extension 'ignore_ament_install'
[0.302s] [34mcolcon.colcon_core.package_identification[0m [1;30mLevel 1[0m _identify(.) by extensions ['colcon_pkg']
[0.302s] [34mcolcon.colcon_core.package_identification[0m [1;30mLevel 1[0m _identify(.) by extension 'colcon_pkg'
[0.303s] [34mcolcon.colcon_core.package_identification[0m [1;30mLevel 1[0m _identify(.) by extensions ['colcon_meta']
[0.303s] [34mcolcon.colcon_core.package_identification[0m [1;30mLevel 1[0m _identify(.) by extension 'colcon_meta'
[0.303s] [34mcolcon.colcon_core.package_identification[0m [1;30mLevel 1[0m _identify(.) by extensions ['ros']
[0.303s] [34mcolcon.colcon_core.package_identification[0m [1;30mLevel 1[0m _identify(.) by extension 'ros'
[0.318s] [34mcolcon.colcon_core.package_identification[0m [1;30mLevel 1[0m _identify(.) by extensions ['cmake', 'python']
[0.318s] [34mcolcon.colcon_core.package_identification[0m [1;30mLevel 1[0m _identify(.) by extension 'cmake'
[0.318s] [34mcolcon.colcon_core.package_identification[0m [1;30mLevel 1[0m _identify(.) by extension 'python'
[0.318s] [34mcolcon.colcon_core.package_identification[0m [1;30mLevel 1[0m _identify(.) by extensions ['python_setup_py']
[0.318s] [34mcolcon.colcon_core.package_identification[0m [1;30mLevel 1[0m _identify(.) by extension 'python_setup_py'
[0.318s] [34mcolcon.colcon_core.package_identification[0m [1;30mLevel 1[0m _identify(build) by extensions ['ignore', 'ignore_ament_install']
[0.318s] [34mcolcon.colcon_core.package_identification[0m [1;30mLevel 1[0m _identify(build) by extension 'ignore'
[0.318s] [34mcolcon.colcon_core.package_identification[0m [1;30mLevel 1[0m _identify(build) ignored
[0.318s] [34mcolcon.colcon_core.package_identification[0m [1;30mLevel 1[0m _identify(install) by extensions ['ignore', 'ignore_ament_install']
[0.318s] [34mcolcon.colcon_core.package_identification[0m [1;30mLevel 1[0m _identify(install) by extension 'ignore'
[0.318s] [34mcolcon.colcon_core.package_identification[0m [1;30mLevel 1[0m _identify(install) ignored
[0.318s] [34mcolcon.colcon_core.package_identification[0m [1;30mLevel 1[0m _identify(log) by extensions ['ignore', 'ignore_ament_install']
[0.318s] [34mcolcon.colcon_core.package_identification[0m [1;30mLevel 1[0m _identify(log) by extension 'ignore'
[0.318s] [34mcolcon.colcon_core.package_identification[0m [1;30mLevel 1[0m _identify(log) ignored
[0.318s] [34mcolcon.colcon_core.package_identification[0m [1;30mLevel 1[0m _identify(manipulators) by extensions ['ignore', 'ignore_ament_install']
[0.319s] [34mcolcon.colcon_core.package_identification[0m [1;30mLevel 1[0m _identify(manipulators) by extension 'ignore'
[0.319s] [34mcolcon.colcon_core.package_identification[0m [1;30mLevel 1[0m _identify(manipulators) by extension 'ignore_ament_install'
[0.319s] [34mcolcon.colcon_core.package_identification[0m [1;30mLevel 1[0m _identify(manipulators) by extensions ['colcon_pkg']
[0.319s] [34mcolcon.colcon_core.package_identification[0m [1;30mLevel 1[0m _identify(manipulators) by extension 'colcon_pkg'
[0.319s] [34mcolcon.colcon_core.package_identification[0m [1;30mLevel 1[0m _identify(manipulators) by extensions ['colcon_meta']
[0.319s] [34mcolcon.colcon_core.package_identification[0m [1;30mLevel 1[0m _identify(manipulators) by extension 'colcon_meta'
[0.319s] [34mcolcon.colcon_core.package_identification[0m [1;30mLevel 1[0m _identify(manipulators) by extensions ['ros']
[0.319s] [34mcolcon.colcon_core.package_identification[0m [1;30mLevel 1[0m _identify(manipulators) by extension 'ros'
[0.319s] [34mcolcon.colcon_core.package_identification[0m [1;30mLevel 1[0m _identify(manipulators) by extensions ['cmake', 'python']
[0.319s] [34mcolcon.colcon_core.package_identification[0m [1;30mLevel 1[0m _identify(manipulators) by extension 'cmake'
[0.319s] [34mcolcon.colcon_core.package_identification[0m [1;30mLevel 1[0m _identify(manipulators) by extension 'python'
[0.319s] [34mcolcon.colcon_core.package_identification[0m [1;30mLevel 1[0m _identify(manipulators) by extensions ['python_setup_py']
[0.319s] [34mcolcon.colcon_core.package_identification[0m [1;30mLevel 1[0m _identify(manipulators) by extension 'python_setup_py'
[0.319s] [34mcolcon.colcon_core.package_identification[0m [1;30mLevel 1[0m _identify(manipulators/config) by extensions ['ignore', 'ignore_ament_install']
[0.319s] [34mcolcon.colcon_core.package_identification[0m [1;30mLevel 1[0m _identify(manipulators/config) by extension 'ignore'
[0.319s] [34mcolcon.colcon_core.package_identification[0m [1;30mLevel 1[0m _identify(manipulators/config) by extension 'ignore_ament_install'
[0.319s] [34mcolcon.colcon_core.package_identification[0m [1;30mLevel 1[0m _identify(manipulators/config) by extensions ['colcon_pkg']
[0.319s] [34mcolcon.colcon_core.package_identification[0m [1;30mLevel 1[0m _identify(manipulators/config) by extension 'colcon_pkg'
[0.319s] [34mcolcon.colcon_core.package_identification[0m [1;30mLevel 1[0m _identify(manipulators/config) by extensions ['colcon_meta']
[0.319s] [34mcolcon.colcon_core.package_identification[0m [1;30mLevel 1[0m _identify(manipulators/config) by extension 'colcon_meta'
[0.319s] [34mcolcon.colcon_core.package_identification[0m [1;30mLevel 1[0m _identify(manipulators/config) by extensions ['ros']
[0.319s] [34mcolcon.colcon_core.package_identification[0m [1;30mLevel 1[0m _identify(manipulators/config) by extension 'ros'
[0.319s] [34mcolcon.colcon_core.package_identification[0m [1;30mLevel 1[0m _identify(manipulators/config) by extensions ['cmake', 'python']
[0.319s] [34mcolcon.colcon_core.package_identification[0m [1;30mLevel 1[0m _identify(manipulators/config) by extension 'cmake'
[0.320s] [34mcolcon.colcon_core.package_identification[0m [1;30mLevel 1[0m _identify(manipulators/config) by extension 'python'
[0.320s] [34mcolcon.colcon_core.package_identification[0m [1;30mLevel 1[0m _identify(manipulators/config) by extensions ['python_setup_py']
[0.320s] [34mcolcon.colcon_core.package_identification[0m [1;30mLevel 1[0m _identify(manipulators/config) by extension 'python_setup_py'
[0.320s] [34mcolcon.colcon_core.package_identification[0m [1;30mLevel 1[0m _identify(manipulators/launch) by extensions ['ignore', 'ignore_ament_install']
[0.320s] [34mcolcon.colcon_core.package_identification[0m [1;30mLevel 1[0m _identify(manipulators/launch) by extension 'ignore'
[0.320s] [34mcolcon.colcon_core.package_identification[0m [1;30mLevel 1[0m _identify(manipulators/launch) by extension 'ignore_ament_install'
[0.320s] [34mcolcon.colcon_core.package_identification[0m [1;30mLevel 1[0m _identify(manipulators/launch) by extensions ['colcon_pkg']
[0.320s] [34mcolcon.colcon_core.package_identification[0m [1;30mLevel 1[0m _identify(manipulators/launch) by extension 'colcon_pkg'
[0.320s] [34mcolcon.colcon_core.package_identification[0m [1;30mLevel 1[0m _identify(manipulators/launch) by extensions ['colcon_meta']
[0.320s] [34mcolcon.colcon_core.package_identification[0m [1;30mLevel 1[0m _identify(manipulators/launch) by extension 'colcon_meta'
[0.320s] [34mcolcon.colcon_core.package_identification[0m [1;30mLevel 1[0m _identify(manipulators/launch) by extensions ['ros']
[0.320s] [34mcolcon.colcon_core.package_identification[0m [1;30mLevel 1[0m _identify(manipulators/launch) by extension 'ros'
[0.320s] [34mcolcon.colcon_core.package_identification[0m [1;30mLevel 1[0m _identify(manipulators/launch) by extensions ['cmake', 'python']
[0.320s] [34mcolcon.colcon_core.package_identification[0m [1;30mLevel 1[0m _identify(manipulators/launch) by extension 'cmake'
[0.320s] [34mcolcon.colcon_core.package_identification[0m [1;30mLevel 1[0m _identify(manipulators/launch) by extension 'python'
[0.320s] [34mcolcon.colcon_core.package_identification[0m [1;30mLevel 1[0m _identify(manipulators/launch) by extensions ['python_setup_py']
[0.320s] [34mcolcon.colcon_core.package_identification[0m [1;30mLevel 1[0m _identify(manipulators/launch) by extension 'python_setup_py'
[0.320s] [34mcolcon.colcon_core.package_identification[0m [1;30mLevel 1[0m _identify(platform) by extensions ['ignore', 'ignore_ament_install']
[0.320s] [34mcolcon.colcon_core.package_identification[0m [1;30mLevel 1[0m _identify(platform) by extension 'ignore'
[0.320s] [34mcolcon.colcon_core.package_identification[0m [1;30mLevel 1[0m _identify(platform) by extension 'ignore_ament_install'
[0.320s] [34mcolcon.colcon_core.package_identification[0m [1;30mLevel 1[0m _identify(platform) by extensions ['colcon_pkg']
[0.320s] [34mcolcon.colcon_core.package_identification[0m [1;30mLevel 1[0m _identify(platform) by extension 'colcon_pkg'
[0.320s] [34mcolcon.colcon_core.package_identification[0m [1;30mLevel 1[0m _identify(platform) by extensions ['colcon_meta']
[0.320s] [34mcolcon.colcon_core.package_identification[0m [1;30mLevel 1[0m _identify(platform) by extension 'colcon_meta'
[0.321s] [34mcolcon.colcon_core.package_identification[0m [1;30mLevel 1[0m _identify(platform) by extensions ['ros']
[0.321s] [34mcolcon.colcon_core.package_identification[0m [1;30mLevel 1[0m _identify(platform) by extension 'ros'
[0.321s] [34mcolcon.colcon_core.package_identification[0m [1;30mLevel 1[0m _identify(platform) by extensions ['cmake', 'python']
[0.321s] [34mcolcon.colcon_core.package_identification[0m [1;30mLevel 1[0m _identify(platform) by extension 'cmake'
[0.321s] [34mcolcon.colcon_core.package_identification[0m [1;30mLevel 1[0m _identify(platform) by extension 'python'
[0.321s] [34mcolcon.colcon_core.package_identification[0m [1;30mLevel 1[0m _identify(platform) by extensions ['python_setup_py']
[0.321s] [34mcolcon.colcon_core.package_identification[0m [1;30mLevel 1[0m _identify(platform) by extension 'python_setup_py'
[0.321s] [34mcolcon.colcon_core.package_identification[0m [1;30mLevel 1[0m _identify(platform/config) by extensions ['ignore', 'ignore_ament_install']
[0.321s] [34mcolcon.colcon_core.package_identification[0m [1;30mLevel 1[0m _identify(platform/config) by extension 'ignore'
[0.321s] [34mcolcon.colcon_core.package_identification[0m [1;30mLevel 1[0m _identify(platform/config) by extension 'ignore_ament_install'
[0.321s] [34mcolcon.colcon_core.package_identification[0m [1;30mLevel 1[0m _identify(platform/config) by extensions ['colcon_pkg']
[0.321s] [34mcolcon.colcon_core.package_identification[0m [1;30mLevel 1[0m _identify(platform/config) by extension 'colcon_pkg'
[0.321s] [34mcolcon.colcon_core.package_identification[0m [1;30mLevel 1[0m _identify(platform/config) by extensions ['colcon_meta']
[0.321s] [34mcolcon.colcon_core.package_identification[0m [1;30mLevel 1[0m _identify(platform/config) by extension 'colcon_meta'
[0.321s] [34mcolcon.colcon_core.package_identification[0m [1;30mLevel 1[0m _identify(platform/config) by extensions ['ros']
[0.321s] [34mcolcon.colcon_core.package_identification[0m [1;30mLevel 1[0m _identify(platform/config) by extension 'ros'
[0.321s] [34mcolcon.colcon_core.package_identification[0m [1;30mLevel 1[0m _identify(platform/config) by extensions ['cmake', 'python']
[0.321s] [34mcolcon.colcon_core.package_identification[0m [1;30mLevel 1[0m _identify(platform/config) by extension 'cmake'
[0.321s] [34mcolcon.colcon_core.package_identification[0m [1;30mLevel 1[0m _identify(platform/config) by extension 'python'
[0.321s] [34mcolcon.colcon_core.package_identification[0m [1;30mLevel 1[0m _identify(platform/config) by extensions ['python_setup_py']
[0.321s] [34mcolcon.colcon_core.package_identification[0m [1;30mLevel 1[0m _identify(platform/config) by extension 'python_setup_py'
[0.321s] [34mcolcon.colcon_core.package_identification[0m [1;30mLevel 1[0m _identify(platform/launch) by extensions ['ignore', 'ignore_ament_install']
[0.321s] [34mcolcon.colcon_core.package_identification[0m [1;30mLevel 1[0m _identify(platform/launch) by extension 'ignore'
[0.321s] [34mcolcon.colcon_core.package_identification[0m [1;30mLevel 1[0m _identify(platform/launch) by extension 'ignore_ament_install'
[0.322s] [34mcolcon.colcon_core.package_identification[0m [1;30mLevel 1[0m _identify(platform/launch) by extensions ['colcon_pkg']
[0.322s] [34mcolcon.colcon_core.package_identification[0m [1;30mLevel 1[0m _identify(platform/launch) by extension 'colcon_pkg'
[0.322s] [34mcolcon.colcon_core.package_identification[0m [1;30mLevel 1[0m _identify(platform/launch) by extensions ['colcon_meta']
[0.322s] [34mcolcon.colcon_core.package_identification[0m [1;30mLevel 1[0m _identify(platform/launch) by extension 'colcon_meta'
[0.322s] [34mcolcon.colcon_core.package_identification[0m [1;30mLevel 1[0m _identify(platform/launch) by extensions ['ros']
[0.322s] [34mcolcon.colcon_core.package_identification[0m [1;30mLevel 1[0m _identify(platform/launch) by extension 'ros'
[0.322s] [34mcolcon.colcon_core.package_identification[0m [1;30mLevel 1[0m _identify(platform/launch) by extensions ['cmake', 'python']
[0.322s] [34mcolcon.colcon_core.package_identification[0m [1;30mLevel 1[0m _identify(platform/launch) by extension 'cmake'
[0.322s] [34mcolcon.colcon_core.package_identification[0m [1;30mLevel 1[0m _identify(platform/launch) by extension 'python'
[0.322s] [34mcolcon.colcon_core.package_identification[0m [1;30mLevel 1[0m _identify(platform/launch) by extensions ['python_setup_py']
[0.322s] [34mcolcon.colcon_core.package_identification[0m [1;30mLevel 1[0m _identify(platform/launch) by extension 'python_setup_py'
[0.322s] [34mcolcon.colcon_core.package_identification[0m [1;30mLevel 1[0m _identify(platform/launch/__pycache__) by extensions ['ignore', 'ignore_ament_install']
[0.322s] [34mcolcon.colcon_core.package_identification[0m [1;30mLevel 1[0m _identify(platform/launch/__pycache__) by extension 'ignore'
[0.322s] [34mcolcon.colcon_core.package_identification[0m [1;30mLevel 1[0m _identify(platform/launch/__pycache__) by extension 'ignore_ament_install'
[0.322s] [34mcolcon.colcon_core.package_identification[0m [1;30mLevel 1[0m _identify(platform/launch/__pycache__) by extensions ['colcon_pkg']
[0.322s] [34mcolcon.colcon_core.package_identification[0m [1;30mLevel 1[0m _identify(platform/launch/__pycache__) by extension 'colcon_pkg'
[0.322s] [34mcolcon.colcon_core.package_identification[0m [1;30mLevel 1[0m _identify(platform/launch/__pycache__) by extensions ['colcon_meta']
[0.322s] [34mcolcon.colcon_core.package_identification[0m [1;30mLevel 1[0m _identify(platform/launch/__pycache__) by extension 'colcon_meta'
[0.322s] [34mcolcon.colcon_core.package_identification[0m [1;30mLevel 1[0m _identify(platform/launch/__pycache__) by extensions ['ros']
[0.322s] [34mcolcon.colcon_core.package_identification[0m [1;30mLevel 1[0m _identify(platform/launch/__pycache__) by extension 'ros'
[0.322s] [34mcolcon.colcon_core.package_identification[0m [1;30mLevel 1[0m _identify(platform/launch/__pycache__) by extensions ['cmake', 'python']
[0.322s] [34mcolcon.colcon_core.package_identification[0m [1;30mLevel 1[0m _identify(platform/launch/__pycache__) by extension 'cmake'
[0.322s] [34mcolcon.colcon_core.package_identification[0m [1;30mLevel 1[0m _identify(platform/launch/__pycache__) by extension 'python'
[0.322s] [34mcolcon.colcon_core.package_identification[0m [1;30mLevel 1[0m _identify(platform/launch/__pycache__) by extensions ['python_setup_py']
[0.322s] [34mcolcon.colcon_core.package_identification[0m [1;30mLevel 1[0m _identify(platform/launch/__pycache__) by extension 'python_setup_py'
[0.323s] [34mcolcon.colcon_core.package_identification[0m [1;30mLevel 1[0m _identify(sensors) by extensions ['ignore', 'ignore_ament_install']
[0.323s] [34mcolcon.colcon_core.package_identification[0m [1;30mLevel 1[0m _identify(sensors) by extension 'ignore'
[0.323s] [34mcolcon.colcon_core.package_identification[0m [1;30mLevel 1[0m _identify(sensors) by extension 'ignore_ament_install'
[0.323s] [34mcolcon.colcon_core.package_identification[0m [1;30mLevel 1[0m _identify(sensors) by extensions ['colcon_pkg']
[0.323s] [34mcolcon.colcon_core.package_identification[0m [1;30mLevel 1[0m _identify(sensors) by extension 'colcon_pkg'
[0.323s] [34mcolcon.colcon_core.package_identification[0m [1;30mLevel 1[0m _identify(sensors) by extensions ['colcon_meta']
[0.323s] [34mcolcon.colcon_core.package_identification[0m [1;30mLevel 1[0m _identify(sensors) by extension 'colcon_meta'
[0.323s] [34mcolcon.colcon_core.package_identification[0m [1;30mLevel 1[0m _identify(sensors) by extensions ['ros']
[0.323s] [34mcolcon.colcon_core.package_identification[0m [1;30mLevel 1[0m _identify(sensors) by extension 'ros'
[0.323s] [34mcolcon.colcon_core.package_identification[0m [1;30mLevel 1[0m _identify(sensors) by extensions ['cmake', 'python']
[0.323s] [34mcolcon.colcon_core.package_identification[0m [1;30mLevel 1[0m _identify(sensors) by extension 'cmake'
[0.323s] [34mcolcon.colcon_core.package_identification[0m [1;30mLevel 1[0m _identify(sensors) by extension 'python'
[0.323s] [34mcolcon.colcon_core.package_identification[0m [1;30mLevel 1[0m _identify(sensors) by extensions ['python_setup_py']
[0.323s] [34mcolcon.colcon_core.package_identification[0m [1;30mLevel 1[0m _identify(sensors) by extension 'python_setup_py'
[0.323s] [34mcolcon.colcon_core.package_identification[0m [1;30mLevel 1[0m _identify(sensors/config) by extensions ['ignore', 'ignore_ament_install']
[0.323s] [34mcolcon.colcon_core.package_identification[0m [1;30mLevel 1[0m _identify(sensors/config) by extension 'ignore'
[0.323s] [34mcolcon.colcon_core.package_identification[0m [1;30mLevel 1[0m _identify(sensors/config) by extension 'ignore_ament_install'
[0.323s] [34mcolcon.colcon_core.package_identification[0m [1;30mLevel 1[0m _identify(sensors/config) by extensions ['colcon_pkg']
[0.323s] [34mcolcon.colcon_core.package_identification[0m [1;30mLevel 1[0m _identify(sensors/config) by extension 'colcon_pkg'
[0.323s] [34mcolcon.colcon_core.package_identification[0m [1;30mLevel 1[0m _identify(sensors/config) by extensions ['colcon_meta']
[0.323s] [34mcolcon.colcon_core.package_identification[0m [1;30mLevel 1[0m _identify(sensors/config) by extension 'colcon_meta'
[0.323s] [34mcolcon.colcon_core.package_identification[0m [1;30mLevel 1[0m _identify(sensors/config) by extensions ['ros']
[0.323s] [34mcolcon.colcon_core.package_identification[0m [1;30mLevel 1[0m _identify(sensors/config) by extension 'ros'
[0.323s] [34mcolcon.colcon_core.package_identification[0m [1;30mLevel 1[0m _identify(sensors/config) by extensions ['cmake', 'python']
[0.323s] [34mcolcon.colcon_core.package_identification[0m [1;30mLevel 1[0m _identify(sensors/config) by extension 'cmake'
[0.324s] [34mcolcon.colcon_core.package_identification[0m [1;30mLevel 1[0m _identify(sensors/config) by extension 'python'
[0.324s] [34mcolcon.colcon_core.package_identification[0m [1;30mLevel 1[0m _identify(sensors/config) by extensions ['python_setup_py']
[0.324s] [34mcolcon.colcon_core.package_identification[0m [1;30mLevel 1[0m _identify(sensors/config) by extension 'python_setup_py'
[0.324s] [34mcolcon.colcon_core.package_identification[0m [1;30mLevel 1[0m _identify(sensors/launch) by extensions ['ignore', 'ignore_ament_install']
[0.324s] [34mcolcon.colcon_core.package_identification[0m [1;30mLevel 1[0m _identify(sensors/launch) by extension 'ignore'
[0.324s] [34mcolcon.colcon_core.package_identification[0m [1;30mLevel 1[0m _identify(sensors/launch) by extension 'ignore_ament_install'
[0.324s] [34mcolcon.colcon_core.package_identification[0m [1;30mLevel 1[0m _identify(sensors/launch) by extensions ['colcon_pkg']
[0.324s] [34mcolcon.colcon_core.package_identification[0m [1;30mLevel 1[0m _identify(sensors/launch) by extension 'colcon_pkg'
[0.324s] [34mcolcon.colcon_core.package_identification[0m [1;30mLevel 1[0m _identify(sensors/launch) by extensions ['colcon_meta']
[0.324s] [34mcolcon.colcon_core.package_identification[0m [1;30mLevel 1[0m _identify(sensors/launch) by extension 'colcon_meta'
[0.324s] [34mcolcon.colcon_core.package_identification[0m [1;30mLevel 1[0m _identify(sensors/launch) by extensions ['ros']
[0.324s] [34mcolcon.colcon_core.package_identification[0m [1;30mLevel 1[0m _identify(sensors/launch) by extension 'ros'
[0.324s] [34mcolcon.colcon_core.package_identification[0m [1;30mLevel 1[0m _identify(sensors/launch) by extensions ['cmake', 'python']
[0.324s] [34mcolcon.colcon_core.package_identification[0m [1;30mLevel 1[0m _identify(sensors/launch) by extension 'cmake'
[0.324s] [34mcolcon.colcon_core.package_identification[0m [1;30mLevel 1[0m _identify(sensors/launch) by extension 'python'
[0.324s] [34mcolcon.colcon_core.package_identification[0m [1;30mLevel 1[0m _identify(sensors/launch) by extensions ['python_setup_py']
[0.324s] [34mcolcon.colcon_core.package_identification[0m [1;30mLevel 1[0m _identify(sensors/launch) by extension 'python_setup_py'
[0.324s] [34mcolcon.colcon_core.package_identification[0m [1;30mLevel 1[0m _identify(sensors/launch/__pycache__) by extensions ['ignore', 'ignore_ament_install']
[0.324s] [34mcolcon.colcon_core.package_identification[0m [1;30mLevel 1[0m _identify(sensors/launch/__pycache__) by extension 'ignore'
[0.324s] [34mcolcon.colcon_core.package_identification[0m [1;30mLevel 1[0m _identify(sensors/launch/__pycache__) by extension 'ignore_ament_install'
[0.324s] [34mcolcon.colcon_core.package_identification[0m [1;30mLevel 1[0m _identify(sensors/launch/__pycache__) by extensions ['colcon_pkg']
[0.324s] [34mcolcon.colcon_core.package_identification[0m [1;30mLevel 1[0m _identify(sensors/launch/__pycache__) by extension 'colcon_pkg'
[0.324s] [34mcolcon.colcon_core.package_identification[0m [1;30mLevel 1[0m _identify(sensors/launch/__pycache__) by extensions ['colcon_meta']
[0.324s] [34mcolcon.colcon_core.package_identification[0m [1;30mLevel 1[0m _identify(sensors/launch/__pycache__) by extension 'colcon_meta'
[0.325s] [34mcolcon.colcon_core.package_identification[0m [1;30mLevel 1[0m _identify(sensors/launch/__pycache__) by extensions ['ros']
[0.325s] [34mcolcon.colcon_core.package_identification[0m [1;30mLevel 1[0m _identify(sensors/launch/__pycache__) by extension 'ros'
[0.325s] [34mcolcon.colcon_core.package_identification[0m [1;30mLevel 1[0m _identify(sensors/launch/__pycache__) by extensions ['cmake', 'python']
[0.325s] [34mcolcon.colcon_core.package_identification[0m [1;30mLevel 1[0m _identify(sensors/launch/__pycache__) by extension 'cmake'
[0.325s] [34mcolcon.colcon_core.package_identification[0m [1;30mLevel 1[0m _identify(sensors/launch/__pycache__) by extension 'python'
[0.325s] [34mcolcon.colcon_core.package_identification[0m [1;30mLevel 1[0m _identify(sensors/launch/__pycache__) by extensions ['python_setup_py']
[0.325s] [34mcolcon.colcon_core.package_identification[0m [1;30mLevel 1[0m _identify(sensors/launch/__pycache__) by extension 'python_setup_py'
[0.325s] [34mcolcon.colcon_core.package_identification[0m [1;30mLevel 1[0m _identify(src) by extensions ['ignore', 'ignore_ament_install']
[0.325s] [34mcolcon.colcon_core.package_identification[0m [1;30mLevel 1[0m _identify(src) by extension 'ignore'
[0.325s] [34mcolcon.colcon_core.package_identification[0m [1;30mLevel 1[0m _identify(src) by extension 'ignore_ament_install'
[0.325s] [34mcolcon.colcon_core.package_identification[0m [1;30mLevel 1[0m _identify(src) by extensions ['colcon_pkg']
[0.325s] [34mcolcon.colcon_core.package_identification[0m [1;30mLevel 1[0m _identify(src) by extension 'colcon_pkg'
[0.325s] [34mcolcon.colcon_core.package_identification[0m [1;30mLevel 1[0m _identify(src) by extensions ['colcon_meta']
[0.325s] [34mcolcon.colcon_core.package_identification[0m [1;30mLevel 1[0m _identify(src) by extension 'colcon_meta'
[0.325s] [34mcolcon.colcon_core.package_identification[0m [1;30mLevel 1[0m _identify(src) by extensions ['ros']
[0.325s] [34mcolcon.colcon_core.package_identification[0m [1;30mLevel 1[0m _identify(src) by extension 'ros'
[0.325s] [34mcolcon.colcon_core.package_identification[0m [1;30mLevel 1[0m _identify(src) by extensions ['cmake', 'python']
[0.325s] [34mcolcon.colcon_core.package_identification[0m [1;30mLevel 1[0m _identify(src) by extension 'cmake'
[0.325s] [34mcolcon.colcon_core.package_identification[0m [1;30mLevel 1[0m _identify(src) by extension 'python'
[0.325s] [34mcolcon.colcon_core.package_identification[0m [1;30mLevel 1[0m _identify(src) by extensions ['python_setup_py']
[0.325s] [34mcolcon.colcon_core.package_identification[0m [1;30mLevel 1[0m _identify(src) by extension 'python_setup_py'
[0.325s] [34mcolcon.colcon_core.package_identification[0m [1;30mLevel 1[0m _identify(src/clearpath_common) by extensions ['ignore', 'ignore_ament_install']
[0.325s] [34mcolcon.colcon_core.package_identification[0m [1;30mLevel 1[0m _identify(src/clearpath_common) by extension 'ignore'
[0.325s] [34mcolcon.colcon_core.package_identification[0m [1;30mLevel 1[0m _identify(src/clearpath_common) by extension 'ignore_ament_install'
[0.326s] [34mcolcon.colcon_core.package_identification[0m [1;30mLevel 1[0m _identify(src/clearpath_common) by extensions ['colcon_pkg']
[0.326s] [34mcolcon.colcon_core.package_identification[0m [1;30mLevel 1[0m _identify(src/clearpath_common) by extension 'colcon_pkg'
[0.326s] [34mcolcon.colcon_core.package_identification[0m [1;30mLevel 1[0m _identify(src/clearpath_common) by extensions ['colcon_meta']
[0.326s] [34mcolcon.colcon_core.package_identification[0m [1;30mLevel 1[0m _identify(src/clearpath_common) by extension 'colcon_meta'
[0.326s] [34mcolcon.colcon_core.package_identification[0m [1;30mLevel 1[0m _identify(src/clearpath_common) by extensions ['ros']
[0.326s] [34mcolcon.colcon_core.package_identification[0m [1;30mLevel 1[0m _identify(src/clearpath_common) by extension 'ros'
[0.326s] [34mcolcon.colcon_core.package_identification[0m [1;30mLevel 1[0m _identify(src/clearpath_common) by extensions ['cmake', 'python']
[0.326s] [34mcolcon.colcon_core.package_identification[0m [1;30mLevel 1[0m _identify(src/clearpath_common) by extension 'cmake'
[0.326s] [34mcolcon.colcon_core.package_identification[0m [1;30mLevel 1[0m _identify(src/clearpath_common) by extension 'python'
[0.326s] [34mcolcon.colcon_core.package_identification[0m [1;30mLevel 1[0m _identify(src/clearpath_common) by extensions ['python_setup_py']
[0.326s] [34mcolcon.colcon_core.package_identification[0m [1;30mLevel 1[0m _identify(src/clearpath_common) by extension 'python_setup_py'
[0.326s] [34mcolcon.colcon_core.package_identification[0m [1;30mLevel 1[0m _identify(src/clearpath_common/clearpath_common) by extensions ['ignore', 'ignore_ament_install']
[0.326s] [34mcolcon.colcon_core.package_identification[0m [1;30mLevel 1[0m _identify(src/clearpath_common/clearpath_common) by extension 'ignore'
[0.326s] [34mcolcon.colcon_core.package_identification[0m [1;30mLevel 1[0m _identify(src/clearpath_common/clearpath_common) by extension 'ignore_ament_install'
[0.326s] [34mcolcon.colcon_core.package_identification[0m [1;30mLevel 1[0m _identify(src/clearpath_common/clearpath_common) by extensions ['colcon_pkg']
[0.326s] [34mcolcon.colcon_core.package_identification[0m [1;30mLevel 1[0m _identify(src/clearpath_common/clearpath_common) by extension 'colcon_pkg'
[0.326s] [34mcolcon.colcon_core.package_identification[0m [1;30mLevel 1[0m _identify(src/clearpath_common/clearpath_common) by extensions ['colcon_meta']
[0.326s] [34mcolcon.colcon_core.package_identification[0m [1;30mLevel 1[0m _identify(src/clearpath_common/clearpath_common) by extension 'colcon_meta'
[0.326s] [34mcolcon.colcon_core.package_identification[0m [1;30mLevel 1[0m _identify(src/clearpath_common/clearpath_common) by extensions ['ros']
[0.326s] [34mcolcon.colcon_core.package_identification[0m [1;30mLevel 1[0m _identify(src/clearpath_common/clearpath_common) by extension 'ros'
[0.328s] [34mcolcon.colcon_core.package_identification[0m [1;30mDEBUG[0m [32mPackage 'src/clearpath_common/clearpath_common' with type 'ros.ament_cmake' and name 'clearpath_common'[0m
[0.329s] [34mcolcon.colcon_core.package_identification[0m [1;30mLevel 1[0m _identify(src/clearpath_common/clearpath_control) by extensions ['ignore', 'ignore_ament_install']
[0.329s] [34mcolcon.colcon_core.package_identification[0m [1;30mLevel 1[0m _identify(src/clearpath_common/clearpath_control) by extension 'ignore'
[0.329s] [34mcolcon.colcon_core.package_identification[0m [1;30mLevel 1[0m _identify(src/clearpath_common/clearpath_control) by extension 'ignore_ament_install'
[0.329s] [34mcolcon.colcon_core.package_identification[0m [1;30mLevel 1[0m _identify(src/clearpath_common/clearpath_control) by extensions ['colcon_pkg']
[0.329s] [34mcolcon.colcon_core.package_identification[0m [1;30mLevel 1[0m _identify(src/clearpath_common/clearpath_control) by extension 'colcon_pkg'
[0.329s] [34mcolcon.colcon_core.package_identification[0m [1;30mLevel 1[0m _identify(src/clearpath_common/clearpath_control) by extensions ['colcon_meta']
[0.329s] [34mcolcon.colcon_core.package_identification[0m [1;30mLevel 1[0m _identify(src/clearpath_common/clearpath_control) by extension 'colcon_meta'
[0.329s] [34mcolcon.colcon_core.package_identification[0m [1;30mLevel 1[0m _identify(src/clearpath_common/clearpath_control) by extensions ['ros']
[0.329s] [34mcolcon.colcon_core.package_identification[0m [1;30mLevel 1[0m _identify(src/clearpath_common/clearpath_control) by extension 'ros'
[0.330s] [34mcolcon.colcon_core.package_identification[0m [1;30mDEBUG[0m [32mPackage 'src/clearpath_common/clearpath_control' with type 'ros.ament_cmake' and name 'clearpath_control'[0m
[0.330s] [34mcolcon.colcon_core.package_identification[0m [1;30mLevel 1[0m _identify(src/clearpath_common/clearpath_customization) by extensions ['ignore', 'ignore_ament_install']
[0.330s] [34mcolcon.colcon_core.package_identification[0m [1;30mLevel 1[0m _identify(src/clearpath_common/clearpath_customization) by extension 'ignore'
[0.330s] [34mcolcon.colcon_core.package_identification[0m [1;30mLevel 1[0m _identify(src/clearpath_common/clearpath_customization) by extension 'ignore_ament_install'
[0.330s] [34mcolcon.colcon_core.package_identification[0m [1;30mLevel 1[0m _identify(src/clearpath_common/clearpath_customization) by extensions ['colcon_pkg']
[0.330s] [34mcolcon.colcon_core.package_identification[0m [1;30mLevel 1[0m _identify(src/clearpath_common/clearpath_customization) by extension 'colcon_pkg'
[0.330s] [34mcolcon.colcon_core.package_identification[0m [1;30mLevel 1[0m _identify(src/clearpath_common/clearpath_customization) by extensions ['colcon_meta']
[0.330s] [34mcolcon.colcon_core.package_identification[0m [1;30mLevel 1[0m _identify(src/clearpath_common/clearpath_customization) by extension 'colcon_meta'
[0.330s] [34mcolcon.colcon_core.package_identification[0m [1;30mLevel 1[0m _identify(src/clearpath_common/clearpath_customization) by extensions ['ros']
[0.330s] [34mcolcon.colcon_core.package_identification[0m [1;30mLevel 1[0m _identify(src/clearpath_common/clearpath_customization) by extension 'ros'
[0.330s] [34mcolcon.colcon_core.package_identification[0m [1;30mDEBUG[0m [32mPackage 'src/clearpath_common/clearpath_customization' with type 'ros.ament_cmake' and name 'clearpath_customization'[0m
[0.330s] [34mcolcon.colcon_core.package_identification[0m [1;30mLevel 1[0m _identify(src/clearpath_common/clearpath_description) by extensions ['ignore', 'ignore_ament_install']
[0.331s] [34mcolcon.colcon_core.package_identification[0m [1;30mLevel 1[0m _identify(src/clearpath_common/clearpath_description) by extension 'ignore'
[0.331s] [34mcolcon.colcon_core.package_identification[0m [1;30mLevel 1[0m _identify(src/clearpath_common/clearpath_description) by extension 'ignore_ament_install'
[0.331s] [34mcolcon.colcon_core.package_identification[0m [1;30mLevel 1[0m _identify(src/clearpath_common/clearpath_description) by extensions ['colcon_pkg']
[0.331s] [34mcolcon.colcon_core.package_identification[0m [1;30mLevel 1[0m _identify(src/clearpath_common/clearpath_description) by extension 'colcon_pkg'
[0.331s] [34mcolcon.colcon_core.package_identification[0m [1;30mLevel 1[0m _identify(src/clearpath_common/clearpath_description) by extensions ['colcon_meta']
[0.331s] [34mcolcon.colcon_core.package_identification[0m [1;30mLevel 1[0m _identify(src/clearpath_common/clearpath_description) by extension 'colcon_meta'
[0.331s] [34mcolcon.colcon_core.package_identification[0m [1;30mLevel 1[0m _identify(src/clearpath_common/clearpath_description) by extensions ['ros']
[0.331s] [34mcolcon.colcon_core.package_identification[0m [1;30mLevel 1[0m _identify(src/clearpath_common/clearpath_description) by extension 'ros'
[0.331s] [34mcolcon.colcon_core.package_identification[0m [1;30mDEBUG[0m [32mPackage 'src/clearpath_common/clearpath_description' with type 'ros.ament_cmake' and name 'clearpath_description'[0m
[0.331s] [34mcolcon.colcon_core.package_identification[0m [1;30mLevel 1[0m _identify(src/clearpath_common/clearpath_generator_common) by extensions ['ignore', 'ignore_ament_install']
[0.332s] [34mcolcon.colcon_core.package_identification[0m [1;30mLevel 1[0m _identify(src/clearpath_common/clearpath_generator_common) by extension 'ignore'
[0.332s] [34mcolcon.colcon_core.package_identification[0m [1;30mLevel 1[0m _identify(src/clearpath_common/clearpath_generator_common) by extension 'ignore_ament_install'
[0.332s] [34mcolcon.colcon_core.package_identification[0m [1;30mLevel 1[0m _identify(src/clearpath_common/clearpath_generator_common) by extensions ['colcon_pkg']
[0.332s] [34mcolcon.colcon_core.package_identification[0m [1;30mLevel 1[0m _identify(src/clearpath_common/clearpath_generator_common) by extension 'colcon_pkg'
[0.332s] [34mcolcon.colcon_core.package_identification[0m [1;30mLevel 1[0m _identify(src/clearpath_common/clearpath_generator_common) by extensions ['colcon_meta']
[0.332s] [34mcolcon.colcon_core.package_identification[0m [1;30mLevel 1[0m _identify(src/clearpath_common/clearpath_generator_common) by extension 'colcon_meta'
[0.332s] [34mcolcon.colcon_core.package_identification[0m [1;30mLevel 1[0m _identify(src/clearpath_common/clearpath_generator_common) by extensions ['ros']
[0.332s] [34mcolcon.colcon_core.package_identification[0m [1;30mLevel 1[0m _identify(src/clearpath_common/clearpath_generator_common) by extension 'ros'
[0.332s] [34mcolcon.colcon_core.package_identification[0m [1;30mDEBUG[0m [32mPackage 'src/clearpath_common/clearpath_generator_common' with type 'ros.ament_cmake' and name 'clearpath_generator_common'[0m
[0.332s] [34mcolcon.colcon_core.package_identification[0m [1;30mLevel 1[0m _identify(src/clearpath_common/clearpath_manipulators) by extensions ['ignore', 'ignore_ament_install']
[0.332s] [34mcolcon.colcon_core.package_identification[0m [1;30mLevel 1[0m _identify(src/clearpath_common/clearpath_manipulators) by extension 'ignore'
[0.333s] [34mcolcon.colcon_core.package_identification[0m [1;30mLevel 1[0m _identify(src/clearpath_common/clearpath_manipulators) by extension 'ignore_ament_install'
[0.333s] [34mcolcon.colcon_core.package_identification[0m [1;30mLevel 1[0m _identify(src/clearpath_common/clearpath_manipulators) by extensions ['colcon_pkg']
[0.333s] [34mcolcon.colcon_core.package_identification[0m [1;30mLevel 1[0m _identify(src/clearpath_common/clearpath_manipulators) by extension 'colcon_pkg'
[0.333s] [34mcolcon.colcon_core.package_identification[0m [1;30mLevel 1[0m _identify(src/clearpath_common/clearpath_manipulators) by extensions ['colcon_meta']
[0.333s] [34mcolcon.colcon_core.package_identification[0m [1;30mLevel 1[0m _identify(src/clearpath_common/clearpath_manipulators) by extension 'colcon_meta'
[0.333s] [34mcolcon.colcon_core.package_identification[0m [1;30mLevel 1[0m _identify(src/clearpath_common/clearpath_manipulators) by extensions ['ros']
[0.333s] [34mcolcon.colcon_core.package_identification[0m [1;30mLevel 1[0m _identify(src/clearpath_common/clearpath_manipulators) by extension 'ros'
[0.333s] [34mcolcon.colcon_core.package_identification[0m [1;30mDEBUG[0m [32mPackage 'src/clearpath_common/clearpath_manipulators' with type 'ros.ament_cmake' and name 'clearpath_manipulators'[0m
[0.333s] [34mcolcon.colcon_core.package_identification[0m [1;30mLevel 1[0m _identify(src/clearpath_common/clearpath_manipulators_description) by extensions ['ignore', 'ignore_ament_install']
[0.333s] [34mcolcon.colcon_core.package_identification[0m [1;30mLevel 1[0m _identify(src/clearpath_common/clearpath_manipulators_description) by extension 'ignore'
[0.333s] [34mcolcon.colcon_core.package_identification[0m [1;30mLevel 1[0m _identify(src/clearpath_common/clearpath_manipulators_description) by extension 'ignore_ament_install'
[0.334s] [34mcolcon.colcon_core.package_identification[0m [1;30mLevel 1[0m _identify(src/clearpath_common/clearpath_manipulators_description) by extensions ['colcon_pkg']
[0.334s] [34mcolcon.colcon_core.package_identification[0m [1;30mLevel 1[0m _identify(src/clearpath_common/clearpath_manipulators_description) by extension 'colcon_pkg'
[0.334s] [34mcolcon.colcon_core.package_identification[0m [1;30mLevel 1[0m _identify(src/clearpath_common/clearpath_manipulators_description) by extensions ['colcon_meta']
[0.334s] [34mcolcon.colcon_core.package_identification[0m [1;30mLevel 1[0m _identify(src/clearpath_common/clearpath_manipulators_description) by extension 'colcon_meta'
[0.334s] [34mcolcon.colcon_core.package_identification[0m [1;30mLevel 1[0m _identify(src/clearpath_common/clearpath_manipulators_description) by extensions ['ros']
[0.334s] [34mcolcon.colcon_core.package_identification[0m [1;30mLevel 1[0m _identify(src/clearpath_common/clearpath_manipulators_description) by extension 'ros'
[0.334s] [34mcolcon.colcon_core.package_identification[0m [1;30mDEBUG[0m [32mPackage 'src/clearpath_common/clearpath_manipulators_description' with type 'ros.ament_cmake' and name 'clearpath_manipulators_description'[0m
[0.334s] [34mcolcon.colcon_core.package_identification[0m [1;30mLevel 1[0m _identify(src/clearpath_common/clearpath_mounts_description) by extensions ['ignore', 'ignore_ament_install']
[0.334s] [34mcolcon.colcon_core.package_identification[0m [1;30mLevel 1[0m _identify(src/clearpath_common/clearpath_mounts_description) by extension 'ignore'
[0.334s] [34mcolcon.colcon_core.package_identification[0m [1;30mLevel 1[0m _identify(src/clearpath_common/clearpath_mounts_description) by extension 'ignore_ament_install'
[0.334s] [34mcolcon.colcon_core.package_identification[0m [1;30mLevel 1[0m _identify(src/clearpath_common/clearpath_mounts_description) by extensions ['colcon_pkg']
[0.335s] [34mcolcon.colcon_core.package_identification[0m [1;30mLevel 1[0m _identify(src/clearpath_common/clearpath_mounts_description) by extension 'colcon_pkg'
[0.335s] [34mcolcon.colcon_core.package_identification[0m [1;30mLevel 1[0m _identify(src/clearpath_common/clearpath_mounts_description) by extensions ['colcon_meta']
[0.335s] [34mcolcon.colcon_core.package_identification[0m [1;30mLevel 1[0m _identify(src/clearpath_common/clearpath_mounts_description) by extension 'colcon_meta'
[0.335s] [34mcolcon.colcon_core.package_identification[0m [1;30mLevel 1[0m _identify(src/clearpath_common/clearpath_mounts_description) by extensions ['ros']
[0.335s] [34mcolcon.colcon_core.package_identification[0m [1;30mLevel 1[0m _identify(src/clearpath_common/clearpath_mounts_description) by extension 'ros'
[0.335s] [34mcolcon.colcon_core.package_identification[0m [1;30mDEBUG[0m [32mPackage 'src/clearpath_common/clearpath_mounts_description' with type 'ros.ament_cmake' and name 'clearpath_mounts_description'[0m
[0.335s] [34mcolcon.colcon_core.package_identification[0m [1;30mLevel 1[0m _identify(src/clearpath_common/clearpath_platform) by extensions ['ignore', 'ignore_ament_install']
[0.335s] [34mcolcon.colcon_core.package_identification[0m [1;30mLevel 1[0m _identify(src/clearpath_common/clearpath_platform) by extension 'ignore'
[0.335s] [34mcolcon.colcon_core.package_identification[0m [1;30mLevel 1[0m _identify(src/clearpath_common/clearpath_platform) by extension 'ignore_ament_install'
[0.335s] [34mcolcon.colcon_core.package_identification[0m [1;30mLevel 1[0m _identify(src/clearpath_common/clearpath_platform) by extensions ['colcon_pkg']
[0.335s] [34mcolcon.colcon_core.package_identification[0m [1;30mLevel 1[0m _identify(src/clearpath_common/clearpath_platform) by extension 'colcon_pkg'
[0.335s] [34mcolcon.colcon_core.package_identification[0m [1;30mLevel 1[0m _identify(src/clearpath_common/clearpath_platform) by extensions ['colcon_meta']
[0.335s] [34mcolcon.colcon_core.package_identification[0m [1;30mLevel 1[0m _identify(src/clearpath_common/clearpath_platform) by extension 'colcon_meta'
[0.336s] [34mcolcon.colcon_core.package_identification[0m [1;30mLevel 1[0m _identify(src/clearpath_common/clearpath_platform) by extensions ['ros']
[0.336s] [34mcolcon.colcon_core.package_identification[0m [1;30mLevel 1[0m _identify(src/clearpath_common/clearpath_platform) by extension 'ros'
[0.337s] [34mcolcon.colcon_core.package_identification[0m [1;30mDEBUG[0m [32mPackage 'src/clearpath_common/clearpath_platform' with type 'ros.ament_cmake' and name 'clearpath_platform'[0m
[0.337s] [34mcolcon.colcon_core.package_identification[0m [1;30mLevel 1[0m _identify(src/clearpath_common/clearpath_platform_description) by extensions ['ignore', 'ignore_ament_install']
[0.337s] [34mcolcon.colcon_core.package_identification[0m [1;30mLevel 1[0m _identify(src/clearpath_common/clearpath_platform_description) by extension 'ignore'
[0.337s] [34mcolcon.colcon_core.package_identification[0m [1;30mLevel 1[0m _identify(src/clearpath_common/clearpath_platform_description) by extension 'ignore_ament_install'
[0.337s] [34mcolcon.colcon_core.package_identification[0m [1;30mLevel 1[0m _identify(src/clearpath_common/clearpath_platform_description) by extensions ['colcon_pkg']
[0.337s] [34mcolcon.colcon_core.package_identification[0m [1;30mLevel 1[0m _identify(src/clearpath_common/clearpath_platform_description) by extension 'colcon_pkg'
[0.337s] [34mcolcon.colcon_core.package_identification[0m [1;30mLevel 1[0m _identify(src/clearpath_common/clearpath_platform_description) by extensions ['colcon_meta']
[0.337s] [34mcolcon.colcon_core.package_identification[0m [1;30mLevel 1[0m _identify(src/clearpath_common/clearpath_platform_description) by extension 'colcon_meta'
[0.337s] [34mcolcon.colcon_core.package_identification[0m [1;30mLevel 1[0m _identify(src/clearpath_common/clearpath_platform_description) by extensions ['ros']
[0.337s] [34mcolcon.colcon_core.package_identification[0m [1;30mLevel 1[0m _identify(src/clearpath_common/clearpath_platform_description) by extension 'ros'
[0.338s] [34mcolcon.colcon_core.package_identification[0m [1;30mDEBUG[0m [32mPackage 'src/clearpath_common/clearpath_platform_description' with type 'ros.ament_cmake' and name 'clearpath_platform_description'[0m
[0.338s] [34mcolcon.colcon_core.package_identification[0m [1;30mLevel 1[0m _identify(src/clearpath_common/clearpath_sensors_description) by extensions ['ignore', 'ignore_ament_install']
[0.338s] [34mcolcon.colcon_core.package_identification[0m [1;30mLevel 1[0m _identify(src/clearpath_common/clearpath_sensors_description) by extension 'ignore'
[0.338s] [34mcolcon.colcon_core.package_identification[0m [1;30mLevel 1[0m _identify(src/clearpath_common/clearpath_sensors_description) by extension 'ignore_ament_install'
[0.338s] [34mcolcon.colcon_core.package_identification[0m [1;30mLevel 1[0m _identify(src/clearpath_common/clearpath_sensors_description) by extensions ['colcon_pkg']
[0.338s] [34mcolcon.colcon_core.package_identification[0m [1;30mLevel 1[0m _identify(src/clearpath_common/clearpath_sensors_description) by extension 'colcon_pkg'
[0.338s] [34mcolcon.colcon_core.package_identification[0m [1;30mLevel 1[0m _identify(src/clearpath_common/clearpath_sensors_description) by extensions ['colcon_meta']
[0.338s] [34mcolcon.colcon_core.package_identification[0m [1;30mLevel 1[0m _identify(src/clearpath_common/clearpath_sensors_description) by extension 'colcon_meta'
[0.338s] [34mcolcon.colcon_core.package_identification[0m [1;30mLevel 1[0m _identify(src/clearpath_common/clearpath_sensors_description) by extensions ['ros']
[0.338s] [34mcolcon.colcon_core.package_identification[0m [1;30mLevel 1[0m _identify(src/clearpath_common/clearpath_sensors_description) by extension 'ros'
[0.339s] [34mcolcon.colcon_core.package_identification[0m [1;30mDEBUG[0m [32mPackage 'src/clearpath_common/clearpath_sensors_description' with type 'ros.ament_cmake' and name 'clearpath_sensors_description'[0m
[0.339s] [34mcolcon.colcon_core.package_identification[0m [1;30mLevel 1[0m _identify(src/clearpath_config) by extensions ['ignore', 'ignore_ament_install']
[0.339s] [34mcolcon.colcon_core.package_identification[0m [1;30mLevel 1[0m _identify(src/clearpath_config) by extension 'ignore'
[0.339s] [34mcolcon.colcon_core.package_identification[0m [1;30mLevel 1[0m _identify(src/clearpath_config) by extension 'ignore_ament_install'
[0.339s] [34mcolcon.colcon_core.package_identification[0m [1;30mLevel 1[0m _identify(src/clearpath_config) by extensions ['colcon_pkg']
[0.339s] [34mcolcon.colcon_core.package_identification[0m [1;30mLevel 1[0m _identify(src/clearpath_config) by extension 'colcon_pkg'
[0.339s] [34mcolcon.colcon_core.package_identification[0m [1;30mLevel 1[0m _identify(src/clearpath_config) by extensions ['colcon_meta']
[0.339s] [34mcolcon.colcon_core.package_identification[0m [1;30mLevel 1[0m _identify(src/clearpath_config) by extension 'colcon_meta'
[0.339s] [34mcolcon.colcon_core.package_identification[0m [1;30mLevel 1[0m _identify(src/clearpath_config) by extensions ['ros']
[0.339s] [34mcolcon.colcon_core.package_identification[0m [1;30mLevel 1[0m _identify(src/clearpath_config) by extension 'ros'
[0.340s] [34mcolcon.colcon_core.package_identification[0m [1;30mDEBUG[0m [32mPackage 'src/clearpath_config' with type 'ros.ament_python' and name 'clearpath_config'[0m
[0.340s] [34mcolcon.colcon_core.package_identification[0m [1;30mLevel 1[0m _identify(src/clearpath_msgs) by extensions ['ignore', 'ignore_ament_install']
[0.340s] [34mcolcon.colcon_core.package_identification[0m [1;30mLevel 1[0m _identify(src/clearpath_msgs) by extension 'ignore'
[0.340s] [34mcolcon.colcon_core.package_identification[0m [1;30mLevel 1[0m _identify(src/clearpath_msgs) by extension 'ignore_ament_install'
[0.340s] [34mcolcon.colcon_core.package_identification[0m [1;30mLevel 1[0m _identify(src/clearpath_msgs) by extensions ['colcon_pkg']
[0.340s] [34mcolcon.colcon_core.package_identification[0m [1;30mLevel 1[0m _identify(src/clearpath_msgs) by extension 'colcon_pkg'
[0.340s] [34mcolcon.colcon_core.package_identification[0m [1;30mLevel 1[0m _identify(src/clearpath_msgs) by extensions ['colcon_meta']
[0.340s] [34mcolcon.colcon_core.package_identification[0m [1;30mLevel 1[0m _identify(src/clearpath_msgs) by extension 'colcon_meta'
[0.340s] [34mcolcon.colcon_core.package_identification[0m [1;30mLevel 1[0m _identify(src/clearpath_msgs) by extensions ['ros']
[0.340s] [34mcolcon.colcon_core.package_identification[0m [1;30mLevel 1[0m _identify(src/clearpath_msgs) by extension 'ros'
[0.340s] [34mcolcon.colcon_core.package_identification[0m [1;30mLevel 1[0m _identify(src/clearpath_msgs) by extensions ['cmake', 'python']
[0.340s] [34mcolcon.colcon_core.package_identification[0m [1;30mLevel 1[0m _identify(src/clearpath_msgs) by extension 'cmake'
[0.340s] [34mcolcon.colcon_core.package_identification[0m [1;30mLevel 1[0m _identify(src/clearpath_msgs) by extension 'python'
[0.340s] [34mcolcon.colcon_core.package_identification[0m [1;30mLevel 1[0m _identify(src/clearpath_msgs) by extensions ['python_setup_py']
[0.340s] [34mcolcon.colcon_core.package_identification[0m [1;30mLevel 1[0m _identify(src/clearpath_msgs) by extension 'python_setup_py'
[0.340s] [34mcolcon.colcon_core.package_identification[0m [1;30mLevel 1[0m _identify(src/clearpath_msgs/clearpath_msgs) by extensions ['ignore', 'ignore_ament_install']
[0.340s] [34mcolcon.colcon_core.package_identification[0m [1;30mLevel 1[0m _identify(src/clearpath_msgs/clearpath_msgs) by extension 'ignore'
[0.341s] [34mcolcon.colcon_core.package_identification[0m [1;30mLevel 1[0m _identify(src/clearpath_msgs/clearpath_msgs) by extension 'ignore_ament_install'
[0.341s] [34mcolcon.colcon_core.package_identification[0m [1;30mLevel 1[0m _identify(src/clearpath_msgs/clearpath_msgs) by extensions ['colcon_pkg']
[0.341s] [34mcolcon.colcon_core.package_identification[0m [1;30mLevel 1[0m _identify(src/clearpath_msgs/clearpath_msgs) by extension 'colcon_pkg'
[0.341s] [34mcolcon.colcon_core.package_identification[0m [1;30mLevel 1[0m _identify(src/clearpath_msgs/clearpath_msgs) by extensions ['colcon_meta']
[0.341s] [34mcolcon.colcon_core.package_identification[0m [1;30mLevel 1[0m _identify(src/clearpath_msgs/clearpath_msgs) by extension 'colcon_meta'
[0.341s] [34mcolcon.colcon_core.package_identification[0m [1;30mLevel 1[0m _identify(src/clearpath_msgs/clearpath_msgs) by extensions ['ros']
[0.341s] [34mcolcon.colcon_core.package_identification[0m [1;30mLevel 1[0m _identify(src/clearpath_msgs/clearpath_msgs) by extension 'ros'
[0.341s] [34mcolcon.colcon_core.package_identification[0m [1;30mDEBUG[0m [32mPackage 'src/clearpath_msgs/clearpath_msgs' with type 'ros.ament_cmake' and name 'clearpath_msgs'[0m
[0.341s] [34mcolcon.colcon_core.package_identification[0m [1;30mLevel 1[0m _identify(src/clearpath_msgs/clearpath_platform_msgs) by extensions ['ignore', 'ignore_ament_install']
[0.341s] [34mcolcon.colcon_core.package_identification[0m [1;30mLevel 1[0m _identify(src/clearpath_msgs/clearpath_platform_msgs) by extension 'ignore'
[0.341s] [34mcolcon.colcon_core.package_identification[0m [1;30mLevel 1[0m _identify(src/clearpath_msgs/clearpath_platform_msgs) by extension 'ignore_ament_install'
[0.341s] [34mcolcon.colcon_core.package_identification[0m [1;30mLevel 1[0m _identify(src/clearpath_msgs/clearpath_platform_msgs) by extensions ['colcon_pkg']
[0.341s] [34mcolcon.colcon_core.package_identification[0m [1;30mLevel 1[0m _identify(src/clearpath_msgs/clearpath_platform_msgs) by extension 'colcon_pkg'
[0.342s] [34mcolcon.colcon_core.package_identification[0m [1;30mLevel 1[0m _identify(src/clearpath_msgs/clearpath_platform_msgs) by extensions ['colcon_meta']
[0.342s] [34mcolcon.colcon_core.package_identification[0m [1;30mLevel 1[0m _identify(src/clearpath_msgs/clearpath_platform_msgs) by extension 'colcon_meta'
[0.342s] [34mcolcon.colcon_core.package_identification[0m [1;30mLevel 1[0m _identify(src/clearpath_msgs/clearpath_platform_msgs) by extensions ['ros']
[0.342s] [34mcolcon.colcon_core.package_identification[0m [1;30mLevel 1[0m _identify(src/clearpath_msgs/clearpath_platform_msgs) by extension 'ros'
[0.342s] [34mcolcon.colcon_core.package_identification[0m [1;30mDEBUG[0m [32mPackage 'src/clearpath_msgs/clearpath_platform_msgs' with type 'ros.ament_cmake' and name 'clearpath_platform_msgs'[0m
[0.342s] [34mcolcon.colcon_core.package_identification[0m [1;30mLevel 1[0m _identify(src/clearpath_simulator) by extensions ['ignore', 'ignore_ament_install']
[0.342s] [34mcolcon.colcon_core.package_identification[0m [1;30mLevel 1[0m _identify(src/clearpath_simulator) by extension 'ignore'
[0.342s] [34mcolcon.colcon_core.package_identification[0m [1;30mLevel 1[0m _identify(src/clearpath_simulator) by extension 'ignore_ament_install'
[0.342s] [34mcolcon.colcon_core.package_identification[0m [1;30mLevel 1[0m _identify(src/clearpath_simulator) by extensions ['colcon_pkg']
[0.342s] [34mcolcon.colcon_core.package_identification[0m [1;30mLevel 1[0m _identify(src/clearpath_simulator) by extension 'colcon_pkg'
[0.342s] [34mcolcon.colcon_core.package_identification[0m [1;30mLevel 1[0m _identify(src/clearpath_simulator) by extensions ['colcon_meta']
[0.342s] [34mcolcon.colcon_core.package_identification[0m [1;30mLevel 1[0m _identify(src/clearpath_simulator) by extension 'colcon_meta'
[0.343s] [34mcolcon.colcon_core.package_identification[0m [1;30mLevel 1[0m _identify(src/clearpath_simulator) by extensions ['ros']
[0.343s] [34mcolcon.colcon_core.package_identification[0m [1;30mLevel 1[0m _identify(src/clearpath_simulator) by extension 'ros'
[0.343s] [34mcolcon.colcon_core.package_identification[0m [1;30mLevel 1[0m _identify(src/clearpath_simulator) by extensions ['cmake', 'python']
[0.343s] [34mcolcon.colcon_core.package_identification[0m [1;30mLevel 1[0m _identify(src/clearpath_simulator) by extension 'cmake'
[0.343s] [34mcolcon.colcon_core.package_identification[0m [1;30mLevel 1[0m _identify(src/clearpath_simulator) by extension 'python'
[0.343s] [34mcolcon.colcon_core.package_identification[0m [1;30mLevel 1[0m _identify(src/clearpath_simulator) by extensions ['python_setup_py']
[0.343s] [34mcolcon.colcon_core.package_identification[0m [1;30mLevel 1[0m _identify(src/clearpath_simulator) by extension 'python_setup_py'
[0.343s] [34mcolcon.colcon_core.package_identification[0m [1;30mLevel 1[0m _identify(src/clearpath_simulator/clearpath_generator_gz) by extensions ['ignore', 'ignore_ament_install']
[0.343s] [34mcolcon.colcon_core.package_identification[0m [1;30mLevel 1[0m _identify(src/clearpath_simulator/clearpath_generator_gz) by extension 'ignore'
[0.343s] [34mcolcon.colcon_core.package_identification[0m [1;30mLevel 1[0m _identify(src/clearpath_simulator/clearpath_generator_gz) by extension 'ignore_ament_install'
[0.343s] [34mcolcon.colcon_core.package_identification[0m [1;30mLevel 1[0m _identify(src/clearpath_simulator/clearpath_generator_gz) by extensions ['colcon_pkg']
[0.343s] [34mcolcon.colcon_core.package_identification[0m [1;30mLevel 1[0m _identify(src/clearpath_simulator/clearpath_generator_gz) by extension 'colcon_pkg'
[0.343s] [34mcolcon.colcon_core.package_identification[0m [1;30mLevel 1[0m _identify(src/clearpath_simulator/clearpath_generator_gz) by extensions ['colcon_meta']
[0.343s] [34mcolcon.colcon_core.package_identification[0m [1;30mLevel 1[0m _identify(src/clearpath_simulator/clearpath_generator_gz) by extension 'colcon_meta'
[0.343s] [34mcolcon.colcon_core.package_identification[0m [1;30mLevel 1[0m _identify(src/clearpath_simulator/clearpath_generator_gz) by extensions ['ros']
[0.343s] [34mcolcon.colcon_core.package_identification[0m [1;30mLevel 1[0m _identify(src/clearpath_simulator/clearpath_generator_gz) by extension 'ros'
[0.344s] [34mcolcon.colcon_core.package_identification[0m [1;30mDEBUG[0m [32mPackage 'src/clearpath_simulator/clearpath_generator_gz' with type 'ros.ament_cmake' and name 'clearpath_generator_gz'[0m
[0.344s] [34mcolcon.colcon_core.package_identification[0m [1;30mLevel 1[0m _identify(src/clearpath_simulator/clearpath_gz) by extensions ['ignore', 'ignore_ament_install']
[0.344s] [34mcolcon.colcon_core.package_identification[0m [1;30mLevel 1[0m _identify(src/clearpath_simulator/clearpath_gz) by extension 'ignore'
[0.344s] [34mcolcon.colcon_core.package_identification[0m [1;30mLevel 1[0m _identify(src/clearpath_simulator/clearpath_gz) by extension 'ignore_ament_install'
[0.344s] [34mcolcon.colcon_core.package_identification[0m [1;30mLevel 1[0m _identify(src/clearpath_simulator/clearpath_gz) by extensions ['colcon_pkg']
[0.344s] [34mcolcon.colcon_core.package_identification[0m [1;30mLevel 1[0m _identify(src/clearpath_simulator/clearpath_gz) by extension 'colcon_pkg'
[0.344s] [34mcolcon.colcon_core.package_identification[0m [1;30mLevel 1[0m _identify(src/clearpath_simulator/clearpath_gz) by extensions ['colcon_meta']
[0.344s] [34mcolcon.colcon_core.package_identification[0m [1;30mLevel 1[0m _identify(src/clearpath_simulator/clearpath_gz) by extension 'colcon_meta'
[0.344s] [34mcolcon.colcon_core.package_identification[0m [1;30mLevel 1[0m _identify(src/clearpath_simulator/clearpath_gz) by extensions ['ros']
[0.344s] [34mcolcon.colcon_core.package_identification[0m [1;30mLevel 1[0m _identify(src/clearpath_simulator/clearpath_gz) by extension 'ros'
[0.344s] [34mcolcon.colcon_core.package_identification[0m [1;30mDEBUG[0m [32mPackage 'src/clearpath_simulator/clearpath_gz' with type 'ros.ament_cmake' and name 'clearpath_gz'[0m
[0.345s] [34mcolcon.colcon_core.package_identification[0m [1;30mLevel 1[0m _identify(src/clearpath_simulator/clearpath_simulator) by extensions ['ignore', 'ignore_ament_install']
[0.345s] [34mcolcon.colcon_core.package_identification[0m [1;30mLevel 1[0m _identify(src/clearpath_simulator/clearpath_simulator) by extension 'ignore'
[0.345s] [34mcolcon.colcon_core.package_identification[0m [1;30mLevel 1[0m _identify(src/clearpath_simulator/clearpath_simulator) by extension 'ignore_ament_install'
[0.345s] [34mcolcon.colcon_core.package_identification[0m [1;30mLevel 1[0m _identify(src/clearpath_simulator/clearpath_simulator) by extensions ['colcon_pkg']
[0.345s] [34mcolcon.colcon_core.package_identification[0m [1;30mLevel 1[0m _identify(src/clearpath_simulator/clearpath_simulator) by extension 'colcon_pkg'
[0.345s] [34mcolcon.colcon_core.package_identification[0m [1;30mLevel 1[0m _identify(src/clearpath_simulator/clearpath_simulator) by extensions ['colcon_meta']
[0.345s] [34mcolcon.colcon_core.package_identification[0m [1;30mLevel 1[0m _identify(src/clearpath_simulator/clearpath_simulator) by extension 'colcon_meta'
[0.345s] [34mcolcon.colcon_core.package_identification[0m [1;30mLevel 1[0m _identify(src/clearpath_simulator/clearpath_simulator) by extensions ['ros']
[0.345s] [34mcolcon.colcon_core.package_identification[0m [1;30mLevel 1[0m _identify(src/clearpath_simulator/clearpath_simulator) by extension 'ros'
[0.345s] [34mcolcon.colcon_core.package_identification[0m [1;30mDEBUG[0m [32mPackage 'src/clearpath_simulator/clearpath_simulator' with type 'ros.ament_cmake' and name 'clearpath_simulator'[0m
[0.345s] [34mcolcon.colcon_core.package_identification[0m [1;30mLevel 1[0m _identify(src/yolov8_ros) by extensions ['ignore', 'ignore_ament_install']
[0.346s] [34mcolcon.colcon_core.package_identification[0m [1;30mLevel 1[0m _identify(src/yolov8_ros) by extension 'ignore'
[0.346s] [34mcolcon.colcon_core.package_identification[0m [1;30mLevel 1[0m _identify(src/yolov8_ros) by extension 'ignore_ament_install'
[0.346s] [34mcolcon.colcon_core.package_identification[0m [1;30mLevel 1[0m _identify(src/yolov8_ros) by extensions ['colcon_pkg']
[0.346s] [34mcolcon.colcon_core.package_identification[0m [1;30mLevel 1[0m _identify(src/yolov8_ros) by extension 'colcon_pkg'
[0.346s] [34mcolcon.colcon_core.package_identification[0m [1;30mLevel 1[0m _identify(src/yolov8_ros) by extensions ['colcon_meta']
[0.346s] [34mcolcon.colcon_core.package_identification[0m [1;30mLevel 1[0m _identify(src/yolov8_ros) by extension 'colcon_meta'
[0.346s] [34mcolcon.colcon_core.package_identification[0m [1;30mLevel 1[0m _identify(src/yolov8_ros) by extensions ['ros']
[0.346s] [34mcolcon.colcon_core.package_identification[0m [1;30mLevel 1[0m _identify(src/yolov8_ros) by extension 'ros'
[0.346s] [34mcolcon.colcon_core.package_identification[0m [1;30mLevel 1[0m _identify(src/yolov8_ros) by extensions ['cmake', 'python']
[0.346s] [34mcolcon.colcon_core.package_identification[0m [1;30mLevel 1[0m _identify(src/yolov8_ros) by extension 'cmake'
[0.346s] [34mcolcon.colcon_core.package_identification[0m [1;30mLevel 1[0m _identify(src/yolov8_ros) by extension 'python'
[0.346s] [34mcolcon.colcon_core.package_identification[0m [1;30mLevel 1[0m _identify(src/yolov8_ros) by extensions ['python_setup_py']
[0.346s] [34mcolcon.colcon_core.package_identification[0m [1;30mLevel 1[0m _identify(src/yolov8_ros) by extension 'python_setup_py'
[0.346s] [34mcolcon.colcon_core.package_identification[0m [1;30mLevel 1[0m _identify(src/yolov8_ros/docs) by extensions ['ignore', 'ignore_ament_install']
[0.346s] [34mcolcon.colcon_core.package_identification[0m [1;30mLevel 1[0m _identify(src/yolov8_ros/docs) by extension 'ignore'
[0.346s] [34mcolcon.colcon_core.package_identification[0m [1;30mLevel 1[0m _identify(src/yolov8_ros/docs) by extension 'ignore_ament_install'
[0.346s] [34mcolcon.colcon_core.package_identification[0m [1;30mLevel 1[0m _identify(src/yolov8_ros/docs) by extensions ['colcon_pkg']
[0.346s] [34mcolcon.colcon_core.package_identification[0m [1;30mLevel 1[0m _identify(src/yolov8_ros/docs) by extension 'colcon_pkg'
[0.346s] [34mcolcon.colcon_core.package_identification[0m [1;30mLevel 1[0m _identify(src/yolov8_ros/docs) by extensions ['colcon_meta']
[0.346s] [34mcolcon.colcon_core.package_identification[0m [1;30mLevel 1[0m _identify(src/yolov8_ros/docs) by extension 'colcon_meta'
[0.346s] [34mcolcon.colcon_core.package_identification[0m [1;30mLevel 1[0m _identify(src/yolov8_ros/docs) by extensions ['ros']
[0.346s] [34mcolcon.colcon_core.package_identification[0m [1;30mLevel 1[0m _identify(src/yolov8_ros/docs) by extension 'ros'
[0.346s] [34mcolcon.colcon_core.package_identification[0m [1;30mLevel 1[0m _identify(src/yolov8_ros/docs) by extensions ['cmake', 'python']
[0.346s] [34mcolcon.colcon_core.package_identification[0m [1;30mLevel 1[0m _identify(src/yolov8_ros/docs) by extension 'cmake'
[0.347s] [34mcolcon.colcon_core.package_identification[0m [1;30mLevel 1[0m _identify(src/yolov8_ros/docs) by extension 'python'
[0.347s] [34mcolcon.colcon_core.package_identification[0m [1;30mLevel 1[0m _identify(src/yolov8_ros/docs) by extensions ['python_setup_py']
[0.347s] [34mcolcon.colcon_core.package_identification[0m [1;30mLevel 1[0m _identify(src/yolov8_ros/docs) by extension 'python_setup_py'
[0.347s] [34mcolcon.colcon_core.package_identification[0m [1;30mLevel 1[0m _identify(src/yolov8_ros/yolov8_bringup) by extensions ['ignore', 'ignore_ament_install']
[0.347s] [34mcolcon.colcon_core.package_identification[0m [1;30mLevel 1[0m _identify(src/yolov8_ros/yolov8_bringup) by extension 'ignore'
[0.347s] [34mcolcon.colcon_core.package_identification[0m [1;30mLevel 1[0m _identify(src/yolov8_ros/yolov8_bringup) by extension 'ignore_ament_install'
[0.347s] [34mcolcon.colcon_core.package_identification[0m [1;30mLevel 1[0m _identify(src/yolov8_ros/yolov8_bringup) by extensions ['colcon_pkg']
[0.347s] [34mcolcon.colcon_core.package_identification[0m [1;30mLevel 1[0m _identify(src/yolov8_ros/yolov8_bringup) by extension 'colcon_pkg'
[0.347s] [34mcolcon.colcon_core.package_identification[0m [1;30mLevel 1[0m _identify(src/yolov8_ros/yolov8_bringup) by extensions ['colcon_meta']
[0.347s] [34mcolcon.colcon_core.package_identification[0m [1;30mLevel 1[0m _identify(src/yolov8_ros/yolov8_bringup) by extension 'colcon_meta'
[0.347s] [34mcolcon.colcon_core.package_identification[0m [1;30mLevel 1[0m _identify(src/yolov8_ros/yolov8_bringup) by extensions ['ros']
[0.347s] [34mcolcon.colcon_core.package_identification[0m [1;30mLevel 1[0m _identify(src/yolov8_ros/yolov8_bringup) by extension 'ros'
[0.347s] [34mcolcon.colcon_core.package_identification[0m [1;30mDEBUG[0m [32mPackage 'src/yolov8_ros/yolov8_bringup' with type 'ros.ament_cmake' and name 'yolov8_bringup'[0m
[0.348s] [34mcolcon.colcon_core.package_identification[0m [1;30mLevel 1[0m _identify(src/yolov8_ros/yolov8_msgs) by extensions ['ignore', 'ignore_ament_install']
[0.348s] [34mcolcon.colcon_core.package_identification[0m [1;30mLevel 1[0m _identify(src/yolov8_ros/yolov8_msgs) by extension 'ignore'
[0.348s] [34mcolcon.colcon_core.package_identification[0m [1;30mLevel 1[0m _identify(src/yolov8_ros/yolov8_msgs) by extension 'ignore_ament_install'
[0.348s] [34mcolcon.colcon_core.package_identification[0m [1;30mLevel 1[0m _identify(src/yolov8_ros/yolov8_msgs) by extensions ['colcon_pkg']
[0.348s] [34mcolcon.colcon_core.package_identification[0m [1;30mLevel 1[0m _identify(src/yolov8_ros/yolov8_msgs) by extension 'colcon_pkg'
[0.348s] [34mcolcon.colcon_core.package_identification[0m [1;30mLevel 1[0m _identify(src/yolov8_ros/yolov8_msgs) by extensions ['colcon_meta']
[0.348s] [34mcolcon.colcon_core.package_identification[0m [1;30mLevel 1[0m _identify(src/yolov8_ros/yolov8_msgs) by extension 'colcon_meta'
[0.348s] [34mcolcon.colcon_core.package_identification[0m [1;30mLevel 1[0m _identify(src/yolov8_ros/yolov8_msgs) by extensions ['ros']
[0.348s] [34mcolcon.colcon_core.package_identification[0m [1;30mLevel 1[0m _identify(src/yolov8_ros/yolov8_msgs) by extension 'ros'
[0.348s] [34mcolcon.colcon_core.package_identification[0m [1;30mDEBUG[0m [32mPackage 'src/yolov8_ros/yolov8_msgs' with type 'ros.ament_cmake' and name 'yolov8_msgs'[0m
[0.349s] [34mcolcon.colcon_core.package_identification[0m [1;30mLevel 1[0m _identify(src/yolov8_ros/yolov8_ros) by extensions ['ignore', 'ignore_ament_install']
[0.349s] [34mcolcon.colcon_core.package_identification[0m [1;30mLevel 1[0m _identify(src/yolov8_ros/yolov8_ros) by extension 'ignore'
[0.349s] [34mcolcon.colcon_core.package_identification[0m [1;30mLevel 1[0m _identify(src/yolov8_ros/yolov8_ros) by extension 'ignore_ament_install'
[0.349s] [34mcolcon.colcon_core.package_identification[0m [1;30mLevel 1[0m _identify(src/yolov8_ros/yolov8_ros) by extensions ['colcon_pkg']
[0.349s] [34mcolcon.colcon_core.package_identification[0m [1;30mLevel 1[0m _identify(src/yolov8_ros/yolov8_ros) by extension 'colcon_pkg'
[0.349s] [34mcolcon.colcon_core.package_identification[0m [1;30mLevel 1[0m _identify(src/yolov8_ros/yolov8_ros) by extensions ['colcon_meta']
[0.349s] [34mcolcon.colcon_core.package_identification[0m [1;30mLevel 1[0m _identify(src/yolov8_ros/yolov8_ros) by extension 'colcon_meta'
[0.349s] [34mcolcon.colcon_core.package_identification[0m [1;30mLevel 1[0m _identify(src/yolov8_ros/yolov8_ros) by extensions ['ros']
[0.349s] [34mcolcon.colcon_core.package_identification[0m [1;30mLevel 1[0m _identify(src/yolov8_ros/yolov8_ros) by extension 'ros'
[0.349s] [34mcolcon.colcon_core.package_identification[0m [1;30mDEBUG[0m [32mPackage 'src/yolov8_ros/yolov8_ros' with type 'ros.ament_python' and name 'yolov8_ros'[0m
[0.350s] [34mcolcon.colcon_core.package_discovery[0m [1;30mLevel 1[0m discover_packages(recursive) using defaults
[0.350s] [34mcolcon.colcon_core.package_discovery[0m [1;30mLevel 1[0m discover_packages(ignore) discover
[0.350s] [34mcolcon.colcon_core.package_discovery[0m [1;30mLevel 1[0m discover_packages(ignore) using defaults
[0.350s] [34mcolcon.colcon_core.package_discovery[0m [1;30mLevel 1[0m discover_packages(path) discover
[0.350s] [34mcolcon.colcon_core.package_discovery[0m [1;30mLevel 1[0m discover_packages(path) using defaults
[0.367s] [34mcolcon.colcon_core.package_discovery[0m [1;30mLevel 1[0m discover_packages(prefix_path) check parameters
[0.367s] [34mcolcon.colcon_core.package_discovery[0m [1;30mLevel 1[0m discover_packages(prefix_path) discover
[0.369s] [34mcolcon.colcon_installed_package_information.package_discovery[0m [1;30mDEBUG[0m [32mFound 20 installed packages in /home/robot/debug_clear_ws/install[0m
[0.371s] [34mcolcon.colcon_installed_package_information.package_discovery[0m [1;30mDEBUG[0m [32mFound 360 installed packages in /opt/ros/humble[0m
[0.372s] [34mcolcon.colcon_core.package_discovery[0m [1;30mLevel 1[0m discover_packages(prefix_path) using defaults
[0.412s] [34mcolcon.colcon_core.package_selection[0m [1;30mWARNING[0m [33mSome selected packages are already built in one or more underlay workspaces:
	'clearpath_platform_description' is in: /home/robot/debug_clear_ws/install/clearpath_platform_description, /opt/ros/humble
If a package in a merged underlay workspace is overridden and it installs headers, then all packages in the overlay must sort their include directories by workspace order. Failure to do so may result in build failures or undefined behavior at run time.
If the overridden package is used by another package in any underlay, then the overriding package in the overlay must be API and ABI compatible or undefined behavior at run time may occur.

If you understand the risks and want to override a package anyways, add the following to the command line:
	--allow-overriding clearpath_platform_description

This may be promoted to an error in a future release of colcon-override-check.[0m
[0.413s] [34mcolcon.colcon_core.verb[0m [1;30mLevel 5[0m set package 'clearpath_config' build argument 'cmake_args' from command line to 'None'
[0.413s] [34mcolcon.colcon_core.verb[0m [1;30mLevel 5[0m set package 'clearpath_config' build argument 'cmake_target' from command line to 'None'
[0.413s] [34mcolcon.colcon_core.verb[0m [1;30mLevel 5[0m set package 'clearpath_config' build argument 'cmake_target_skip_unavailable' from command line to 'False'
[0.413s] [34mcolcon.colcon_core.verb[0m [1;30mLevel 5[0m set package 'clearpath_config' build argument 'cmake_clean_cache' from command line to 'False'
[0.413s] [34mcolcon.colcon_core.verb[0m [1;30mLevel 5[0m set package 'clearpath_config' build argument 'cmake_clean_first' from command line to 'False'
[0.413s] [34mcolcon.colcon_core.verb[0m [1;30mLevel 5[0m set package 'clearpath_config' build argument 'cmake_force_configure' from command line to 'False'
[0.413s] [34mcolcon.colcon_core.verb[0m [1;30mLevel 5[0m set package 'clearpath_config' build argument 'ament_cmake_args' from command line to 'None'
[0.413s] [34mcolcon.colcon_core.verb[0m [1;30mLevel 5[0m set package 'clearpath_config' build argument 'catkin_cmake_args' from command line to 'None'
[0.413s] [34mcolcon.colcon_core.verb[0m [1;30mLevel 5[0m set package 'clearpath_config' build argument 'catkin_skip_building_tests' from command line to 'False'
[0.413s] [34mcolcon.colcon_core.verb[0m [1;30mDEBUG[0m [32mBuilding package 'clearpath_config' with the following arguments: {'ament_cmake_args': None, 'build_base': '/home/robot/debug_clear_ws/build/clearpath_config', 'catkin_cmake_args': None, 'catkin_skip_building_tests': False, 'cmake_args': None, 'cmake_clean_cache': False, 'cmake_clean_first': False, 'cmake_force_configure': False, 'cmake_target': None, 'cmake_target_skip_unavailable': False, 'install_base': '/home/robot/debug_clear_ws/install/clearpath_config', 'merge_install': False, 'path': '/home/robot/debug_clear_ws/src/clearpath_config', 'symlink_install': False, 'test_result_base': None}[0m
[0.413s] [34mcolcon.colcon_core.verb[0m [1;30mLevel 5[0m set package 'clearpath_control' build argument 'cmake_args' from command line to 'None'
[0.413s] [34mcolcon.colcon_core.verb[0m [1;30mLevel 5[0m set package 'clearpath_control' build argument 'cmake_target' from command line to 'None'
[0.413s] [34mcolcon.colcon_core.verb[0m [1;30mLevel 5[0m set package 'clearpath_control' build argument 'cmake_target_skip_unavailable' from command line to 'False'
[0.413s] [34mcolcon.colcon_core.verb[0m [1;30mLevel 5[0m set package 'clearpath_control' build argument 'cmake_clean_cache' from command line to 'False'
[0.413s] [34mcolcon.colcon_core.verb[0m [1;30mLevel 5[0m set package 'clearpath_control' build argument 'cmake_clean_first' from command line to 'False'
[0.413s] [34mcolcon.colcon_core.verb[0m [1;30mLevel 5[0m set package 'clearpath_control' build argument 'cmake_force_configure' from command line to 'False'
[0.413s] [34mcolcon.colcon_core.verb[0m [1;30mLevel 5[0m set package 'clearpath_control' build argument 'ament_cmake_args' from command line to 'None'
[0.413s] [34mcolcon.colcon_core.verb[0m [1;30mLevel 5[0m set package 'clearpath_control' build argument 'catkin_cmake_args' from command line to 'None'
[0.413s] [34mcolcon.colcon_core.verb[0m [1;30mLevel 5[0m set package 'clearpath_control' build argument 'catkin_skip_building_tests' from command line to 'False'
[0.413s] [34mcolcon.colcon_core.verb[0m [1;30mDEBUG[0m [32mBuilding package 'clearpath_control' with the following arguments: {'ament_cmake_args': None, 'build_base': '/home/robot/debug_clear_ws/build/clearpath_control', 'catkin_cmake_args': None, 'catkin_skip_building_tests': False, 'cmake_args': None, 'cmake_clean_cache': False, 'cmake_clean_first': False, 'cmake_force_configure': False, 'cmake_target': None, 'cmake_target_skip_unavailable': False, 'install_base': '/home/robot/debug_clear_ws/install/clearpath_control', 'merge_install': False, 'path': '/home/robot/debug_clear_ws/src/clearpath_common/clearpath_control', 'symlink_install': False, 'test_result_base': None}[0m
[0.414s] [34mcolcon.colcon_core.verb[0m [1;30mLevel 5[0m set package 'clearpath_customization' build argument 'cmake_args' from command line to 'None'
[0.414s] [34mcolcon.colcon_core.verb[0m [1;30mLevel 5[0m set package 'clearpath_customization' build argument 'cmake_target' from command line to 'None'
[0.414s] [34mcolcon.colcon_core.verb[0m [1;30mLevel 5[0m set package 'clearpath_customization' build argument 'cmake_target_skip_unavailable' from command line to 'False'
[0.414s] [34mcolcon.colcon_core.verb[0m [1;30mLevel 5[0m set package 'clearpath_customization' build argument 'cmake_clean_cache' from command line to 'False'
[0.414s] [34mcolcon.colcon_core.verb[0m [1;30mLevel 5[0m set package 'clearpath_customization' build argument 'cmake_clean_first' from command line to 'False'
[0.414s] [34mcolcon.colcon_core.verb[0m [1;30mLevel 5[0m set package 'clearpath_customization' build argument 'cmake_force_configure' from command line to 'False'
[0.414s] [34mcolcon.colcon_core.verb[0m [1;30mLevel 5[0m set package 'clearpath_customization' build argument 'ament_cmake_args' from command line to 'None'
[0.414s] [34mcolcon.colcon_core.verb[0m [1;30mLevel 5[0m set package 'clearpath_customization' build argument 'catkin_cmake_args' from command line to 'None'
[0.414s] [34mcolcon.colcon_core.verb[0m [1;30mLevel 5[0m set package 'clearpath_customization' build argument 'catkin_skip_building_tests' from command line to 'False'
[0.414s] [34mcolcon.colcon_core.verb[0m [1;30mDEBUG[0m [32mBuilding package 'clearpath_customization' with the following arguments: {'ament_cmake_args': None, 'build_base': '/home/robot/debug_clear_ws/build/clearpath_customization', 'catkin_cmake_args': None, 'catkin_skip_building_tests': False, 'cmake_args': None, 'cmake_clean_cache': False, 'cmake_clean_first': False, 'cmake_force_configure': False, 'cmake_target': None, 'cmake_target_skip_unavailable': False, 'install_base': '/home/robot/debug_clear_ws/install/clearpath_customization', 'merge_install': False, 'path': '/home/robot/debug_clear_ws/src/clearpath_common/clearpath_customization', 'symlink_install': False, 'test_result_base': None}[0m
[0.414s] [34mcolcon.colcon_core.verb[0m [1;30mLevel 5[0m set package 'clearpath_manipulators_description' build argument 'cmake_args' from command line to 'None'
[0.414s] [34mcolcon.colcon_core.verb[0m [1;30mLevel 5[0m set package 'clearpath_manipulators_description' build argument 'cmake_target' from command line to 'None'
[0.414s] [34mcolcon.colcon_core.verb[0m [1;30mLevel 5[0m set package 'clearpath_manipulators_description' build argument 'cmake_target_skip_unavailable' from command line to 'False'
[0.414s] [34mcolcon.colcon_core.verb[0m [1;30mLevel 5[0m set package 'clearpath_manipulators_description' build argument 'cmake_clean_cache' from command line to 'False'
[0.414s] [34mcolcon.colcon_core.verb[0m [1;30mLevel 5[0m set package 'clearpath_manipulators_description' build argument 'cmake_clean_first' from command line to 'False'
[0.414s] [34mcolcon.colcon_core.verb[0m [1;30mLevel 5[0m set package 'clearpath_manipulators_description' build argument 'cmake_force_configure' from command line to 'False'
[0.414s] [34mcolcon.colcon_core.verb[0m [1;30mLevel 5[0m set package 'clearpath_manipulators_description' build argument 'ament_cmake_args' from command line to 'None'
[0.414s] [34mcolcon.colcon_core.verb[0m [1;30mLevel 5[0m set package 'clearpath_manipulators_description' build argument 'catkin_cmake_args' from command line to 'None'
[0.414s] [34mcolcon.colcon_core.verb[0m [1;30mLevel 5[0m set package 'clearpath_manipulators_description' build argument 'catkin_skip_building_tests' from command line to 'False'
[0.414s] [34mcolcon.colcon_core.verb[0m [1;30mDEBUG[0m [32mBuilding package 'clearpath_manipulators_description' with the following arguments: {'ament_cmake_args': None, 'build_base': '/home/robot/debug_clear_ws/build/clearpath_manipulators_description', 'catkin_cmake_args': None, 'catkin_skip_building_tests': False, 'cmake_args': None, 'cmake_clean_cache': False, 'cmake_clean_first': False, 'cmake_force_configure': False, 'cmake_target': None, 'cmake_target_skip_unavailable': False, 'install_base': '/home/robot/debug_clear_ws/install/clearpath_manipulators_description', 'merge_install': False, 'path': '/home/robot/debug_clear_ws/src/clearpath_common/clearpath_manipulators_description', 'symlink_install': False, 'test_result_base': None}[0m
[0.415s] [34mcolcon.colcon_core.verb[0m [1;30mLevel 5[0m set package 'clearpath_mounts_description' build argument 'cmake_args' from command line to 'None'
[0.415s] [34mcolcon.colcon_core.verb[0m [1;30mLevel 5[0m set package 'clearpath_mounts_description' build argument 'cmake_target' from command line to 'None'
[0.415s] [34mcolcon.colcon_core.verb[0m [1;30mLevel 5[0m set package 'clearpath_mounts_description' build argument 'cmake_target_skip_unavailable' from command line to 'False'
[0.415s] [34mcolcon.colcon_core.verb[0m [1;30mLevel 5[0m set package 'clearpath_mounts_description' build argument 'cmake_clean_cache' from command line to 'False'
[0.415s] [34mcolcon.colcon_core.verb[0m [1;30mLevel 5[0m set package 'clearpath_mounts_description' build argument 'cmake_clean_first' from command line to 'False'
[0.415s] [34mcolcon.colcon_core.verb[0m [1;30mLevel 5[0m set package 'clearpath_mounts_description' build argument 'cmake_force_configure' from command line to 'False'
[0.415s] [34mcolcon.colcon_core.verb[0m [1;30mLevel 5[0m set package 'clearpath_mounts_description' build argument 'ament_cmake_args' from command line to 'None'
[0.415s] [34mcolcon.colcon_core.verb[0m [1;30mLevel 5[0m set package 'clearpath_mounts_description' build argument 'catkin_cmake_args' from command line to 'None'
[0.415s] [34mcolcon.colcon_core.verb[0m [1;30mLevel 5[0m set package 'clearpath_mounts_description' build argument 'catkin_skip_building_tests' from command line to 'False'
[0.415s] [34mcolcon.colcon_core.verb[0m [1;30mDEBUG[0m [32mBuilding package 'clearpath_mounts_description' with the following arguments: {'ament_cmake_args': None, 'build_base': '/home/robot/debug_clear_ws/build/clearpath_mounts_description', 'catkin_cmake_args': None, 'catkin_skip_building_tests': False, 'cmake_args': None, 'cmake_clean_cache': False, 'cmake_clean_first': False, 'cmake_force_configure': False, 'cmake_target': None, 'cmake_target_skip_unavailable': False, 'install_base': '/home/robot/debug_clear_ws/install/clearpath_mounts_description', 'merge_install': False, 'path': '/home/robot/debug_clear_ws/src/clearpath_common/clearpath_mounts_description', 'symlink_install': False, 'test_result_base': None}[0m
[0.415s] [34mcolcon.colcon_core.verb[0m [1;30mLevel 5[0m set package 'clearpath_platform_description' build argument 'cmake_args' from command line to 'None'
[0.415s] [34mcolcon.colcon_core.verb[0m [1;30mLevel 5[0m set package 'clearpath_platform_description' build argument 'cmake_target' from command line to 'None'
[0.415s] [34mcolcon.colcon_core.verb[0m [1;30mLevel 5[0m set package 'clearpath_platform_description' build argument 'cmake_target_skip_unavailable' from command line to 'False'
[0.415s] [34mcolcon.colcon_core.verb[0m [1;30mLevel 5[0m set package 'clearpath_platform_description' build argument 'cmake_clean_cache' from command line to 'False'
[0.415s] [34mcolcon.colcon_core.verb[0m [1;30mLevel 5[0m set package 'clearpath_platform_description' build argument 'cmake_clean_first' from command line to 'False'
[0.415s] [34mcolcon.colcon_core.verb[0m [1;30mLevel 5[0m set package 'clearpath_platform_description' build argument 'cmake_force_configure' from command line to 'False'
[0.415s] [34mcolcon.colcon_core.verb[0m [1;30mLevel 5[0m set package 'clearpath_platform_description' build argument 'ament_cmake_args' from command line to 'None'
[0.415s] [34mcolcon.colcon_core.verb[0m [1;30mLevel 5[0m set package 'clearpath_platform_description' build argument 'catkin_cmake_args' from command line to 'None'
[0.415s] [34mcolcon.colcon_core.verb[0m [1;30mLevel 5[0m set package 'clearpath_platform_description' build argument 'catkin_skip_building_tests' from command line to 'False'
[0.415s] [34mcolcon.colcon_core.verb[0m [1;30mDEBUG[0m [32mBuilding package 'clearpath_platform_description' with the following arguments: {'ament_cmake_args': None, 'build_base': '/home/robot/debug_clear_ws/build/clearpath_platform_description', 'catkin_cmake_args': None, 'catkin_skip_building_tests': False, 'cmake_args': None, 'cmake_clean_cache': False, 'cmake_clean_first': False, 'cmake_force_configure': False, 'cmake_target': None, 'cmake_target_skip_unavailable': False, 'install_base': '/home/robot/debug_clear_ws/install/clearpath_platform_description', 'merge_install': False, 'path': '/home/robot/debug_clear_ws/src/clearpath_common/clearpath_platform_description', 'symlink_install': False, 'test_result_base': None}[0m
[0.416s] [34mcolcon.colcon_core.verb[0m [1;30mLevel 5[0m set package 'clearpath_platform_msgs' build argument 'cmake_args' from command line to 'None'
[0.416s] [34mcolcon.colcon_core.verb[0m [1;30mLevel 5[0m set package 'clearpath_platform_msgs' build argument 'cmake_target' from command line to 'None'
[0.416s] [34mcolcon.colcon_core.verb[0m [1;30mLevel 5[0m set package 'clearpath_platform_msgs' build argument 'cmake_target_skip_unavailable' from command line to 'False'
[0.416s] [34mcolcon.colcon_core.verb[0m [1;30mLevel 5[0m set package 'clearpath_platform_msgs' build argument 'cmake_clean_cache' from command line to 'False'
[0.416s] [34mcolcon.colcon_core.verb[0m [1;30mLevel 5[0m set package 'clearpath_platform_msgs' build argument 'cmake_clean_first' from command line to 'False'
[0.416s] [34mcolcon.colcon_core.verb[0m [1;30mLevel 5[0m set package 'clearpath_platform_msgs' build argument 'cmake_force_configure' from command line to 'False'
[0.416s] [34mcolcon.colcon_core.verb[0m [1;30mLevel 5[0m set package 'clearpath_platform_msgs' build argument 'ament_cmake_args' from command line to 'None'
[0.416s] [34mcolcon.colcon_core.verb[0m [1;30mLevel 5[0m set package 'clearpath_platform_msgs' build argument 'catkin_cmake_args' from command line to 'None'
[0.416s] [34mcolcon.colcon_core.verb[0m [1;30mLevel 5[0m set package 'clearpath_platform_msgs' build argument 'catkin_skip_building_tests' from command line to 'False'
[0.416s] [34mcolcon.colcon_core.verb[0m [1;30mDEBUG[0m [32mBuilding package 'clearpath_platform_msgs' with the following arguments: {'ament_cmake_args': None, 'build_base': '/home/robot/debug_clear_ws/build/clearpath_platform_msgs', 'catkin_cmake_args': None, 'catkin_skip_building_tests': False, 'cmake_args': None, 'cmake_clean_cache': False, 'cmake_clean_first': False, 'cmake_force_configure': False, 'cmake_target': None, 'cmake_target_skip_unavailable': False, 'install_base': '/home/robot/debug_clear_ws/install/clearpath_platform_msgs', 'merge_install': False, 'path': '/home/robot/debug_clear_ws/src/clearpath_msgs/clearpath_platform_msgs', 'symlink_install': False, 'test_result_base': None}[0m
[0.416s] [34mcolcon.colcon_core.verb[0m [1;30mLevel 5[0m set package 'clearpath_sensors_description' build argument 'cmake_args' from command line to 'None'
[0.416s] [34mcolcon.colcon_core.verb[0m [1;30mLevel 5[0m set package 'clearpath_sensors_description' build argument 'cmake_target' from command line to 'None'
[0.416s] [34mcolcon.colcon_core.verb[0m [1;30mLevel 5[0m set package 'clearpath_sensors_description' build argument 'cmake_target_skip_unavailable' from command line to 'False'
[0.416s] [34mcolcon.colcon_core.verb[0m [1;30mLevel 5[0m set package 'clearpath_sensors_description' build argument 'cmake_clean_cache' from command line to 'False'
[0.416s] [34mcolcon.colcon_core.verb[0m [1;30mLevel 5[0m set package 'clearpath_sensors_description' build argument 'cmake_clean_first' from command line to 'False'
[0.416s] [34mcolcon.colcon_core.verb[0m [1;30mLevel 5[0m set package 'clearpath_sensors_description' build argument 'cmake_force_configure' from command line to 'False'
[0.416s] [34mcolcon.colcon_core.verb[0m [1;30mLevel 5[0m set package 'clearpath_sensors_description' build argument 'ament_cmake_args' from command line to 'None'
[0.416s] [34mcolcon.colcon_core.verb[0m [1;30mLevel 5[0m set package 'clearpath_sensors_description' build argument 'catkin_cmake_args' from command line to 'None'
[0.416s] [34mcolcon.colcon_core.verb[0m [1;30mLevel 5[0m set package 'clearpath_sensors_description' build argument 'catkin_skip_building_tests' from command line to 'False'
[0.416s] [34mcolcon.colcon_core.verb[0m [1;30mDEBUG[0m [32mBuilding package 'clearpath_sensors_description' with the following arguments: {'ament_cmake_args': None, 'build_base': '/home/robot/debug_clear_ws/build/clearpath_sensors_description', 'catkin_cmake_args': None, 'catkin_skip_building_tests': False, 'cmake_args': None, 'cmake_clean_cache': False, 'cmake_clean_first': False, 'cmake_force_configure': False, 'cmake_target': None, 'cmake_target_skip_unavailable': False, 'install_base': '/home/robot/debug_clear_ws/install/clearpath_sensors_description', 'merge_install': False, 'path': '/home/robot/debug_clear_ws/src/clearpath_common/clearpath_sensors_description', 'symlink_install': False, 'test_result_base': None}[0m
[0.417s] [34mcolcon.colcon_core.verb[0m [1;30mLevel 5[0m set package 'yolov8_msgs' build argument 'cmake_args' from command line to 'None'
[0.417s] [34mcolcon.colcon_core.verb[0m [1;30mLevel 5[0m set package 'yolov8_msgs' build argument 'cmake_target' from command line to 'None'
[0.417s] [34mcolcon.colcon_core.verb[0m [1;30mLevel 5[0m set package 'yolov8_msgs' build argument 'cmake_target_skip_unavailable' from command line to 'False'
[0.417s] [34mcolcon.colcon_core.verb[0m [1;30mLevel 5[0m set package 'yolov8_msgs' build argument 'cmake_clean_cache' from command line to 'False'
[0.417s] [34mcolcon.colcon_core.verb[0m [1;30mLevel 5[0m set package 'yolov8_msgs' build argument 'cmake_clean_first' from command line to 'False'
[0.417s] [34mcolcon.colcon_core.verb[0m [1;30mLevel 5[0m set package 'yolov8_msgs' build argument 'cmake_force_configure' from command line to 'False'
[0.417s] [34mcolcon.colcon_core.verb[0m [1;30mLevel 5[0m set package 'yolov8_msgs' build argument 'ament_cmake_args' from command line to 'None'
[0.417s] [34mcolcon.colcon_core.verb[0m [1;30mLevel 5[0m set package 'yolov8_msgs' build argument 'catkin_cmake_args' from command line to 'None'
[0.417s] [34mcolcon.colcon_core.verb[0m [1;30mLevel 5[0m set package 'yolov8_msgs' build argument 'catkin_skip_building_tests' from command line to 'False'
[0.417s] [34mcolcon.colcon_core.verb[0m [1;30mDEBUG[0m [32mBuilding package 'yolov8_msgs' with the following arguments: {'ament_cmake_args': None, 'build_base': '/home/robot/debug_clear_ws/build/yolov8_msgs', 'catkin_cmake_args': None, 'catkin_skip_building_tests': False, 'cmake_args': None, 'cmake_clean_cache': False, 'cmake_clean_first': False, 'cmake_force_configure': False, 'cmake_target': None, 'cmake_target_skip_unavailable': False, 'install_base': '/home/robot/debug_clear_ws/install/yolov8_msgs', 'merge_install': False, 'path': '/home/robot/debug_clear_ws/src/yolov8_ros/yolov8_msgs', 'symlink_install': False, 'test_result_base': None}[0m
[0.417s] [34mcolcon.colcon_core.verb[0m [1;30mLevel 5[0m set package 'clearpath_description' build argument 'cmake_args' from command line to 'None'
[0.417s] [34mcolcon.colcon_core.verb[0m [1;30mLevel 5[0m set package 'clearpath_description' build argument 'cmake_target' from command line to 'None'
[0.417s] [34mcolcon.colcon_core.verb[0m [1;30mLevel 5[0m set package 'clearpath_description' build argument 'cmake_target_skip_unavailable' from command line to 'False'
[0.417s] [34mcolcon.colcon_core.verb[0m [1;30mLevel 5[0m set package 'clearpath_description' build argument 'cmake_clean_cache' from command line to 'False'
[0.417s] [34mcolcon.colcon_core.verb[0m [1;30mLevel 5[0m set package 'clearpath_description' build argument 'cmake_clean_first' from command line to 'False'
[0.417s] [34mcolcon.colcon_core.verb[0m [1;30mLevel 5[0m set package 'clearpath_description' build argument 'cmake_force_configure' from command line to 'False'
[0.417s] [34mcolcon.colcon_core.verb[0m [1;30mLevel 5[0m set package 'clearpath_description' build argument 'ament_cmake_args' from command line to 'None'
[0.417s] [34mcolcon.colcon_core.verb[0m [1;30mLevel 5[0m set package 'clearpath_description' build argument 'catkin_cmake_args' from command line to 'None'
[0.417s] [34mcolcon.colcon_core.verb[0m [1;30mLevel 5[0m set package 'clearpath_description' build argument 'catkin_skip_building_tests' from command line to 'False'
[0.417s] [34mcolcon.colcon_core.verb[0m [1;30mDEBUG[0m [32mBuilding package 'clearpath_description' with the following arguments: {'ament_cmake_args': None, 'build_base': '/home/robot/debug_clear_ws/build/clearpath_description', 'catkin_cmake_args': None, 'catkin_skip_building_tests': False, 'cmake_args': None, 'cmake_clean_cache': False, 'cmake_clean_first': False, 'cmake_force_configure': False, 'cmake_target': None, 'cmake_target_skip_unavailable': False, 'install_base': '/home/robot/debug_clear_ws/install/clearpath_description', 'merge_install': False, 'path': '/home/robot/debug_clear_ws/src/clearpath_common/clearpath_description', 'symlink_install': False, 'test_result_base': None}[0m
[0.418s] [34mcolcon.colcon_core.verb[0m [1;30mLevel 5[0m set package 'clearpath_manipulators' build argument 'cmake_args' from command line to 'None'
[0.418s] [34mcolcon.colcon_core.verb[0m [1;30mLevel 5[0m set package 'clearpath_manipulators' build argument 'cmake_target' from command line to 'None'
[0.418s] [34mcolcon.colcon_core.verb[0m [1;30mLevel 5[0m set package 'clearpath_manipulators' build argument 'cmake_target_skip_unavailable' from command line to 'False'
[0.418s] [34mcolcon.colcon_core.verb[0m [1;30mLevel 5[0m set package 'clearpath_manipulators' build argument 'cmake_clean_cache' from command line to 'False'
[0.418s] [34mcolcon.colcon_core.verb[0m [1;30mLevel 5[0m set package 'clearpath_manipulators' build argument 'cmake_clean_first' from command line to 'False'
[0.418s] [34mcolcon.colcon_core.verb[0m [1;30mLevel 5[0m set package 'clearpath_manipulators' build argument 'cmake_force_configure' from command line to 'False'
[0.418s] [34mcolcon.colcon_core.verb[0m [1;30mLevel 5[0m set package 'clearpath_manipulators' build argument 'ament_cmake_args' from command line to 'None'
[0.418s] [34mcolcon.colcon_core.verb[0m [1;30mLevel 5[0m set package 'clearpath_manipulators' build argument 'catkin_cmake_args' from command line to 'None'
[0.418s] [34mcolcon.colcon_core.verb[0m [1;30mLevel 5[0m set package 'clearpath_manipulators' build argument 'catkin_skip_building_tests' from command line to 'False'
[0.418s] [34mcolcon.colcon_core.verb[0m [1;30mDEBUG[0m [32mBuilding package 'clearpath_manipulators' with the following arguments: {'ament_cmake_args': None, 'build_base': '/home/robot/debug_clear_ws/build/clearpath_manipulators', 'catkin_cmake_args': None, 'catkin_skip_building_tests': False, 'cmake_args': None, 'cmake_clean_cache': False, 'cmake_clean_first': False, 'cmake_force_configure': False, 'cmake_target': None, 'cmake_target_skip_unavailable': False, 'install_base': '/home/robot/debug_clear_ws/install/clearpath_manipulators', 'merge_install': False, 'path': '/home/robot/debug_clear_ws/src/clearpath_common/clearpath_manipulators', 'symlink_install': False, 'test_result_base': None}[0m
[0.418s] [34mcolcon.colcon_core.verb[0m [1;30mLevel 5[0m set package 'clearpath_msgs' build argument 'cmake_args' from command line to 'None'
[0.418s] [34mcolcon.colcon_core.verb[0m [1;30mLevel 5[0m set package 'clearpath_msgs' build argument 'cmake_target' from command line to 'None'
[0.418s] [34mcolcon.colcon_core.verb[0m [1;30mLevel 5[0m set package 'clearpath_msgs' build argument 'cmake_target_skip_unavailable' from command line to 'False'
[0.418s] [34mcolcon.colcon_core.verb[0m [1;30mLevel 5[0m set package 'clearpath_msgs' build argument 'cmake_clean_cache' from command line to 'False'
[0.418s] [34mcolcon.colcon_core.verb[0m [1;30mLevel 5[0m set package 'clearpath_msgs' build argument 'cmake_clean_first' from command line to 'False'
[0.418s] [34mcolcon.colcon_core.verb[0m [1;30mLevel 5[0m set package 'clearpath_msgs' build argument 'cmake_force_configure' from command line to 'False'
[0.418s] [34mcolcon.colcon_core.verb[0m [1;30mLevel 5[0m set package 'clearpath_msgs' build argument 'ament_cmake_args' from command line to 'None'
[0.418s] [34mcolcon.colcon_core.verb[0m [1;30mLevel 5[0m set package 'clearpath_msgs' build argument 'catkin_cmake_args' from command line to 'None'
[0.418s] [34mcolcon.colcon_core.verb[0m [1;30mLevel 5[0m set package 'clearpath_msgs' build argument 'catkin_skip_building_tests' from command line to 'False'
[0.418s] [34mcolcon.colcon_core.verb[0m [1;30mDEBUG[0m [32mBuilding package 'clearpath_msgs' with the following arguments: {'ament_cmake_args': None, 'build_base': '/home/robot/debug_clear_ws/build/clearpath_msgs', 'catkin_cmake_args': None, 'catkin_skip_building_tests': False, 'cmake_args': None, 'cmake_clean_cache': False, 'cmake_clean_first': False, 'cmake_force_configure': False, 'cmake_target': None, 'cmake_target_skip_unavailable': False, 'install_base': '/home/robot/debug_clear_ws/install/clearpath_msgs', 'merge_install': False, 'path': '/home/robot/debug_clear_ws/src/clearpath_msgs/clearpath_msgs', 'symlink_install': False, 'test_result_base': None}[0m
[0.419s] [34mcolcon.colcon_core.verb[0m [1;30mLevel 5[0m set package 'clearpath_platform' build argument 'cmake_args' from command line to 'None'
[0.419s] [34mcolcon.colcon_core.verb[0m [1;30mLevel 5[0m set package 'clearpath_platform' build argument 'cmake_target' from command line to 'None'
[0.419s] [34mcolcon.colcon_core.verb[0m [1;30mLevel 5[0m set package 'clearpath_platform' build argument 'cmake_target_skip_unavailable' from command line to 'False'
[0.419s] [34mcolcon.colcon_core.verb[0m [1;30mLevel 5[0m set package 'clearpath_platform' build argument 'cmake_clean_cache' from command line to 'False'
[0.419s] [34mcolcon.colcon_core.verb[0m [1;30mLevel 5[0m set package 'clearpath_platform' build argument 'cmake_clean_first' from command line to 'False'
[0.419s] [34mcolcon.colcon_core.verb[0m [1;30mLevel 5[0m set package 'clearpath_platform' build argument 'cmake_force_configure' from command line to 'False'
[0.419s] [34mcolcon.colcon_core.verb[0m [1;30mLevel 5[0m set package 'clearpath_platform' build argument 'ament_cmake_args' from command line to 'None'
[0.419s] [34mcolcon.colcon_core.verb[0m [1;30mLevel 5[0m set package 'clearpath_platform' build argument 'catkin_cmake_args' from command line to 'None'
[0.419s] [34mcolcon.colcon_core.verb[0m [1;30mLevel 5[0m set package 'clearpath_platform' build argument 'catkin_skip_building_tests' from command line to 'False'
[0.419s] [34mcolcon.colcon_core.verb[0m [1;30mDEBUG[0m [32mBuilding package 'clearpath_platform' with the following arguments: {'ament_cmake_args': None, 'build_base': '/home/robot/debug_clear_ws/build/clearpath_platform', 'catkin_cmake_args': None, 'catkin_skip_building_tests': False, 'cmake_args': None, 'cmake_clean_cache': False, 'cmake_clean_first': False, 'cmake_force_configure': False, 'cmake_target': None, 'cmake_target_skip_unavailable': False, 'install_base': '/home/robot/debug_clear_ws/install/clearpath_platform', 'merge_install': False, 'path': '/home/robot/debug_clear_ws/src/clearpath_common/clearpath_platform', 'symlink_install': False, 'test_result_base': None}[0m
[0.419s] [34mcolcon.colcon_core.verb[0m [1;30mLevel 5[0m set package 'yolov8_ros' build argument 'cmake_args' from command line to 'None'
[0.419s] [34mcolcon.colcon_core.verb[0m [1;30mLevel 5[0m set package 'yolov8_ros' build argument 'cmake_target' from command line to 'None'
[0.419s] [34mcolcon.colcon_core.verb[0m [1;30mLevel 5[0m set package 'yolov8_ros' build argument 'cmake_target_skip_unavailable' from command line to 'False'
[0.419s] [34mcolcon.colcon_core.verb[0m [1;30mLevel 5[0m set package 'yolov8_ros' build argument 'cmake_clean_cache' from command line to 'False'
[0.419s] [34mcolcon.colcon_core.verb[0m [1;30mLevel 5[0m set package 'yolov8_ros' build argument 'cmake_clean_first' from command line to 'False'
[0.419s] [34mcolcon.colcon_core.verb[0m [1;30mLevel 5[0m set package 'yolov8_ros' build argument 'cmake_force_configure' from command line to 'False'
[0.419s] [34mcolcon.colcon_core.verb[0m [1;30mLevel 5[0m set package 'yolov8_ros' build argument 'ament_cmake_args' from command line to 'None'
[0.419s] [34mcolcon.colcon_core.verb[0m [1;30mLevel 5[0m set package 'yolov8_ros' build argument 'catkin_cmake_args' from command line to 'None'
[0.419s] [34mcolcon.colcon_core.verb[0m [1;30mLevel 5[0m set package 'yolov8_ros' build argument 'catkin_skip_building_tests' from command line to 'False'
[0.419s] [34mcolcon.colcon_core.verb[0m [1;30mDEBUG[0m [32mBuilding package 'yolov8_ros' with the following arguments: {'ament_cmake_args': None, 'build_base': '/home/robot/debug_clear_ws/build/yolov8_ros', 'catkin_cmake_args': None, 'catkin_skip_building_tests': False, 'cmake_args': None, 'cmake_clean_cache': False, 'cmake_clean_first': False, 'cmake_force_configure': False, 'cmake_target': None, 'cmake_target_skip_unavailable': False, 'install_base': '/home/robot/debug_clear_ws/install/yolov8_ros', 'merge_install': False, 'path': '/home/robot/debug_clear_ws/src/yolov8_ros/yolov8_ros', 'symlink_install': False, 'test_result_base': None}[0m
[0.420s] [34mcolcon.colcon_core.verb[0m [1;30mLevel 5[0m set package 'clearpath_generator_common' build argument 'cmake_args' from command line to 'None'
[0.420s] [34mcolcon.colcon_core.verb[0m [1;30mLevel 5[0m set package 'clearpath_generator_common' build argument 'cmake_target' from command line to 'None'
[0.420s] [34mcolcon.colcon_core.verb[0m [1;30mLevel 5[0m set package 'clearpath_generator_common' build argument 'cmake_target_skip_unavailable' from command line to 'False'
[0.420s] [34mcolcon.colcon_core.verb[0m [1;30mLevel 5[0m set package 'clearpath_generator_common' build argument 'cmake_clean_cache' from command line to 'False'
[0.420s] [34mcolcon.colcon_core.verb[0m [1;30mLevel 5[0m set package 'clearpath_generator_common' build argument 'cmake_clean_first' from command line to 'False'
[0.420s] [34mcolcon.colcon_core.verb[0m [1;30mLevel 5[0m set package 'clearpath_generator_common' build argument 'cmake_force_configure' from command line to 'False'
[0.420s] [34mcolcon.colcon_core.verb[0m [1;30mLevel 5[0m set package 'clearpath_generator_common' build argument 'ament_cmake_args' from command line to 'None'
[0.420s] [34mcolcon.colcon_core.verb[0m [1;30mLevel 5[0m set package 'clearpath_generator_common' build argument 'catkin_cmake_args' from command line to 'None'
[0.420s] [34mcolcon.colcon_core.verb[0m [1;30mLevel 5[0m set package 'clearpath_generator_common' build argument 'catkin_skip_building_tests' from command line to 'False'
[0.420s] [34mcolcon.colcon_core.verb[0m [1;30mDEBUG[0m [32mBuilding package 'clearpath_generator_common' with the following arguments: {'ament_cmake_args': None, 'build_base': '/home/robot/debug_clear_ws/build/clearpath_generator_common', 'catkin_cmake_args': None, 'catkin_skip_building_tests': False, 'cmake_args': None, 'cmake_clean_cache': False, 'cmake_clean_first': False, 'cmake_force_configure': False, 'cmake_target': None, 'cmake_target_skip_unavailable': False, 'install_base': '/home/robot/debug_clear_ws/install/clearpath_generator_common', 'merge_install': False, 'path': '/home/robot/debug_clear_ws/src/clearpath_common/clearpath_generator_common', 'symlink_install': False, 'test_result_base': None}[0m
[0.420s] [34mcolcon.colcon_core.verb[0m [1;30mLevel 5[0m set package 'yolov8_bringup' build argument 'cmake_args' from command line to 'None'
[0.420s] [34mcolcon.colcon_core.verb[0m [1;30mLevel 5[0m set package 'yolov8_bringup' build argument 'cmake_target' from command line to 'None'
[0.420s] [34mcolcon.colcon_core.verb[0m [1;30mLevel 5[0m set package 'yolov8_bringup' build argument 'cmake_target_skip_unavailable' from command line to 'False'
[0.420s] [34mcolcon.colcon_core.verb[0m [1;30mLevel 5[0m set package 'yolov8_bringup' build argument 'cmake_clean_cache' from command line to 'False'
[0.420s] [34mcolcon.colcon_core.verb[0m [1;30mLevel 5[0m set package 'yolov8_bringup' build argument 'cmake_clean_first' from command line to 'False'
[0.420s] [34mcolcon.colcon_core.verb[0m [1;30mLevel 5[0m set package 'yolov8_bringup' build argument 'cmake_force_configure' from command line to 'False'
[0.420s] [34mcolcon.colcon_core.verb[0m [1;30mLevel 5[0m set package 'yolov8_bringup' build argument 'ament_cmake_args' from command line to 'None'
[0.420s] [34mcolcon.colcon_core.verb[0m [1;30mLevel 5[0m set package 'yolov8_bringup' build argument 'catkin_cmake_args' from command line to 'None'
[0.420s] [34mcolcon.colcon_core.verb[0m [1;30mLevel 5[0m set package 'yolov8_bringup' build argument 'catkin_skip_building_tests' from command line to 'False'
[0.420s] [34mcolcon.colcon_core.verb[0m [1;30mDEBUG[0m [32mBuilding package 'yolov8_bringup' with the following arguments: {'ament_cmake_args': None, 'build_base': '/home/robot/debug_clear_ws/build/yolov8_bringup', 'catkin_cmake_args': None, 'catkin_skip_building_tests': False, 'cmake_args': None, 'cmake_clean_cache': False, 'cmake_clean_first': False, 'cmake_force_configure': False, 'cmake_target': None, 'cmake_target_skip_unavailable': False, 'install_base': '/home/robot/debug_clear_ws/install/yolov8_bringup', 'merge_install': False, 'path': '/home/robot/debug_clear_ws/src/yolov8_ros/yolov8_bringup', 'symlink_install': False, 'test_result_base': None}[0m
[0.421s] [34mcolcon.colcon_core.verb[0m [1;30mLevel 5[0m set package 'clearpath_common' build argument 'cmake_args' from command line to 'None'
[0.421s] [34mcolcon.colcon_core.verb[0m [1;30mLevel 5[0m set package 'clearpath_common' build argument 'cmake_target' from command line to 'None'
[0.421s] [34mcolcon.colcon_core.verb[0m [1;30mLevel 5[0m set package 'clearpath_common' build argument 'cmake_target_skip_unavailable' from command line to 'False'
[0.421s] [34mcolcon.colcon_core.verb[0m [1;30mLevel 5[0m set package 'clearpath_common' build argument 'cmake_clean_cache' from command line to 'False'
[0.421s] [34mcolcon.colcon_core.verb[0m [1;30mLevel 5[0m set package 'clearpath_common' build argument 'cmake_clean_first' from command line to 'False'
[0.421s] [34mcolcon.colcon_core.verb[0m [1;30mLevel 5[0m set package 'clearpath_common' build argument 'cmake_force_configure' from command line to 'False'
[0.421s] [34mcolcon.colcon_core.verb[0m [1;30mLevel 5[0m set package 'clearpath_common' build argument 'ament_cmake_args' from command line to 'None'
[0.421s] [34mcolcon.colcon_core.verb[0m [1;30mLevel 5[0m set package 'clearpath_common' build argument 'catkin_cmake_args' from command line to 'None'
[0.421s] [34mcolcon.colcon_core.verb[0m [1;30mLevel 5[0m set package 'clearpath_common' build argument 'catkin_skip_building_tests' from command line to 'False'
[0.421s] [34mcolcon.colcon_core.verb[0m [1;30mDEBUG[0m [32mBuilding package 'clearpath_common' with the following arguments: {'ament_cmake_args': None, 'build_base': '/home/robot/debug_clear_ws/build/clearpath_common', 'catkin_cmake_args': None, 'catkin_skip_building_tests': False, 'cmake_args': None, 'cmake_clean_cache': False, 'cmake_clean_first': False, 'cmake_force_configure': False, 'cmake_target': None, 'cmake_target_skip_unavailable': False, 'install_base': '/home/robot/debug_clear_ws/install/clearpath_common', 'merge_install': False, 'path': '/home/robot/debug_clear_ws/src/clearpath_common/clearpath_common', 'symlink_install': False, 'test_result_base': None}[0m
[0.421s] [34mcolcon.colcon_core.verb[0m [1;30mLevel 5[0m set package 'clearpath_generator_gz' build argument 'cmake_args' from command line to 'None'
[0.421s] [34mcolcon.colcon_core.verb[0m [1;30mLevel 5[0m set package 'clearpath_generator_gz' build argument 'cmake_target' from command line to 'None'
[0.421s] [34mcolcon.colcon_core.verb[0m [1;30mLevel 5[0m set package 'clearpath_generator_gz' build argument 'cmake_target_skip_unavailable' from command line to 'False'
[0.421s] [34mcolcon.colcon_core.verb[0m [1;30mLevel 5[0m set package 'clearpath_generator_gz' build argument 'cmake_clean_cache' from command line to 'False'
[0.421s] [34mcolcon.colcon_core.verb[0m [1;30mLevel 5[0m set package 'clearpath_generator_gz' build argument 'cmake_clean_first' from command line to 'False'
[0.421s] [34mcolcon.colcon_core.verb[0m [1;30mLevel 5[0m set package 'clearpath_generator_gz' build argument 'cmake_force_configure' from command line to 'False'
[0.421s] [34mcolcon.colcon_core.verb[0m [1;30mLevel 5[0m set package 'clearpath_generator_gz' build argument 'ament_cmake_args' from command line to 'None'
[0.421s] [34mcolcon.colcon_core.verb[0m [1;30mLevel 5[0m set package 'clearpath_generator_gz' build argument 'catkin_cmake_args' from command line to 'None'
[0.421s] [34mcolcon.colcon_core.verb[0m [1;30mLevel 5[0m set package 'clearpath_generator_gz' build argument 'catkin_skip_building_tests' from command line to 'False'
[0.421s] [34mcolcon.colcon_core.verb[0m [1;30mDEBUG[0m [32mBuilding package 'clearpath_generator_gz' with the following arguments: {'ament_cmake_args': None, 'build_base': '/home/robot/debug_clear_ws/build/clearpath_generator_gz', 'catkin_cmake_args': None, 'catkin_skip_building_tests': False, 'cmake_args': None, 'cmake_clean_cache': False, 'cmake_clean_first': False, 'cmake_force_configure': False, 'cmake_target': None, 'cmake_target_skip_unavailable': False, 'install_base': '/home/robot/debug_clear_ws/install/clearpath_generator_gz', 'merge_install': False, 'path': '/home/robot/debug_clear_ws/src/clearpath_simulator/clearpath_generator_gz', 'symlink_install': False, 'test_result_base': None}[0m
[0.422s] [34mcolcon.colcon_core.verb[0m [1;30mLevel 5[0m set package 'clearpath_gz' build argument 'cmake_args' from command line to 'None'
[0.422s] [34mcolcon.colcon_core.verb[0m [1;30mLevel 5[0m set package 'clearpath_gz' build argument 'cmake_target' from command line to 'None'
[0.422s] [34mcolcon.colcon_core.verb[0m [1;30mLevel 5[0m set package 'clearpath_gz' build argument 'cmake_target_skip_unavailable' from command line to 'False'
[0.422s] [34mcolcon.colcon_core.verb[0m [1;30mLevel 5[0m set package 'clearpath_gz' build argument 'cmake_clean_cache' from command line to 'False'
[0.422s] [34mcolcon.colcon_core.verb[0m [1;30mLevel 5[0m set package 'clearpath_gz' build argument 'cmake_clean_first' from command line to 'False'
[0.422s] [34mcolcon.colcon_core.verb[0m [1;30mLevel 5[0m set package 'clearpath_gz' build argument 'cmake_force_configure' from command line to 'False'
[0.422s] [34mcolcon.colcon_core.verb[0m [1;30mLevel 5[0m set package 'clearpath_gz' build argument 'ament_cmake_args' from command line to 'None'
[0.422s] [34mcolcon.colcon_core.verb[0m [1;30mLevel 5[0m set package 'clearpath_gz' build argument 'catkin_cmake_args' from command line to 'None'
[0.422s] [34mcolcon.colcon_core.verb[0m [1;30mLevel 5[0m set package 'clearpath_gz' build argument 'catkin_skip_building_tests' from command line to 'False'
[0.422s] [34mcolcon.colcon_core.verb[0m [1;30mDEBUG[0m [32mBuilding package 'clearpath_gz' with the following arguments: {'ament_cmake_args': None, 'build_base': '/home/robot/debug_clear_ws/build/clearpath_gz', 'catkin_cmake_args': None, 'catkin_skip_building_tests': False, 'cmake_args': None, 'cmake_clean_cache': False, 'cmake_clean_first': False, 'cmake_force_configure': False, 'cmake_target': None, 'cmake_target_skip_unavailable': False, 'install_base': '/home/robot/debug_clear_ws/install/clearpath_gz', 'merge_install': False, 'path': '/home/robot/debug_clear_ws/src/clearpath_simulator/clearpath_gz', 'symlink_install': False, 'test_result_base': None}[0m
[0.422s] [34mcolcon.colcon_core.verb[0m [1;30mLevel 5[0m set package 'clearpath_simulator' build argument 'cmake_args' from command line to 'None'
[0.422s] [34mcolcon.colcon_core.verb[0m [1;30mLevel 5[0m set package 'clearpath_simulator' build argument 'cmake_target' from command line to 'None'
[0.422s] [34mcolcon.colcon_core.verb[0m [1;30mLevel 5[0m set package 'clearpath_simulator' build argument 'cmake_target_skip_unavailable' from command line to 'False'
[0.422s] [34mcolcon.colcon_core.verb[0m [1;30mLevel 5[0m set package 'clearpath_simulator' build argument 'cmake_clean_cache' from command line to 'False'
[0.422s] [34mcolcon.colcon_core.verb[0m [1;30mLevel 5[0m set package 'clearpath_simulator' build argument 'cmake_clean_first' from command line to 'False'
[0.422s] [34mcolcon.colcon_core.verb[0m [1;30mLevel 5[0m set package 'clearpath_simulator' build argument 'cmake_force_configure' from command line to 'False'
[0.422s] [34mcolcon.colcon_core.verb[0m [1;30mLevel 5[0m set package 'clearpath_simulator' build argument 'ament_cmake_args' from command line to 'None'
[0.422s] [34mcolcon.colcon_core.verb[0m [1;30mLevel 5[0m set package 'clearpath_simulator' build argument 'catkin_cmake_args' from command line to 'None'
[0.422s] [34mcolcon.colcon_core.verb[0m [1;30mLevel 5[0m set package 'clearpath_simulator' build argument 'catkin_skip_building_tests' from command line to 'False'
[0.422s] [34mcolcon.colcon_core.verb[0m [1;30mDEBUG[0m [32mBuilding package 'clearpath_simulator' with the following arguments: {'ament_cmake_args': None, 'build_base': '/home/robot/debug_clear_ws/build/clearpath_simulator', 'catkin_cmake_args': None, 'catkin_skip_building_tests': False, 'cmake_args': None, 'cmake_clean_cache': False, 'cmake_clean_first': False, 'cmake_force_configure': False, 'cmake_target': None, 'cmake_target_skip_unavailable': False, 'install_base': '/home/robot/debug_clear_ws/install/clearpath_simulator', 'merge_install': False, 'path': '/home/robot/debug_clear_ws/src/clearpath_simulator/clearpath_simulator', 'symlink_install': False, 'test_result_base': None}[0m
[0.423s] [34mcolcon.colcon_core.executor[0m [1;30mINFO[0m Executing jobs using 'parallel' executor
[0.423s] [34mcolcon.colcon_parallel_executor.executor.parallel[0m [1;30mDEBUG[0m [32mrun_until_complete[0m
[0.424s] [34mcolcon.colcon_ros.task.ament_cmake.build[0m [1;30mINFO[0m Building ROS package in '/home/robot/debug_clear_ws/src/clearpath_common/clearpath_manipulators_description' with build type 'ament_cmake'
[0.424s] [34mcolcon.colcon_cmake.task.cmake.build[0m [1;30mINFO[0m Building CMake package in '/home/robot/debug_clear_ws/src/clearpath_common/clearpath_manipulators_description'
[0.426s] [34mcolcon.colcon_core.plugin_system[0m [1;30mINFO[0m Skipping extension 'colcon_core.shell.bat': Not used on non-Windows systems
[0.426s] [34mcolcon.colcon_core.shell[0m [1;30mINFO[0m Skip shell extension 'powershell' for command environment: Not usable outside of PowerShell
[0.426s] [34mcolcon.colcon_core.shell[0m [1;30mDEBUG[0m [32mSkip shell extension 'dsv' for command environment[0m
[0.430s] [34mcolcon.colcon_ros.task.ament_cmake.build[0m [1;30mINFO[0m Building ROS package in '/home/robot/debug_clear_ws/src/clearpath_common/clearpath_platform_description' with build type 'ament_cmake'
[0.431s] [34mcolcon.colcon_cmake.task.cmake.build[0m [1;30mINFO[0m Building CMake package in '/home/robot/debug_clear_ws/src/clearpath_common/clearpath_platform_description'
[0.431s] [34mcolcon.colcon_core.shell[0m [1;30mINFO[0m Skip shell extension 'powershell' for command environment: Not usable outside of PowerShell
[0.431s] [34mcolcon.colcon_core.shell[0m [1;30mDEBUG[0m [32mSkip shell extension 'dsv' for command environment[0m
[0.435s] [34mcolcon.colcon_ros.task.ament_cmake.build[0m [1;30mINFO[0m Building ROS package in '/home/robot/debug_clear_ws/src/clearpath_msgs/clearpath_platform_msgs' with build type 'ament_cmake'
[0.435s] [34mcolcon.colcon_cmake.task.cmake.build[0m [1;30mINFO[0m Building CMake package in '/home/robot/debug_clear_ws/src/clearpath_msgs/clearpath_platform_msgs'
[0.435s] [34mcolcon.colcon_core.shell[0m [1;30mINFO[0m Skip shell extension 'powershell' for command environment: Not usable outside of PowerShell
[0.435s] [34mcolcon.colcon_core.shell[0m [1;30mDEBUG[0m [32mSkip shell extension 'dsv' for command environment[0m
[0.439s] [34mcolcon.colcon_ros.task.ament_cmake.build[0m [1;30mINFO[0m Building ROS package in '/home/robot/debug_clear_ws/src/clearpath_common/clearpath_control' with build type 'ament_cmake'
[0.439s] [34mcolcon.colcon_cmake.task.cmake.build[0m [1;30mINFO[0m Building CMake package in '/home/robot/debug_clear_ws/src/clearpath_common/clearpath_control'
[0.440s] [34mcolcon.colcon_core.shell[0m [1;30mINFO[0m Skip shell extension 'powershell' for command environment: Not usable outside of PowerShell
[0.440s] [34mcolcon.colcon_core.shell[0m [1;30mDEBUG[0m [32mSkip shell extension 'dsv' for command environment[0m
[0.445s] [34mcolcon.colcon_ros.task.ament_cmake.build[0m [1;30mINFO[0m Building ROS package in '/home/robot/debug_clear_ws/src/clearpath_common/clearpath_mounts_description' with build type 'ament_cmake'
[0.445s] [34mcolcon.colcon_cmake.task.cmake.build[0m [1;30mINFO[0m Building CMake package in '/home/robot/debug_clear_ws/src/clearpath_common/clearpath_mounts_description'
[0.445s] [34mcolcon.colcon_core.shell[0m [1;30mINFO[0m Skip shell extension 'powershell' for command environment: Not usable outside of PowerShell
[0.445s] [34mcolcon.colcon_core.shell[0m [1;30mDEBUG[0m [32mSkip shell extension 'dsv' for command environment[0m
[0.452s] [34mcolcon.colcon_ros.task.ament_cmake.build[0m [1;30mINFO[0m Building ROS package in '/home/robot/debug_clear_ws/src/clearpath_common/clearpath_sensors_description' with build type 'ament_cmake'
[0.452s] [34mcolcon.colcon_cmake.task.cmake.build[0m [1;30mINFO[0m Building CMake package in '/home/robot/debug_clear_ws/src/clearpath_common/clearpath_sensors_description'
[0.453s] [34mcolcon.colcon_core.shell[0m [1;30mINFO[0m Skip shell extension 'powershell' for command environment: Not usable outside of PowerShell
[0.453s] [34mcolcon.colcon_core.shell[0m [1;30mDEBUG[0m [32mSkip shell extension 'dsv' for command environment[0m
[0.457s] [34mcolcon.colcon_ros.task.ament_python.build[0m [1;30mINFO[0m Building ROS package in '/home/robot/debug_clear_ws/src/clearpath_config' with build type 'ament_python'
[0.457s] [34mcolcon.colcon_core.shell[0m [1;30mLevel 1[0m create_environment_hook('clearpath_config', 'ament_prefix_path')
[0.457s] [34mcolcon.colcon_core.shell[0m [1;30mINFO[0m Creating environment hook '/home/robot/debug_clear_ws/install/clearpath_config/share/clearpath_config/hook/ament_prefix_path.ps1'
[0.458s] [34mcolcon.colcon_core.shell[0m [1;30mINFO[0m Creating environment descriptor '/home/robot/debug_clear_ws/install/clearpath_config/share/clearpath_config/hook/ament_prefix_path.dsv'
[0.460s] [34mcolcon.colcon_core.shell[0m [1;30mINFO[0m Creating environment hook '/home/robot/debug_clear_ws/install/clearpath_config/share/clearpath_config/hook/ament_prefix_path.sh'
[0.461s] [34mcolcon.colcon_core.shell[0m [1;30mINFO[0m Skip shell extension 'powershell' for command environment: Not usable outside of PowerShell
[0.461s] [34mcolcon.colcon_core.shell[0m [1;30mDEBUG[0m [32mSkip shell extension 'dsv' for command environment[0m
[0.465s] [34mcolcon.colcon_ros.task.ament_cmake.build[0m [1;30mINFO[0m Building ROS package in '/home/robot/debug_clear_ws/src/yolov8_ros/yolov8_msgs' with build type 'ament_cmake'
[0.465s] [34mcolcon.colcon_cmake.task.cmake.build[0m [1;30mINFO[0m Building CMake package in '/home/robot/debug_clear_ws/src/yolov8_ros/yolov8_msgs'
[0.466s] [34mcolcon.colcon_core.shell[0m [1;30mINFO[0m Skip shell extension 'powershell' for command environment: Not usable outside of PowerShell
[0.466s] [34mcolcon.colcon_core.shell[0m [1;30mDEBUG[0m [32mSkip shell extension 'dsv' for command environment[0m
[0.472s] [34mcolcon.colcon_ros.task.ament_cmake.build[0m [1;30mINFO[0m Building ROS package in '/home/robot/debug_clear_ws/src/clearpath_common/clearpath_customization' with build type 'ament_cmake'
[0.472s] [34mcolcon.colcon_cmake.task.cmake.build[0m [1;30mINFO[0m Building CMake package in '/home/robot/debug_clear_ws/src/clearpath_common/clearpath_customization'
[0.473s] [34mcolcon.colcon_core.shell[0m [1;30mINFO[0m Skip shell extension 'powershell' for command environment: Not usable outside of PowerShell
[0.473s] [34mcolcon.colcon_core.shell[0m [1;30mDEBUG[0m [32mSkip shell extension 'dsv' for command environment[0m
[0.483s] [34mcolcon.colcon_core.event_handler.log_command[0m [1;30mDEBUG[0m [32mInvoking command in '/home/robot/debug_clear_ws/build/clearpath_manipulators_description': CMAKE_PREFIX_PATH=${CMAKE_PREFIX_PATH}:/home/robot/debug_clear_ws/install/clearpath_config:/opt/ros/humble /usr/bin/cmake --build /home/robot/debug_clear_ws/build/clearpath_manipulators_description -- -j12 -l12[0m
[0.486s] [34mcolcon.colcon_core.event_handler.log_command[0m [1;30mDEBUG[0m [32mInvoking command in '/home/robot/debug_clear_ws/build/clearpath_platform_description': CMAKE_PREFIX_PATH=${CMAKE_PREFIX_PATH}:/home/robot/debug_clear_ws/install/clearpath_config:/opt/ros/humble /usr/bin/cmake --build /home/robot/debug_clear_ws/build/clearpath_platform_description -- -j12 -l12[0m
[0.489s] [34mcolcon.colcon_core.event_handler.log_command[0m [1;30mDEBUG[0m [32mInvoking command in '/home/robot/debug_clear_ws/build/clearpath_platform_msgs': CMAKE_PREFIX_PATH=${CMAKE_PREFIX_PATH}:/home/robot/debug_clear_ws/install/clearpath_config:/opt/ros/humble /usr/bin/cmake --build /home/robot/debug_clear_ws/build/clearpath_platform_msgs -- -j12 -l12[0m
[0.492s] [34mcolcon.colcon_core.event_handler.log_command[0m [1;30mDEBUG[0m [32mInvoking command in '/home/robot/debug_clear_ws/build/clearpath_control': CMAKE_PREFIX_PATH=${CMAKE_PREFIX_PATH}:/home/robot/debug_clear_ws/install/clearpath_config:/opt/ros/humble /usr/bin/cmake --build /home/robot/debug_clear_ws/build/clearpath_control -- -j12 -l12[0m
[0.495s] [34mcolcon.colcon_core.event_handler.log_command[0m [1;30mDEBUG[0m [32mInvoking command in '/home/robot/debug_clear_ws/build/clearpath_mounts_description': CMAKE_PREFIX_PATH=${CMAKE_PREFIX_PATH}:/home/robot/debug_clear_ws/install/clearpath_config:/opt/ros/humble /usr/bin/cmake --build /home/robot/debug_clear_ws/build/clearpath_mounts_description -- -j12 -l12[0m
[0.500s] [34mcolcon.colcon_core.event_handler.log_command[0m [1;30mDEBUG[0m [32mInvoking command in '/home/robot/debug_clear_ws/build/clearpath_sensors_description': CMAKE_PREFIX_PATH=${CMAKE_PREFIX_PATH}:/home/robot/debug_clear_ws/install/clearpath_config:/opt/ros/humble /usr/bin/cmake --build /home/robot/debug_clear_ws/build/clearpath_sensors_description -- -j12 -l12[0m
[0.837s] [34mcolcon.colcon_core.task.python.build[0m [1;30mINFO[0m Building Python package in '/home/robot/debug_clear_ws/src/clearpath_config'
[0.837s] [34mcolcon.colcon_core.shell[0m [1;30mINFO[0m Skip shell extension 'powershell' for command environment: Not usable outside of PowerShell
[0.837s] [34mcolcon.colcon_core.shell[0m [1;30mDEBUG[0m [32mSkip shell extension 'dsv' for command environment[0m
[0.845s] [34mcolcon.colcon_core.event_handler.log_command[0m [1;30mDEBUG[0m [32mInvoking command in '/home/robot/debug_clear_ws/build/yolov8_msgs': CMAKE_PREFIX_PATH=${CMAKE_PREFIX_PATH}:/home/robot/debug_clear_ws/install/clearpath_config:/opt/ros/humble /usr/bin/cmake --build /home/robot/debug_clear_ws/build/yolov8_msgs -- -j12 -l12[0m
[0.853s] [34mcolcon.colcon_core.event_handler.log_command[0m [1;30mDEBUG[0m [32mInvoking command in '/home/robot/debug_clear_ws/build/clearpath_customization': CMAKE_PREFIX_PATH=${CMAKE_PREFIX_PATH}:/home/robot/debug_clear_ws/install/clearpath_config:/opt/ros/humble /usr/bin/cmake --build /home/robot/debug_clear_ws/build/clearpath_customization -- -j12 -l12[0m
[0.855s] [34mcolcon.colcon_core.event_handler.log_command[0m [1;30mDEBUG[0m [32mInvoked command in '/home/robot/debug_clear_ws/build/clearpath_manipulators_description' returned '0': CMAKE_PREFIX_PATH=${CMAKE_PREFIX_PATH}:/home/robot/debug_clear_ws/install/clearpath_config:/opt/ros/humble /usr/bin/cmake --build /home/robot/debug_clear_ws/build/clearpath_manipulators_description -- -j12 -l12[0m
[0.856s] [34mcolcon.colcon_core.event_handler.log_command[0m [1;30mDEBUG[0m [32mInvoked command in '/home/robot/debug_clear_ws/build/clearpath_platform_description' returned '0': CMAKE_PREFIX_PATH=${CMAKE_PREFIX_PATH}:/home/robot/debug_clear_ws/install/clearpath_config:/opt/ros/humble /usr/bin/cmake --build /home/robot/debug_clear_ws/build/clearpath_platform_description -- -j12 -l12[0m
[0.858s] [34mcolcon.colcon_core.event_handler.log_command[0m [1;30mDEBUG[0m [32mInvoked command in '/home/robot/debug_clear_ws/build/clearpath_control' returned '0': CMAKE_PREFIX_PATH=${CMAKE_PREFIX_PATH}:/home/robot/debug_clear_ws/install/clearpath_config:/opt/ros/humble /usr/bin/cmake --build /home/robot/debug_clear_ws/build/clearpath_control -- -j12 -l12[0m
[0.859s] [34mcolcon.colcon_core.event_handler.log_command[0m [1;30mDEBUG[0m [32mInvoked command in '/home/robot/debug_clear_ws/build/clearpath_sensors_description' returned '0': CMAKE_PREFIX_PATH=${CMAKE_PREFIX_PATH}:/home/robot/debug_clear_ws/install/clearpath_config:/opt/ros/humble /usr/bin/cmake --build /home/robot/debug_clear_ws/build/clearpath_sensors_description -- -j12 -l12[0m
[0.862s] [34mcolcon.colcon_core.event_handler.log_command[0m [1;30mDEBUG[0m [32mInvoked command in '/home/robot/debug_clear_ws/build/clearpath_mounts_description' returned '0': CMAKE_PREFIX_PATH=${CMAKE_PREFIX_PATH}:/home/robot/debug_clear_ws/install/clearpath_config:/opt/ros/humble /usr/bin/cmake --build /home/robot/debug_clear_ws/build/clearpath_mounts_description -- -j12 -l12[0m
[0.901s] [34mcolcon.colcon_core.event_handler.log_command[0m [1;30mDEBUG[0m [32mInvoking command in '/home/robot/debug_clear_ws/build/clearpath_control': CMAKE_PREFIX_PATH=${CMAKE_PREFIX_PATH}:/home/robot/debug_clear_ws/install/clearpath_config:/opt/ros/humble /usr/bin/cmake --install /home/robot/debug_clear_ws/build/clearpath_control[0m
[0.904s] [34mcolcon.colcon_core.event_handler.log_command[0m [1;30mDEBUG[0m [32mInvoking command in '/home/robot/debug_clear_ws/build/clearpath_manipulators_description': CMAKE_PREFIX_PATH=${CMAKE_PREFIX_PATH}:/home/robot/debug_clear_ws/install/clearpath_config:/opt/ros/humble /usr/bin/cmake --install /home/robot/debug_clear_ws/build/clearpath_manipulators_description[0m
[0.908s] [34mcolcon.colcon_core.event_handler.log_command[0m [1;30mDEBUG[0m [32mInvoking command in '/home/robot/debug_clear_ws/build/clearpath_platform_description': CMAKE_PREFIX_PATH=${CMAKE_PREFIX_PATH}:/home/robot/debug_clear_ws/install/clearpath_config:/opt/ros/humble /usr/bin/cmake --install /home/robot/debug_clear_ws/build/clearpath_platform_description[0m
[0.910s] [34mcolcon.colcon_core.event_handler.log_command[0m [1;30mDEBUG[0m [32mInvoking command in '/home/robot/debug_clear_ws/build/clearpath_mounts_description': CMAKE_PREFIX_PATH=${CMAKE_PREFIX_PATH}:/home/robot/debug_clear_ws/install/clearpath_config:/opt/ros/humble /usr/bin/cmake --install /home/robot/debug_clear_ws/build/clearpath_mounts_description[0m
[0.921s] [34mcolcon.colcon_core.environment[0m [1;30mLevel 1[0m create_environment_scripts_only(clearpath_control)
[0.934s] [34mcolcon.colcon_core.event_handler.log_command[0m [1;30mDEBUG[0m [32mInvoking command in '/home/robot/debug_clear_ws/build/clearpath_sensors_description': CMAKE_PREFIX_PATH=${CMAKE_PREFIX_PATH}:/home/robot/debug_clear_ws/install/clearpath_config:/opt/ros/humble /usr/bin/cmake --install /home/robot/debug_clear_ws/build/clearpath_sensors_description[0m
[0.937s] [34mcolcon.colcon_core.event_handler.log_command[0m [1;30mDEBUG[0m [32mInvoked command in '/home/robot/debug_clear_ws/build/clearpath_customization' returned '0': CMAKE_PREFIX_PATH=${CMAKE_PREFIX_PATH}:/home/robot/debug_clear_ws/install/clearpath_config:/opt/ros/humble /usr/bin/cmake --build /home/robot/debug_clear_ws/build/clearpath_customization -- -j12 -l12[0m
[0.945s] [34mcolcon.colcon_core.environment[0m [1;30mLevel 1[0m checking '/home/robot/debug_clear_ws/install/clearpath_control' for CMake module files
[0.952s] [34mcolcon.colcon_core.environment[0m [1;30mLevel 1[0m checking '/home/robot/debug_clear_ws/install/clearpath_control' for CMake config files
[0.962s] [34mcolcon.colcon_core.shell[0m [1;30mLevel 1[0m create_environment_hook('clearpath_control', 'cmake_prefix_path')
[0.963s] [34mcolcon.colcon_core.shell[0m [1;30mINFO[0m Creating environment hook '/home/robot/debug_clear_ws/install/clearpath_control/share/clearpath_control/hook/cmake_prefix_path.ps1'
[0.966s] [34mcolcon.colcon_core.event_handler.log_command[0m [1;30mDEBUG[0m [32mInvoked command in '/home/robot/debug_clear_ws/build/clearpath_control' returned '0': CMAKE_PREFIX_PATH=${CMAKE_PREFIX_PATH}:/home/robot/debug_clear_ws/install/clearpath_config:/opt/ros/humble /usr/bin/cmake --install /home/robot/debug_clear_ws/build/clearpath_control[0m
[0.966s] [34mcolcon.colcon_core.shell[0m [1;30mINFO[0m Creating environment descriptor '/home/robot/debug_clear_ws/install/clearpath_control/share/clearpath_control/hook/cmake_prefix_path.dsv'
[0.969s] [34mcolcon.colcon_core.shell[0m [1;30mINFO[0m Creating environment hook '/home/robot/debug_clear_ws/install/clearpath_control/share/clearpath_control/hook/cmake_prefix_path.sh'
[0.971s] [34mcolcon.colcon_core.environment[0m [1;30mLevel 1[0m checking '/home/robot/debug_clear_ws/install/clearpath_control/bin'
[0.972s] [34mcolcon.colcon_core.environment[0m [1;30mLevel 1[0m checking '/home/robot/debug_clear_ws/install/clearpath_control/lib/pkgconfig/clearpath_control.pc'
[0.972s] [34mcolcon.colcon_core.environment[0m [1;30mLevel 1[0m checking '/home/robot/debug_clear_ws/install/clearpath_control/lib/python3.10/site-packages'
[0.973s] [34mcolcon.colcon_core.environment[0m [1;30mLevel 1[0m checking '/home/robot/debug_clear_ws/install/clearpath_control/bin'
[0.973s] [34mcolcon.colcon_core.shell[0m [1;30mINFO[0m Creating package script '/home/robot/debug_clear_ws/install/clearpath_control/share/clearpath_control/package.ps1'
[0.975s] [34mcolcon.colcon_core.shell[0m [1;30mINFO[0m Creating package descriptor '/home/robot/debug_clear_ws/install/clearpath_control/share/clearpath_control/package.dsv'
[0.976s] [34mcolcon.colcon_core.shell[0m [1;30mINFO[0m Creating package script '/home/robot/debug_clear_ws/install/clearpath_control/share/clearpath_control/package.sh'
[0.977s] [34mcolcon.colcon_core.shell[0m [1;30mINFO[0m Creating package script '/home/robot/debug_clear_ws/install/clearpath_control/share/clearpath_control/package.bash'
[0.978s] [34mcolcon.colcon_core.shell[0m [1;30mINFO[0m Creating package script '/home/robot/debug_clear_ws/install/clearpath_control/share/clearpath_control/package.zsh'
[0.979s] [34mcolcon.colcon_core.environment[0m [1;30mLevel 1[0m create_file_with_runtime_dependencies(/home/robot/debug_clear_ws/install/clearpath_control/share/colcon-core/packages/clearpath_control)
[0.984s] [34mcolcon.colcon_core.environment[0m [1;30mLevel 1[0m create_environment_scripts_only(clearpath_manipulators_description)
[0.984s] [34mcolcon.colcon_core.environment[0m [1;30mLevel 1[0m checking '/home/robot/debug_clear_ws/install/clearpath_manipulators_description' for CMake module files
[0.988s] [34mcolcon.colcon_core.environment[0m [1;30mLevel 1[0m checking '/home/robot/debug_clear_ws/install/clearpath_manipulators_description' for CMake config files
[0.991s] [34mcolcon.colcon_core.shell[0m [1;30mLevel 1[0m create_environment_hook('clearpath_manipulators_description', 'cmake_prefix_path')
[0.992s] [34mcolcon.colcon_core.shell[0m [1;30mINFO[0m Creating environment hook '/home/robot/debug_clear_ws/install/clearpath_manipulators_description/share/clearpath_manipulators_description/hook/cmake_prefix_path.ps1'
[0.993s] [34mcolcon.colcon_core.shell[0m [1;30mINFO[0m Creating environment descriptor '/home/robot/debug_clear_ws/install/clearpath_manipulators_description/share/clearpath_manipulators_description/hook/cmake_prefix_path.dsv'
[0.994s] [34mcolcon.colcon_core.shell[0m [1;30mINFO[0m Creating environment hook '/home/robot/debug_clear_ws/install/clearpath_manipulators_description/share/clearpath_manipulators_description/hook/cmake_prefix_path.sh'
[0.996s] [34mcolcon.colcon_core.environment[0m [1;30mLevel 1[0m checking '/home/robot/debug_clear_ws/install/clearpath_manipulators_description/bin'
[0.996s] [34mcolcon.colcon_core.environment[0m [1;30mLevel 1[0m checking '/home/robot/debug_clear_ws/install/clearpath_manipulators_description/lib/pkgconfig/clearpath_manipulators_description.pc'
[0.996s] [34mcolcon.colcon_core.environment[0m [1;30mLevel 1[0m checking '/home/robot/debug_clear_ws/install/clearpath_manipulators_description/lib/python3.10/site-packages'
[0.996s] [34mcolcon.colcon_core.environment[0m [1;30mLevel 1[0m checking '/home/robot/debug_clear_ws/install/clearpath_manipulators_description/bin'
[0.996s] [34mcolcon.colcon_core.shell[0m [1;30mINFO[0m Creating package script '/home/robot/debug_clear_ws/install/clearpath_manipulators_description/share/clearpath_manipulators_description/package.ps1'
[0.997s] [34mcolcon.colcon_core.shell[0m [1;30mINFO[0m Creating package descriptor '/home/robot/debug_clear_ws/install/clearpath_manipulators_description/share/clearpath_manipulators_description/package.dsv'
[0.998s] [34mcolcon.colcon_core.shell[0m [1;30mINFO[0m Creating package script '/home/robot/debug_clear_ws/install/clearpath_manipulators_description/share/clearpath_manipulators_description/package.sh'
[0.999s] [34mcolcon.colcon_core.shell[0m [1;30mINFO[0m Creating package script '/home/robot/debug_clear_ws/install/clearpath_manipulators_description/share/clearpath_manipulators_description/package.bash'
[1.000s] [34mcolcon.colcon_core.shell[0m [1;30mINFO[0m Creating package script '/home/robot/debug_clear_ws/install/clearpath_manipulators_description/share/clearpath_manipulators_description/package.zsh'
[1.001s] [34mcolcon.colcon_core.environment[0m [1;30mLevel 1[0m create_file_with_runtime_dependencies(/home/robot/debug_clear_ws/install/clearpath_manipulators_description/share/colcon-core/packages/clearpath_manipulators_description)
[1.005s] [34mcolcon.colcon_core.environment[0m [1;30mLevel 1[0m create_environment_scripts_only(clearpath_platform_description)
[1.005s] [34mcolcon.colcon_core.environment[0m [1;30mLevel 1[0m checking '/home/robot/debug_clear_ws/install/clearpath_platform_description' for CMake module files
[1.008s] [34mcolcon.colcon_core.environment[0m [1;30mLevel 1[0m checking '/home/robot/debug_clear_ws/install/clearpath_platform_description' for CMake config files
[1.011s] [34mcolcon.colcon_core.event_handler.log_command[0m [1;30mDEBUG[0m [32mInvoked command in '/home/robot/debug_clear_ws/build/clearpath_platform_msgs' returned '0': CMAKE_PREFIX_PATH=${CMAKE_PREFIX_PATH}:/home/robot/debug_clear_ws/install/clearpath_config:/opt/ros/humble /usr/bin/cmake --build /home/robot/debug_clear_ws/build/clearpath_platform_msgs -- -j12 -l12[0m
[1.011s] [34mcolcon.colcon_core.event_handler.log_command[0m [1;30mDEBUG[0m [32mInvoked command in '/home/robot/debug_clear_ws/build/clearpath_manipulators_description' returned '0': CMAKE_PREFIX_PATH=${CMAKE_PREFIX_PATH}:/home/robot/debug_clear_ws/install/clearpath_config:/opt/ros/humble /usr/bin/cmake --install /home/robot/debug_clear_ws/build/clearpath_manipulators_description[0m
[1.012s] [34mcolcon.colcon_core.event_handler.log_command[0m [1;30mDEBUG[0m [32mInvoked command in '/home/robot/debug_clear_ws/build/clearpath_platform_description' returned '0': CMAKE_PREFIX_PATH=${CMAKE_PREFIX_PATH}:/home/robot/debug_clear_ws/install/clearpath_config:/opt/ros/humble /usr/bin/cmake --install /home/robot/debug_clear_ws/build/clearpath_platform_description[0m
[1.012s] [34mcolcon.colcon_core.shell[0m [1;30mLevel 1[0m create_environment_hook('clearpath_platform_description', 'cmake_prefix_path')
[1.013s] [34mcolcon.colcon_core.shell[0m [1;30mINFO[0m Creating environment hook '/home/robot/debug_clear_ws/install/clearpath_platform_description/share/clearpath_platform_description/hook/cmake_prefix_path.ps1'
[1.013s] [34mcolcon.colcon_core.shell[0m [1;30mINFO[0m Creating environment descriptor '/home/robot/debug_clear_ws/install/clearpath_platform_description/share/clearpath_platform_description/hook/cmake_prefix_path.dsv'
[1.014s] [34mcolcon.colcon_core.shell[0m [1;30mINFO[0m Creating environment hook '/home/robot/debug_clear_ws/install/clearpath_platform_description/share/clearpath_platform_description/hook/cmake_prefix_path.sh'
[1.014s] [34mcolcon.colcon_core.environment[0m [1;30mLevel 1[0m checking '/home/robot/debug_clear_ws/install/clearpath_platform_description/bin'
[1.014s] [34mcolcon.colcon_core.environment[0m [1;30mLevel 1[0m checking '/home/robot/debug_clear_ws/install/clearpath_platform_description/lib/pkgconfig/clearpath_platform_description.pc'
[1.015s] [34mcolcon.colcon_core.environment[0m [1;30mLevel 1[0m checking '/home/robot/debug_clear_ws/install/clearpath_platform_description/lib/python3.10/site-packages'
[1.015s] [34mcolcon.colcon_core.environment[0m [1;30mLevel 1[0m checking '/home/robot/debug_clear_ws/install/clearpath_platform_description/bin'
[1.016s] [34mcolcon.colcon_core.shell[0m [1;30mINFO[0m Creating package script '/home/robot/debug_clear_ws/install/clearpath_platform_description/share/clearpath_platform_description/package.ps1'
[1.016s] [34mcolcon.colcon_core.shell[0m [1;30mINFO[0m Creating package descriptor '/home/robot/debug_clear_ws/install/clearpath_platform_description/share/clearpath_platform_description/package.dsv'
[1.016s] [34mcolcon.colcon_core.shell[0m [1;30mINFO[0m Creating package script '/home/robot/debug_clear_ws/install/clearpath_platform_description/share/clearpath_platform_description/package.sh'
[1.017s] [34mcolcon.colcon_core.shell[0m [1;30mINFO[0m Creating package script '/home/robot/debug_clear_ws/install/clearpath_platform_description/share/clearpath_platform_description/package.bash'
[1.017s] [34mcolcon.colcon_core.shell[0m [1;30mINFO[0m Creating package script '/home/robot/debug_clear_ws/install/clearpath_platform_description/share/clearpath_platform_description/package.zsh'
[1.018s] [34mcolcon.colcon_core.environment[0m [1;30mLevel 1[0m create_file_with_runtime_dependencies(/home/robot/debug_clear_ws/install/clearpath_platform_description/share/colcon-core/packages/clearpath_platform_description)
[1.019s] [34mcolcon.colcon_core.environment[0m [1;30mLevel 1[0m create_environment_scripts_only(clearpath_mounts_description)
[1.019s] [34mcolcon.colcon_core.environment[0m [1;30mLevel 1[0m checking '/home/robot/debug_clear_ws/install/clearpath_mounts_description' for CMake module files
[1.020s] [34mcolcon.colcon_core.event_handler.log_command[0m [1;30mDEBUG[0m [32mInvoked command in '/home/robot/debug_clear_ws/build/clearpath_mounts_description' returned '0': CMAKE_PREFIX_PATH=${CMAKE_PREFIX_PATH}:/home/robot/debug_clear_ws/install/clearpath_config:/opt/ros/humble /usr/bin/cmake --install /home/robot/debug_clear_ws/build/clearpath_mounts_description[0m
[1.021s] [34mcolcon.colcon_core.environment[0m [1;30mLevel 1[0m checking '/home/robot/debug_clear_ws/install/clearpath_mounts_description' for CMake config files
[1.021s] [34mcolcon.colcon_core.shell[0m [1;30mLevel 1[0m create_environment_hook('clearpath_mounts_description', 'cmake_prefix_path')
[1.022s] [34mcolcon.colcon_core.shell[0m [1;30mINFO[0m Creating environment hook '/home/robot/debug_clear_ws/install/clearpath_mounts_description/share/clearpath_mounts_description/hook/cmake_prefix_path.ps1'
[1.022s] [34mcolcon.colcon_core.shell[0m [1;30mINFO[0m Creating environment descriptor '/home/robot/debug_clear_ws/install/clearpath_mounts_description/share/clearpath_mounts_description/hook/cmake_prefix_path.dsv'
[1.023s] [34mcolcon.colcon_core.shell[0m [1;30mINFO[0m Creating environment hook '/home/robot/debug_clear_ws/install/clearpath_mounts_description/share/clearpath_mounts_description/hook/cmake_prefix_path.sh'
[1.024s] [34mcolcon.colcon_core.environment[0m [1;30mLevel 1[0m checking '/home/robot/debug_clear_ws/install/clearpath_mounts_description/bin'
[1.024s] [34mcolcon.colcon_core.environment[0m [1;30mLevel 1[0m checking '/home/robot/debug_clear_ws/install/clearpath_mounts_description/lib/pkgconfig/clearpath_mounts_description.pc'
[1.024s] [34mcolcon.colcon_core.environment[0m [1;30mLevel 1[0m checking '/home/robot/debug_clear_ws/install/clearpath_mounts_description/lib/python3.10/site-packages'
[1.025s] [34mcolcon.colcon_core.environment[0m [1;30mLevel 1[0m checking '/home/robot/debug_clear_ws/install/clearpath_mounts_description/bin'
[1.025s] [34mcolcon.colcon_core.shell[0m [1;30mINFO[0m Creating package script '/home/robot/debug_clear_ws/install/clearpath_mounts_description/share/clearpath_mounts_description/package.ps1'
[1.026s] [34mcolcon.colcon_core.shell[0m [1;30mINFO[0m Creating package descriptor '/home/robot/debug_clear_ws/install/clearpath_mounts_description/share/clearpath_mounts_description/package.dsv'
[1.027s] [34mcolcon.colcon_core.shell[0m [1;30mINFO[0m Creating package script '/home/robot/debug_clear_ws/install/clearpath_mounts_description/share/clearpath_mounts_description/package.sh'
[1.028s] [34mcolcon.colcon_core.shell[0m [1;30mINFO[0m Creating package script '/home/robot/debug_clear_ws/install/clearpath_mounts_description/share/clearpath_mounts_description/package.bash'
[1.028s] [34mcolcon.colcon_core.shell[0m [1;30mINFO[0m Creating package script '/home/robot/debug_clear_ws/install/clearpath_mounts_description/share/clearpath_mounts_description/package.zsh'
[1.029s] [34mcolcon.colcon_core.environment[0m [1;30mLevel 1[0m create_file_with_runtime_dependencies(/home/robot/debug_clear_ws/install/clearpath_mounts_description/share/colcon-core/packages/clearpath_mounts_description)
[1.030s] [34mcolcon.colcon_core.environment[0m [1;30mLevel 1[0m create_environment_scripts_only(clearpath_sensors_description)
[1.031s] [34mcolcon.colcon_core.environment[0m [1;30mLevel 1[0m checking '/home/robot/debug_clear_ws/install/clearpath_sensors_description' for CMake module files
[1.032s] [34mcolcon.colcon_core.event_handler.log_command[0m [1;30mDEBUG[0m [32mInvoked command in '/home/robot/debug_clear_ws/build/clearpath_sensors_description' returned '0': CMAKE_PREFIX_PATH=${CMAKE_PREFIX_PATH}:/home/robot/debug_clear_ws/install/clearpath_config:/opt/ros/humble /usr/bin/cmake --install /home/robot/debug_clear_ws/build/clearpath_sensors_description[0m
[1.033s] [34mcolcon.colcon_core.environment[0m [1;30mLevel 1[0m checking '/home/robot/debug_clear_ws/install/clearpath_sensors_description' for CMake config files
[1.033s] [34mcolcon.colcon_core.shell[0m [1;30mLevel 1[0m create_environment_hook('clearpath_sensors_description', 'cmake_prefix_path')
[1.033s] [34mcolcon.colcon_core.shell[0m [1;30mINFO[0m Creating environment hook '/home/robot/debug_clear_ws/install/clearpath_sensors_description/share/clearpath_sensors_description/hook/cmake_prefix_path.ps1'
[1.034s] [34mcolcon.colcon_core.shell[0m [1;30mINFO[0m Creating environment descriptor '/home/robot/debug_clear_ws/install/clearpath_sensors_description/share/clearpath_sensors_description/hook/cmake_prefix_path.dsv'
[1.035s] [34mcolcon.colcon_core.shell[0m [1;30mINFO[0m Creating environment hook '/home/robot/debug_clear_ws/install/clearpath_sensors_description/share/clearpath_sensors_description/hook/cmake_prefix_path.sh'
[1.036s] [34mcolcon.colcon_core.environment[0m [1;30mLevel 1[0m checking '/home/robot/debug_clear_ws/install/clearpath_sensors_description/bin'
[1.036s] [34mcolcon.colcon_core.environment[0m [1;30mLevel 1[0m checking '/home/robot/debug_clear_ws/install/clearpath_sensors_description/lib/pkgconfig/clearpath_sensors_description.pc'
[1.036s] [34mcolcon.colcon_core.environment[0m [1;30mLevel 1[0m checking '/home/robot/debug_clear_ws/install/clearpath_sensors_description/lib/python3.10/site-packages'
[1.037s] [34mcolcon.colcon_core.environment[0m [1;30mLevel 1[0m checking '/home/robot/debug_clear_ws/install/clearpath_sensors_description/bin'
[1.037s] [34mcolcon.colcon_core.shell[0m [1;30mINFO[0m Creating package script '/home/robot/debug_clear_ws/install/clearpath_sensors_description/share/clearpath_sensors_description/package.ps1'
[1.038s] [34mcolcon.colcon_core.shell[0m [1;30mINFO[0m Creating package descriptor '/home/robot/debug_clear_ws/install/clearpath_sensors_description/share/clearpath_sensors_description/package.dsv'
[1.039s] [34mcolcon.colcon_core.shell[0m [1;30mINFO[0m Creating package script '/home/robot/debug_clear_ws/install/clearpath_sensors_description/share/clearpath_sensors_description/package.sh'
[1.039s] [34mcolcon.colcon_core.shell[0m [1;30mINFO[0m Creating package script '/home/robot/debug_clear_ws/install/clearpath_sensors_description/share/clearpath_sensors_description/package.bash'
[1.040s] [34mcolcon.colcon_core.shell[0m [1;30mINFO[0m Creating package script '/home/robot/debug_clear_ws/install/clearpath_sensors_description/share/clearpath_sensors_description/package.zsh'
[1.041s] [34mcolcon.colcon_core.environment[0m [1;30mLevel 1[0m create_file_with_runtime_dependencies(/home/robot/debug_clear_ws/install/clearpath_sensors_description/share/colcon-core/packages/clearpath_sensors_description)
[1.044s] [34mcolcon.colcon_core.event_handler.log_command[0m [1;30mDEBUG[0m [32mInvoking command in '/home/robot/debug_clear_ws/build/clearpath_customization': CMAKE_PREFIX_PATH=${CMAKE_PREFIX_PATH}:/home/robot/debug_clear_ws/install/clearpath_config:/opt/ros/humble /usr/bin/cmake --install /home/robot/debug_clear_ws/build/clearpath_customization[0m
[1.048s] [34mcolcon.colcon_core.environment[0m [1;30mLevel 1[0m create_environment_scripts_only(clearpath_control)
[1.048s] [34mcolcon.colcon_core.environment[0m [1;30mLevel 1[0m checking '/home/robot/debug_clear_ws/install/clearpath_control' for CMake module files
[1.050s] [34mcolcon.colcon_core.environment[0m [1;30mLevel 1[0m checking '/home/robot/debug_clear_ws/install/clearpath_control' for CMake config files
[1.050s] [34mcolcon.colcon_core.shell[0m [1;30mLevel 1[0m create_environment_hook('clearpath_control', 'cmake_prefix_path')
[1.051s] [34mcolcon.colcon_core.shell[0m [1;30mINFO[0m Creating environment hook '/home/robot/debug_clear_ws/install/clearpath_control/share/clearpath_control/hook/cmake_prefix_path.ps1'
[1.051s] [34mcolcon.colcon_core.shell[0m [1;30mINFO[0m Creating environment descriptor '/home/robot/debug_clear_ws/install/clearpath_control/share/clearpath_control/hook/cmake_prefix_path.dsv'
[1.052s] [34mcolcon.colcon_core.shell[0m [1;30mINFO[0m Creating environment hook '/home/robot/debug_clear_ws/install/clearpath_control/share/clearpath_control/hook/cmake_prefix_path.sh'
[1.053s] [34mcolcon.colcon_core.environment[0m [1;30mLevel 1[0m checking '/home/robot/debug_clear_ws/install/clearpath_control/bin'
[1.053s] [34mcolcon.colcon_core.environment[0m [1;30mLevel 1[0m checking '/home/robot/debug_clear_ws/install/clearpath_control/lib/pkgconfig/clearpath_control.pc'
[1.053s] [34mcolcon.colcon_core.environment[0m [1;30mLevel 1[0m checking '/home/robot/debug_clear_ws/install/clearpath_control/lib/python3.10/site-packages'
[1.054s] [34mcolcon.colcon_core.environment[0m [1;30mLevel 1[0m checking '/home/robot/debug_clear_ws/install/clearpath_control/bin'
[1.054s] [34mcolcon.colcon_core.shell[0m [1;30mINFO[0m Creating package script '/home/robot/debug_clear_ws/install/clearpath_control/share/clearpath_control/package.ps1'
[1.055s] [34mcolcon.colcon_core.shell[0m [1;30mINFO[0m Creating package descriptor '/home/robot/debug_clear_ws/install/clearpath_control/share/clearpath_control/package.dsv'
[1.056s] [34mcolcon.colcon_core.shell[0m [1;30mINFO[0m Creating package script '/home/robot/debug_clear_ws/install/clearpath_control/share/clearpath_control/package.sh'
[1.060s] [34mcolcon.colcon_core.shell[0m [1;30mINFO[0m Creating package script '/home/robot/debug_clear_ws/install/clearpath_control/share/clearpath_control/package.bash'
[1.062s] [34mcolcon.colcon_core.shell[0m [1;30mINFO[0m Creating package script '/home/robot/debug_clear_ws/install/clearpath_control/share/clearpath_control/package.zsh'
[1.064s] [34mcolcon.colcon_core.environment[0m [1;30mLevel 1[0m create_file_with_runtime_dependencies(/home/robot/debug_clear_ws/install/clearpath_control/share/colcon-core/packages/clearpath_control)
[1.067s] [34mcolcon.colcon_core.environment[0m [1;30mLevel 1[0m create_environment_scripts_only(clearpath_manipulators_description)
[1.068s] [34mcolcon.colcon_core.environment[0m [1;30mLevel 1[0m checking '/home/robot/debug_clear_ws/install/clearpath_manipulators_description' for CMake module files
[1.069s] [34mcolcon.colcon_core.environment[0m [1;30mLevel 1[0m checking '/home/robot/debug_clear_ws/install/clearpath_manipulators_description' for CMake config files
[1.069s] [34mcolcon.colcon_core.shell[0m [1;30mLevel 1[0m create_environment_hook('clearpath_manipulators_description', 'cmake_prefix_path')
[1.069s] [34mcolcon.colcon_core.shell[0m [1;30mINFO[0m Creating environment hook '/home/robot/debug_clear_ws/install/clearpath_manipulators_description/share/clearpath_manipulators_description/hook/cmake_prefix_path.ps1'
[1.070s] [34mcolcon.colcon_core.shell[0m [1;30mINFO[0m Creating environment descriptor '/home/robot/debug_clear_ws/install/clearpath_manipulators_description/share/clearpath_manipulators_description/hook/cmake_prefix_path.dsv'
[1.071s] [34mcolcon.colcon_core.shell[0m [1;30mINFO[0m Creating environment hook '/home/robot/debug_clear_ws/install/clearpath_manipulators_description/share/clearpath_manipulators_description/hook/cmake_prefix_path.sh'
[1.071s] [34mcolcon.colcon_core.environment[0m [1;30mLevel 1[0m checking '/home/robot/debug_clear_ws/install/clearpath_manipulators_description/bin'
[1.072s] [34mcolcon.colcon_core.environment[0m [1;30mLevel 1[0m checking '/home/robot/debug_clear_ws/install/clearpath_manipulators_description/lib/pkgconfig/clearpath_manipulators_description.pc'
[1.072s] [34mcolcon.colcon_core.environment[0m [1;30mLevel 1[0m checking '/home/robot/debug_clear_ws/install/clearpath_manipulators_description/lib/python3.10/site-packages'
[1.072s] [34mcolcon.colcon_core.environment[0m [1;30mLevel 1[0m checking '/home/robot/debug_clear_ws/install/clearpath_manipulators_description/bin'
[1.073s] [34mcolcon.colcon_core.shell[0m [1;30mINFO[0m Creating package script '/home/robot/debug_clear_ws/install/clearpath_manipulators_description/share/clearpath_manipulators_description/package.ps1'
[1.074s] [34mcolcon.colcon_core.shell[0m [1;30mINFO[0m Creating package descriptor '/home/robot/debug_clear_ws/install/clearpath_manipulators_description/share/clearpath_manipulators_description/package.dsv'
[1.075s] [34mcolcon.colcon_core.shell[0m [1;30mINFO[0m Creating package script '/home/robot/debug_clear_ws/install/clearpath_manipulators_description/share/clearpath_manipulators_description/package.sh'
[1.075s] [34mcolcon.colcon_core.shell[0m [1;30mINFO[0m Creating package script '/home/robot/debug_clear_ws/install/clearpath_manipulators_description/share/clearpath_manipulators_description/package.bash'
[1.077s] [34mcolcon.colcon_core.shell[0m [1;30mINFO[0m Creating package script '/home/robot/debug_clear_ws/install/clearpath_manipulators_description/share/clearpath_manipulators_description/package.zsh'
[1.078s] [34mcolcon.colcon_core.environment[0m [1;30mLevel 1[0m create_file_with_runtime_dependencies(/home/robot/debug_clear_ws/install/clearpath_manipulators_description/share/colcon-core/packages/clearpath_manipulators_description)
[1.079s] [34mcolcon.colcon_core.environment[0m [1;30mLevel 1[0m create_environment_scripts_only(clearpath_platform_description)
[1.080s] [34mcolcon.colcon_core.environment[0m [1;30mLevel 1[0m checking '/home/robot/debug_clear_ws/install/clearpath_platform_description' for CMake module files
[1.080s] [34mcolcon.colcon_core.environment[0m [1;30mLevel 1[0m checking '/home/robot/debug_clear_ws/install/clearpath_platform_description' for CMake config files
[1.081s] [34mcolcon.colcon_core.shell[0m [1;30mLevel 1[0m create_environment_hook('clearpath_platform_description', 'cmake_prefix_path')
[1.081s] [34mcolcon.colcon_core.shell[0m [1;30mINFO[0m Creating environment hook '/home/robot/debug_clear_ws/install/clearpath_platform_description/share/clearpath_platform_description/hook/cmake_prefix_path.ps1'
[1.082s] [34mcolcon.colcon_core.shell[0m [1;30mINFO[0m Creating environment descriptor '/home/robot/debug_clear_ws/install/clearpath_platform_description/share/clearpath_platform_description/hook/cmake_prefix_path.dsv'
[1.082s] [34mcolcon.colcon_core.shell[0m [1;30mINFO[0m Creating environment hook '/home/robot/debug_clear_ws/install/clearpath_platform_description/share/clearpath_platform_description/hook/cmake_prefix_path.sh'
[1.083s] [34mcolcon.colcon_core.environment[0m [1;30mLevel 1[0m checking '/home/robot/debug_clear_ws/install/clearpath_platform_description/bin'
[1.083s] [34mcolcon.colcon_core.environment[0m [1;30mLevel 1[0m checking '/home/robot/debug_clear_ws/install/clearpath_platform_description/lib/pkgconfig/clearpath_platform_description.pc'
[1.083s] [34mcolcon.colcon_core.environment[0m [1;30mLevel 1[0m checking '/home/robot/debug_clear_ws/install/clearpath_platform_description/lib/python3.10/site-packages'
[1.084s] [34mcolcon.colcon_core.environment[0m [1;30mLevel 1[0m checking '/home/robot/debug_clear_ws/install/clearpath_platform_description/bin'
[1.084s] [34mcolcon.colcon_core.shell[0m [1;30mINFO[0m Creating package script '/home/robot/debug_clear_ws/install/clearpath_platform_description/share/clearpath_platform_description/package.ps1'
[1.085s] [34mcolcon.colcon_core.shell[0m [1;30mINFO[0m Creating package descriptor '/home/robot/debug_clear_ws/install/clearpath_platform_description/share/clearpath_platform_description/package.dsv'
[1.086s] [34mcolcon.colcon_core.shell[0m [1;30mINFO[0m Creating package script '/home/robot/debug_clear_ws/install/clearpath_platform_description/share/clearpath_platform_description/package.sh'
[1.086s] [34mcolcon.colcon_core.shell[0m [1;30mINFO[0m Creating package script '/home/robot/debug_clear_ws/install/clearpath_platform_description/share/clearpath_platform_description/package.bash'
[1.087s] [34mcolcon.colcon_core.shell[0m [1;30mINFO[0m Creating package script '/home/robot/debug_clear_ws/install/clearpath_platform_description/share/clearpath_platform_description/package.zsh'
[1.087s] [34mcolcon.colcon_core.environment[0m [1;30mLevel 1[0m create_file_with_runtime_dependencies(/home/robot/debug_clear_ws/install/clearpath_platform_description/share/colcon-core/packages/clearpath_platform_description)
[1.088s] [34mcolcon.colcon_ros.task.ament_cmake.build[0m [1;30mINFO[0m Building ROS package in '/home/robot/debug_clear_ws/src/clearpath_common/clearpath_manipulators' with build type 'ament_cmake'
[1.088s] [34mcolcon.colcon_cmake.task.cmake.build[0m [1;30mINFO[0m Building CMake package in '/home/robot/debug_clear_ws/src/clearpath_common/clearpath_manipulators'
[1.088s] [34mcolcon.colcon_core.shell[0m [1;30mINFO[0m Skip shell extension 'powershell' for command environment: Not usable outside of PowerShell
[1.088s] [34mcolcon.colcon_core.shell[0m [1;30mDEBUG[0m [32mSkip shell extension 'dsv' for command environment[0m
[1.096s] [34mcolcon.colcon_core.environment[0m [1;30mLevel 1[0m create_environment_scripts_only(clearpath_mounts_description)
[1.097s] [34mcolcon.colcon_core.environment[0m [1;30mLevel 1[0m checking '/home/robot/debug_clear_ws/install/clearpath_mounts_description' for CMake module files
[1.098s] [34mcolcon.colcon_core.environment[0m [1;30mLevel 1[0m checking '/home/robot/debug_clear_ws/install/clearpath_mounts_description' for CMake config files
[1.098s] [34mcolcon.colcon_core.shell[0m [1;30mLevel 1[0m create_environment_hook('clearpath_mounts_description', 'cmake_prefix_path')
[1.098s] [34mcolcon.colcon_core.shell[0m [1;30mINFO[0m Creating environment hook '/home/robot/debug_clear_ws/install/clearpath_mounts_description/share/clearpath_mounts_description/hook/cmake_prefix_path.ps1'
[1.099s] [34mcolcon.colcon_core.shell[0m [1;30mINFO[0m Creating environment descriptor '/home/robot/debug_clear_ws/install/clearpath_mounts_description/share/clearpath_mounts_description/hook/cmake_prefix_path.dsv'
[1.099s] [34mcolcon.colcon_core.shell[0m [1;30mINFO[0m Creating environment hook '/home/robot/debug_clear_ws/install/clearpath_mounts_description/share/clearpath_mounts_description/hook/cmake_prefix_path.sh'
[1.100s] [34mcolcon.colcon_core.environment[0m [1;30mLevel 1[0m checking '/home/robot/debug_clear_ws/install/clearpath_mounts_description/bin'
[1.100s] [34mcolcon.colcon_core.environment[0m [1;30mLevel 1[0m checking '/home/robot/debug_clear_ws/install/clearpath_mounts_description/lib/pkgconfig/clearpath_mounts_description.pc'
[1.101s] [34mcolcon.colcon_core.environment[0m [1;30mLevel 1[0m checking '/home/robot/debug_clear_ws/install/clearpath_mounts_description/lib/python3.10/site-packages'
[1.101s] [34mcolcon.colcon_core.environment[0m [1;30mLevel 1[0m checking '/home/robot/debug_clear_ws/install/clearpath_mounts_description/bin'
[1.102s] [34mcolcon.colcon_core.shell[0m [1;30mINFO[0m Creating package script '/home/robot/debug_clear_ws/install/clearpath_mounts_description/share/clearpath_mounts_description/package.ps1'
[1.102s] [34mcolcon.colcon_core.shell[0m [1;30mINFO[0m Creating package descriptor '/home/robot/debug_clear_ws/install/clearpath_mounts_description/share/clearpath_mounts_description/package.dsv'
[1.103s] [34mcolcon.colcon_core.shell[0m [1;30mINFO[0m Creating package script '/home/robot/debug_clear_ws/install/clearpath_mounts_description/share/clearpath_mounts_description/package.sh'
[1.104s] [34mcolcon.colcon_core.shell[0m [1;30mINFO[0m Creating package script '/home/robot/debug_clear_ws/install/clearpath_mounts_description/share/clearpath_mounts_description/package.bash'
[1.104s] [34mcolcon.colcon_core.shell[0m [1;30mINFO[0m Creating package script '/home/robot/debug_clear_ws/install/clearpath_mounts_description/share/clearpath_mounts_description/package.zsh'
[1.105s] [34mcolcon.colcon_core.environment[0m [1;30mLevel 1[0m create_file_with_runtime_dependencies(/home/robot/debug_clear_ws/install/clearpath_mounts_description/share/colcon-core/packages/clearpath_mounts_description)
[1.105s] [34mcolcon.colcon_core.environment[0m [1;30mLevel 1[0m create_environment_scripts_only(clearpath_customization)
[1.105s] [34mcolcon.colcon_core.environment[0m [1;30mLevel 1[0m checking '/home/robot/debug_clear_ws/install/clearpath_customization' for CMake module files
[1.107s] [34mcolcon.colcon_core.event_handler.log_command[0m [1;30mDEBUG[0m [32mInvoked command in '/home/robot/debug_clear_ws/build/clearpath_customization' returned '0': CMAKE_PREFIX_PATH=${CMAKE_PREFIX_PATH}:/home/robot/debug_clear_ws/install/clearpath_config:/opt/ros/humble /usr/bin/cmake --install /home/robot/debug_clear_ws/build/clearpath_customization[0m
[1.107s] [34mcolcon.colcon_core.environment[0m [1;30mLevel 1[0m checking '/home/robot/debug_clear_ws/install/clearpath_customization' for CMake config files
[1.107s] [34mcolcon.colcon_core.shell[0m [1;30mLevel 1[0m create_environment_hook('clearpath_customization', 'cmake_prefix_path')
[1.107s] [34mcolcon.colcon_core.shell[0m [1;30mINFO[0m Creating environment hook '/home/robot/debug_clear_ws/install/clearpath_customization/share/clearpath_customization/hook/cmake_prefix_path.ps1'
[1.108s] [34mcolcon.colcon_core.shell[0m [1;30mINFO[0m Creating environment descriptor '/home/robot/debug_clear_ws/install/clearpath_customization/share/clearpath_customization/hook/cmake_prefix_path.dsv'
[1.108s] [34mcolcon.colcon_core.shell[0m [1;30mINFO[0m Creating environment hook '/home/robot/debug_clear_ws/install/clearpath_customization/share/clearpath_customization/hook/cmake_prefix_path.sh'
[1.109s] [34mcolcon.colcon_core.environment[0m [1;30mLevel 1[0m checking '/home/robot/debug_clear_ws/install/clearpath_customization/lib'
[1.109s] [34mcolcon.colcon_core.environment[0m [1;30mLevel 1[0m checking '/home/robot/debug_clear_ws/install/clearpath_customization/bin'
[1.109s] [34mcolcon.colcon_core.environment[0m [1;30mLevel 1[0m checking '/home/robot/debug_clear_ws/install/clearpath_customization/lib/pkgconfig/clearpath_customization.pc'
[1.110s] [34mcolcon.colcon_core.environment[0m [1;30mLevel 1[0m checking '/home/robot/debug_clear_ws/install/clearpath_customization/lib/python3.10/site-packages'
[1.110s] [34mcolcon.colcon_core.environment[0m [1;30mLevel 1[0m checking '/home/robot/debug_clear_ws/install/clearpath_customization/bin'
[1.110s] [34mcolcon.colcon_core.shell[0m [1;30mINFO[0m Creating package script '/home/robot/debug_clear_ws/install/clearpath_customization/share/clearpath_customization/package.ps1'
[1.111s] [34mcolcon.colcon_core.shell[0m [1;30mINFO[0m Creating package descriptor '/home/robot/debug_clear_ws/install/clearpath_customization/share/clearpath_customization/package.dsv'
[1.112s] [34mcolcon.colcon_core.shell[0m [1;30mINFO[0m Creating package script '/home/robot/debug_clear_ws/install/clearpath_customization/share/clearpath_customization/package.sh'
[1.112s] [34mcolcon.colcon_core.shell[0m [1;30mINFO[0m Creating package script '/home/robot/debug_clear_ws/install/clearpath_customization/share/clearpath_customization/package.bash'
[1.113s] [34mcolcon.colcon_core.shell[0m [1;30mINFO[0m Creating package script '/home/robot/debug_clear_ws/install/clearpath_customization/share/clearpath_customization/package.zsh'
[1.113s] [34mcolcon.colcon_core.environment[0m [1;30mLevel 1[0m create_file_with_runtime_dependencies(/home/robot/debug_clear_ws/install/clearpath_customization/share/colcon-core/packages/clearpath_customization)
[1.115s] [34mcolcon.colcon_core.environment[0m [1;30mLevel 1[0m create_environment_scripts_only(clearpath_sensors_description)
[1.115s] [34mcolcon.colcon_core.environment[0m [1;30mLevel 1[0m checking '/home/robot/debug_clear_ws/install/clearpath_sensors_description' for CMake module files
[1.116s] [34mcolcon.colcon_core.environment[0m [1;30mLevel 1[0m checking '/home/robot/debug_clear_ws/install/clearpath_sensors_description' for CMake config files
[1.117s] [34mcolcon.colcon_core.shell[0m [1;30mLevel 1[0m create_environment_hook('clearpath_sensors_description', 'cmake_prefix_path')
[1.117s] [34mcolcon.colcon_core.shell[0m [1;30mINFO[0m Creating environment hook '/home/robot/debug_clear_ws/install/clearpath_sensors_description/share/clearpath_sensors_description/hook/cmake_prefix_path.ps1'
[1.118s] [34mcolcon.colcon_core.shell[0m [1;30mINFO[0m Creating environment descriptor '/home/robot/debug_clear_ws/install/clearpath_sensors_description/share/clearpath_sensors_description/hook/cmake_prefix_path.dsv'
[1.118s] [34mcolcon.colcon_core.shell[0m [1;30mINFO[0m Creating environment hook '/home/robot/debug_clear_ws/install/clearpath_sensors_description/share/clearpath_sensors_description/hook/cmake_prefix_path.sh'
[1.119s] [34mcolcon.colcon_core.environment[0m [1;30mLevel 1[0m checking '/home/robot/debug_clear_ws/install/clearpath_sensors_description/bin'
[1.119s] [34mcolcon.colcon_core.environment[0m [1;30mLevel 1[0m checking '/home/robot/debug_clear_ws/install/clearpath_sensors_description/lib/pkgconfig/clearpath_sensors_description.pc'
[1.120s] [34mcolcon.colcon_core.environment[0m [1;30mLevel 1[0m checking '/home/robot/debug_clear_ws/install/clearpath_sensors_description/lib/python3.10/site-packages'
[1.120s] [34mcolcon.colcon_core.environment[0m [1;30mLevel 1[0m checking '/home/robot/debug_clear_ws/install/clearpath_sensors_description/bin'
[1.121s] [34mcolcon.colcon_core.shell[0m [1;30mINFO[0m Creating package script '/home/robot/debug_clear_ws/install/clearpath_sensors_description/share/clearpath_sensors_description/package.ps1'
[1.121s] [34mcolcon.colcon_core.shell[0m [1;30mINFO[0m Creating package descriptor '/home/robot/debug_clear_ws/install/clearpath_sensors_description/share/clearpath_sensors_description/package.dsv'
[1.122s] [34mcolcon.colcon_core.shell[0m [1;30mINFO[0m Creating package script '/home/robot/debug_clear_ws/install/clearpath_sensors_description/share/clearpath_sensors_description/package.sh'
[1.123s] [34mcolcon.colcon_core.shell[0m [1;30mINFO[0m Creating package script '/home/robot/debug_clear_ws/install/clearpath_sensors_description/share/clearpath_sensors_description/package.bash'
[1.124s] [34mcolcon.colcon_core.shell[0m [1;30mINFO[0m Creating package script '/home/robot/debug_clear_ws/install/clearpath_sensors_description/share/clearpath_sensors_description/package.zsh'
[1.124s] [34mcolcon.colcon_core.environment[0m [1;30mLevel 1[0m create_file_with_runtime_dependencies(/home/robot/debug_clear_ws/install/clearpath_sensors_description/share/colcon-core/packages/clearpath_sensors_description)
[1.125s] [34mcolcon.colcon_ros.task.ament_cmake.build[0m [1;30mINFO[0m Building ROS package in '/home/robot/debug_clear_ws/src/clearpath_common/clearpath_description' with build type 'ament_cmake'
[1.126s] [34mcolcon.colcon_cmake.task.cmake.build[0m [1;30mINFO[0m Building CMake package in '/home/robot/debug_clear_ws/src/clearpath_common/clearpath_description'
[1.126s] [34mcolcon.colcon_core.shell[0m [1;30mINFO[0m Skip shell extension 'powershell' for command environment: Not usable outside of PowerShell
[1.126s] [34mcolcon.colcon_core.shell[0m [1;30mDEBUG[0m [32mSkip shell extension 'dsv' for command environment[0m
[1.138s] [34mcolcon.colcon_core.environment[0m [1;30mLevel 1[0m create_environment_scripts_only(clearpath_customization)
[1.138s] [34mcolcon.colcon_core.environment[0m [1;30mLevel 1[0m checking '/home/robot/debug_clear_ws/install/clearpath_customization' for CMake module files
[1.139s] [34mcolcon.colcon_core.event_handler.log_command[0m [1;30mDEBUG[0m [32mInvoking command in '/home/robot/debug_clear_ws/build/clearpath_manipulators': CMAKE_PREFIX_PATH=/home/robot/debug_clear_ws/install/clearpath_manipulators_description:/home/robot/debug_clear_ws/install/clearpath_simulator:/home/robot/debug_clear_ws/install/clearpath_gz:/home/robot/debug_clear_ws/install/clearpath_generator_gz:/home/robot/debug_clear_ws/install/clearpath_common:/home/robot/debug_clear_ws/install/clearpath_generator_common:/home/robot/debug_clear_ws/install/clearpath_description:/home/robot/debug_clear_ws/install/clearpath_sensors_description:/home/robot/debug_clear_ws/install/clearpath_platform:/home/robot/debug_clear_ws/install/clearpath_msgs:/home/robot/debug_clear_ws/install/clearpath_platform_msgs:/home/robot/debug_clear_ws/install/clearpath_platform_description:/home/robot/debug_clear_ws/install/clearpath_mounts_description:/home/robot/debug_clear_ws/install/clearpath_manipulators:/home/robot/debug_clear_ws/install/clearpath_customization:/home/robot/debug_clear_ws/install/clearpath_control:/home/robot/debug_clear_ws/install/clearpath_config:/opt/ros/humble /usr/bin/cmake --build /home/robot/debug_clear_ws/build/clearpath_manipulators -- -j12 -l12[0m
[1.140s] [34mcolcon.colcon_core.environment[0m [1;30mLevel 1[0m checking '/home/robot/debug_clear_ws/install/clearpath_customization' for CMake config files
[1.140s] [34mcolcon.colcon_core.shell[0m [1;30mLevel 1[0m create_environment_hook('clearpath_customization', 'cmake_prefix_path')
[1.140s] [34mcolcon.colcon_core.shell[0m [1;30mINFO[0m Creating environment hook '/home/robot/debug_clear_ws/install/clearpath_customization/share/clearpath_customization/hook/cmake_prefix_path.ps1'
[1.141s] [34mcolcon.colcon_core.shell[0m [1;30mINFO[0m Creating environment descriptor '/home/robot/debug_clear_ws/install/clearpath_customization/share/clearpath_customization/hook/cmake_prefix_path.dsv'
[1.141s] [34mcolcon.colcon_core.shell[0m [1;30mINFO[0m Creating environment hook '/home/robot/debug_clear_ws/install/clearpath_customization/share/clearpath_customization/hook/cmake_prefix_path.sh'
[1.142s] [34mcolcon.colcon_core.environment[0m [1;30mLevel 1[0m checking '/home/robot/debug_clear_ws/install/clearpath_customization/lib'
[1.142s] [34mcolcon.colcon_core.environment[0m [1;30mLevel 1[0m checking '/home/robot/debug_clear_ws/install/clearpath_customization/bin'
[1.142s] [34mcolcon.colcon_core.environment[0m [1;30mLevel 1[0m checking '/home/robot/debug_clear_ws/install/clearpath_customization/lib/pkgconfig/clearpath_customization.pc'
[1.142s] [34mcolcon.colcon_core.environment[0m [1;30mLevel 1[0m checking '/home/robot/debug_clear_ws/install/clearpath_customization/lib/python3.10/site-packages'
[1.143s] [34mcolcon.colcon_core.environment[0m [1;30mLevel 1[0m checking '/home/robot/debug_clear_ws/install/clearpath_customization/bin'
[1.143s] [34mcolcon.colcon_core.shell[0m [1;30mINFO[0m Creating package script '/home/robot/debug_clear_ws/install/clearpath_customization/share/clearpath_customization/package.ps1'
[1.143s] [34mcolcon.colcon_core.shell[0m [1;30mINFO[0m Creating package descriptor '/home/robot/debug_clear_ws/install/clearpath_customization/share/clearpath_customization/package.dsv'
[1.144s] [34mcolcon.colcon_core.shell[0m [1;30mINFO[0m Creating package script '/home/robot/debug_clear_ws/install/clearpath_customization/share/clearpath_customization/package.sh'
[1.144s] [34mcolcon.colcon_core.shell[0m [1;30mINFO[0m Creating package script '/home/robot/debug_clear_ws/install/clearpath_customization/share/clearpath_customization/package.bash'
[1.145s] [34mcolcon.colcon_core.shell[0m [1;30mINFO[0m Creating package script '/home/robot/debug_clear_ws/install/clearpath_customization/share/clearpath_customization/package.zsh'
[1.145s] [34mcolcon.colcon_core.environment[0m [1;30mLevel 1[0m create_file_with_runtime_dependencies(/home/robot/debug_clear_ws/install/clearpath_customization/share/colcon-core/packages/clearpath_customization)
[1.151s] [34mcolcon.colcon_core.event_handler.log_command[0m [1;30mDEBUG[0m [32mInvoking command in '/home/robot/debug_clear_ws/build/clearpath_description': CMAKE_PREFIX_PATH=/home/robot/debug_clear_ws/install/clearpath_sensors_description:/home/robot/debug_clear_ws/install/clearpath_platform_description:/home/robot/debug_clear_ws/install/clearpath_mounts_description:/home/robot/debug_clear_ws/install/clearpath_manipulators_description:/home/robot/debug_clear_ws/install/clearpath_simulator:/home/robot/debug_clear_ws/install/clearpath_gz:/home/robot/debug_clear_ws/install/clearpath_generator_gz:/home/robot/debug_clear_ws/install/clearpath_common:/home/robot/debug_clear_ws/install/clearpath_generator_common:/home/robot/debug_clear_ws/install/clearpath_description:/home/robot/debug_clear_ws/install/clearpath_platform:/home/robot/debug_clear_ws/install/clearpath_msgs:/home/robot/debug_clear_ws/install/clearpath_platform_msgs:/home/robot/debug_clear_ws/install/clearpath_manipulators:/home/robot/debug_clear_ws/install/clearpath_customization:/home/robot/debug_clear_ws/install/clearpath_control:/home/robot/debug_clear_ws/install/clearpath_config:/opt/ros/humble /usr/bin/cmake --build /home/robot/debug_clear_ws/build/clearpath_description -- -j12 -l12[0m
[1.178s] [34mcolcon.colcon_core.event_handler.log_command[0m [1;30mDEBUG[0m [32mInvoked command in '/home/robot/debug_clear_ws/build/clearpath_manipulators' returned '0': CMAKE_PREFIX_PATH=/home/robot/debug_clear_ws/install/clearpath_manipulators_description:/home/robot/debug_clear_ws/install/clearpath_simulator:/home/robot/debug_clear_ws/install/clearpath_gz:/home/robot/debug_clear_ws/install/clearpath_generator_gz:/home/robot/debug_clear_ws/install/clearpath_common:/home/robot/debug_clear_ws/install/clearpath_generator_common:/home/robot/debug_clear_ws/install/clearpath_description:/home/robot/debug_clear_ws/install/clearpath_sensors_description:/home/robot/debug_clear_ws/install/clearpath_platform:/home/robot/debug_clear_ws/install/clearpath_msgs:/home/robot/debug_clear_ws/install/clearpath_platform_msgs:/home/robot/debug_clear_ws/install/clearpath_platform_description:/home/robot/debug_clear_ws/install/clearpath_mounts_description:/home/robot/debug_clear_ws/install/clearpath_manipulators:/home/robot/debug_clear_ws/install/clearpath_customization:/home/robot/debug_clear_ws/install/clearpath_control:/home/robot/debug_clear_ws/install/clearpath_config:/opt/ros/humble /usr/bin/cmake --build /home/robot/debug_clear_ws/build/clearpath_manipulators -- -j12 -l12[0m
[1.190s] [34mcolcon.colcon_core.event_handler.log_command[0m [1;30mDEBUG[0m [32mInvoked command in '/home/robot/debug_clear_ws/build/clearpath_description' returned '0': CMAKE_PREFIX_PATH=/home/robot/debug_clear_ws/install/clearpath_sensors_description:/home/robot/debug_clear_ws/install/clearpath_platform_description:/home/robot/debug_clear_ws/install/clearpath_mounts_description:/home/robot/debug_clear_ws/install/clearpath_manipulators_description:/home/robot/debug_clear_ws/install/clearpath_simulator:/home/robot/debug_clear_ws/install/clearpath_gz:/home/robot/debug_clear_ws/install/clearpath_generator_gz:/home/robot/debug_clear_ws/install/clearpath_common:/home/robot/debug_clear_ws/install/clearpath_generator_common:/home/robot/debug_clear_ws/install/clearpath_description:/home/robot/debug_clear_ws/install/clearpath_platform:/home/robot/debug_clear_ws/install/clearpath_msgs:/home/robot/debug_clear_ws/install/clearpath_platform_msgs:/home/robot/debug_clear_ws/install/clearpath_manipulators:/home/robot/debug_clear_ws/install/clearpath_customization:/home/robot/debug_clear_ws/install/clearpath_control:/home/robot/debug_clear_ws/install/clearpath_config:/opt/ros/humble /usr/bin/cmake --build /home/robot/debug_clear_ws/build/clearpath_description -- -j12 -l12[0m
[1.204s] [34mcolcon.colcon_core.event_handler.log_command[0m [1;30mDEBUG[0m [32mInvoking command in '/home/robot/debug_clear_ws/build/clearpath_manipulators': CMAKE_PREFIX_PATH=/home/robot/debug_clear_ws/install/clearpath_manipulators_description:/home/robot/debug_clear_ws/install/clearpath_simulator:/home/robot/debug_clear_ws/install/clearpath_gz:/home/robot/debug_clear_ws/install/clearpath_generator_gz:/home/robot/debug_clear_ws/install/clearpath_common:/home/robot/debug_clear_ws/install/clearpath_generator_common:/home/robot/debug_clear_ws/install/clearpath_description:/home/robot/debug_clear_ws/install/clearpath_sensors_description:/home/robot/debug_clear_ws/install/clearpath_platform:/home/robot/debug_clear_ws/install/clearpath_msgs:/home/robot/debug_clear_ws/install/clearpath_platform_msgs:/home/robot/debug_clear_ws/install/clearpath_platform_description:/home/robot/debug_clear_ws/install/clearpath_mounts_description:/home/robot/debug_clear_ws/install/clearpath_manipulators:/home/robot/debug_clear_ws/install/clearpath_customization:/home/robot/debug_clear_ws/install/clearpath_control:/home/robot/debug_clear_ws/install/clearpath_config:/opt/ros/humble /usr/bin/cmake --install /home/robot/debug_clear_ws/build/clearpath_manipulators[0m
[1.218s] [34mcolcon.colcon_core.environment[0m [1;30mLevel 1[0m create_environment_scripts_only(clearpath_manipulators)
[1.218s] [34mcolcon.colcon_core.environment[0m [1;30mLevel 1[0m checking '/home/robot/debug_clear_ws/install/clearpath_manipulators' for CMake module files
[1.221s] [34mcolcon.colcon_core.event_handler.log_command[0m [1;30mDEBUG[0m [32mInvoking command in '/home/robot/debug_clear_ws/build/clearpath_description': CMAKE_PREFIX_PATH=/home/robot/debug_clear_ws/install/clearpath_sensors_description:/home/robot/debug_clear_ws/install/clearpath_platform_description:/home/robot/debug_clear_ws/install/clearpath_mounts_description:/home/robot/debug_clear_ws/install/clearpath_manipulators_description:/home/robot/debug_clear_ws/install/clearpath_simulator:/home/robot/debug_clear_ws/install/clearpath_gz:/home/robot/debug_clear_ws/install/clearpath_generator_gz:/home/robot/debug_clear_ws/install/clearpath_common:/home/robot/debug_clear_ws/install/clearpath_generator_common:/home/robot/debug_clear_ws/install/clearpath_description:/home/robot/debug_clear_ws/install/clearpath_platform:/home/robot/debug_clear_ws/install/clearpath_msgs:/home/robot/debug_clear_ws/install/clearpath_platform_msgs:/home/robot/debug_clear_ws/install/clearpath_manipulators:/home/robot/debug_clear_ws/install/clearpath_customization:/home/robot/debug_clear_ws/install/clearpath_control:/home/robot/debug_clear_ws/install/clearpath_config:/opt/ros/humble /usr/bin/cmake --install /home/robot/debug_clear_ws/build/clearpath_description[0m
[1.222s] [34mcolcon.colcon_core.environment[0m [1;30mLevel 1[0m checking '/home/robot/debug_clear_ws/install/clearpath_manipulators' for CMake config files
[1.224s] [34mcolcon.colcon_core.shell[0m [1;30mLevel 1[0m create_environment_hook('clearpath_manipulators', 'cmake_prefix_path')
[1.224s] [34mcolcon.colcon_core.shell[0m [1;30mINFO[0m Creating environment hook '/home/robot/debug_clear_ws/install/clearpath_manipulators/share/clearpath_manipulators/hook/cmake_prefix_path.ps1'
[1.225s] [34mcolcon.colcon_core.event_handler.log_command[0m [1;30mDEBUG[0m [32mInvoked command in '/home/robot/debug_clear_ws/build/clearpath_manipulators' returned '0': CMAKE_PREFIX_PATH=/home/robot/debug_clear_ws/install/clearpath_manipulators_description:/home/robot/debug_clear_ws/install/clearpath_simulator:/home/robot/debug_clear_ws/install/clearpath_gz:/home/robot/debug_clear_ws/install/clearpath_generator_gz:/home/robot/debug_clear_ws/install/clearpath_common:/home/robot/debug_clear_ws/install/clearpath_generator_common:/home/robot/debug_clear_ws/install/clearpath_description:/home/robot/debug_clear_ws/install/clearpath_sensors_description:/home/robot/debug_clear_ws/install/clearpath_platform:/home/robot/debug_clear_ws/install/clearpath_msgs:/home/robot/debug_clear_ws/install/clearpath_platform_msgs:/home/robot/debug_clear_ws/install/clearpath_platform_description:/home/robot/debug_clear_ws/install/clearpath_mounts_description:/home/robot/debug_clear_ws/install/clearpath_manipulators:/home/robot/debug_clear_ws/install/clearpath_customization:/home/robot/debug_clear_ws/install/clearpath_control:/home/robot/debug_clear_ws/install/clearpath_config:/opt/ros/humble /usr/bin/cmake --install /home/robot/debug_clear_ws/build/clearpath_manipulators[0m
[1.226s] [34mcolcon.colcon_core.shell[0m [1;30mINFO[0m Creating environment descriptor '/home/robot/debug_clear_ws/install/clearpath_manipulators/share/clearpath_manipulators/hook/cmake_prefix_path.dsv'
[1.226s] [34mcolcon.colcon_core.shell[0m [1;30mINFO[0m Creating environment hook '/home/robot/debug_clear_ws/install/clearpath_manipulators/share/clearpath_manipulators/hook/cmake_prefix_path.sh'
[1.229s] [34mcolcon.colcon_core.environment[0m [1;30mLevel 1[0m checking '/home/robot/debug_clear_ws/install/clearpath_manipulators/bin'
[1.229s] [34mcolcon.colcon_core.environment[0m [1;30mLevel 1[0m checking '/home/robot/debug_clear_ws/install/clearpath_manipulators/lib/pkgconfig/clearpath_manipulators.pc'
[1.229s] [34mcolcon.colcon_core.environment[0m [1;30mLevel 1[0m checking '/home/robot/debug_clear_ws/install/clearpath_manipulators/lib/python3.10/site-packages'
[1.230s] [34mcolcon.colcon_core.environment[0m [1;30mLevel 1[0m checking '/home/robot/debug_clear_ws/install/clearpath_manipulators/bin'
[1.230s] [34mcolcon.colcon_core.shell[0m [1;30mINFO[0m Creating package script '/home/robot/debug_clear_ws/install/clearpath_manipulators/share/clearpath_manipulators/package.ps1'
[1.231s] [34mcolcon.colcon_core.shell[0m [1;30mINFO[0m Creating package descriptor '/home/robot/debug_clear_ws/install/clearpath_manipulators/share/clearpath_manipulators/package.dsv'
[1.232s] [34mcolcon.colcon_core.shell[0m [1;30mINFO[0m Creating package script '/home/robot/debug_clear_ws/install/clearpath_manipulators/share/clearpath_manipulators/package.sh'
[1.232s] [34mcolcon.colcon_core.shell[0m [1;30mINFO[0m Creating package script '/home/robot/debug_clear_ws/install/clearpath_manipulators/share/clearpath_manipulators/package.bash'
[1.233s] [34mcolcon.colcon_core.shell[0m [1;30mINFO[0m Creating package script '/home/robot/debug_clear_ws/install/clearpath_manipulators/share/clearpath_manipulators/package.zsh'
[1.233s] [34mcolcon.colcon_core.environment[0m [1;30mLevel 1[0m create_file_with_runtime_dependencies(/home/robot/debug_clear_ws/install/clearpath_manipulators/share/colcon-core/packages/clearpath_manipulators)
[1.235s] [34mcolcon.colcon_core.environment[0m [1;30mLevel 1[0m create_environment_scripts_only(clearpath_description)
[1.235s] [34mcolcon.colcon_core.environment[0m [1;30mLevel 1[0m checking '/home/robot/debug_clear_ws/install/clearpath_description' for CMake module files
[1.236s] [34mcolcon.colcon_core.event_handler.log_command[0m [1;30mDEBUG[0m [32mInvoked command in '/home/robot/debug_clear_ws/build/clearpath_description' returned '0': CMAKE_PREFIX_PATH=/home/robot/debug_clear_ws/install/clearpath_sensors_description:/home/robot/debug_clear_ws/install/clearpath_platform_description:/home/robot/debug_clear_ws/install/clearpath_mounts_description:/home/robot/debug_clear_ws/install/clearpath_manipulators_description:/home/robot/debug_clear_ws/install/clearpath_simulator:/home/robot/debug_clear_ws/install/clearpath_gz:/home/robot/debug_clear_ws/install/clearpath_generator_gz:/home/robot/debug_clear_ws/install/clearpath_common:/home/robot/debug_clear_ws/install/clearpath_generator_common:/home/robot/debug_clear_ws/install/clearpath_description:/home/robot/debug_clear_ws/install/clearpath_platform:/home/robot/debug_clear_ws/install/clearpath_msgs:/home/robot/debug_clear_ws/install/clearpath_platform_msgs:/home/robot/debug_clear_ws/install/clearpath_manipulators:/home/robot/debug_clear_ws/install/clearpath_customization:/home/robot/debug_clear_ws/install/clearpath_control:/home/robot/debug_clear_ws/install/clearpath_config:/opt/ros/humble /usr/bin/cmake --install /home/robot/debug_clear_ws/build/clearpath_description[0m
[1.237s] [34mcolcon.colcon_core.environment[0m [1;30mLevel 1[0m checking '/home/robot/debug_clear_ws/install/clearpath_description' for CMake config files
[1.237s] [34mcolcon.colcon_core.shell[0m [1;30mLevel 1[0m create_environment_hook('clearpath_description', 'cmake_prefix_path')
[1.237s] [34mcolcon.colcon_core.shell[0m [1;30mINFO[0m Creating environment hook '/home/robot/debug_clear_ws/install/clearpath_description/share/clearpath_description/hook/cmake_prefix_path.ps1'
[1.238s] [34mcolcon.colcon_core.shell[0m [1;30mINFO[0m Creating environment descriptor '/home/robot/debug_clear_ws/install/clearpath_description/share/clearpath_description/hook/cmake_prefix_path.dsv'
[1.238s] [34mcolcon.colcon_core.shell[0m [1;30mINFO[0m Creating environment hook '/home/robot/debug_clear_ws/install/clearpath_description/share/clearpath_description/hook/cmake_prefix_path.sh'
[1.239s] [34mcolcon.colcon_core.environment[0m [1;30mLevel 1[0m checking '/home/robot/debug_clear_ws/install/clearpath_description/bin'
[1.239s] [34mcolcon.colcon_core.environment[0m [1;30mLevel 1[0m checking '/home/robot/debug_clear_ws/install/clearpath_description/lib/pkgconfig/clearpath_description.pc'
[1.239s] [34mcolcon.colcon_core.environment[0m [1;30mLevel 1[0m checking '/home/robot/debug_clear_ws/install/clearpath_description/lib/python3.10/site-packages'
[1.239s] [34mcolcon.colcon_core.environment[0m [1;30mLevel 1[0m checking '/home/robot/debug_clear_ws/install/clearpath_description/bin'
[1.239s] [34mcolcon.colcon_core.shell[0m [1;30mINFO[0m Creating package script '/home/robot/debug_clear_ws/install/clearpath_description/share/clearpath_description/package.ps1'
[1.240s] [34mcolcon.colcon_core.shell[0m [1;30mINFO[0m Creating package descriptor '/home/robot/debug_clear_ws/install/clearpath_description/share/clearpath_description/package.dsv'
[1.240s] [34mcolcon.colcon_core.shell[0m [1;30mINFO[0m Creating package script '/home/robot/debug_clear_ws/install/clearpath_description/share/clearpath_description/package.sh'
[1.240s] [34mcolcon.colcon_core.shell[0m [1;30mINFO[0m Creating package script '/home/robot/debug_clear_ws/install/clearpath_description/share/clearpath_description/package.bash'
[1.241s] [34mcolcon.colcon_core.shell[0m [1;30mINFO[0m Creating package script '/home/robot/debug_clear_ws/install/clearpath_description/share/clearpath_description/package.zsh'
[1.241s] [34mcolcon.colcon_core.environment[0m [1;30mLevel 1[0m create_file_with_runtime_dependencies(/home/robot/debug_clear_ws/install/clearpath_description/share/colcon-core/packages/clearpath_description)
[1.245s] [34mcolcon.colcon_core.event_handler.log_command[0m [1;30mDEBUG[0m [32mInvoking command in '/home/robot/debug_clear_ws/build/clearpath_platform_msgs': CMAKE_PREFIX_PATH=${CMAKE_PREFIX_PATH}:/home/robot/debug_clear_ws/install/clearpath_config:/opt/ros/humble /usr/bin/cmake --install /home/robot/debug_clear_ws/build/clearpath_platform_msgs[0m
[1.258s] [34mcolcon.colcon_core.environment[0m [1;30mLevel 1[0m create_environment_scripts_only(clearpath_manipulators)
[1.258s] [34mcolcon.colcon_core.environment[0m [1;30mLevel 1[0m checking '/home/robot/debug_clear_ws/install/clearpath_manipulators' for CMake module files
[1.260s] [34mcolcon.colcon_core.environment[0m [1;30mLevel 1[0m checking '/home/robot/debug_clear_ws/install/clearpath_manipulators' for CMake config files
[1.261s] [34mcolcon.colcon_core.shell[0m [1;30mLevel 1[0m create_environment_hook('clearpath_manipulators', 'cmake_prefix_path')
[1.261s] [34mcolcon.colcon_core.shell[0m [1;30mINFO[0m Creating environment hook '/home/robot/debug_clear_ws/install/clearpath_manipulators/share/clearpath_manipulators/hook/cmake_prefix_path.ps1'
[1.263s] [34mcolcon.colcon_core.shell[0m [1;30mINFO[0m Creating environment descriptor '/home/robot/debug_clear_ws/install/clearpath_manipulators/share/clearpath_manipulators/hook/cmake_prefix_path.dsv'
[1.263s] [34mcolcon.colcon_core.shell[0m [1;30mINFO[0m Creating environment hook '/home/robot/debug_clear_ws/install/clearpath_manipulators/share/clearpath_manipulators/hook/cmake_prefix_path.sh'
[1.265s] [34mcolcon.colcon_core.environment[0m [1;30mLevel 1[0m checking '/home/robot/debug_clear_ws/install/clearpath_manipulators/bin'
[1.265s] [34mcolcon.colcon_core.environment[0m [1;30mLevel 1[0m checking '/home/robot/debug_clear_ws/install/clearpath_manipulators/lib/pkgconfig/clearpath_manipulators.pc'
[1.265s] [34mcolcon.colcon_core.environment[0m [1;30mLevel 1[0m checking '/home/robot/debug_clear_ws/install/clearpath_manipulators/lib/python3.10/site-packages'
[1.265s] [34mcolcon.colcon_core.environment[0m [1;30mLevel 1[0m checking '/home/robot/debug_clear_ws/install/clearpath_manipulators/bin'
[1.266s] [34mcolcon.colcon_core.shell[0m [1;30mINFO[0m Creating package script '/home/robot/debug_clear_ws/install/clearpath_manipulators/share/clearpath_manipulators/package.ps1'
[1.267s] [34mcolcon.colcon_core.shell[0m [1;30mINFO[0m Creating package descriptor '/home/robot/debug_clear_ws/install/clearpath_manipulators/share/clearpath_manipulators/package.dsv'
[1.268s] [34mcolcon.colcon_core.shell[0m [1;30mINFO[0m Creating package script '/home/robot/debug_clear_ws/install/clearpath_manipulators/share/clearpath_manipulators/package.sh'
[1.269s] [34mcolcon.colcon_core.shell[0m [1;30mINFO[0m Creating package script '/home/robot/debug_clear_ws/install/clearpath_manipulators/share/clearpath_manipulators/package.bash'
[1.270s] [34mcolcon.colcon_core.shell[0m [1;30mINFO[0m Creating package script '/home/robot/debug_clear_ws/install/clearpath_manipulators/share/clearpath_manipulators/package.zsh'
[1.271s] [34mcolcon.colcon_core.environment[0m [1;30mLevel 1[0m create_file_with_runtime_dependencies(/home/robot/debug_clear_ws/install/clearpath_manipulators/share/colcon-core/packages/clearpath_manipulators)
[1.272s] [34mcolcon.colcon_core.environment[0m [1;30mLevel 1[0m create_environment_scripts_only(clearpath_description)
[1.272s] [34mcolcon.colcon_core.environment[0m [1;30mLevel 1[0m checking '/home/robot/debug_clear_ws/install/clearpath_description' for CMake module files
[1.273s] [34mcolcon.colcon_core.environment[0m [1;30mLevel 1[0m checking '/home/robot/debug_clear_ws/install/clearpath_description' for CMake config files
[1.274s] [34mcolcon.colcon_core.shell[0m [1;30mLevel 1[0m create_environment_hook('clearpath_description', 'cmake_prefix_path')
[1.274s] [34mcolcon.colcon_core.shell[0m [1;30mINFO[0m Creating environment hook '/home/robot/debug_clear_ws/install/clearpath_description/share/clearpath_description/hook/cmake_prefix_path.ps1'
[1.275s] [34mcolcon.colcon_core.shell[0m [1;30mINFO[0m Creating environment descriptor '/home/robot/debug_clear_ws/install/clearpath_description/share/clearpath_description/hook/cmake_prefix_path.dsv'
[1.276s] [34mcolcon.colcon_core.shell[0m [1;30mINFO[0m Creating environment hook '/home/robot/debug_clear_ws/install/clearpath_description/share/clearpath_description/hook/cmake_prefix_path.sh'
[1.277s] [34mcolcon.colcon_core.environment[0m [1;30mLevel 1[0m checking '/home/robot/debug_clear_ws/install/clearpath_description/bin'
[1.277s] [34mcolcon.colcon_core.environment[0m [1;30mLevel 1[0m checking '/home/robot/debug_clear_ws/install/clearpath_description/lib/pkgconfig/clearpath_description.pc'
[1.278s] [34mcolcon.colcon_core.environment[0m [1;30mLevel 1[0m checking '/home/robot/debug_clear_ws/install/clearpath_description/lib/python3.10/site-packages'
[1.278s] [34mcolcon.colcon_core.environment[0m [1;30mLevel 1[0m checking '/home/robot/debug_clear_ws/install/clearpath_description/bin'
[1.278s] [34mcolcon.colcon_core.shell[0m [1;30mINFO[0m Creating package script '/home/robot/debug_clear_ws/install/clearpath_description/share/clearpath_description/package.ps1'
[1.279s] [34mcolcon.colcon_core.shell[0m [1;30mINFO[0m Creating package descriptor '/home/robot/debug_clear_ws/install/clearpath_description/share/clearpath_description/package.dsv'
[1.280s] [34mcolcon.colcon_core.shell[0m [1;30mINFO[0m Creating package script '/home/robot/debug_clear_ws/install/clearpath_description/share/clearpath_description/package.sh'
[1.281s] [34mcolcon.colcon_core.shell[0m [1;30mINFO[0m Creating package script '/home/robot/debug_clear_ws/install/clearpath_description/share/clearpath_description/package.bash'
[1.282s] [34mcolcon.colcon_core.shell[0m [1;30mINFO[0m Creating package script '/home/robot/debug_clear_ws/install/clearpath_description/share/clearpath_description/package.zsh'
[1.282s] [34mcolcon.colcon_core.environment[0m [1;30mLevel 1[0m create_file_with_runtime_dependencies(/home/robot/debug_clear_ws/install/clearpath_description/share/colcon-core/packages/clearpath_description)
[1.307s] [34mcolcon.colcon_core.environment[0m [1;30mLevel 1[0m create_environment_scripts_only(clearpath_platform_msgs)
[1.308s] [34mcolcon.colcon_core.environment[0m [1;30mLevel 1[0m checking '/home/robot/debug_clear_ws/install/clearpath_platform_msgs' for CMake module files
[1.309s] [34mcolcon.colcon_core.environment[0m [1;30mLevel 1[0m checking '/home/robot/debug_clear_ws/install/clearpath_platform_msgs' for CMake config files
[1.311s] [34mcolcon.colcon_core.event_handler.log_command[0m [1;30mDEBUG[0m [32mInvoked command in '/home/robot/debug_clear_ws/build/clearpath_platform_msgs' returned '0': CMAKE_PREFIX_PATH=${CMAKE_PREFIX_PATH}:/home/robot/debug_clear_ws/install/clearpath_config:/opt/ros/humble /usr/bin/cmake --install /home/robot/debug_clear_ws/build/clearpath_platform_msgs[0m
[1.311s] [34mcolcon.colcon_core.shell[0m [1;30mLevel 1[0m create_environment_hook('clearpath_platform_msgs', 'cmake_prefix_path')
[1.312s] [34mcolcon.colcon_core.shell[0m [1;30mINFO[0m Creating environment hook '/home/robot/debug_clear_ws/install/clearpath_platform_msgs/share/clearpath_platform_msgs/hook/cmake_prefix_path.ps1'
[1.312s] [34mcolcon.colcon_core.shell[0m [1;30mINFO[0m Creating environment descriptor '/home/robot/debug_clear_ws/install/clearpath_platform_msgs/share/clearpath_platform_msgs/hook/cmake_prefix_path.dsv'
[1.312s] [34mcolcon.colcon_core.shell[0m [1;30mINFO[0m Creating environment hook '/home/robot/debug_clear_ws/install/clearpath_platform_msgs/share/clearpath_platform_msgs/hook/cmake_prefix_path.sh'
[1.313s] [34mcolcon.colcon_core.environment[0m [1;30mLevel 1[0m checking '/home/robot/debug_clear_ws/install/clearpath_platform_msgs/lib'
[1.313s] [34mcolcon.colcon_core.shell[0m [1;30mLevel 1[0m create_environment_hook('clearpath_platform_msgs', 'ld_library_path_lib')
[1.313s] [34mcolcon.colcon_core.shell[0m [1;30mINFO[0m Creating environment hook '/home/robot/debug_clear_ws/install/clearpath_platform_msgs/share/clearpath_platform_msgs/hook/ld_library_path_lib.ps1'
[1.313s] [34mcolcon.colcon_core.shell[0m [1;30mINFO[0m Creating environment descriptor '/home/robot/debug_clear_ws/install/clearpath_platform_msgs/share/clearpath_platform_msgs/hook/ld_library_path_lib.dsv'
[1.314s] [34mcolcon.colcon_core.shell[0m [1;30mINFO[0m Creating environment hook '/home/robot/debug_clear_ws/install/clearpath_platform_msgs/share/clearpath_platform_msgs/hook/ld_library_path_lib.sh'
[1.314s] [34mcolcon.colcon_core.environment[0m [1;30mLevel 1[0m checking '/home/robot/debug_clear_ws/install/clearpath_platform_msgs/bin'
[1.314s] [34mcolcon.colcon_core.environment[0m [1;30mLevel 1[0m checking '/home/robot/debug_clear_ws/install/clearpath_platform_msgs/lib/pkgconfig/clearpath_platform_msgs.pc'
[1.314s] [34mcolcon.colcon_core.environment[0m [1;30mLevel 1[0m checking '/home/robot/debug_clear_ws/install/clearpath_platform_msgs/lib/python3.10/site-packages'
[1.315s] [34mcolcon.colcon_core.environment[0m [1;30mLevel 1[0m checking '/home/robot/debug_clear_ws/install/clearpath_platform_msgs/bin'
[1.315s] [34mcolcon.colcon_core.shell[0m [1;30mINFO[0m Creating package script '/home/robot/debug_clear_ws/install/clearpath_platform_msgs/share/clearpath_platform_msgs/package.ps1'
[1.315s] [34mcolcon.colcon_core.shell[0m [1;30mINFO[0m Creating package descriptor '/home/robot/debug_clear_ws/install/clearpath_platform_msgs/share/clearpath_platform_msgs/package.dsv'
[1.316s] [34mcolcon.colcon_core.shell[0m [1;30mINFO[0m Creating package script '/home/robot/debug_clear_ws/install/clearpath_platform_msgs/share/clearpath_platform_msgs/package.sh'
[1.316s] [34mcolcon.colcon_core.shell[0m [1;30mINFO[0m Creating package script '/home/robot/debug_clear_ws/install/clearpath_platform_msgs/share/clearpath_platform_msgs/package.bash'
[1.316s] [34mcolcon.colcon_core.shell[0m [1;30mINFO[0m Creating package script '/home/robot/debug_clear_ws/install/clearpath_platform_msgs/share/clearpath_platform_msgs/package.zsh'
[1.317s] [34mcolcon.colcon_core.environment[0m [1;30mLevel 1[0m create_file_with_runtime_dependencies(/home/robot/debug_clear_ws/install/clearpath_platform_msgs/share/colcon-core/packages/clearpath_platform_msgs)
[1.398s] [34mcolcon.colcon_core.event_handler.log_command[0m [1;30mDEBUG[0m [32mInvoked command in '/home/robot/debug_clear_ws/build/yolov8_msgs' returned '0': CMAKE_PREFIX_PATH=${CMAKE_PREFIX_PATH}:/home/robot/debug_clear_ws/install/clearpath_config:/opt/ros/humble /usr/bin/cmake --build /home/robot/debug_clear_ws/build/yolov8_msgs -- -j12 -l12[0m
[1.478s] [34mcolcon.colcon_core.event_handler.log_command[0m [1;30mDEBUG[0m [32mInvoking command in '/home/robot/debug_clear_ws/src/clearpath_config': PYTHONPATH=/home/robot/debug_clear_ws/build/clearpath_config/prefix_override:/usr/lib/python3/dist-packages/colcon_core/task/python/colcon_distutils_commands:/home/robot/debug_clear_ws/install/clearpath_config/lib/python3.10/site-packages:${PYTHONPATH} /usr/bin/python3 -W ignore:setup.py install is deprecated setup.py egg_info --egg-base ../../build/clearpath_config build --build-base /home/robot/debug_clear_ws/build/clearpath_config/build install --record /home/robot/debug_clear_ws/build/clearpath_config/install.log --single-version-externally-managed install_data[0m
[1.541s] [34mcolcon.colcon_core.environment[0m [1;30mLevel 1[0m create_environment_scripts_only(clearpath_platform_msgs)
[1.541s] [34mcolcon.colcon_core.environment[0m [1;30mLevel 1[0m checking '/home/robot/debug_clear_ws/install/clearpath_platform_msgs' for CMake module files
[1.542s] [34mcolcon.colcon_core.environment[0m [1;30mLevel 1[0m checking '/home/robot/debug_clear_ws/install/clearpath_platform_msgs' for CMake config files
[1.542s] [34mcolcon.colcon_core.shell[0m [1;30mLevel 1[0m create_environment_hook('clearpath_platform_msgs', 'cmake_prefix_path')
[1.542s] [34mcolcon.colcon_core.shell[0m [1;30mINFO[0m Creating environment hook '/home/robot/debug_clear_ws/install/clearpath_platform_msgs/share/clearpath_platform_msgs/hook/cmake_prefix_path.ps1'
[1.543s] [34mcolcon.colcon_core.shell[0m [1;30mINFO[0m Creating environment descriptor '/home/robot/debug_clear_ws/install/clearpath_platform_msgs/share/clearpath_platform_msgs/hook/cmake_prefix_path.dsv'
[1.543s] [34mcolcon.colcon_core.shell[0m [1;30mINFO[0m Creating environment hook '/home/robot/debug_clear_ws/install/clearpath_platform_msgs/share/clearpath_platform_msgs/hook/cmake_prefix_path.sh'
[1.543s] [34mcolcon.colcon_core.environment[0m [1;30mLevel 1[0m checking '/home/robot/debug_clear_ws/install/clearpath_platform_msgs/lib'
[1.544s] [34mcolcon.colcon_core.shell[0m [1;30mLevel 1[0m create_environment_hook('clearpath_platform_msgs', 'ld_library_path_lib')
[1.544s] [34mcolcon.colcon_core.shell[0m [1;30mINFO[0m Creating environment hook '/home/robot/debug_clear_ws/install/clearpath_platform_msgs/share/clearpath_platform_msgs/hook/ld_library_path_lib.ps1'
[1.544s] [34mcolcon.colcon_core.shell[0m [1;30mINFO[0m Creating environment descriptor '/home/robot/debug_clear_ws/install/clearpath_platform_msgs/share/clearpath_platform_msgs/hook/ld_library_path_lib.dsv'
[1.544s] [34mcolcon.colcon_core.shell[0m [1;30mINFO[0m Creating environment hook '/home/robot/debug_clear_ws/install/clearpath_platform_msgs/share/clearpath_platform_msgs/hook/ld_library_path_lib.sh'
[1.545s] [34mcolcon.colcon_core.environment[0m [1;30mLevel 1[0m checking '/home/robot/debug_clear_ws/install/clearpath_platform_msgs/bin'
[1.545s] [34mcolcon.colcon_core.environment[0m [1;30mLevel 1[0m checking '/home/robot/debug_clear_ws/install/clearpath_platform_msgs/lib/pkgconfig/clearpath_platform_msgs.pc'
[1.545s] [34mcolcon.colcon_core.environment[0m [1;30mLevel 1[0m checking '/home/robot/debug_clear_ws/install/clearpath_platform_msgs/lib/python3.10/site-packages'
[1.545s] [34mcolcon.colcon_core.environment[0m [1;30mLevel 1[0m checking '/home/robot/debug_clear_ws/install/clearpath_platform_msgs/bin'
[1.545s] [34mcolcon.colcon_core.shell[0m [1;30mINFO[0m Creating package script '/home/robot/debug_clear_ws/install/clearpath_platform_msgs/share/clearpath_platform_msgs/package.ps1'
[1.546s] [34mcolcon.colcon_core.shell[0m [1;30mINFO[0m Creating package descriptor '/home/robot/debug_clear_ws/install/clearpath_platform_msgs/share/clearpath_platform_msgs/package.dsv'
[1.546s] [34mcolcon.colcon_core.shell[0m [1;30mINFO[0m Creating package script '/home/robot/debug_clear_ws/install/clearpath_platform_msgs/share/clearpath_platform_msgs/package.sh'
[1.547s] [34mcolcon.colcon_core.shell[0m [1;30mINFO[0m Creating package script '/home/robot/debug_clear_ws/install/clearpath_platform_msgs/share/clearpath_platform_msgs/package.bash'
[1.547s] [34mcolcon.colcon_core.shell[0m [1;30mINFO[0m Creating package script '/home/robot/debug_clear_ws/install/clearpath_platform_msgs/share/clearpath_platform_msgs/package.zsh'
[1.548s] [34mcolcon.colcon_core.environment[0m [1;30mLevel 1[0m create_file_with_runtime_dependencies(/home/robot/debug_clear_ws/install/clearpath_platform_msgs/share/colcon-core/packages/clearpath_platform_msgs)
[1.548s] [34mcolcon.colcon_ros.task.ament_cmake.build[0m [1;30mINFO[0m Building ROS package in '/home/robot/debug_clear_ws/src/clearpath_common/clearpath_platform' with build type 'ament_cmake'
[1.548s] [34mcolcon.colcon_cmake.task.cmake.build[0m [1;30mINFO[0m Building CMake package in '/home/robot/debug_clear_ws/src/clearpath_common/clearpath_platform'
[1.548s] [34mcolcon.colcon_core.shell[0m [1;30mINFO[0m Skip shell extension 'powershell' for command environment: Not usable outside of PowerShell
[1.548s] [34mcolcon.colcon_core.shell[0m [1;30mDEBUG[0m [32mSkip shell extension 'dsv' for command environment[0m
[1.553s] [34mcolcon.colcon_ros.task.ament_cmake.build[0m [1;30mINFO[0m Building ROS package in '/home/robot/debug_clear_ws/src/clearpath_msgs/clearpath_msgs' with build type 'ament_cmake'
[1.553s] [34mcolcon.colcon_cmake.task.cmake.build[0m [1;30mINFO[0m Building CMake package in '/home/robot/debug_clear_ws/src/clearpath_msgs/clearpath_msgs'
[1.553s] [34mcolcon.colcon_core.shell[0m [1;30mINFO[0m Skip shell extension 'powershell' for command environment: Not usable outside of PowerShell
[1.553s] [34mcolcon.colcon_core.shell[0m [1;30mDEBUG[0m [32mSkip shell extension 'dsv' for command environment[0m
[1.564s] [34mcolcon.colcon_core.event_handler.log_command[0m [1;30mDEBUG[0m [32mInvoking command in '/home/robot/debug_clear_ws/build/clearpath_platform': CMAKE_PREFIX_PATH=/home/robot/debug_clear_ws/install/clearpath_platform_msgs:/home/robot/debug_clear_ws/install/clearpath_platform_description:/home/robot/debug_clear_ws/install/clearpath_control:/home/robot/debug_clear_ws/install/clearpath_simulator:/home/robot/debug_clear_ws/install/clearpath_gz:/home/robot/debug_clear_ws/install/clearpath_generator_gz:/home/robot/debug_clear_ws/install/clearpath_common:/home/robot/debug_clear_ws/install/clearpath_generator_common:/home/robot/debug_clear_ws/install/clearpath_description:/home/robot/debug_clear_ws/install/clearpath_sensors_description:/home/robot/debug_clear_ws/install/clearpath_platform:/home/robot/debug_clear_ws/install/clearpath_msgs:/home/robot/debug_clear_ws/install/clearpath_mounts_description:/home/robot/debug_clear_ws/install/clearpath_manipulators:/home/robot/debug_clear_ws/install/clearpath_manipulators_description:/home/robot/debug_clear_ws/install/clearpath_customization:/home/robot/debug_clear_ws/install/clearpath_config:/opt/ros/humble LD_LIBRARY_PATH=/home/robot/debug_clear_ws/install/clearpath_platform_msgs/lib:/home/robot/debug_clear_ws/install/clearpath_platform/lib:/opt/ros/humble/opt/rviz_ogre_vendor/lib:/opt/ros/humble/lib/x86_64-linux-gnu:/opt/ros/humble/lib /usr/bin/cmake --build /home/robot/debug_clear_ws/build/clearpath_platform -- -j12 -l12[0m
[1.568s] [34mcolcon.colcon_core.event_handler.log_command[0m [1;30mDEBUG[0m [32mInvoking command in '/home/robot/debug_clear_ws/build/clearpath_msgs': CMAKE_PREFIX_PATH=/home/robot/debug_clear_ws/install/clearpath_platform_msgs:/home/robot/debug_clear_ws/install/clearpath_simulator:/home/robot/debug_clear_ws/install/clearpath_gz:/home/robot/debug_clear_ws/install/clearpath_generator_gz:/home/robot/debug_clear_ws/install/clearpath_common:/home/robot/debug_clear_ws/install/clearpath_generator_common:/home/robot/debug_clear_ws/install/clearpath_description:/home/robot/debug_clear_ws/install/clearpath_sensors_description:/home/robot/debug_clear_ws/install/clearpath_platform:/home/robot/debug_clear_ws/install/clearpath_msgs:/home/robot/debug_clear_ws/install/clearpath_platform_description:/home/robot/debug_clear_ws/install/clearpath_mounts_description:/home/robot/debug_clear_ws/install/clearpath_manipulators:/home/robot/debug_clear_ws/install/clearpath_manipulators_description:/home/robot/debug_clear_ws/install/clearpath_customization:/home/robot/debug_clear_ws/install/clearpath_control:/home/robot/debug_clear_ws/install/clearpath_config:/opt/ros/humble LD_LIBRARY_PATH=/home/robot/debug_clear_ws/install/clearpath_platform_msgs/lib:/home/robot/debug_clear_ws/install/clearpath_platform/lib:/opt/ros/humble/opt/rviz_ogre_vendor/lib:/opt/ros/humble/lib/x86_64-linux-gnu:/opt/ros/humble/lib /usr/bin/cmake --build /home/robot/debug_clear_ws/build/clearpath_msgs -- -j12 -l12[0m
[1.605s] [34mcolcon.colcon_core.event_handler.log_command[0m [1;30mDEBUG[0m [32mInvoked command in '/home/robot/debug_clear_ws/build/clearpath_msgs' returned '0': CMAKE_PREFIX_PATH=/home/robot/debug_clear_ws/install/clearpath_platform_msgs:/home/robot/debug_clear_ws/install/clearpath_simulator:/home/robot/debug_clear_ws/install/clearpath_gz:/home/robot/debug_clear_ws/install/clearpath_generator_gz:/home/robot/debug_clear_ws/install/clearpath_common:/home/robot/debug_clear_ws/install/clearpath_generator_common:/home/robot/debug_clear_ws/install/clearpath_description:/home/robot/debug_clear_ws/install/clearpath_sensors_description:/home/robot/debug_clear_ws/install/clearpath_platform:/home/robot/debug_clear_ws/install/clearpath_msgs:/home/robot/debug_clear_ws/install/clearpath_platform_description:/home/robot/debug_clear_ws/install/clearpath_mounts_description:/home/robot/debug_clear_ws/install/clearpath_manipulators:/home/robot/debug_clear_ws/install/clearpath_manipulators_description:/home/robot/debug_clear_ws/install/clearpath_customization:/home/robot/debug_clear_ws/install/clearpath_control:/home/robot/debug_clear_ws/install/clearpath_config:/opt/ros/humble LD_LIBRARY_PATH=/home/robot/debug_clear_ws/install/clearpath_platform_msgs/lib:/home/robot/debug_clear_ws/install/clearpath_platform/lib:/opt/ros/humble/opt/rviz_ogre_vendor/lib:/opt/ros/humble/lib/x86_64-linux-gnu:/opt/ros/humble/lib /usr/bin/cmake --build /home/robot/debug_clear_ws/build/clearpath_msgs -- -j12 -l12[0m
[1.638s] [34mcolcon.colcon_core.event_handler.log_command[0m [1;30mDEBUG[0m [32mInvoking command in '/home/robot/debug_clear_ws/build/clearpath_msgs': CMAKE_PREFIX_PATH=/home/robot/debug_clear_ws/install/clearpath_platform_msgs:/home/robot/debug_clear_ws/install/clearpath_simulator:/home/robot/debug_clear_ws/install/clearpath_gz:/home/robot/debug_clear_ws/install/clearpath_generator_gz:/home/robot/debug_clear_ws/install/clearpath_common:/home/robot/debug_clear_ws/install/clearpath_generator_common:/home/robot/debug_clear_ws/install/clearpath_description:/home/robot/debug_clear_ws/install/clearpath_sensors_description:/home/robot/debug_clear_ws/install/clearpath_platform:/home/robot/debug_clear_ws/install/clearpath_msgs:/home/robot/debug_clear_ws/install/clearpath_platform_description:/home/robot/debug_clear_ws/install/clearpath_mounts_description:/home/robot/debug_clear_ws/install/clearpath_manipulators:/home/robot/debug_clear_ws/install/clearpath_manipulators_description:/home/robot/debug_clear_ws/install/clearpath_customization:/home/robot/debug_clear_ws/install/clearpath_control:/home/robot/debug_clear_ws/install/clearpath_config:/opt/ros/humble LD_LIBRARY_PATH=/home/robot/debug_clear_ws/install/clearpath_platform_msgs/lib:/home/robot/debug_clear_ws/install/clearpath_platform/lib:/opt/ros/humble/opt/rviz_ogre_vendor/lib:/opt/ros/humble/lib/x86_64-linux-gnu:/opt/ros/humble/lib /usr/bin/cmake --install /home/robot/debug_clear_ws/build/clearpath_msgs[0m
[1.649s] [34mcolcon.colcon_core.environment[0m [1;30mLevel 1[0m create_environment_scripts_only(clearpath_msgs)
[1.649s] [34mcolcon.colcon_core.environment[0m [1;30mLevel 1[0m checking '/home/robot/debug_clear_ws/install/clearpath_msgs' for CMake module files
[1.650s] [34mcolcon.colcon_core.event_handler.log_command[0m [1;30mDEBUG[0m [32mInvoked command in '/home/robot/debug_clear_ws/build/clearpath_msgs' returned '0': CMAKE_PREFIX_PATH=/home/robot/debug_clear_ws/install/clearpath_platform_msgs:/home/robot/debug_clear_ws/install/clearpath_simulator:/home/robot/debug_clear_ws/install/clearpath_gz:/home/robot/debug_clear_ws/install/clearpath_generator_gz:/home/robot/debug_clear_ws/install/clearpath_common:/home/robot/debug_clear_ws/install/clearpath_generator_common:/home/robot/debug_clear_ws/install/clearpath_description:/home/robot/debug_clear_ws/install/clearpath_sensors_description:/home/robot/debug_clear_ws/install/clearpath_platform:/home/robot/debug_clear_ws/install/clearpath_msgs:/home/robot/debug_clear_ws/install/clearpath_platform_description:/home/robot/debug_clear_ws/install/clearpath_mounts_description:/home/robot/debug_clear_ws/install/clearpath_manipulators:/home/robot/debug_clear_ws/install/clearpath_manipulators_description:/home/robot/debug_clear_ws/install/clearpath_customization:/home/robot/debug_clear_ws/install/clearpath_control:/home/robot/debug_clear_ws/install/clearpath_config:/opt/ros/humble LD_LIBRARY_PATH=/home/robot/debug_clear_ws/install/clearpath_platform_msgs/lib:/home/robot/debug_clear_ws/install/clearpath_platform/lib:/opt/ros/humble/opt/rviz_ogre_vendor/lib:/opt/ros/humble/lib/x86_64-linux-gnu:/opt/ros/humble/lib /usr/bin/cmake --install /home/robot/debug_clear_ws/build/clearpath_msgs[0m
[1.650s] [34mcolcon.colcon_core.environment[0m [1;30mLevel 1[0m checking '/home/robot/debug_clear_ws/install/clearpath_msgs' for CMake config files
[1.650s] [34mcolcon.colcon_core.shell[0m [1;30mLevel 1[0m create_environment_hook('clearpath_msgs', 'cmake_prefix_path')
[1.651s] [34mcolcon.colcon_core.shell[0m [1;30mINFO[0m Creating environment hook '/home/robot/debug_clear_ws/install/clearpath_msgs/share/clearpath_msgs/hook/cmake_prefix_path.ps1'
[1.651s] [34mcolcon.colcon_core.shell[0m [1;30mINFO[0m Creating environment descriptor '/home/robot/debug_clear_ws/install/clearpath_msgs/share/clearpath_msgs/hook/cmake_prefix_path.dsv'
[1.652s] [34mcolcon.colcon_core.shell[0m [1;30mINFO[0m Creating environment hook '/home/robot/debug_clear_ws/install/clearpath_msgs/share/clearpath_msgs/hook/cmake_prefix_path.sh'
[1.653s] [34mcolcon.colcon_core.environment[0m [1;30mLevel 1[0m checking '/home/robot/debug_clear_ws/install/clearpath_msgs/bin'
[1.653s] [34mcolcon.colcon_core.environment[0m [1;30mLevel 1[0m checking '/home/robot/debug_clear_ws/install/clearpath_msgs/lib/pkgconfig/clearpath_msgs.pc'
[1.653s] [34mcolcon.colcon_core.environment[0m [1;30mLevel 1[0m checking '/home/robot/debug_clear_ws/install/clearpath_msgs/lib/python3.10/site-packages'
[1.654s] [34mcolcon.colcon_core.environment[0m [1;30mLevel 1[0m checking '/home/robot/debug_clear_ws/install/clearpath_msgs/bin'
[1.654s] [34mcolcon.colcon_core.shell[0m [1;30mINFO[0m Creating package script '/home/robot/debug_clear_ws/install/clearpath_msgs/share/clearpath_msgs/package.ps1'
[1.654s] [34mcolcon.colcon_core.shell[0m [1;30mINFO[0m Creating package descriptor '/home/robot/debug_clear_ws/install/clearpath_msgs/share/clearpath_msgs/package.dsv'
[1.655s] [34mcolcon.colcon_core.shell[0m [1;30mINFO[0m Creating package script '/home/robot/debug_clear_ws/install/clearpath_msgs/share/clearpath_msgs/package.sh'
[1.655s] [34mcolcon.colcon_core.shell[0m [1;30mINFO[0m Creating package script '/home/robot/debug_clear_ws/install/clearpath_msgs/share/clearpath_msgs/package.bash'
[1.656s] [34mcolcon.colcon_core.shell[0m [1;30mINFO[0m Creating package script '/home/robot/debug_clear_ws/install/clearpath_msgs/share/clearpath_msgs/package.zsh'
[1.656s] [34mcolcon.colcon_core.environment[0m [1;30mLevel 1[0m create_file_with_runtime_dependencies(/home/robot/debug_clear_ws/install/clearpath_msgs/share/colcon-core/packages/clearpath_msgs)
[1.675s] [34mcolcon.colcon_core.event_handler.log_command[0m [1;30mDEBUG[0m [32mInvoking command in '/home/robot/debug_clear_ws/build/yolov8_msgs': CMAKE_PREFIX_PATH=${CMAKE_PREFIX_PATH}:/home/robot/debug_clear_ws/install/clearpath_config:/opt/ros/humble /usr/bin/cmake --install /home/robot/debug_clear_ws/build/yolov8_msgs[0m
[1.675s] [34mcolcon.colcon_core.event_handler.log_command[0m [1;30mDEBUG[0m [32mInvoked command in '/home/robot/debug_clear_ws/build/clearpath_platform' returned '0': CMAKE_PREFIX_PATH=/home/robot/debug_clear_ws/install/clearpath_platform_msgs:/home/robot/debug_clear_ws/install/clearpath_platform_description:/home/robot/debug_clear_ws/install/clearpath_control:/home/robot/debug_clear_ws/install/clearpath_simulator:/home/robot/debug_clear_ws/install/clearpath_gz:/home/robot/debug_clear_ws/install/clearpath_generator_gz:/home/robot/debug_clear_ws/install/clearpath_common:/home/robot/debug_clear_ws/install/clearpath_generator_common:/home/robot/debug_clear_ws/install/clearpath_description:/home/robot/debug_clear_ws/install/clearpath_sensors_description:/home/robot/debug_clear_ws/install/clearpath_platform:/home/robot/debug_clear_ws/install/clearpath_msgs:/home/robot/debug_clear_ws/install/clearpath_mounts_description:/home/robot/debug_clear_ws/install/clearpath_manipulators:/home/robot/debug_clear_ws/install/clearpath_manipulators_description:/home/robot/debug_clear_ws/install/clearpath_customization:/home/robot/debug_clear_ws/install/clearpath_config:/opt/ros/humble LD_LIBRARY_PATH=/home/robot/debug_clear_ws/install/clearpath_platform_msgs/lib:/home/robot/debug_clear_ws/install/clearpath_platform/lib:/opt/ros/humble/opt/rviz_ogre_vendor/lib:/opt/ros/humble/lib/x86_64-linux-gnu:/opt/ros/humble/lib /usr/bin/cmake --build /home/robot/debug_clear_ws/build/clearpath_platform -- -j12 -l12[0m
[1.679s] [34mcolcon.colcon_core.environment[0m [1;30mLevel 1[0m create_environment_scripts_only(clearpath_msgs)
[1.679s] [34mcolcon.colcon_core.environment[0m [1;30mLevel 1[0m checking '/home/robot/debug_clear_ws/install/clearpath_msgs' for CMake module files
[1.680s] [34mcolcon.colcon_core.environment[0m [1;30mLevel 1[0m checking '/home/robot/debug_clear_ws/install/clearpath_msgs' for CMake config files
[1.680s] [34mcolcon.colcon_core.shell[0m [1;30mLevel 1[0m create_environment_hook('clearpath_msgs', 'cmake_prefix_path')
[1.680s] [34mcolcon.colcon_core.shell[0m [1;30mINFO[0m Creating environment hook '/home/robot/debug_clear_ws/install/clearpath_msgs/share/clearpath_msgs/hook/cmake_prefix_path.ps1'
[1.680s] [34mcolcon.colcon_core.shell[0m [1;30mINFO[0m Creating environment descriptor '/home/robot/debug_clear_ws/install/clearpath_msgs/share/clearpath_msgs/hook/cmake_prefix_path.dsv'
[1.681s] [34mcolcon.colcon_core.shell[0m [1;30mINFO[0m Creating environment hook '/home/robot/debug_clear_ws/install/clearpath_msgs/share/clearpath_msgs/hook/cmake_prefix_path.sh'
[1.681s] [34mcolcon.colcon_core.environment[0m [1;30mLevel 1[0m checking '/home/robot/debug_clear_ws/install/clearpath_msgs/bin'
[1.681s] [34mcolcon.colcon_core.environment[0m [1;30mLevel 1[0m checking '/home/robot/debug_clear_ws/install/clearpath_msgs/lib/pkgconfig/clearpath_msgs.pc'
[1.681s] [34mcolcon.colcon_core.environment[0m [1;30mLevel 1[0m checking '/home/robot/debug_clear_ws/install/clearpath_msgs/lib/python3.10/site-packages'
[1.682s] [34mcolcon.colcon_core.environment[0m [1;30mLevel 1[0m checking '/home/robot/debug_clear_ws/install/clearpath_msgs/bin'
[1.682s] [34mcolcon.colcon_core.shell[0m [1;30mINFO[0m Creating package script '/home/robot/debug_clear_ws/install/clearpath_msgs/share/clearpath_msgs/package.ps1'
[1.683s] [34mcolcon.colcon_core.shell[0m [1;30mINFO[0m Creating package descriptor '/home/robot/debug_clear_ws/install/clearpath_msgs/share/clearpath_msgs/package.dsv'
[1.685s] [34mcolcon.colcon_core.shell[0m [1;30mINFO[0m Creating package script '/home/robot/debug_clear_ws/install/clearpath_msgs/share/clearpath_msgs/package.sh'
[1.686s] [34mcolcon.colcon_core.shell[0m [1;30mINFO[0m Creating package script '/home/robot/debug_clear_ws/install/clearpath_msgs/share/clearpath_msgs/package.bash'
[1.687s] [34mcolcon.colcon_core.shell[0m [1;30mINFO[0m Creating package script '/home/robot/debug_clear_ws/install/clearpath_msgs/share/clearpath_msgs/package.zsh'
[1.688s] [34mcolcon.colcon_core.environment[0m [1;30mLevel 1[0m create_file_with_runtime_dependencies(/home/robot/debug_clear_ws/install/clearpath_msgs/share/colcon-core/packages/clearpath_msgs)
[1.736s] [34mcolcon.colcon_core.environment[0m [1;30mLevel 1[0m create_environment_scripts_only(yolov8_msgs)
[1.736s] [34mcolcon.colcon_core.environment[0m [1;30mLevel 1[0m checking '/home/robot/debug_clear_ws/install/yolov8_msgs' for CMake module files
[1.738s] [34mcolcon.colcon_core.event_handler.log_command[0m [1;30mDEBUG[0m [32mInvoked command in '/home/robot/debug_clear_ws/build/yolov8_msgs' returned '0': CMAKE_PREFIX_PATH=${CMAKE_PREFIX_PATH}:/home/robot/debug_clear_ws/install/clearpath_config:/opt/ros/humble /usr/bin/cmake --install /home/robot/debug_clear_ws/build/yolov8_msgs[0m
[1.738s] [34mcolcon.colcon_core.environment[0m [1;30mLevel 1[0m checking '/home/robot/debug_clear_ws/install/yolov8_msgs' for CMake config files
[1.739s] [34mcolcon.colcon_core.shell[0m [1;30mLevel 1[0m create_environment_hook('yolov8_msgs', 'cmake_prefix_path')
[1.739s] [34mcolcon.colcon_core.shell[0m [1;30mINFO[0m Creating environment hook '/home/robot/debug_clear_ws/install/yolov8_msgs/share/yolov8_msgs/hook/cmake_prefix_path.ps1'
[1.739s] [34mcolcon.colcon_core.shell[0m [1;30mINFO[0m Creating environment descriptor '/home/robot/debug_clear_ws/install/yolov8_msgs/share/yolov8_msgs/hook/cmake_prefix_path.dsv'
[1.740s] [34mcolcon.colcon_core.shell[0m [1;30mINFO[0m Creating environment hook '/home/robot/debug_clear_ws/install/yolov8_msgs/share/yolov8_msgs/hook/cmake_prefix_path.sh'
[1.740s] [34mcolcon.colcon_core.environment[0m [1;30mLevel 1[0m checking '/home/robot/debug_clear_ws/install/yolov8_msgs/lib'
[1.740s] [34mcolcon.colcon_core.shell[0m [1;30mLevel 1[0m create_environment_hook('yolov8_msgs', 'ld_library_path_lib')
[1.741s] [34mcolcon.colcon_core.shell[0m [1;30mINFO[0m Creating environment hook '/home/robot/debug_clear_ws/install/yolov8_msgs/share/yolov8_msgs/hook/ld_library_path_lib.ps1'
[1.741s] [34mcolcon.colcon_core.shell[0m [1;30mINFO[0m Creating environment descriptor '/home/robot/debug_clear_ws/install/yolov8_msgs/share/yolov8_msgs/hook/ld_library_path_lib.dsv'
[1.742s] [34mcolcon.colcon_core.shell[0m [1;30mINFO[0m Creating environment hook '/home/robot/debug_clear_ws/install/yolov8_msgs/share/yolov8_msgs/hook/ld_library_path_lib.sh'
[1.742s] [34mcolcon.colcon_core.environment[0m [1;30mLevel 1[0m checking '/home/robot/debug_clear_ws/install/yolov8_msgs/bin'
[1.742s] [34mcolcon.colcon_core.environment[0m [1;30mLevel 1[0m checking '/home/robot/debug_clear_ws/install/yolov8_msgs/lib/pkgconfig/yolov8_msgs.pc'
[1.742s] [34mcolcon.colcon_core.environment[0m [1;30mLevel 1[0m checking '/home/robot/debug_clear_ws/install/yolov8_msgs/lib/python3.10/site-packages'
[1.742s] [34mcolcon.colcon_core.environment[0m [1;30mLevel 1[0m checking '/home/robot/debug_clear_ws/install/yolov8_msgs/bin'
[1.743s] [34mcolcon.colcon_core.shell[0m [1;30mINFO[0m Creating package script '/home/robot/debug_clear_ws/install/yolov8_msgs/share/yolov8_msgs/package.ps1'
[1.743s] [34mcolcon.colcon_core.shell[0m [1;30mINFO[0m Creating package descriptor '/home/robot/debug_clear_ws/install/yolov8_msgs/share/yolov8_msgs/package.dsv'
[1.743s] [34mcolcon.colcon_core.shell[0m [1;30mINFO[0m Creating package script '/home/robot/debug_clear_ws/install/yolov8_msgs/share/yolov8_msgs/package.sh'
[1.744s] [34mcolcon.colcon_core.shell[0m [1;30mINFO[0m Creating package script '/home/robot/debug_clear_ws/install/yolov8_msgs/share/yolov8_msgs/package.bash'
[1.744s] [34mcolcon.colcon_core.shell[0m [1;30mINFO[0m Creating package script '/home/robot/debug_clear_ws/install/yolov8_msgs/share/yolov8_msgs/package.zsh'
[1.744s] [34mcolcon.colcon_core.environment[0m [1;30mLevel 1[0m create_file_with_runtime_dependencies(/home/robot/debug_clear_ws/install/yolov8_msgs/share/colcon-core/packages/yolov8_msgs)
[1.759s] [34mcolcon.colcon_core.event_handler.log_command[0m [1;30mDEBUG[0m [32mInvoking command in '/home/robot/debug_clear_ws/build/clearpath_platform': CMAKE_PREFIX_PATH=/home/robot/debug_clear_ws/install/clearpath_platform_msgs:/home/robot/debug_clear_ws/install/clearpath_platform_description:/home/robot/debug_clear_ws/install/clearpath_control:/home/robot/debug_clear_ws/install/clearpath_simulator:/home/robot/debug_clear_ws/install/clearpath_gz:/home/robot/debug_clear_ws/install/clearpath_generator_gz:/home/robot/debug_clear_ws/install/clearpath_common:/home/robot/debug_clear_ws/install/clearpath_generator_common:/home/robot/debug_clear_ws/install/clearpath_description:/home/robot/debug_clear_ws/install/clearpath_sensors_description:/home/robot/debug_clear_ws/install/clearpath_platform:/home/robot/debug_clear_ws/install/clearpath_msgs:/home/robot/debug_clear_ws/install/clearpath_mounts_description:/home/robot/debug_clear_ws/install/clearpath_manipulators:/home/robot/debug_clear_ws/install/clearpath_manipulators_description:/home/robot/debug_clear_ws/install/clearpath_customization:/home/robot/debug_clear_ws/install/clearpath_config:/opt/ros/humble LD_LIBRARY_PATH=/home/robot/debug_clear_ws/install/clearpath_platform_msgs/lib:/home/robot/debug_clear_ws/install/clearpath_platform/lib:/opt/ros/humble/opt/rviz_ogre_vendor/lib:/opt/ros/humble/lib/x86_64-linux-gnu:/opt/ros/humble/lib /usr/bin/cmake --install /home/robot/debug_clear_ws/build/clearpath_platform[0m
[1.776s] [34mcolcon.colcon_core.environment[0m [1;30mLevel 1[0m create_environment_scripts_only(clearpath_platform)
[1.776s] [34mcolcon.colcon_core.environment[0m [1;30mLevel 1[0m checking '/home/robot/debug_clear_ws/install/clearpath_platform' for CMake module files
[1.777s] [34mcolcon.colcon_core.event_handler.log_command[0m [1;30mDEBUG[0m [32mInvoked command in '/home/robot/debug_clear_ws/build/clearpath_platform' returned '0': CMAKE_PREFIX_PATH=/home/robot/debug_clear_ws/install/clearpath_platform_msgs:/home/robot/debug_clear_ws/install/clearpath_platform_description:/home/robot/debug_clear_ws/install/clearpath_control:/home/robot/debug_clear_ws/install/clearpath_simulator:/home/robot/debug_clear_ws/install/clearpath_gz:/home/robot/debug_clear_ws/install/clearpath_generator_gz:/home/robot/debug_clear_ws/install/clearpath_common:/home/robot/debug_clear_ws/install/clearpath_generator_common:/home/robot/debug_clear_ws/install/clearpath_description:/home/robot/debug_clear_ws/install/clearpath_sensors_description:/home/robot/debug_clear_ws/install/clearpath_platform:/home/robot/debug_clear_ws/install/clearpath_msgs:/home/robot/debug_clear_ws/install/clearpath_mounts_description:/home/robot/debug_clear_ws/install/clearpath_manipulators:/home/robot/debug_clear_ws/install/clearpath_manipulators_description:/home/robot/debug_clear_ws/install/clearpath_customization:/home/robot/debug_clear_ws/install/clearpath_config:/opt/ros/humble LD_LIBRARY_PATH=/home/robot/debug_clear_ws/install/clearpath_platform_msgs/lib:/home/robot/debug_clear_ws/install/clearpath_platform/lib:/opt/ros/humble/opt/rviz_ogre_vendor/lib:/opt/ros/humble/lib/x86_64-linux-gnu:/opt/ros/humble/lib /usr/bin/cmake --install /home/robot/debug_clear_ws/build/clearpath_platform[0m
[1.778s] [34mcolcon.colcon_core.environment[0m [1;30mLevel 1[0m checking '/home/robot/debug_clear_ws/install/clearpath_platform' for CMake config files
[1.778s] [34mcolcon.colcon_core.shell[0m [1;30mLevel 1[0m create_environment_hook('clearpath_platform', 'cmake_prefix_path')
[1.778s] [34mcolcon.colcon_core.shell[0m [1;30mINFO[0m Creating environment hook '/home/robot/debug_clear_ws/install/clearpath_platform/share/clearpath_platform/hook/cmake_prefix_path.ps1'
[1.779s] [34mcolcon.colcon_core.shell[0m [1;30mINFO[0m Creating environment descriptor '/home/robot/debug_clear_ws/install/clearpath_platform/share/clearpath_platform/hook/cmake_prefix_path.dsv'
[1.779s] [34mcolcon.colcon_core.shell[0m [1;30mINFO[0m Creating environment hook '/home/robot/debug_clear_ws/install/clearpath_platform/share/clearpath_platform/hook/cmake_prefix_path.sh'
[1.780s] [34mcolcon.colcon_core.environment[0m [1;30mLevel 1[0m checking '/home/robot/debug_clear_ws/install/clearpath_platform/lib'
[1.780s] [34mcolcon.colcon_core.shell[0m [1;30mLevel 1[0m create_environment_hook('clearpath_platform', 'ld_library_path_lib')
[1.780s] [34mcolcon.colcon_core.shell[0m [1;30mINFO[0m Creating environment hook '/home/robot/debug_clear_ws/install/clearpath_platform/share/clearpath_platform/hook/ld_library_path_lib.ps1'
[1.780s] [34mcolcon.colcon_core.shell[0m [1;30mINFO[0m Creating environment descriptor '/home/robot/debug_clear_ws/install/clearpath_platform/share/clearpath_platform/hook/ld_library_path_lib.dsv'
[1.781s] [34mcolcon.colcon_core.shell[0m [1;30mINFO[0m Creating environment hook '/home/robot/debug_clear_ws/install/clearpath_platform/share/clearpath_platform/hook/ld_library_path_lib.sh'
[1.781s] [34mcolcon.colcon_core.environment[0m [1;30mLevel 1[0m checking '/home/robot/debug_clear_ws/install/clearpath_platform/bin'
[1.781s] [34mcolcon.colcon_core.environment[0m [1;30mLevel 1[0m checking '/home/robot/debug_clear_ws/install/clearpath_platform/lib/pkgconfig/clearpath_platform.pc'
[1.782s] [34mcolcon.colcon_core.environment[0m [1;30mLevel 1[0m checking '/home/robot/debug_clear_ws/install/clearpath_platform/lib/python3.10/site-packages'
[1.782s] [34mcolcon.colcon_core.environment[0m [1;30mLevel 1[0m checking '/home/robot/debug_clear_ws/install/clearpath_platform/bin'
[1.782s] [34mcolcon.colcon_core.shell[0m [1;30mINFO[0m Creating package script '/home/robot/debug_clear_ws/install/clearpath_platform/share/clearpath_platform/package.ps1'
[1.783s] [34mcolcon.colcon_core.shell[0m [1;30mINFO[0m Creating package descriptor '/home/robot/debug_clear_ws/install/clearpath_platform/share/clearpath_platform/package.dsv'
[1.783s] [34mcolcon.colcon_core.shell[0m [1;30mINFO[0m Creating package script '/home/robot/debug_clear_ws/install/clearpath_platform/share/clearpath_platform/package.sh'
[1.784s] [34mcolcon.colcon_core.shell[0m [1;30mINFO[0m Creating package script '/home/robot/debug_clear_ws/install/clearpath_platform/share/clearpath_platform/package.bash'
[1.784s] [34mcolcon.colcon_core.shell[0m [1;30mINFO[0m Creating package script '/home/robot/debug_clear_ws/install/clearpath_platform/share/clearpath_platform/package.zsh'
[1.784s] [34mcolcon.colcon_core.environment[0m [1;30mLevel 1[0m create_file_with_runtime_dependencies(/home/robot/debug_clear_ws/install/clearpath_platform/share/colcon-core/packages/clearpath_platform)
[1.864s] [34mcolcon.colcon_core.environment[0m [1;30mLevel 1[0m create_environment_scripts_only(clearpath_platform)
[1.864s] [34mcolcon.colcon_core.environment[0m [1;30mLevel 1[0m checking '/home/robot/debug_clear_ws/install/clearpath_platform' for CMake module files
[1.865s] [34mcolcon.colcon_core.environment[0m [1;30mLevel 1[0m checking '/home/robot/debug_clear_ws/install/clearpath_platform' for CMake config files
[1.865s] [34mcolcon.colcon_core.shell[0m [1;30mLevel 1[0m create_environment_hook('clearpath_platform', 'cmake_prefix_path')
[1.865s] [34mcolcon.colcon_core.shell[0m [1;30mINFO[0m Creating environment hook '/home/robot/debug_clear_ws/install/clearpath_platform/share/clearpath_platform/hook/cmake_prefix_path.ps1'
[1.866s] [34mcolcon.colcon_core.shell[0m [1;30mINFO[0m Creating environment descriptor '/home/robot/debug_clear_ws/install/clearpath_platform/share/clearpath_platform/hook/cmake_prefix_path.dsv'
[1.866s] [34mcolcon.colcon_core.shell[0m [1;30mINFO[0m Creating environment hook '/home/robot/debug_clear_ws/install/clearpath_platform/share/clearpath_platform/hook/cmake_prefix_path.sh'
[1.867s] [34mcolcon.colcon_core.environment[0m [1;30mLevel 1[0m checking '/home/robot/debug_clear_ws/install/clearpath_platform/lib'
[1.867s] [34mcolcon.colcon_core.shell[0m [1;30mLevel 1[0m create_environment_hook('clearpath_platform', 'ld_library_path_lib')
[1.867s] [34mcolcon.colcon_core.shell[0m [1;30mINFO[0m Creating environment hook '/home/robot/debug_clear_ws/install/clearpath_platform/share/clearpath_platform/hook/ld_library_path_lib.ps1'
[1.867s] [34mcolcon.colcon_core.shell[0m [1;30mINFO[0m Creating environment descriptor '/home/robot/debug_clear_ws/install/clearpath_platform/share/clearpath_platform/hook/ld_library_path_lib.dsv'
[1.867s] [34mcolcon.colcon_core.shell[0m [1;30mINFO[0m Creating environment hook '/home/robot/debug_clear_ws/install/clearpath_platform/share/clearpath_platform/hook/ld_library_path_lib.sh'
[1.868s] [34mcolcon.colcon_core.environment[0m [1;30mLevel 1[0m checking '/home/robot/debug_clear_ws/install/clearpath_platform/bin'
[1.868s] [34mcolcon.colcon_core.environment[0m [1;30mLevel 1[0m checking '/home/robot/debug_clear_ws/install/clearpath_platform/lib/pkgconfig/clearpath_platform.pc'
[1.868s] [34mcolcon.colcon_core.environment[0m [1;30mLevel 1[0m checking '/home/robot/debug_clear_ws/install/clearpath_platform/lib/python3.10/site-packages'
[1.868s] [34mcolcon.colcon_core.environment[0m [1;30mLevel 1[0m checking '/home/robot/debug_clear_ws/install/clearpath_platform/bin'
[1.868s] [34mcolcon.colcon_core.shell[0m [1;30mINFO[0m Creating package script '/home/robot/debug_clear_ws/install/clearpath_platform/share/clearpath_platform/package.ps1'
[1.869s] [34mcolcon.colcon_core.shell[0m [1;30mINFO[0m Creating package descriptor '/home/robot/debug_clear_ws/install/clearpath_platform/share/clearpath_platform/package.dsv'
[1.870s] [34mcolcon.colcon_core.shell[0m [1;30mINFO[0m Creating package script '/home/robot/debug_clear_ws/install/clearpath_platform/share/clearpath_platform/package.sh'
[1.870s] [34mcolcon.colcon_core.shell[0m [1;30mINFO[0m Creating package script '/home/robot/debug_clear_ws/install/clearpath_platform/share/clearpath_platform/package.bash'
[1.870s] [34mcolcon.colcon_core.shell[0m [1;30mINFO[0m Creating package script '/home/robot/debug_clear_ws/install/clearpath_platform/share/clearpath_platform/package.zsh'
[1.871s] [34mcolcon.colcon_core.environment[0m [1;30mLevel 1[0m create_file_with_runtime_dependencies(/home/robot/debug_clear_ws/install/clearpath_platform/share/colcon-core/packages/clearpath_platform)
[1.890s] [34mcolcon.colcon_core.environment[0m [1;30mLevel 1[0m checking '/home/robot/debug_clear_ws/install/clearpath_config' for CMake module files
[1.891s] [34mcolcon.colcon_core.event_handler.log_command[0m [1;30mDEBUG[0m [32mInvoked command in '/home/robot/debug_clear_ws/src/clearpath_config' returned '0': PYTHONPATH=/home/robot/debug_clear_ws/build/clearpath_config/prefix_override:/usr/lib/python3/dist-packages/colcon_core/task/python/colcon_distutils_commands:/home/robot/debug_clear_ws/install/clearpath_config/lib/python3.10/site-packages:${PYTHONPATH} /usr/bin/python3 -W ignore:setup.py install is deprecated setup.py egg_info --egg-base ../../build/clearpath_config build --build-base /home/robot/debug_clear_ws/build/clearpath_config/build install --record /home/robot/debug_clear_ws/build/clearpath_config/install.log --single-version-externally-managed install_data[0m
[1.891s] [34mcolcon.colcon_core.environment[0m [1;30mLevel 1[0m checking '/home/robot/debug_clear_ws/install/clearpath_config' for CMake config files
[1.892s] [34mcolcon.colcon_core.environment[0m [1;30mLevel 1[0m checking '/home/robot/debug_clear_ws/install/clearpath_config/lib'
[1.892s] [34mcolcon.colcon_core.environment[0m [1;30mLevel 1[0m checking '/home/robot/debug_clear_ws/install/clearpath_config/bin'
[1.892s] [34mcolcon.colcon_core.environment[0m [1;30mLevel 1[0m checking '/home/robot/debug_clear_ws/install/clearpath_config/lib/pkgconfig/clearpath_config.pc'
[1.892s] [34mcolcon.colcon_core.environment[0m [1;30mLevel 1[0m checking '/home/robot/debug_clear_ws/install/clearpath_config/lib/python3.10/site-packages'
[1.892s] [34mcolcon.colcon_core.shell[0m [1;30mLevel 1[0m create_environment_hook('clearpath_config', 'pythonpath')
[1.893s] [34mcolcon.colcon_core.shell[0m [1;30mINFO[0m Creating environment hook '/home/robot/debug_clear_ws/install/clearpath_config/share/clearpath_config/hook/pythonpath.ps1'
[1.893s] [34mcolcon.colcon_core.shell[0m [1;30mINFO[0m Creating environment descriptor '/home/robot/debug_clear_ws/install/clearpath_config/share/clearpath_config/hook/pythonpath.dsv'
[1.893s] [34mcolcon.colcon_core.shell[0m [1;30mINFO[0m Creating environment hook '/home/robot/debug_clear_ws/install/clearpath_config/share/clearpath_config/hook/pythonpath.sh'
[1.894s] [34mcolcon.colcon_core.environment[0m [1;30mLevel 1[0m checking '/home/robot/debug_clear_ws/install/clearpath_config/bin'
[1.894s] [34mcolcon.colcon_core.environment[0m [1;30mLevel 1[0m create_environment_scripts_only(clearpath_config)
[1.894s] [34mcolcon.colcon_core.shell[0m [1;30mINFO[0m Creating package script '/home/robot/debug_clear_ws/install/clearpath_config/share/clearpath_config/package.ps1'
[1.894s] [34mcolcon.colcon_core.shell[0m [1;30mINFO[0m Creating package descriptor '/home/robot/debug_clear_ws/install/clearpath_config/share/clearpath_config/package.dsv'
[1.895s] [34mcolcon.colcon_core.shell[0m [1;30mINFO[0m Creating package script '/home/robot/debug_clear_ws/install/clearpath_config/share/clearpath_config/package.sh'
[1.895s] [34mcolcon.colcon_core.shell[0m [1;30mINFO[0m Creating package script '/home/robot/debug_clear_ws/install/clearpath_config/share/clearpath_config/package.bash'
[1.895s] [34mcolcon.colcon_core.shell[0m [1;30mINFO[0m Creating package script '/home/robot/debug_clear_ws/install/clearpath_config/share/clearpath_config/package.zsh'
[1.896s] [34mcolcon.colcon_core.environment[0m [1;30mLevel 1[0m create_file_with_runtime_dependencies(/home/robot/debug_clear_ws/install/clearpath_config/share/colcon-core/packages/clearpath_config)
[1.896s] [34mcolcon.colcon_ros.task.ament_cmake.build[0m [1;30mINFO[0m Building ROS package in '/home/robot/debug_clear_ws/src/clearpath_common/clearpath_generator_common' with build type 'ament_cmake'
[1.896s] [34mcolcon.colcon_cmake.task.cmake.build[0m [1;30mINFO[0m Building CMake package in '/home/robot/debug_clear_ws/src/clearpath_common/clearpath_generator_common'
[1.896s] [34mcolcon.colcon_core.shell[0m [1;30mINFO[0m Skip shell extension 'powershell' for command environment: Not usable outside of PowerShell
[1.896s] [34mcolcon.colcon_core.shell[0m [1;30mDEBUG[0m [32mSkip shell extension 'dsv' for command environment[0m
[1.914s] [34mcolcon.colcon_core.event_handler.log_command[0m [1;30mDEBUG[0m [32mInvoking command in '/home/robot/debug_clear_ws/build/clearpath_generator_common': AMENT_PREFIX_PATH=/home/robot/debug_clear_ws/install/clearpath_config:/home/robot/debug_clear_ws/install/clearpath_simulator:/home/robot/debug_clear_ws/install/clearpath_gz:/home/robot/debug_clear_ws/install/clearpath_generator_gz:/home/robot/debug_clear_ws/install/clearpath_common:/home/robot/debug_clear_ws/install/clearpath_generator_common:/home/robot/debug_clear_ws/install/clearpath_description:/home/robot/debug_clear_ws/install/clearpath_sensors_description:/home/robot/debug_clear_ws/install/clearpath_platform:/home/robot/debug_clear_ws/install/clearpath_msgs:/home/robot/debug_clear_ws/install/clearpath_platform_msgs:/home/robot/debug_clear_ws/install/clearpath_platform_description:/home/robot/debug_clear_ws/install/clearpath_mounts_description:/home/robot/debug_clear_ws/install/clearpath_manipulators:/home/robot/debug_clear_ws/install/clearpath_manipulators_description:/home/robot/debug_clear_ws/install/clearpath_customization:/home/robot/debug_clear_ws/install/clearpath_control:/opt/ros/humble CMAKE_PREFIX_PATH=/home/robot/debug_clear_ws/install/clearpath_platform:/home/robot/debug_clear_ws/install/clearpath_manipulators:/home/robot/debug_clear_ws/install/clearpath_description:/home/robot/debug_clear_ws/install/clearpath_sensors_description:/home/robot/debug_clear_ws/install/clearpath_platform_msgs:/home/robot/debug_clear_ws/install/clearpath_platform_description:/home/robot/debug_clear_ws/install/clearpath_mounts_description:/home/robot/debug_clear_ws/install/clearpath_manipulators_description:/home/robot/debug_clear_ws/install/clearpath_control:/home/robot/debug_clear_ws/install/clearpath_simulator:/home/robot/debug_clear_ws/install/clearpath_gz:/home/robot/debug_clear_ws/install/clearpath_generator_gz:/home/robot/debug_clear_ws/install/clearpath_common:/home/robot/debug_clear_ws/install/clearpath_generator_common:/home/robot/debug_clear_ws/install/clearpath_msgs:/home/robot/debug_clear_ws/install/clearpath_customization:/home/robot/debug_clear_ws/install/clearpath_config:/opt/ros/humble PYTHONPATH=/home/robot/debug_clear_ws/install/clearpath_config/lib/python3.10/site-packages:/home/robot/debug_clear_ws/install/clearpath_generator_gz/local/lib/python3.10/dist-packages:/home/robot/debug_clear_ws/install/clearpath_generator_common/local/lib/python3.10/dist-packages:/home/robot/debug_clear_ws/install/clearpath_platform_msgs/local/lib/python3.10/dist-packages:/opt/ros/humble/lib/python3.10/site-packages:/opt/ros/humble/local/lib/python3.10/dist-packages /usr/bin/cmake --build /home/robot/debug_clear_ws/build/clearpath_generator_common -- -j12 -l12[0m
[2.001s] [34mcolcon.colcon_core.environment[0m [1;30mLevel 1[0m create_environment_scripts_only(yolov8_msgs)
[2.001s] [34mcolcon.colcon_core.environment[0m [1;30mLevel 1[0m checking '/home/robot/debug_clear_ws/install/yolov8_msgs' for CMake module files
[2.002s] [34mcolcon.colcon_core.environment[0m [1;30mLevel 1[0m checking '/home/robot/debug_clear_ws/install/yolov8_msgs' for CMake config files
[2.002s] [34mcolcon.colcon_core.shell[0m [1;30mLevel 1[0m create_environment_hook('yolov8_msgs', 'cmake_prefix_path')
[2.002s] [34mcolcon.colcon_core.shell[0m [1;30mINFO[0m Creating environment hook '/home/robot/debug_clear_ws/install/yolov8_msgs/share/yolov8_msgs/hook/cmake_prefix_path.ps1'
[2.003s] [34mcolcon.colcon_core.shell[0m [1;30mINFO[0m Creating environment descriptor '/home/robot/debug_clear_ws/install/yolov8_msgs/share/yolov8_msgs/hook/cmake_prefix_path.dsv'
[2.003s] [34mcolcon.colcon_core.shell[0m [1;30mINFO[0m Creating environment hook '/home/robot/debug_clear_ws/install/yolov8_msgs/share/yolov8_msgs/hook/cmake_prefix_path.sh'
[2.003s] [34mcolcon.colcon_core.environment[0m [1;30mLevel 1[0m checking '/home/robot/debug_clear_ws/install/yolov8_msgs/lib'
[2.004s] [34mcolcon.colcon_core.shell[0m [1;30mLevel 1[0m create_environment_hook('yolov8_msgs', 'ld_library_path_lib')
[2.004s] [34mcolcon.colcon_core.shell[0m [1;30mINFO[0m Creating environment hook '/home/robot/debug_clear_ws/install/yolov8_msgs/share/yolov8_msgs/hook/ld_library_path_lib.ps1'
[2.004s] [34mcolcon.colcon_core.shell[0m [1;30mINFO[0m Creating environment descriptor '/home/robot/debug_clear_ws/install/yolov8_msgs/share/yolov8_msgs/hook/ld_library_path_lib.dsv'
[2.004s] [34mcolcon.colcon_core.shell[0m [1;30mINFO[0m Creating environment hook '/home/robot/debug_clear_ws/install/yolov8_msgs/share/yolov8_msgs/hook/ld_library_path_lib.sh'
[2.005s] [34mcolcon.colcon_core.environment[0m [1;30mLevel 1[0m checking '/home/robot/debug_clear_ws/install/yolov8_msgs/bin'
[2.005s] [34mcolcon.colcon_core.environment[0m [1;30mLevel 1[0m checking '/home/robot/debug_clear_ws/install/yolov8_msgs/lib/pkgconfig/yolov8_msgs.pc'
[2.005s] [34mcolcon.colcon_core.environment[0m [1;30mLevel 1[0m checking '/home/robot/debug_clear_ws/install/yolov8_msgs/lib/python3.10/site-packages'
[2.005s] [34mcolcon.colcon_core.environment[0m [1;30mLevel 1[0m checking '/home/robot/debug_clear_ws/install/yolov8_msgs/bin'
[2.006s] [34mcolcon.colcon_core.shell[0m [1;30mINFO[0m Creating package script '/home/robot/debug_clear_ws/install/yolov8_msgs/share/yolov8_msgs/package.ps1'
[2.006s] [34mcolcon.colcon_core.shell[0m [1;30mINFO[0m Creating package descriptor '/home/robot/debug_clear_ws/install/yolov8_msgs/share/yolov8_msgs/package.dsv'
[2.006s] [34mcolcon.colcon_core.shell[0m [1;30mINFO[0m Creating package script '/home/robot/debug_clear_ws/install/yolov8_msgs/share/yolov8_msgs/package.sh'
[2.007s] [34mcolcon.colcon_core.shell[0m [1;30mINFO[0m Creating package script '/home/robot/debug_clear_ws/install/yolov8_msgs/share/yolov8_msgs/package.bash'
[2.007s] [34mcolcon.colcon_core.shell[0m [1;30mINFO[0m Creating package script '/home/robot/debug_clear_ws/install/yolov8_msgs/share/yolov8_msgs/package.zsh'
[2.008s] [34mcolcon.colcon_core.environment[0m [1;30mLevel 1[0m create_file_with_runtime_dependencies(/home/robot/debug_clear_ws/install/yolov8_msgs/share/colcon-core/packages/yolov8_msgs)
[2.008s] [34mcolcon.colcon_ros.task.ament_python.build[0m [1;30mINFO[0m Building ROS package in '/home/robot/debug_clear_ws/src/yolov8_ros/yolov8_ros' with build type 'ament_python'
[2.008s] [34mcolcon.colcon_core.shell[0m [1;30mLevel 1[0m create_environment_hook('yolov8_ros', 'ament_prefix_path')
[2.008s] [34mcolcon.colcon_core.shell[0m [1;30mINFO[0m Creating environment hook '/home/robot/debug_clear_ws/install/yolov8_ros/share/yolov8_ros/hook/ament_prefix_path.ps1'
[2.009s] [34mcolcon.colcon_core.shell[0m [1;30mINFO[0m Creating environment descriptor '/home/robot/debug_clear_ws/install/yolov8_ros/share/yolov8_ros/hook/ament_prefix_path.dsv'
[2.009s] [34mcolcon.colcon_core.shell[0m [1;30mINFO[0m Creating environment hook '/home/robot/debug_clear_ws/install/yolov8_ros/share/yolov8_ros/hook/ament_prefix_path.sh'
[2.010s] [34mcolcon.colcon_core.shell[0m [1;30mINFO[0m Skip shell extension 'powershell' for command environment: Not usable outside of PowerShell
[2.010s] [34mcolcon.colcon_core.shell[0m [1;30mDEBUG[0m [32mSkip shell extension 'dsv' for command environment[0m
[2.315s] [34mcolcon.colcon_core.task.python.build[0m [1;30mINFO[0m Building Python package in '/home/robot/debug_clear_ws/src/yolov8_ros/yolov8_ros'
[2.315s] [34mcolcon.colcon_core.shell[0m [1;30mINFO[0m Skip shell extension 'powershell' for command environment: Not usable outside of PowerShell
[2.315s] [34mcolcon.colcon_core.shell[0m [1;30mDEBUG[0m [32mSkip shell extension 'dsv' for command environment[0m
[2.321s] [34mcolcon.colcon_core.event_handler.log_command[0m [1;30mDEBUG[0m [32mInvoked command in '/home/robot/debug_clear_ws/build/clearpath_generator_common' returned '0': AMENT_PREFIX_PATH=/home/robot/debug_clear_ws/install/clearpath_config:/home/robot/debug_clear_ws/install/clearpath_simulator:/home/robot/debug_clear_ws/install/clearpath_gz:/home/robot/debug_clear_ws/install/clearpath_generator_gz:/home/robot/debug_clear_ws/install/clearpath_common:/home/robot/debug_clear_ws/install/clearpath_generator_common:/home/robot/debug_clear_ws/install/clearpath_description:/home/robot/debug_clear_ws/install/clearpath_sensors_description:/home/robot/debug_clear_ws/install/clearpath_platform:/home/robot/debug_clear_ws/install/clearpath_msgs:/home/robot/debug_clear_ws/install/clearpath_platform_msgs:/home/robot/debug_clear_ws/install/clearpath_platform_description:/home/robot/debug_clear_ws/install/clearpath_mounts_description:/home/robot/debug_clear_ws/install/clearpath_manipulators:/home/robot/debug_clear_ws/install/clearpath_manipulators_description:/home/robot/debug_clear_ws/install/clearpath_customization:/home/robot/debug_clear_ws/install/clearpath_control:/opt/ros/humble CMAKE_PREFIX_PATH=/home/robot/debug_clear_ws/install/clearpath_platform:/home/robot/debug_clear_ws/install/clearpath_manipulators:/home/robot/debug_clear_ws/install/clearpath_description:/home/robot/debug_clear_ws/install/clearpath_sensors_description:/home/robot/debug_clear_ws/install/clearpath_platform_msgs:/home/robot/debug_clear_ws/install/clearpath_platform_description:/home/robot/debug_clear_ws/install/clearpath_mounts_description:/home/robot/debug_clear_ws/install/clearpath_manipulators_description:/home/robot/debug_clear_ws/install/clearpath_control:/home/robot/debug_clear_ws/install/clearpath_simulator:/home/robot/debug_clear_ws/install/clearpath_gz:/home/robot/debug_clear_ws/install/clearpath_generator_gz:/home/robot/debug_clear_ws/install/clearpath_common:/home/robot/debug_clear_ws/install/clearpath_generator_common:/home/robot/debug_clear_ws/install/clearpath_msgs:/home/robot/debug_clear_ws/install/clearpath_customization:/home/robot/debug_clear_ws/install/clearpath_config:/opt/ros/humble PYTHONPATH=/home/robot/debug_clear_ws/install/clearpath_config/lib/python3.10/site-packages:/home/robot/debug_clear_ws/install/clearpath_generator_gz/local/lib/python3.10/dist-packages:/home/robot/debug_clear_ws/install/clearpath_generator_common/local/lib/python3.10/dist-packages:/home/robot/debug_clear_ws/install/clearpath_platform_msgs/local/lib/python3.10/dist-packages:/opt/ros/humble/lib/python3.10/site-packages:/opt/ros/humble/local/lib/python3.10/dist-packages /usr/bin/cmake --build /home/robot/debug_clear_ws/build/clearpath_generator_common -- -j12 -l12[0m
[2.346s] [34mcolcon.colcon_core.event_handler.log_command[0m [1;30mDEBUG[0m [32mInvoking command in '/home/robot/debug_clear_ws/build/clearpath_generator_common': AMENT_PREFIX_PATH=/home/robot/debug_clear_ws/install/clearpath_config:/home/robot/debug_clear_ws/install/clearpath_simulator:/home/robot/debug_clear_ws/install/clearpath_gz:/home/robot/debug_clear_ws/install/clearpath_generator_gz:/home/robot/debug_clear_ws/install/clearpath_common:/home/robot/debug_clear_ws/install/clearpath_generator_common:/home/robot/debug_clear_ws/install/clearpath_description:/home/robot/debug_clear_ws/install/clearpath_sensors_description:/home/robot/debug_clear_ws/install/clearpath_platform:/home/robot/debug_clear_ws/install/clearpath_msgs:/home/robot/debug_clear_ws/install/clearpath_platform_msgs:/home/robot/debug_clear_ws/install/clearpath_platform_description:/home/robot/debug_clear_ws/install/clearpath_mounts_description:/home/robot/debug_clear_ws/install/clearpath_manipulators:/home/robot/debug_clear_ws/install/clearpath_manipulators_description:/home/robot/debug_clear_ws/install/clearpath_customization:/home/robot/debug_clear_ws/install/clearpath_control:/opt/ros/humble CMAKE_PREFIX_PATH=/home/robot/debug_clear_ws/install/clearpath_platform:/home/robot/debug_clear_ws/install/clearpath_manipulators:/home/robot/debug_clear_ws/install/clearpath_description:/home/robot/debug_clear_ws/install/clearpath_sensors_description:/home/robot/debug_clear_ws/install/clearpath_platform_msgs:/home/robot/debug_clear_ws/install/clearpath_platform_description:/home/robot/debug_clear_ws/install/clearpath_mounts_description:/home/robot/debug_clear_ws/install/clearpath_manipulators_description:/home/robot/debug_clear_ws/install/clearpath_control:/home/robot/debug_clear_ws/install/clearpath_simulator:/home/robot/debug_clear_ws/install/clearpath_gz:/home/robot/debug_clear_ws/install/clearpath_generator_gz:/home/robot/debug_clear_ws/install/clearpath_common:/home/robot/debug_clear_ws/install/clearpath_generator_common:/home/robot/debug_clear_ws/install/clearpath_msgs:/home/robot/debug_clear_ws/install/clearpath_customization:/home/robot/debug_clear_ws/install/clearpath_config:/opt/ros/humble PYTHONPATH=/home/robot/debug_clear_ws/install/clearpath_config/lib/python3.10/site-packages:/home/robot/debug_clear_ws/install/clearpath_generator_gz/local/lib/python3.10/dist-packages:/home/robot/debug_clear_ws/install/clearpath_generator_common/local/lib/python3.10/dist-packages:/home/robot/debug_clear_ws/install/clearpath_platform_msgs/local/lib/python3.10/dist-packages:/opt/ros/humble/lib/python3.10/site-packages:/opt/ros/humble/local/lib/python3.10/dist-packages /usr/bin/cmake --install /home/robot/debug_clear_ws/build/clearpath_generator_common[0m
[2.392s] [34mcolcon.colcon_core.environment[0m [1;30mLevel 1[0m create_environment_scripts_only(clearpath_generator_common)
[2.392s] [34mcolcon.colcon_core.event_handler.log_command[0m [1;30mDEBUG[0m [32mInvoked command in '/home/robot/debug_clear_ws/build/clearpath_generator_common' returned '0': AMENT_PREFIX_PATH=/home/robot/debug_clear_ws/install/clearpath_config:/home/robot/debug_clear_ws/install/clearpath_simulator:/home/robot/debug_clear_ws/install/clearpath_gz:/home/robot/debug_clear_ws/install/clearpath_generator_gz:/home/robot/debug_clear_ws/install/clearpath_common:/home/robot/debug_clear_ws/install/clearpath_generator_common:/home/robot/debug_clear_ws/install/clearpath_description:/home/robot/debug_clear_ws/install/clearpath_sensors_description:/home/robot/debug_clear_ws/install/clearpath_platform:/home/robot/debug_clear_ws/install/clearpath_msgs:/home/robot/debug_clear_ws/install/clearpath_platform_msgs:/home/robot/debug_clear_ws/install/clearpath_platform_description:/home/robot/debug_clear_ws/install/clearpath_mounts_description:/home/robot/debug_clear_ws/install/clearpath_manipulators:/home/robot/debug_clear_ws/install/clearpath_manipulators_description:/home/robot/debug_clear_ws/install/clearpath_customization:/home/robot/debug_clear_ws/install/clearpath_control:/opt/ros/humble CMAKE_PREFIX_PATH=/home/robot/debug_clear_ws/install/clearpath_platform:/home/robot/debug_clear_ws/install/clearpath_manipulators:/home/robot/debug_clear_ws/install/clearpath_description:/home/robot/debug_clear_ws/install/clearpath_sensors_description:/home/robot/debug_clear_ws/install/clearpath_platform_msgs:/home/robot/debug_clear_ws/install/clearpath_platform_description:/home/robot/debug_clear_ws/install/clearpath_mounts_description:/home/robot/debug_clear_ws/install/clearpath_manipulators_description:/home/robot/debug_clear_ws/install/clearpath_control:/home/robot/debug_clear_ws/install/clearpath_simulator:/home/robot/debug_clear_ws/install/clearpath_gz:/home/robot/debug_clear_ws/install/clearpath_generator_gz:/home/robot/debug_clear_ws/install/clearpath_common:/home/robot/debug_clear_ws/install/clearpath_generator_common:/home/robot/debug_clear_ws/install/clearpath_msgs:/home/robot/debug_clear_ws/install/clearpath_customization:/home/robot/debug_clear_ws/install/clearpath_config:/opt/ros/humble PYTHONPATH=/home/robot/debug_clear_ws/install/clearpath_config/lib/python3.10/site-packages:/home/robot/debug_clear_ws/install/clearpath_generator_gz/local/lib/python3.10/dist-packages:/home/robot/debug_clear_ws/install/clearpath_generator_common/local/lib/python3.10/dist-packages:/home/robot/debug_clear_ws/install/clearpath_platform_msgs/local/lib/python3.10/dist-packages:/opt/ros/humble/lib/python3.10/site-packages:/opt/ros/humble/local/lib/python3.10/dist-packages /usr/bin/cmake --install /home/robot/debug_clear_ws/build/clearpath_generator_common[0m
[2.392s] [34mcolcon.colcon_core.environment[0m [1;30mLevel 1[0m checking '/home/robot/debug_clear_ws/install/clearpath_generator_common' for CMake module files
[2.393s] [34mcolcon.colcon_core.environment[0m [1;30mLevel 1[0m checking '/home/robot/debug_clear_ws/install/clearpath_generator_common' for CMake config files
[2.393s] [34mcolcon.colcon_core.shell[0m [1;30mLevel 1[0m create_environment_hook('clearpath_generator_common', 'cmake_prefix_path')
[2.394s] [34mcolcon.colcon_core.shell[0m [1;30mINFO[0m Creating environment hook '/home/robot/debug_clear_ws/install/clearpath_generator_common/share/clearpath_generator_common/hook/cmake_prefix_path.ps1'
[2.394s] [34mcolcon.colcon_core.shell[0m [1;30mINFO[0m Creating environment descriptor '/home/robot/debug_clear_ws/install/clearpath_generator_common/share/clearpath_generator_common/hook/cmake_prefix_path.dsv'
[2.394s] [34mcolcon.colcon_core.shell[0m [1;30mINFO[0m Creating environment hook '/home/robot/debug_clear_ws/install/clearpath_generator_common/share/clearpath_generator_common/hook/cmake_prefix_path.sh'
[2.395s] [34mcolcon.colcon_core.environment[0m [1;30mLevel 1[0m checking '/home/robot/debug_clear_ws/install/clearpath_generator_common/lib'
[2.395s] [34mcolcon.colcon_core.environment[0m [1;30mLevel 1[0m checking '/home/robot/debug_clear_ws/install/clearpath_generator_common/bin'
[2.395s] [34mcolcon.colcon_core.environment[0m [1;30mLevel 1[0m checking '/home/robot/debug_clear_ws/install/clearpath_generator_common/lib/pkgconfig/clearpath_generator_common.pc'
[2.396s] [34mcolcon.colcon_core.environment[0m [1;30mLevel 1[0m checking '/home/robot/debug_clear_ws/install/clearpath_generator_common/lib/python3.10/site-packages'
[2.396s] [34mcolcon.colcon_core.environment[0m [1;30mLevel 1[0m checking '/home/robot/debug_clear_ws/install/clearpath_generator_common/bin'
[2.396s] [34mcolcon.colcon_core.shell[0m [1;30mINFO[0m Creating package script '/home/robot/debug_clear_ws/install/clearpath_generator_common/share/clearpath_generator_common/package.ps1'
[2.397s] [34mcolcon.colcon_core.shell[0m [1;30mINFO[0m Creating package descriptor '/home/robot/debug_clear_ws/install/clearpath_generator_common/share/clearpath_generator_common/package.dsv'
[2.397s] [34mcolcon.colcon_core.shell[0m [1;30mINFO[0m Creating package script '/home/robot/debug_clear_ws/install/clearpath_generator_common/share/clearpath_generator_common/package.sh'
[2.397s] [34mcolcon.colcon_core.shell[0m [1;30mINFO[0m Creating package script '/home/robot/debug_clear_ws/install/clearpath_generator_common/share/clearpath_generator_common/package.bash'
[2.398s] [34mcolcon.colcon_core.shell[0m [1;30mINFO[0m Creating package script '/home/robot/debug_clear_ws/install/clearpath_generator_common/share/clearpath_generator_common/package.zsh'
[2.398s] [34mcolcon.colcon_core.environment[0m [1;30mLevel 1[0m create_file_with_runtime_dependencies(/home/robot/debug_clear_ws/install/clearpath_generator_common/share/colcon-core/packages/clearpath_generator_common)
[2.424s] [34mcolcon.colcon_core.environment[0m [1;30mLevel 1[0m create_environment_scripts_only(clearpath_generator_common)
[2.424s] [34mcolcon.colcon_core.environment[0m [1;30mLevel 1[0m checking '/home/robot/debug_clear_ws/install/clearpath_generator_common' for CMake module files
[2.425s] [34mcolcon.colcon_core.environment[0m [1;30mLevel 1[0m checking '/home/robot/debug_clear_ws/install/clearpath_generator_common' for CMake config files
[2.425s] [34mcolcon.colcon_core.shell[0m [1;30mLevel 1[0m create_environment_hook('clearpath_generator_common', 'cmake_prefix_path')
[2.426s] [34mcolcon.colcon_core.shell[0m [1;30mINFO[0m Creating environment hook '/home/robot/debug_clear_ws/install/clearpath_generator_common/share/clearpath_generator_common/hook/cmake_prefix_path.ps1'
[2.426s] [34mcolcon.colcon_core.shell[0m [1;30mINFO[0m Creating environment descriptor '/home/robot/debug_clear_ws/install/clearpath_generator_common/share/clearpath_generator_common/hook/cmake_prefix_path.dsv'
[2.426s] [34mcolcon.colcon_core.shell[0m [1;30mINFO[0m Creating environment hook '/home/robot/debug_clear_ws/install/clearpath_generator_common/share/clearpath_generator_common/hook/cmake_prefix_path.sh'
[2.427s] [34mcolcon.colcon_core.environment[0m [1;30mLevel 1[0m checking '/home/robot/debug_clear_ws/install/clearpath_generator_common/lib'
[2.427s] [34mcolcon.colcon_core.environment[0m [1;30mLevel 1[0m checking '/home/robot/debug_clear_ws/install/clearpath_generator_common/bin'
[2.427s] [34mcolcon.colcon_core.environment[0m [1;30mLevel 1[0m checking '/home/robot/debug_clear_ws/install/clearpath_generator_common/lib/pkgconfig/clearpath_generator_common.pc'
[2.427s] [34mcolcon.colcon_core.environment[0m [1;30mLevel 1[0m checking '/home/robot/debug_clear_ws/install/clearpath_generator_common/lib/python3.10/site-packages'
[2.427s] [34mcolcon.colcon_core.environment[0m [1;30mLevel 1[0m checking '/home/robot/debug_clear_ws/install/clearpath_generator_common/bin'
[2.428s] [34mcolcon.colcon_core.shell[0m [1;30mINFO[0m Creating package script '/home/robot/debug_clear_ws/install/clearpath_generator_common/share/clearpath_generator_common/package.ps1'
[2.428s] [34mcolcon.colcon_core.shell[0m [1;30mINFO[0m Creating package descriptor '/home/robot/debug_clear_ws/install/clearpath_generator_common/share/clearpath_generator_common/package.dsv'
[2.428s] [34mcolcon.colcon_core.shell[0m [1;30mINFO[0m Creating package script '/home/robot/debug_clear_ws/install/clearpath_generator_common/share/clearpath_generator_common/package.sh'
[2.429s] [34mcolcon.colcon_core.shell[0m [1;30mINFO[0m Creating package script '/home/robot/debug_clear_ws/install/clearpath_generator_common/share/clearpath_generator_common/package.bash'
[2.429s] [34mcolcon.colcon_core.shell[0m [1;30mINFO[0m Creating package script '/home/robot/debug_clear_ws/install/clearpath_generator_common/share/clearpath_generator_common/package.zsh'
[2.430s] [34mcolcon.colcon_core.environment[0m [1;30mLevel 1[0m create_file_with_runtime_dependencies(/home/robot/debug_clear_ws/install/clearpath_generator_common/share/colcon-core/packages/clearpath_generator_common)
[2.430s] [34mcolcon.colcon_ros.task.ament_cmake.build[0m [1;30mINFO[0m Building ROS package in '/home/robot/debug_clear_ws/src/clearpath_common/clearpath_common' with build type 'ament_cmake'
[2.430s] [34mcolcon.colcon_cmake.task.cmake.build[0m [1;30mINFO[0m Building CMake package in '/home/robot/debug_clear_ws/src/clearpath_common/clearpath_common'
[2.430s] [34mcolcon.colcon_core.shell[0m [1;30mINFO[0m Skip shell extension 'powershell' for command environment: Not usable outside of PowerShell
[2.430s] [34mcolcon.colcon_core.shell[0m [1;30mDEBUG[0m [32mSkip shell extension 'dsv' for command environment[0m
[2.435s] [34mcolcon.colcon_ros.task.ament_cmake.build[0m [1;30mINFO[0m Building ROS package in '/home/robot/debug_clear_ws/src/clearpath_simulator/clearpath_generator_gz' with build type 'ament_cmake'
[2.435s] [34mcolcon.colcon_cmake.task.cmake.build[0m [1;30mINFO[0m Building CMake package in '/home/robot/debug_clear_ws/src/clearpath_simulator/clearpath_generator_gz'
[2.435s] [34mcolcon.colcon_core.shell[0m [1;30mINFO[0m Skip shell extension 'powershell' for command environment: Not usable outside of PowerShell
[2.435s] [34mcolcon.colcon_core.shell[0m [1;30mDEBUG[0m [32mSkip shell extension 'dsv' for command environment[0m
[2.452s] [34mcolcon.colcon_core.event_handler.log_command[0m [1;30mDEBUG[0m [32mInvoking command in '/home/robot/debug_clear_ws/build/clearpath_common': AMENT_PREFIX_PATH=/home/robot/debug_clear_ws/install/clearpath_config:/home/robot/debug_clear_ws/install/clearpath_simulator:/home/robot/debug_clear_ws/install/clearpath_gz:/home/robot/debug_clear_ws/install/clearpath_generator_gz:/home/robot/debug_clear_ws/install/clearpath_common:/home/robot/debug_clear_ws/install/clearpath_generator_common:/home/robot/debug_clear_ws/install/clearpath_description:/home/robot/debug_clear_ws/install/clearpath_sensors_description:/home/robot/debug_clear_ws/install/clearpath_platform:/home/robot/debug_clear_ws/install/clearpath_msgs:/home/robot/debug_clear_ws/install/clearpath_platform_msgs:/home/robot/debug_clear_ws/install/clearpath_platform_description:/home/robot/debug_clear_ws/install/clearpath_mounts_description:/home/robot/debug_clear_ws/install/clearpath_manipulators:/home/robot/debug_clear_ws/install/clearpath_manipulators_description:/home/robot/debug_clear_ws/install/clearpath_customization:/home/robot/debug_clear_ws/install/clearpath_control:/opt/ros/humble CMAKE_PREFIX_PATH=/home/robot/debug_clear_ws/install/clearpath_generator_common:/home/robot/debug_clear_ws/install/clearpath_platform:/home/robot/debug_clear_ws/install/clearpath_manipulators:/home/robot/debug_clear_ws/install/clearpath_description:/home/robot/debug_clear_ws/install/clearpath_sensors_description:/home/robot/debug_clear_ws/install/clearpath_platform_msgs:/home/robot/debug_clear_ws/install/clearpath_platform_description:/home/robot/debug_clear_ws/install/clearpath_mounts_description:/home/robot/debug_clear_ws/install/clearpath_manipulators_description:/home/robot/debug_clear_ws/install/clearpath_control:/home/robot/debug_clear_ws/install/clearpath_simulator:/home/robot/debug_clear_ws/install/clearpath_gz:/home/robot/debug_clear_ws/install/clearpath_generator_gz:/home/robot/debug_clear_ws/install/clearpath_common:/home/robot/debug_clear_ws/install/clearpath_msgs:/home/robot/debug_clear_ws/install/clearpath_customization:/home/robot/debug_clear_ws/install/clearpath_config:/opt/ros/humble PYTHONPATH=/home/robot/debug_clear_ws/install/clearpath_config/lib/python3.10/site-packages:/home/robot/debug_clear_ws/install/clearpath_generator_gz/local/lib/python3.10/dist-packages:/home/robot/debug_clear_ws/install/clearpath_generator_common/local/lib/python3.10/dist-packages:/home/robot/debug_clear_ws/install/clearpath_platform_msgs/local/lib/python3.10/dist-packages:/opt/ros/humble/lib/python3.10/site-packages:/opt/ros/humble/local/lib/python3.10/dist-packages /usr/bin/cmake --build /home/robot/debug_clear_ws/build/clearpath_common -- -j12 -l12[0m
[2.457s] [34mcolcon.colcon_core.event_handler.log_command[0m [1;30mDEBUG[0m [32mInvoking command in '/home/robot/debug_clear_ws/build/clearpath_generator_gz': AMENT_PREFIX_PATH=/home/robot/debug_clear_ws/install/clearpath_config:/home/robot/debug_clear_ws/install/clearpath_simulator:/home/robot/debug_clear_ws/install/clearpath_gz:/home/robot/debug_clear_ws/install/clearpath_generator_gz:/home/robot/debug_clear_ws/install/clearpath_common:/home/robot/debug_clear_ws/install/clearpath_generator_common:/home/robot/debug_clear_ws/install/clearpath_description:/home/robot/debug_clear_ws/install/clearpath_sensors_description:/home/robot/debug_clear_ws/install/clearpath_platform:/home/robot/debug_clear_ws/install/clearpath_msgs:/home/robot/debug_clear_ws/install/clearpath_platform_msgs:/home/robot/debug_clear_ws/install/clearpath_platform_description:/home/robot/debug_clear_ws/install/clearpath_mounts_description:/home/robot/debug_clear_ws/install/clearpath_manipulators:/home/robot/debug_clear_ws/install/clearpath_manipulators_description:/home/robot/debug_clear_ws/install/clearpath_customization:/home/robot/debug_clear_ws/install/clearpath_control:/opt/ros/humble CMAKE_PREFIX_PATH=/home/robot/debug_clear_ws/install/clearpath_generator_common:/home/robot/debug_clear_ws/install/clearpath_platform:/home/robot/debug_clear_ws/install/clearpath_manipulators:/home/robot/debug_clear_ws/install/clearpath_description:/home/robot/debug_clear_ws/install/clearpath_sensors_description:/home/robot/debug_clear_ws/install/clearpath_platform_msgs:/home/robot/debug_clear_ws/install/clearpath_platform_description:/home/robot/debug_clear_ws/install/clearpath_mounts_description:/home/robot/debug_clear_ws/install/clearpath_manipulators_description:/home/robot/debug_clear_ws/install/clearpath_control:/home/robot/debug_clear_ws/install/clearpath_simulator:/home/robot/debug_clear_ws/install/clearpath_gz:/home/robot/debug_clear_ws/install/clearpath_generator_gz:/home/robot/debug_clear_ws/install/clearpath_common:/home/robot/debug_clear_ws/install/clearpath_msgs:/home/robot/debug_clear_ws/install/clearpath_customization:/home/robot/debug_clear_ws/install/clearpath_config:/opt/ros/humble PYTHONPATH=/home/robot/debug_clear_ws/install/clearpath_config/lib/python3.10/site-packages:/home/robot/debug_clear_ws/install/clearpath_generator_gz/local/lib/python3.10/dist-packages:/home/robot/debug_clear_ws/install/clearpath_generator_common/local/lib/python3.10/dist-packages:/home/robot/debug_clear_ws/install/clearpath_platform_msgs/local/lib/python3.10/dist-packages:/opt/ros/humble/lib/python3.10/site-packages:/opt/ros/humble/local/lib/python3.10/dist-packages /usr/bin/cmake --build /home/robot/debug_clear_ws/build/clearpath_generator_gz -- -j12 -l12[0m
[2.485s] [34mcolcon.colcon_core.event_handler.log_command[0m [1;30mDEBUG[0m [32mInvoked command in '/home/robot/debug_clear_ws/build/clearpath_common' returned '0': AMENT_PREFIX_PATH=/home/robot/debug_clear_ws/install/clearpath_config:/home/robot/debug_clear_ws/install/clearpath_simulator:/home/robot/debug_clear_ws/install/clearpath_gz:/home/robot/debug_clear_ws/install/clearpath_generator_gz:/home/robot/debug_clear_ws/install/clearpath_common:/home/robot/debug_clear_ws/install/clearpath_generator_common:/home/robot/debug_clear_ws/install/clearpath_description:/home/robot/debug_clear_ws/install/clearpath_sensors_description:/home/robot/debug_clear_ws/install/clearpath_platform:/home/robot/debug_clear_ws/install/clearpath_msgs:/home/robot/debug_clear_ws/install/clearpath_platform_msgs:/home/robot/debug_clear_ws/install/clearpath_platform_description:/home/robot/debug_clear_ws/install/clearpath_mounts_description:/home/robot/debug_clear_ws/install/clearpath_manipulators:/home/robot/debug_clear_ws/install/clearpath_manipulators_description:/home/robot/debug_clear_ws/install/clearpath_customization:/home/robot/debug_clear_ws/install/clearpath_control:/opt/ros/humble CMAKE_PREFIX_PATH=/home/robot/debug_clear_ws/install/clearpath_generator_common:/home/robot/debug_clear_ws/install/clearpath_platform:/home/robot/debug_clear_ws/install/clearpath_manipulators:/home/robot/debug_clear_ws/install/clearpath_description:/home/robot/debug_clear_ws/install/clearpath_sensors_description:/home/robot/debug_clear_ws/install/clearpath_platform_msgs:/home/robot/debug_clear_ws/install/clearpath_platform_description:/home/robot/debug_clear_ws/install/clearpath_mounts_description:/home/robot/debug_clear_ws/install/clearpath_manipulators_description:/home/robot/debug_clear_ws/install/clearpath_control:/home/robot/debug_clear_ws/install/clearpath_simulator:/home/robot/debug_clear_ws/install/clearpath_gz:/home/robot/debug_clear_ws/install/clearpath_generator_gz:/home/robot/debug_clear_ws/install/clearpath_common:/home/robot/debug_clear_ws/install/clearpath_msgs:/home/robot/debug_clear_ws/install/clearpath_customization:/home/robot/debug_clear_ws/install/clearpath_config:/opt/ros/humble PYTHONPATH=/home/robot/debug_clear_ws/install/clearpath_config/lib/python3.10/site-packages:/home/robot/debug_clear_ws/install/clearpath_generator_gz/local/lib/python3.10/dist-packages:/home/robot/debug_clear_ws/install/clearpath_generator_common/local/lib/python3.10/dist-packages:/home/robot/debug_clear_ws/install/clearpath_platform_msgs/local/lib/python3.10/dist-packages:/opt/ros/humble/lib/python3.10/site-packages:/opt/ros/humble/local/lib/python3.10/dist-packages /usr/bin/cmake --build /home/robot/debug_clear_ws/build/clearpath_common -- -j12 -l12[0m
[2.504s] [34mcolcon.colcon_core.event_handler.log_command[0m [1;30mDEBUG[0m [32mInvoking command in '/home/robot/debug_clear_ws/build/clearpath_common': AMENT_PREFIX_PATH=/home/robot/debug_clear_ws/install/clearpath_config:/home/robot/debug_clear_ws/install/clearpath_simulator:/home/robot/debug_clear_ws/install/clearpath_gz:/home/robot/debug_clear_ws/install/clearpath_generator_gz:/home/robot/debug_clear_ws/install/clearpath_common:/home/robot/debug_clear_ws/install/clearpath_generator_common:/home/robot/debug_clear_ws/install/clearpath_description:/home/robot/debug_clear_ws/install/clearpath_sensors_description:/home/robot/debug_clear_ws/install/clearpath_platform:/home/robot/debug_clear_ws/install/clearpath_msgs:/home/robot/debug_clear_ws/install/clearpath_platform_msgs:/home/robot/debug_clear_ws/install/clearpath_platform_description:/home/robot/debug_clear_ws/install/clearpath_mounts_description:/home/robot/debug_clear_ws/install/clearpath_manipulators:/home/robot/debug_clear_ws/install/clearpath_manipulators_description:/home/robot/debug_clear_ws/install/clearpath_customization:/home/robot/debug_clear_ws/install/clearpath_control:/opt/ros/humble CMAKE_PREFIX_PATH=/home/robot/debug_clear_ws/install/clearpath_generator_common:/home/robot/debug_clear_ws/install/clearpath_platform:/home/robot/debug_clear_ws/install/clearpath_manipulators:/home/robot/debug_clear_ws/install/clearpath_description:/home/robot/debug_clear_ws/install/clearpath_sensors_description:/home/robot/debug_clear_ws/install/clearpath_platform_msgs:/home/robot/debug_clear_ws/install/clearpath_platform_description:/home/robot/debug_clear_ws/install/clearpath_mounts_description:/home/robot/debug_clear_ws/install/clearpath_manipulators_description:/home/robot/debug_clear_ws/install/clearpath_control:/home/robot/debug_clear_ws/install/clearpath_simulator:/home/robot/debug_clear_ws/install/clearpath_gz:/home/robot/debug_clear_ws/install/clearpath_generator_gz:/home/robot/debug_clear_ws/install/clearpath_common:/home/robot/debug_clear_ws/install/clearpath_msgs:/home/robot/debug_clear_ws/install/clearpath_customization:/home/robot/debug_clear_ws/install/clearpath_config:/opt/ros/humble PYTHONPATH=/home/robot/debug_clear_ws/install/clearpath_config/lib/python3.10/site-packages:/home/robot/debug_clear_ws/install/clearpath_generator_gz/local/lib/python3.10/dist-packages:/home/robot/debug_clear_ws/install/clearpath_generator_common/local/lib/python3.10/dist-packages:/home/robot/debug_clear_ws/install/clearpath_platform_msgs/local/lib/python3.10/dist-packages:/opt/ros/humble/lib/python3.10/site-packages:/opt/ros/humble/local/lib/python3.10/dist-packages /usr/bin/cmake --install /home/robot/debug_clear_ws/build/clearpath_common[0m
[2.512s] [34mcolcon.colcon_core.environment[0m [1;30mLevel 1[0m create_environment_scripts_only(clearpath_common)
[2.513s] [34mcolcon.colcon_core.environment[0m [1;30mLevel 1[0m checking '/home/robot/debug_clear_ws/install/clearpath_common' for CMake module files
[2.513s] [34mcolcon.colcon_core.event_handler.log_command[0m [1;30mDEBUG[0m [32mInvoked command in '/home/robot/debug_clear_ws/build/clearpath_common' returned '0': AMENT_PREFIX_PATH=/home/robot/debug_clear_ws/install/clearpath_config:/home/robot/debug_clear_ws/install/clearpath_simulator:/home/robot/debug_clear_ws/install/clearpath_gz:/home/robot/debug_clear_ws/install/clearpath_generator_gz:/home/robot/debug_clear_ws/install/clearpath_common:/home/robot/debug_clear_ws/install/clearpath_generator_common:/home/robot/debug_clear_ws/install/clearpath_description:/home/robot/debug_clear_ws/install/clearpath_sensors_description:/home/robot/debug_clear_ws/install/clearpath_platform:/home/robot/debug_clear_ws/install/clearpath_msgs:/home/robot/debug_clear_ws/install/clearpath_platform_msgs:/home/robot/debug_clear_ws/install/clearpath_platform_description:/home/robot/debug_clear_ws/install/clearpath_mounts_description:/home/robot/debug_clear_ws/install/clearpath_manipulators:/home/robot/debug_clear_ws/install/clearpath_manipulators_description:/home/robot/debug_clear_ws/install/clearpath_customization:/home/robot/debug_clear_ws/install/clearpath_control:/opt/ros/humble CMAKE_PREFIX_PATH=/home/robot/debug_clear_ws/install/clearpath_generator_common:/home/robot/debug_clear_ws/install/clearpath_platform:/home/robot/debug_clear_ws/install/clearpath_manipulators:/home/robot/debug_clear_ws/install/clearpath_description:/home/robot/debug_clear_ws/install/clearpath_sensors_description:/home/robot/debug_clear_ws/install/clearpath_platform_msgs:/home/robot/debug_clear_ws/install/clearpath_platform_description:/home/robot/debug_clear_ws/install/clearpath_mounts_description:/home/robot/debug_clear_ws/install/clearpath_manipulators_description:/home/robot/debug_clear_ws/install/clearpath_control:/home/robot/debug_clear_ws/install/clearpath_simulator:/home/robot/debug_clear_ws/install/clearpath_gz:/home/robot/debug_clear_ws/install/clearpath_generator_gz:/home/robot/debug_clear_ws/install/clearpath_common:/home/robot/debug_clear_ws/install/clearpath_msgs:/home/robot/debug_clear_ws/install/clearpath_customization:/home/robot/debug_clear_ws/install/clearpath_config:/opt/ros/humble PYTHONPATH=/home/robot/debug_clear_ws/install/clearpath_config/lib/python3.10/site-packages:/home/robot/debug_clear_ws/install/clearpath_generator_gz/local/lib/python3.10/dist-packages:/home/robot/debug_clear_ws/install/clearpath_generator_common/local/lib/python3.10/dist-packages:/home/robot/debug_clear_ws/install/clearpath_platform_msgs/local/lib/python3.10/dist-packages:/opt/ros/humble/lib/python3.10/site-packages:/opt/ros/humble/local/lib/python3.10/dist-packages /usr/bin/cmake --install /home/robot/debug_clear_ws/build/clearpath_common[0m
[2.514s] [34mcolcon.colcon_core.environment[0m [1;30mLevel 1[0m checking '/home/robot/debug_clear_ws/install/clearpath_common' for CMake config files
[2.514s] [34mcolcon.colcon_core.shell[0m [1;30mLevel 1[0m create_environment_hook('clearpath_common', 'cmake_prefix_path')
[2.514s] [34mcolcon.colcon_core.shell[0m [1;30mINFO[0m Creating environment hook '/home/robot/debug_clear_ws/install/clearpath_common/share/clearpath_common/hook/cmake_prefix_path.ps1'
[2.515s] [34mcolcon.colcon_core.shell[0m [1;30mINFO[0m Creating environment descriptor '/home/robot/debug_clear_ws/install/clearpath_common/share/clearpath_common/hook/cmake_prefix_path.dsv'
[2.515s] [34mcolcon.colcon_core.shell[0m [1;30mINFO[0m Creating environment hook '/home/robot/debug_clear_ws/install/clearpath_common/share/clearpath_common/hook/cmake_prefix_path.sh'
[2.516s] [34mcolcon.colcon_core.environment[0m [1;30mLevel 1[0m checking '/home/robot/debug_clear_ws/install/clearpath_common/bin'
[2.516s] [34mcolcon.colcon_core.environment[0m [1;30mLevel 1[0m checking '/home/robot/debug_clear_ws/install/clearpath_common/lib/pkgconfig/clearpath_common.pc'
[2.517s] [34mcolcon.colcon_core.environment[0m [1;30mLevel 1[0m checking '/home/robot/debug_clear_ws/install/clearpath_common/lib/python3.10/site-packages'
[2.517s] [34mcolcon.colcon_core.environment[0m [1;30mLevel 1[0m checking '/home/robot/debug_clear_ws/install/clearpath_common/bin'
[2.517s] [34mcolcon.colcon_core.shell[0m [1;30mINFO[0m Creating package script '/home/robot/debug_clear_ws/install/clearpath_common/share/clearpath_common/package.ps1'
[2.518s] [34mcolcon.colcon_core.shell[0m [1;30mINFO[0m Creating package descriptor '/home/robot/debug_clear_ws/install/clearpath_common/share/clearpath_common/package.dsv'
[2.518s] [34mcolcon.colcon_core.shell[0m [1;30mINFO[0m Creating package script '/home/robot/debug_clear_ws/install/clearpath_common/share/clearpath_common/package.sh'
[2.518s] [34mcolcon.colcon_core.shell[0m [1;30mINFO[0m Creating package script '/home/robot/debug_clear_ws/install/clearpath_common/share/clearpath_common/package.bash'
[2.519s] [34mcolcon.colcon_core.shell[0m [1;30mINFO[0m Creating package script '/home/robot/debug_clear_ws/install/clearpath_common/share/clearpath_common/package.zsh'
[2.519s] [34mcolcon.colcon_core.environment[0m [1;30mLevel 1[0m create_file_with_runtime_dependencies(/home/robot/debug_clear_ws/install/clearpath_common/share/colcon-core/packages/clearpath_common)
[2.538s] [34mcolcon.colcon_core.environment[0m [1;30mLevel 1[0m create_environment_scripts_only(clearpath_common)
[2.538s] [34mcolcon.colcon_core.environment[0m [1;30mLevel 1[0m checking '/home/robot/debug_clear_ws/install/clearpath_common' for CMake module files
[2.538s] [34mcolcon.colcon_core.environment[0m [1;30mLevel 1[0m checking '/home/robot/debug_clear_ws/install/clearpath_common' for CMake config files
[2.538s] [34mcolcon.colcon_core.shell[0m [1;30mLevel 1[0m create_environment_hook('clearpath_common', 'cmake_prefix_path')
[2.539s] [34mcolcon.colcon_core.shell[0m [1;30mINFO[0m Creating environment hook '/home/robot/debug_clear_ws/install/clearpath_common/share/clearpath_common/hook/cmake_prefix_path.ps1'
[2.539s] [34mcolcon.colcon_core.shell[0m [1;30mINFO[0m Creating environment descriptor '/home/robot/debug_clear_ws/install/clearpath_common/share/clearpath_common/hook/cmake_prefix_path.dsv'
[2.539s] [34mcolcon.colcon_core.shell[0m [1;30mINFO[0m Creating environment hook '/home/robot/debug_clear_ws/install/clearpath_common/share/clearpath_common/hook/cmake_prefix_path.sh'
[2.540s] [34mcolcon.colcon_core.environment[0m [1;30mLevel 1[0m checking '/home/robot/debug_clear_ws/install/clearpath_common/bin'
[2.540s] [34mcolcon.colcon_core.environment[0m [1;30mLevel 1[0m checking '/home/robot/debug_clear_ws/install/clearpath_common/lib/pkgconfig/clearpath_common.pc'
[2.540s] [34mcolcon.colcon_core.environment[0m [1;30mLevel 1[0m checking '/home/robot/debug_clear_ws/install/clearpath_common/lib/python3.10/site-packages'
[2.540s] [34mcolcon.colcon_core.environment[0m [1;30mLevel 1[0m checking '/home/robot/debug_clear_ws/install/clearpath_common/bin'
[2.541s] [34mcolcon.colcon_core.shell[0m [1;30mINFO[0m Creating package script '/home/robot/debug_clear_ws/install/clearpath_common/share/clearpath_common/package.ps1'
[2.541s] [34mcolcon.colcon_core.shell[0m [1;30mINFO[0m Creating package descriptor '/home/robot/debug_clear_ws/install/clearpath_common/share/clearpath_common/package.dsv'
[2.541s] [34mcolcon.colcon_core.shell[0m [1;30mINFO[0m Creating package script '/home/robot/debug_clear_ws/install/clearpath_common/share/clearpath_common/package.sh'
[2.542s] [34mcolcon.colcon_core.shell[0m [1;30mINFO[0m Creating package script '/home/robot/debug_clear_ws/install/clearpath_common/share/clearpath_common/package.bash'
[2.542s] [34mcolcon.colcon_core.shell[0m [1;30mINFO[0m Creating package script '/home/robot/debug_clear_ws/install/clearpath_common/share/clearpath_common/package.zsh'
[2.542s] [34mcolcon.colcon_core.environment[0m [1;30mLevel 1[0m create_file_with_runtime_dependencies(/home/robot/debug_clear_ws/install/clearpath_common/share/colcon-core/packages/clearpath_common)
[2.727s] [34mcolcon.colcon_core.event_handler.log_command[0m [1;30mDEBUG[0m [32mInvoking command in '/home/robot/debug_clear_ws/src/yolov8_ros/yolov8_ros': AMENT_PREFIX_PATH=/home/robot/debug_clear_ws/install/yolov8_msgs:${AMENT_PREFIX_PATH} CMAKE_PREFIX_PATH=/home/robot/debug_clear_ws/install/yolov8_msgs:${CMAKE_PREFIX_PATH} LD_LIBRARY_PATH=/home/robot/debug_clear_ws/install/yolov8_msgs/lib:${LD_LIBRARY_PATH} PYTHONPATH=/home/robot/debug_clear_ws/build/yolov8_ros/prefix_override:/usr/lib/python3/dist-packages/colcon_core/task/python/colcon_distutils_commands:/home/robot/debug_clear_ws/install/yolov8_ros/lib/python3.10/site-packages:/home/robot/debug_clear_ws/install/yolov8_msgs/local/lib/python3.10/dist-packages:${PYTHONPATH} /usr/bin/python3 -W ignore:setup.py install is deprecated setup.py egg_info --egg-base ../../../build/yolov8_ros build --build-base /home/robot/debug_clear_ws/build/yolov8_ros/build install --record /home/robot/debug_clear_ws/build/yolov8_ros/install.log --single-version-externally-managed install_data[0m
[2.825s] [34mcolcon.colcon_core.event_handler.log_command[0m [1;30mDEBUG[0m [32mInvoked command in '/home/robot/debug_clear_ws/build/clearpath_generator_gz' returned '0': AMENT_PREFIX_PATH=/home/robot/debug_clear_ws/install/clearpath_config:/home/robot/debug_clear_ws/install/clearpath_simulator:/home/robot/debug_clear_ws/install/clearpath_gz:/home/robot/debug_clear_ws/install/clearpath_generator_gz:/home/robot/debug_clear_ws/install/clearpath_common:/home/robot/debug_clear_ws/install/clearpath_generator_common:/home/robot/debug_clear_ws/install/clearpath_description:/home/robot/debug_clear_ws/install/clearpath_sensors_description:/home/robot/debug_clear_ws/install/clearpath_platform:/home/robot/debug_clear_ws/install/clearpath_msgs:/home/robot/debug_clear_ws/install/clearpath_platform_msgs:/home/robot/debug_clear_ws/install/clearpath_platform_description:/home/robot/debug_clear_ws/install/clearpath_mounts_description:/home/robot/debug_clear_ws/install/clearpath_manipulators:/home/robot/debug_clear_ws/install/clearpath_manipulators_description:/home/robot/debug_clear_ws/install/clearpath_customization:/home/robot/debug_clear_ws/install/clearpath_control:/opt/ros/humble CMAKE_PREFIX_PATH=/home/robot/debug_clear_ws/install/clearpath_generator_common:/home/robot/debug_clear_ws/install/clearpath_platform:/home/robot/debug_clear_ws/install/clearpath_manipulators:/home/robot/debug_clear_ws/install/clearpath_description:/home/robot/debug_clear_ws/install/clearpath_sensors_description:/home/robot/debug_clear_ws/install/clearpath_platform_msgs:/home/robot/debug_clear_ws/install/clearpath_platform_description:/home/robot/debug_clear_ws/install/clearpath_mounts_description:/home/robot/debug_clear_ws/install/clearpath_manipulators_description:/home/robot/debug_clear_ws/install/clearpath_control:/home/robot/debug_clear_ws/install/clearpath_simulator:/home/robot/debug_clear_ws/install/clearpath_gz:/home/robot/debug_clear_ws/install/clearpath_generator_gz:/home/robot/debug_clear_ws/install/clearpath_common:/home/robot/debug_clear_ws/install/clearpath_msgs:/home/robot/debug_clear_ws/install/clearpath_customization:/home/robot/debug_clear_ws/install/clearpath_config:/opt/ros/humble PYTHONPATH=/home/robot/debug_clear_ws/install/clearpath_config/lib/python3.10/site-packages:/home/robot/debug_clear_ws/install/clearpath_generator_gz/local/lib/python3.10/dist-packages:/home/robot/debug_clear_ws/install/clearpath_generator_common/local/lib/python3.10/dist-packages:/home/robot/debug_clear_ws/install/clearpath_platform_msgs/local/lib/python3.10/dist-packages:/opt/ros/humble/lib/python3.10/site-packages:/opt/ros/humble/local/lib/python3.10/dist-packages /usr/bin/cmake --build /home/robot/debug_clear_ws/build/clearpath_generator_gz -- -j12 -l12[0m
[2.848s] [34mcolcon.colcon_core.event_handler.log_command[0m [1;30mDEBUG[0m [32mInvoking command in '/home/robot/debug_clear_ws/build/clearpath_generator_gz': AMENT_PREFIX_PATH=/home/robot/debug_clear_ws/install/clearpath_config:/home/robot/debug_clear_ws/install/clearpath_simulator:/home/robot/debug_clear_ws/install/clearpath_gz:/home/robot/debug_clear_ws/install/clearpath_generator_gz:/home/robot/debug_clear_ws/install/clearpath_common:/home/robot/debug_clear_ws/install/clearpath_generator_common:/home/robot/debug_clear_ws/install/clearpath_description:/home/robot/debug_clear_ws/install/clearpath_sensors_description:/home/robot/debug_clear_ws/install/clearpath_platform:/home/robot/debug_clear_ws/install/clearpath_msgs:/home/robot/debug_clear_ws/install/clearpath_platform_msgs:/home/robot/debug_clear_ws/install/clearpath_platform_description:/home/robot/debug_clear_ws/install/clearpath_mounts_description:/home/robot/debug_clear_ws/install/clearpath_manipulators:/home/robot/debug_clear_ws/install/clearpath_manipulators_description:/home/robot/debug_clear_ws/install/clearpath_customization:/home/robot/debug_clear_ws/install/clearpath_control:/opt/ros/humble CMAKE_PREFIX_PATH=/home/robot/debug_clear_ws/install/clearpath_generator_common:/home/robot/debug_clear_ws/install/clearpath_platform:/home/robot/debug_clear_ws/install/clearpath_manipulators:/home/robot/debug_clear_ws/install/clearpath_description:/home/robot/debug_clear_ws/install/clearpath_sensors_description:/home/robot/debug_clear_ws/install/clearpath_platform_msgs:/home/robot/debug_clear_ws/install/clearpath_platform_description:/home/robot/debug_clear_ws/install/clearpath_mounts_description:/home/robot/debug_clear_ws/install/clearpath_manipulators_description:/home/robot/debug_clear_ws/install/clearpath_control:/home/robot/debug_clear_ws/install/clearpath_simulator:/home/robot/debug_clear_ws/install/clearpath_gz:/home/robot/debug_clear_ws/install/clearpath_generator_gz:/home/robot/debug_clear_ws/install/clearpath_common:/home/robot/debug_clear_ws/install/clearpath_msgs:/home/robot/debug_clear_ws/install/clearpath_customization:/home/robot/debug_clear_ws/install/clearpath_config:/opt/ros/humble PYTHONPATH=/home/robot/debug_clear_ws/install/clearpath_config/lib/python3.10/site-packages:/home/robot/debug_clear_ws/install/clearpath_generator_gz/local/lib/python3.10/dist-packages:/home/robot/debug_clear_ws/install/clearpath_generator_common/local/lib/python3.10/dist-packages:/home/robot/debug_clear_ws/install/clearpath_platform_msgs/local/lib/python3.10/dist-packages:/opt/ros/humble/lib/python3.10/site-packages:/opt/ros/humble/local/lib/python3.10/dist-packages /usr/bin/cmake --install /home/robot/debug_clear_ws/build/clearpath_generator_gz[0m
[2.891s] [34mcolcon.colcon_core.environment[0m [1;30mLevel 1[0m create_environment_scripts_only(clearpath_generator_gz)
[2.892s] [34mcolcon.colcon_core.environment[0m [1;30mLevel 1[0m checking '/home/robot/debug_clear_ws/install/clearpath_generator_gz' for CMake module files
[2.892s] [34mcolcon.colcon_core.event_handler.log_command[0m [1;30mDEBUG[0m [32mInvoked command in '/home/robot/debug_clear_ws/build/clearpath_generator_gz' returned '0': AMENT_PREFIX_PATH=/home/robot/debug_clear_ws/install/clearpath_config:/home/robot/debug_clear_ws/install/clearpath_simulator:/home/robot/debug_clear_ws/install/clearpath_gz:/home/robot/debug_clear_ws/install/clearpath_generator_gz:/home/robot/debug_clear_ws/install/clearpath_common:/home/robot/debug_clear_ws/install/clearpath_generator_common:/home/robot/debug_clear_ws/install/clearpath_description:/home/robot/debug_clear_ws/install/clearpath_sensors_description:/home/robot/debug_clear_ws/install/clearpath_platform:/home/robot/debug_clear_ws/install/clearpath_msgs:/home/robot/debug_clear_ws/install/clearpath_platform_msgs:/home/robot/debug_clear_ws/install/clearpath_platform_description:/home/robot/debug_clear_ws/install/clearpath_mounts_description:/home/robot/debug_clear_ws/install/clearpath_manipulators:/home/robot/debug_clear_ws/install/clearpath_manipulators_description:/home/robot/debug_clear_ws/install/clearpath_customization:/home/robot/debug_clear_ws/install/clearpath_control:/opt/ros/humble CMAKE_PREFIX_PATH=/home/robot/debug_clear_ws/install/clearpath_generator_common:/home/robot/debug_clear_ws/install/clearpath_platform:/home/robot/debug_clear_ws/install/clearpath_manipulators:/home/robot/debug_clear_ws/install/clearpath_description:/home/robot/debug_clear_ws/install/clearpath_sensors_description:/home/robot/debug_clear_ws/install/clearpath_platform_msgs:/home/robot/debug_clear_ws/install/clearpath_platform_description:/home/robot/debug_clear_ws/install/clearpath_mounts_description:/home/robot/debug_clear_ws/install/clearpath_manipulators_description:/home/robot/debug_clear_ws/install/clearpath_control:/home/robot/debug_clear_ws/install/clearpath_simulator:/home/robot/debug_clear_ws/install/clearpath_gz:/home/robot/debug_clear_ws/install/clearpath_generator_gz:/home/robot/debug_clear_ws/install/clearpath_common:/home/robot/debug_clear_ws/install/clearpath_msgs:/home/robot/debug_clear_ws/install/clearpath_customization:/home/robot/debug_clear_ws/install/clearpath_config:/opt/ros/humble PYTHONPATH=/home/robot/debug_clear_ws/install/clearpath_config/lib/python3.10/site-packages:/home/robot/debug_clear_ws/install/clearpath_generator_gz/local/lib/python3.10/dist-packages:/home/robot/debug_clear_ws/install/clearpath_generator_common/local/lib/python3.10/dist-packages:/home/robot/debug_clear_ws/install/clearpath_platform_msgs/local/lib/python3.10/dist-packages:/opt/ros/humble/lib/python3.10/site-packages:/opt/ros/humble/local/lib/python3.10/dist-packages /usr/bin/cmake --install /home/robot/debug_clear_ws/build/clearpath_generator_gz[0m
[2.892s] [34mcolcon.colcon_core.environment[0m [1;30mLevel 1[0m checking '/home/robot/debug_clear_ws/install/clearpath_generator_gz' for CMake config files
[2.893s] [34mcolcon.colcon_core.shell[0m [1;30mLevel 1[0m create_environment_hook('clearpath_generator_gz', 'cmake_prefix_path')
[2.893s] [34mcolcon.colcon_core.shell[0m [1;30mINFO[0m Creating environment hook '/home/robot/debug_clear_ws/install/clearpath_generator_gz/share/clearpath_generator_gz/hook/cmake_prefix_path.ps1'
[2.893s] [34mcolcon.colcon_core.shell[0m [1;30mINFO[0m Creating environment descriptor '/home/robot/debug_clear_ws/install/clearpath_generator_gz/share/clearpath_generator_gz/hook/cmake_prefix_path.dsv'
[2.893s] [34mcolcon.colcon_core.shell[0m [1;30mINFO[0m Creating environment hook '/home/robot/debug_clear_ws/install/clearpath_generator_gz/share/clearpath_generator_gz/hook/cmake_prefix_path.sh'
[2.894s] [34mcolcon.colcon_core.environment[0m [1;30mLevel 1[0m checking '/home/robot/debug_clear_ws/install/clearpath_generator_gz/lib'
[2.894s] [34mcolcon.colcon_core.environment[0m [1;30mLevel 1[0m checking '/home/robot/debug_clear_ws/install/clearpath_generator_gz/bin'
[2.894s] [34mcolcon.colcon_core.environment[0m [1;30mLevel 1[0m checking '/home/robot/debug_clear_ws/install/clearpath_generator_gz/lib/pkgconfig/clearpath_generator_gz.pc'
[2.894s] [34mcolcon.colcon_core.environment[0m [1;30mLevel 1[0m checking '/home/robot/debug_clear_ws/install/clearpath_generator_gz/lib/python3.10/site-packages'
[2.894s] [34mcolcon.colcon_core.environment[0m [1;30mLevel 1[0m checking '/home/robot/debug_clear_ws/install/clearpath_generator_gz/bin'
[2.895s] [34mcolcon.colcon_core.shell[0m [1;30mINFO[0m Creating package script '/home/robot/debug_clear_ws/install/clearpath_generator_gz/share/clearpath_generator_gz/package.ps1'
[2.895s] [34mcolcon.colcon_core.shell[0m [1;30mINFO[0m Creating package descriptor '/home/robot/debug_clear_ws/install/clearpath_generator_gz/share/clearpath_generator_gz/package.dsv'
[2.895s] [34mcolcon.colcon_core.shell[0m [1;30mINFO[0m Creating package script '/home/robot/debug_clear_ws/install/clearpath_generator_gz/share/clearpath_generator_gz/package.sh'
[2.896s] [34mcolcon.colcon_core.shell[0m [1;30mINFO[0m Creating package script '/home/robot/debug_clear_ws/install/clearpath_generator_gz/share/clearpath_generator_gz/package.bash'
[2.896s] [34mcolcon.colcon_core.shell[0m [1;30mINFO[0m Creating package script '/home/robot/debug_clear_ws/install/clearpath_generator_gz/share/clearpath_generator_gz/package.zsh'
[2.896s] [34mcolcon.colcon_core.environment[0m [1;30mLevel 1[0m create_file_with_runtime_dependencies(/home/robot/debug_clear_ws/install/clearpath_generator_gz/share/colcon-core/packages/clearpath_generator_gz)
[2.918s] [34mcolcon.colcon_core.environment[0m [1;30mLevel 1[0m create_environment_scripts_only(clearpath_generator_gz)
[2.918s] [34mcolcon.colcon_core.environment[0m [1;30mLevel 1[0m checking '/home/robot/debug_clear_ws/install/clearpath_generator_gz' for CMake module files
[2.918s] [34mcolcon.colcon_core.environment[0m [1;30mLevel 1[0m checking '/home/robot/debug_clear_ws/install/clearpath_generator_gz' for CMake config files
[2.919s] [34mcolcon.colcon_core.shell[0m [1;30mLevel 1[0m create_environment_hook('clearpath_generator_gz', 'cmake_prefix_path')
[2.919s] [34mcolcon.colcon_core.shell[0m [1;30mINFO[0m Creating environment hook '/home/robot/debug_clear_ws/install/clearpath_generator_gz/share/clearpath_generator_gz/hook/cmake_prefix_path.ps1'
[2.919s] [34mcolcon.colcon_core.shell[0m [1;30mINFO[0m Creating environment descriptor '/home/robot/debug_clear_ws/install/clearpath_generator_gz/share/clearpath_generator_gz/hook/cmake_prefix_path.dsv'
[2.919s] [34mcolcon.colcon_core.shell[0m [1;30mINFO[0m Creating environment hook '/home/robot/debug_clear_ws/install/clearpath_generator_gz/share/clearpath_generator_gz/hook/cmake_prefix_path.sh'
[2.920s] [34mcolcon.colcon_core.environment[0m [1;30mLevel 1[0m checking '/home/robot/debug_clear_ws/install/clearpath_generator_gz/lib'
[2.920s] [34mcolcon.colcon_core.environment[0m [1;30mLevel 1[0m checking '/home/robot/debug_clear_ws/install/clearpath_generator_gz/bin'
[2.920s] [34mcolcon.colcon_core.environment[0m [1;30mLevel 1[0m checking '/home/robot/debug_clear_ws/install/clearpath_generator_gz/lib/pkgconfig/clearpath_generator_gz.pc'
[2.920s] [34mcolcon.colcon_core.environment[0m [1;30mLevel 1[0m checking '/home/robot/debug_clear_ws/install/clearpath_generator_gz/lib/python3.10/site-packages'
[2.920s] [34mcolcon.colcon_core.environment[0m [1;30mLevel 1[0m checking '/home/robot/debug_clear_ws/install/clearpath_generator_gz/bin'
[2.921s] [34mcolcon.colcon_core.shell[0m [1;30mINFO[0m Creating package script '/home/robot/debug_clear_ws/install/clearpath_generator_gz/share/clearpath_generator_gz/package.ps1'
[2.921s] [34mcolcon.colcon_core.shell[0m [1;30mINFO[0m Creating package descriptor '/home/robot/debug_clear_ws/install/clearpath_generator_gz/share/clearpath_generator_gz/package.dsv'
[2.922s] [34mcolcon.colcon_core.shell[0m [1;30mINFO[0m Creating package script '/home/robot/debug_clear_ws/install/clearpath_generator_gz/share/clearpath_generator_gz/package.sh'
[2.922s] [34mcolcon.colcon_core.shell[0m [1;30mINFO[0m Creating package script '/home/robot/debug_clear_ws/install/clearpath_generator_gz/share/clearpath_generator_gz/package.bash'
[2.922s] [34mcolcon.colcon_core.shell[0m [1;30mINFO[0m Creating package script '/home/robot/debug_clear_ws/install/clearpath_generator_gz/share/clearpath_generator_gz/package.zsh'
[2.923s] [34mcolcon.colcon_core.environment[0m [1;30mLevel 1[0m create_file_with_runtime_dependencies(/home/robot/debug_clear_ws/install/clearpath_generator_gz/share/colcon-core/packages/clearpath_generator_gz)
[2.923s] [34mcolcon.colcon_ros.task.ament_cmake.build[0m [1;30mINFO[0m Building ROS package in '/home/robot/debug_clear_ws/src/clearpath_simulator/clearpath_gz' with build type 'ament_cmake'
[2.923s] [34mcolcon.colcon_cmake.task.cmake.build[0m [1;30mINFO[0m Building CMake package in '/home/robot/debug_clear_ws/src/clearpath_simulator/clearpath_gz'
[2.923s] [34mcolcon.colcon_core.shell[0m [1;30mINFO[0m Skip shell extension 'powershell' for command environment: Not usable outside of PowerShell
[2.923s] [34mcolcon.colcon_core.shell[0m [1;30mDEBUG[0m [32mSkip shell extension 'dsv' for command environment[0m
[2.944s] [34mcolcon.colcon_core.event_handler.log_command[0m [1;30mDEBUG[0m [32mInvoking command in '/home/robot/debug_clear_ws/build/clearpath_gz': AMENT_PREFIX_PATH=/home/robot/debug_clear_ws/install/clearpath_config:/home/robot/debug_clear_ws/install/clearpath_simulator:/home/robot/debug_clear_ws/install/clearpath_gz:/home/robot/debug_clear_ws/install/clearpath_generator_gz:/home/robot/debug_clear_ws/install/clearpath_common:/home/robot/debug_clear_ws/install/clearpath_generator_common:/home/robot/debug_clear_ws/install/clearpath_description:/home/robot/debug_clear_ws/install/clearpath_sensors_description:/home/robot/debug_clear_ws/install/clearpath_platform:/home/robot/debug_clear_ws/install/clearpath_msgs:/home/robot/debug_clear_ws/install/clearpath_platform_msgs:/home/robot/debug_clear_ws/install/clearpath_platform_description:/home/robot/debug_clear_ws/install/clearpath_mounts_description:/home/robot/debug_clear_ws/install/clearpath_manipulators:/home/robot/debug_clear_ws/install/clearpath_manipulators_description:/home/robot/debug_clear_ws/install/clearpath_customization:/home/robot/debug_clear_ws/install/clearpath_control:/opt/ros/humble CMAKE_PREFIX_PATH=/home/robot/debug_clear_ws/install/clearpath_generator_gz:/home/robot/debug_clear_ws/install/clearpath_common:/home/robot/debug_clear_ws/install/clearpath_generator_common:/home/robot/debug_clear_ws/install/clearpath_platform:/home/robot/debug_clear_ws/install/clearpath_manipulators:/home/robot/debug_clear_ws/install/clearpath_description:/home/robot/debug_clear_ws/install/clearpath_sensors_description:/home/robot/debug_clear_ws/install/clearpath_platform_msgs:/home/robot/debug_clear_ws/install/clearpath_platform_description:/home/robot/debug_clear_ws/install/clearpath_mounts_description:/home/robot/debug_clear_ws/install/clearpath_manipulators_description:/home/robot/debug_clear_ws/install/clearpath_control:/home/robot/debug_clear_ws/install/clearpath_simulator:/home/robot/debug_clear_ws/install/clearpath_gz:/home/robot/debug_clear_ws/install/clearpath_msgs:/home/robot/debug_clear_ws/install/clearpath_customization:/home/robot/debug_clear_ws/install/clearpath_config:/opt/ros/humble PYTHONPATH=/home/robot/debug_clear_ws/install/clearpath_config/lib/python3.10/site-packages:/home/robot/debug_clear_ws/install/clearpath_generator_gz/local/lib/python3.10/dist-packages:/home/robot/debug_clear_ws/install/clearpath_generator_common/local/lib/python3.10/dist-packages:/home/robot/debug_clear_ws/install/clearpath_platform_msgs/local/lib/python3.10/dist-packages:/opt/ros/humble/lib/python3.10/site-packages:/opt/ros/humble/local/lib/python3.10/dist-packages /usr/bin/cmake --build /home/robot/debug_clear_ws/build/clearpath_gz -- -j12 -l12[0m
[2.979s] [34mcolcon.colcon_core.event_handler.log_command[0m [1;30mDEBUG[0m [32mInvoked command in '/home/robot/debug_clear_ws/build/clearpath_gz' returned '0': AMENT_PREFIX_PATH=/home/robot/debug_clear_ws/install/clearpath_config:/home/robot/debug_clear_ws/install/clearpath_simulator:/home/robot/debug_clear_ws/install/clearpath_gz:/home/robot/debug_clear_ws/install/clearpath_generator_gz:/home/robot/debug_clear_ws/install/clearpath_common:/home/robot/debug_clear_ws/install/clearpath_generator_common:/home/robot/debug_clear_ws/install/clearpath_description:/home/robot/debug_clear_ws/install/clearpath_sensors_description:/home/robot/debug_clear_ws/install/clearpath_platform:/home/robot/debug_clear_ws/install/clearpath_msgs:/home/robot/debug_clear_ws/install/clearpath_platform_msgs:/home/robot/debug_clear_ws/install/clearpath_platform_description:/home/robot/debug_clear_ws/install/clearpath_mounts_description:/home/robot/debug_clear_ws/install/clearpath_manipulators:/home/robot/debug_clear_ws/install/clearpath_manipulators_description:/home/robot/debug_clear_ws/install/clearpath_customization:/home/robot/debug_clear_ws/install/clearpath_control:/opt/ros/humble CMAKE_PREFIX_PATH=/home/robot/debug_clear_ws/install/clearpath_generator_gz:/home/robot/debug_clear_ws/install/clearpath_common:/home/robot/debug_clear_ws/install/clearpath_generator_common:/home/robot/debug_clear_ws/install/clearpath_platform:/home/robot/debug_clear_ws/install/clearpath_manipulators:/home/robot/debug_clear_ws/install/clearpath_description:/home/robot/debug_clear_ws/install/clearpath_sensors_description:/home/robot/debug_clear_ws/install/clearpath_platform_msgs:/home/robot/debug_clear_ws/install/clearpath_platform_description:/home/robot/debug_clear_ws/install/clearpath_mounts_description:/home/robot/debug_clear_ws/install/clearpath_manipulators_description:/home/robot/debug_clear_ws/install/clearpath_control:/home/robot/debug_clear_ws/install/clearpath_simulator:/home/robot/debug_clear_ws/install/clearpath_gz:/home/robot/debug_clear_ws/install/clearpath_msgs:/home/robot/debug_clear_ws/install/clearpath_customization:/home/robot/debug_clear_ws/install/clearpath_config:/opt/ros/humble PYTHONPATH=/home/robot/debug_clear_ws/install/clearpath_config/lib/python3.10/site-packages:/home/robot/debug_clear_ws/install/clearpath_generator_gz/local/lib/python3.10/dist-packages:/home/robot/debug_clear_ws/install/clearpath_generator_common/local/lib/python3.10/dist-packages:/home/robot/debug_clear_ws/install/clearpath_platform_msgs/local/lib/python3.10/dist-packages:/opt/ros/humble/lib/python3.10/site-packages:/opt/ros/humble/local/lib/python3.10/dist-packages /usr/bin/cmake --build /home/robot/debug_clear_ws/build/clearpath_gz -- -j12 -l12[0m
[3.000s] [34mcolcon.colcon_core.event_handler.log_command[0m [1;30mDEBUG[0m [32mInvoking command in '/home/robot/debug_clear_ws/build/clearpath_gz': AMENT_PREFIX_PATH=/home/robot/debug_clear_ws/install/clearpath_config:/home/robot/debug_clear_ws/install/clearpath_simulator:/home/robot/debug_clear_ws/install/clearpath_gz:/home/robot/debug_clear_ws/install/clearpath_generator_gz:/home/robot/debug_clear_ws/install/clearpath_common:/home/robot/debug_clear_ws/install/clearpath_generator_common:/home/robot/debug_clear_ws/install/clearpath_description:/home/robot/debug_clear_ws/install/clearpath_sensors_description:/home/robot/debug_clear_ws/install/clearpath_platform:/home/robot/debug_clear_ws/install/clearpath_msgs:/home/robot/debug_clear_ws/install/clearpath_platform_msgs:/home/robot/debug_clear_ws/install/clearpath_platform_description:/home/robot/debug_clear_ws/install/clearpath_mounts_description:/home/robot/debug_clear_ws/install/clearpath_manipulators:/home/robot/debug_clear_ws/install/clearpath_manipulators_description:/home/robot/debug_clear_ws/install/clearpath_customization:/home/robot/debug_clear_ws/install/clearpath_control:/opt/ros/humble CMAKE_PREFIX_PATH=/home/robot/debug_clear_ws/install/clearpath_generator_gz:/home/robot/debug_clear_ws/install/clearpath_common:/home/robot/debug_clear_ws/install/clearpath_generator_common:/home/robot/debug_clear_ws/install/clearpath_platform:/home/robot/debug_clear_ws/install/clearpath_manipulators:/home/robot/debug_clear_ws/install/clearpath_description:/home/robot/debug_clear_ws/install/clearpath_sensors_description:/home/robot/debug_clear_ws/install/clearpath_platform_msgs:/home/robot/debug_clear_ws/install/clearpath_platform_description:/home/robot/debug_clear_ws/install/clearpath_mounts_description:/home/robot/debug_clear_ws/install/clearpath_manipulators_description:/home/robot/debug_clear_ws/install/clearpath_control:/home/robot/debug_clear_ws/install/clearpath_simulator:/home/robot/debug_clear_ws/install/clearpath_gz:/home/robot/debug_clear_ws/install/clearpath_msgs:/home/robot/debug_clear_ws/install/clearpath_customization:/home/robot/debug_clear_ws/install/clearpath_config:/opt/ros/humble PYTHONPATH=/home/robot/debug_clear_ws/install/clearpath_config/lib/python3.10/site-packages:/home/robot/debug_clear_ws/install/clearpath_generator_gz/local/lib/python3.10/dist-packages:/home/robot/debug_clear_ws/install/clearpath_generator_common/local/lib/python3.10/dist-packages:/home/robot/debug_clear_ws/install/clearpath_platform_msgs/local/lib/python3.10/dist-packages:/opt/ros/humble/lib/python3.10/site-packages:/opt/ros/humble/local/lib/python3.10/dist-packages /usr/bin/cmake --install /home/robot/debug_clear_ws/build/clearpath_gz[0m
[3.009s] [34mcolcon.colcon_core.environment[0m [1;30mLevel 1[0m create_environment_scripts_only(clearpath_gz)
[3.009s] [34mcolcon.colcon_core.environment[0m [1;30mLevel 1[0m checking '/home/robot/debug_clear_ws/install/clearpath_gz' for CMake module files
[3.009s] [34mcolcon.colcon_core.event_handler.log_command[0m [1;30mDEBUG[0m [32mInvoked command in '/home/robot/debug_clear_ws/build/clearpath_gz' returned '0': AMENT_PREFIX_PATH=/home/robot/debug_clear_ws/install/clearpath_config:/home/robot/debug_clear_ws/install/clearpath_simulator:/home/robot/debug_clear_ws/install/clearpath_gz:/home/robot/debug_clear_ws/install/clearpath_generator_gz:/home/robot/debug_clear_ws/install/clearpath_common:/home/robot/debug_clear_ws/install/clearpath_generator_common:/home/robot/debug_clear_ws/install/clearpath_description:/home/robot/debug_clear_ws/install/clearpath_sensors_description:/home/robot/debug_clear_ws/install/clearpath_platform:/home/robot/debug_clear_ws/install/clearpath_msgs:/home/robot/debug_clear_ws/install/clearpath_platform_msgs:/home/robot/debug_clear_ws/install/clearpath_platform_description:/home/robot/debug_clear_ws/install/clearpath_mounts_description:/home/robot/debug_clear_ws/install/clearpath_manipulators:/home/robot/debug_clear_ws/install/clearpath_manipulators_description:/home/robot/debug_clear_ws/install/clearpath_customization:/home/robot/debug_clear_ws/install/clearpath_control:/opt/ros/humble CMAKE_PREFIX_PATH=/home/robot/debug_clear_ws/install/clearpath_generator_gz:/home/robot/debug_clear_ws/install/clearpath_common:/home/robot/debug_clear_ws/install/clearpath_generator_common:/home/robot/debug_clear_ws/install/clearpath_platform:/home/robot/debug_clear_ws/install/clearpath_manipulators:/home/robot/debug_clear_ws/install/clearpath_description:/home/robot/debug_clear_ws/install/clearpath_sensors_description:/home/robot/debug_clear_ws/install/clearpath_platform_msgs:/home/robot/debug_clear_ws/install/clearpath_platform_description:/home/robot/debug_clear_ws/install/clearpath_mounts_description:/home/robot/debug_clear_ws/install/clearpath_manipulators_description:/home/robot/debug_clear_ws/install/clearpath_control:/home/robot/debug_clear_ws/install/clearpath_simulator:/home/robot/debug_clear_ws/install/clearpath_gz:/home/robot/debug_clear_ws/install/clearpath_msgs:/home/robot/debug_clear_ws/install/clearpath_customization:/home/robot/debug_clear_ws/install/clearpath_config:/opt/ros/humble PYTHONPATH=/home/robot/debug_clear_ws/install/clearpath_config/lib/python3.10/site-packages:/home/robot/debug_clear_ws/install/clearpath_generator_gz/local/lib/python3.10/dist-packages:/home/robot/debug_clear_ws/install/clearpath_generator_common/local/lib/python3.10/dist-packages:/home/robot/debug_clear_ws/install/clearpath_platform_msgs/local/lib/python3.10/dist-packages:/opt/ros/humble/lib/python3.10/site-packages:/opt/ros/humble/local/lib/python3.10/dist-packages /usr/bin/cmake --install /home/robot/debug_clear_ws/build/clearpath_gz[0m
[3.010s] [34mcolcon.colcon_core.environment[0m [1;30mLevel 1[0m checking '/home/robot/debug_clear_ws/install/clearpath_gz' for CMake config files
[3.010s] [34mcolcon.colcon_core.shell[0m [1;30mLevel 1[0m create_environment_hook('clearpath_gz', 'cmake_prefix_path')
[3.010s] [34mcolcon.colcon_core.shell[0m [1;30mINFO[0m Creating environment hook '/home/robot/debug_clear_ws/install/clearpath_gz/share/clearpath_gz/hook/cmake_prefix_path.ps1'
[3.010s] [34mcolcon.colcon_core.shell[0m [1;30mINFO[0m Creating environment descriptor '/home/robot/debug_clear_ws/install/clearpath_gz/share/clearpath_gz/hook/cmake_prefix_path.dsv'
[3.011s] [34mcolcon.colcon_core.shell[0m [1;30mINFO[0m Creating environment hook '/home/robot/debug_clear_ws/install/clearpath_gz/share/clearpath_gz/hook/cmake_prefix_path.sh'
[3.011s] [34mcolcon.colcon_core.environment[0m [1;30mLevel 1[0m checking '/home/robot/debug_clear_ws/install/clearpath_gz/bin'
[3.011s] [34mcolcon.colcon_core.environment[0m [1;30mLevel 1[0m checking '/home/robot/debug_clear_ws/install/clearpath_gz/lib/pkgconfig/clearpath_gz.pc'
[3.011s] [34mcolcon.colcon_core.environment[0m [1;30mLevel 1[0m checking '/home/robot/debug_clear_ws/install/clearpath_gz/lib/python3.10/site-packages'
[3.011s] [34mcolcon.colcon_core.environment[0m [1;30mLevel 1[0m checking '/home/robot/debug_clear_ws/install/clearpath_gz/bin'
[3.012s] [34mcolcon.colcon_core.shell[0m [1;30mINFO[0m Creating package script '/home/robot/debug_clear_ws/install/clearpath_gz/share/clearpath_gz/package.ps1'
[3.012s] [34mcolcon.colcon_core.shell[0m [1;30mINFO[0m Creating package descriptor '/home/robot/debug_clear_ws/install/clearpath_gz/share/clearpath_gz/package.dsv'
[3.012s] [34mcolcon.colcon_core.shell[0m [1;30mINFO[0m Creating package script '/home/robot/debug_clear_ws/install/clearpath_gz/share/clearpath_gz/package.sh'
[3.013s] [34mcolcon.colcon_core.shell[0m [1;30mINFO[0m Creating package script '/home/robot/debug_clear_ws/install/clearpath_gz/share/clearpath_gz/package.bash'
[3.013s] [34mcolcon.colcon_core.shell[0m [1;30mINFO[0m Creating package script '/home/robot/debug_clear_ws/install/clearpath_gz/share/clearpath_gz/package.zsh'
[3.013s] [34mcolcon.colcon_core.environment[0m [1;30mLevel 1[0m create_file_with_runtime_dependencies(/home/robot/debug_clear_ws/install/clearpath_gz/share/colcon-core/packages/clearpath_gz)
[3.034s] [34mcolcon.colcon_core.environment[0m [1;30mLevel 1[0m create_environment_scripts_only(clearpath_gz)
[3.034s] [34mcolcon.colcon_core.environment[0m [1;30mLevel 1[0m checking '/home/robot/debug_clear_ws/install/clearpath_gz' for CMake module files
[3.034s] [34mcolcon.colcon_core.environment[0m [1;30mLevel 1[0m checking '/home/robot/debug_clear_ws/install/clearpath_gz' for CMake config files
[3.035s] [34mcolcon.colcon_core.shell[0m [1;30mLevel 1[0m create_environment_hook('clearpath_gz', 'cmake_prefix_path')
[3.035s] [34mcolcon.colcon_core.shell[0m [1;30mINFO[0m Creating environment hook '/home/robot/debug_clear_ws/install/clearpath_gz/share/clearpath_gz/hook/cmake_prefix_path.ps1'
[3.035s] [34mcolcon.colcon_core.shell[0m [1;30mINFO[0m Creating environment descriptor '/home/robot/debug_clear_ws/install/clearpath_gz/share/clearpath_gz/hook/cmake_prefix_path.dsv'
[3.035s] [34mcolcon.colcon_core.shell[0m [1;30mINFO[0m Creating environment hook '/home/robot/debug_clear_ws/install/clearpath_gz/share/clearpath_gz/hook/cmake_prefix_path.sh'
[3.036s] [34mcolcon.colcon_core.environment[0m [1;30mLevel 1[0m checking '/home/robot/debug_clear_ws/install/clearpath_gz/bin'
[3.036s] [34mcolcon.colcon_core.environment[0m [1;30mLevel 1[0m checking '/home/robot/debug_clear_ws/install/clearpath_gz/lib/pkgconfig/clearpath_gz.pc'
[3.036s] [34mcolcon.colcon_core.environment[0m [1;30mLevel 1[0m checking '/home/robot/debug_clear_ws/install/clearpath_gz/lib/python3.10/site-packages'
[3.036s] [34mcolcon.colcon_core.environment[0m [1;30mLevel 1[0m checking '/home/robot/debug_clear_ws/install/clearpath_gz/bin'
[3.037s] [34mcolcon.colcon_core.shell[0m [1;30mINFO[0m Creating package script '/home/robot/debug_clear_ws/install/clearpath_gz/share/clearpath_gz/package.ps1'
[3.037s] [34mcolcon.colcon_core.shell[0m [1;30mINFO[0m Creating package descriptor '/home/robot/debug_clear_ws/install/clearpath_gz/share/clearpath_gz/package.dsv'
[3.037s] [34mcolcon.colcon_core.shell[0m [1;30mINFO[0m Creating package script '/home/robot/debug_clear_ws/install/clearpath_gz/share/clearpath_gz/package.sh'
[3.038s] [34mcolcon.colcon_core.shell[0m [1;30mINFO[0m Creating package script '/home/robot/debug_clear_ws/install/clearpath_gz/share/clearpath_gz/package.bash'
[3.038s] [34mcolcon.colcon_core.shell[0m [1;30mINFO[0m Creating package script '/home/robot/debug_clear_ws/install/clearpath_gz/share/clearpath_gz/package.zsh'
[3.038s] [34mcolcon.colcon_core.environment[0m [1;30mLevel 1[0m create_file_with_runtime_dependencies(/home/robot/debug_clear_ws/install/clearpath_gz/share/colcon-core/packages/clearpath_gz)
[3.039s] [34mcolcon.colcon_ros.task.ament_cmake.build[0m [1;30mINFO[0m Building ROS package in '/home/robot/debug_clear_ws/src/clearpath_simulator/clearpath_simulator' with build type 'ament_cmake'
[3.039s] [34mcolcon.colcon_cmake.task.cmake.build[0m [1;30mINFO[0m Building CMake package in '/home/robot/debug_clear_ws/src/clearpath_simulator/clearpath_simulator'
[3.039s] [34mcolcon.colcon_core.shell[0m [1;30mINFO[0m Skip shell extension 'powershell' for command environment: Not usable outside of PowerShell
[3.039s] [34mcolcon.colcon_core.shell[0m [1;30mDEBUG[0m [32mSkip shell extension 'dsv' for command environment[0m
[3.061s] [34mcolcon.colcon_core.event_handler.log_command[0m [1;30mDEBUG[0m [32mInvoking command in '/home/robot/debug_clear_ws/build/clearpath_simulator': AMENT_PREFIX_PATH=/home/robot/debug_clear_ws/install/clearpath_config:/home/robot/debug_clear_ws/install/clearpath_simulator:/home/robot/debug_clear_ws/install/clearpath_gz:/home/robot/debug_clear_ws/install/clearpath_generator_gz:/home/robot/debug_clear_ws/install/clearpath_common:/home/robot/debug_clear_ws/install/clearpath_generator_common:/home/robot/debug_clear_ws/install/clearpath_description:/home/robot/debug_clear_ws/install/clearpath_sensors_description:/home/robot/debug_clear_ws/install/clearpath_platform:/home/robot/debug_clear_ws/install/clearpath_msgs:/home/robot/debug_clear_ws/install/clearpath_platform_msgs:/home/robot/debug_clear_ws/install/clearpath_platform_description:/home/robot/debug_clear_ws/install/clearpath_mounts_description:/home/robot/debug_clear_ws/install/clearpath_manipulators:/home/robot/debug_clear_ws/install/clearpath_manipulators_description:/home/robot/debug_clear_ws/install/clearpath_customization:/home/robot/debug_clear_ws/install/clearpath_control:/opt/ros/humble CMAKE_PREFIX_PATH=/home/robot/debug_clear_ws/install/clearpath_gz:/home/robot/debug_clear_ws/install/clearpath_generator_gz:/home/robot/debug_clear_ws/install/clearpath_common:/home/robot/debug_clear_ws/install/clearpath_generator_common:/home/robot/debug_clear_ws/install/clearpath_platform:/home/robot/debug_clear_ws/install/clearpath_manipulators:/home/robot/debug_clear_ws/install/clearpath_description:/home/robot/debug_clear_ws/install/clearpath_sensors_description:/home/robot/debug_clear_ws/install/clearpath_platform_msgs:/home/robot/debug_clear_ws/install/clearpath_platform_description:/home/robot/debug_clear_ws/install/clearpath_mounts_description:/home/robot/debug_clear_ws/install/clearpath_manipulators_description:/home/robot/debug_clear_ws/install/clearpath_control:/home/robot/debug_clear_ws/install/clearpath_simulator:/home/robot/debug_clear_ws/install/clearpath_msgs:/home/robot/debug_clear_ws/install/clearpath_customization:/home/robot/debug_clear_ws/install/clearpath_config:/opt/ros/humble PYTHONPATH=/home/robot/debug_clear_ws/install/clearpath_config/lib/python3.10/site-packages:/home/robot/debug_clear_ws/install/clearpath_generator_gz/local/lib/python3.10/dist-packages:/home/robot/debug_clear_ws/install/clearpath_generator_common/local/lib/python3.10/dist-packages:/home/robot/debug_clear_ws/install/clearpath_platform_msgs/local/lib/python3.10/dist-packages:/opt/ros/humble/lib/python3.10/site-packages:/opt/ros/humble/local/lib/python3.10/dist-packages /usr/bin/cmake --build /home/robot/debug_clear_ws/build/clearpath_simulator -- -j12 -l12[0m
[3.063s] [34mcolcon.colcon_core.environment[0m [1;30mLevel 1[0m checking '/home/robot/debug_clear_ws/install/yolov8_ros' for CMake module files
[3.064s] [34mcolcon.colcon_core.event_handler.log_command[0m [1;30mDEBUG[0m [32mInvoked command in '/home/robot/debug_clear_ws/src/yolov8_ros/yolov8_ros' returned '0': AMENT_PREFIX_PATH=/home/robot/debug_clear_ws/install/yolov8_msgs:${AMENT_PREFIX_PATH} CMAKE_PREFIX_PATH=/home/robot/debug_clear_ws/install/yolov8_msgs:${CMAKE_PREFIX_PATH} LD_LIBRARY_PATH=/home/robot/debug_clear_ws/install/yolov8_msgs/lib:${LD_LIBRARY_PATH} PYTHONPATH=/home/robot/debug_clear_ws/build/yolov8_ros/prefix_override:/usr/lib/python3/dist-packages/colcon_core/task/python/colcon_distutils_commands:/home/robot/debug_clear_ws/install/yolov8_ros/lib/python3.10/site-packages:/home/robot/debug_clear_ws/install/yolov8_msgs/local/lib/python3.10/dist-packages:${PYTHONPATH} /usr/bin/python3 -W ignore:setup.py install is deprecated setup.py egg_info --egg-base ../../../build/yolov8_ros build --build-base /home/robot/debug_clear_ws/build/yolov8_ros/build install --record /home/robot/debug_clear_ws/build/yolov8_ros/install.log --single-version-externally-managed install_data[0m
[3.064s] [34mcolcon.colcon_core.environment[0m [1;30mLevel 1[0m checking '/home/robot/debug_clear_ws/install/yolov8_ros' for CMake config files
[3.064s] [34mcolcon.colcon_core.environment[0m [1;30mLevel 1[0m checking '/home/robot/debug_clear_ws/install/yolov8_ros/lib'
[3.064s] [34mcolcon.colcon_core.environment[0m [1;30mLevel 1[0m checking '/home/robot/debug_clear_ws/install/yolov8_ros/bin'
[3.065s] [34mcolcon.colcon_core.environment[0m [1;30mLevel 1[0m checking '/home/robot/debug_clear_ws/install/yolov8_ros/lib/pkgconfig/yolov8_ros.pc'
[3.065s] [34mcolcon.colcon_core.environment[0m [1;30mLevel 1[0m checking '/home/robot/debug_clear_ws/install/yolov8_ros/lib/python3.10/site-packages'
[3.065s] [34mcolcon.colcon_core.shell[0m [1;30mLevel 1[0m create_environment_hook('yolov8_ros', 'pythonpath')
[3.065s] [34mcolcon.colcon_core.shell[0m [1;30mINFO[0m Creating environment hook '/home/robot/debug_clear_ws/install/yolov8_ros/share/yolov8_ros/hook/pythonpath.ps1'
[3.066s] [34mcolcon.colcon_core.shell[0m [1;30mINFO[0m Creating environment descriptor '/home/robot/debug_clear_ws/install/yolov8_ros/share/yolov8_ros/hook/pythonpath.dsv'
[3.066s] [34mcolcon.colcon_core.shell[0m [1;30mINFO[0m Creating environment hook '/home/robot/debug_clear_ws/install/yolov8_ros/share/yolov8_ros/hook/pythonpath.sh'
[3.066s] [34mcolcon.colcon_core.environment[0m [1;30mLevel 1[0m checking '/home/robot/debug_clear_ws/install/yolov8_ros/bin'
[3.066s] [34mcolcon.colcon_core.environment[0m [1;30mLevel 1[0m create_environment_scripts_only(yolov8_ros)
[3.067s] [34mcolcon.colcon_core.shell[0m [1;30mINFO[0m Creating package script '/home/robot/debug_clear_ws/install/yolov8_ros/share/yolov8_ros/package.ps1'
[3.067s] [34mcolcon.colcon_core.shell[0m [1;30mINFO[0m Creating package descriptor '/home/robot/debug_clear_ws/install/yolov8_ros/share/yolov8_ros/package.dsv'
[3.068s] [34mcolcon.colcon_core.shell[0m [1;30mINFO[0m Creating package script '/home/robot/debug_clear_ws/install/yolov8_ros/share/yolov8_ros/package.sh'
[3.068s] [34mcolcon.colcon_core.shell[0m [1;30mINFO[0m Creating package script '/home/robot/debug_clear_ws/install/yolov8_ros/share/yolov8_ros/package.bash'
[3.068s] [34mcolcon.colcon_core.shell[0m [1;30mINFO[0m Creating package script '/home/robot/debug_clear_ws/install/yolov8_ros/share/yolov8_ros/package.zsh'
[3.069s] [34mcolcon.colcon_core.environment[0m [1;30mLevel 1[0m create_file_with_runtime_dependencies(/home/robot/debug_clear_ws/install/yolov8_ros/share/colcon-core/packages/yolov8_ros)
[3.069s] [34mcolcon.colcon_ros.task.ament_cmake.build[0m [1;30mINFO[0m Building ROS package in '/home/robot/debug_clear_ws/src/yolov8_ros/yolov8_bringup' with build type 'ament_cmake'
[3.069s] [34mcolcon.colcon_cmake.task.cmake.build[0m [1;30mINFO[0m Building CMake package in '/home/robot/debug_clear_ws/src/yolov8_ros/yolov8_bringup'
[3.069s] [34mcolcon.colcon_core.shell[0m [1;30mINFO[0m Skip shell extension 'powershell' for command environment: Not usable outside of PowerShell
[3.069s] [34mcolcon.colcon_core.shell[0m [1;30mDEBUG[0m [32mSkip shell extension 'dsv' for command environment[0m
[3.081s] [34mcolcon.colcon_core.event_handler.log_command[0m [1;30mDEBUG[0m [32mInvoking command in '/home/robot/debug_clear_ws/build/yolov8_bringup': AMENT_PREFIX_PATH=/home/robot/debug_clear_ws/install/yolov8_ros:/home/robot/debug_clear_ws/install/yolov8_msgs:${AMENT_PREFIX_PATH} CMAKE_PREFIX_PATH=/home/robot/debug_clear_ws/install/yolov8_msgs:/home/robot/debug_clear_ws/install/clearpath_simulator:/home/robot/debug_clear_ws/install/clearpath_gz:/home/robot/debug_clear_ws/install/clearpath_generator_gz:/home/robot/debug_clear_ws/install/clearpath_common:/home/robot/debug_clear_ws/install/clearpath_generator_common:/home/robot/debug_clear_ws/install/clearpath_description:/home/robot/debug_clear_ws/install/clearpath_sensors_description:/home/robot/debug_clear_ws/install/clearpath_platform:/home/robot/debug_clear_ws/install/clearpath_msgs:/home/robot/debug_clear_ws/install/clearpath_platform_msgs:/home/robot/debug_clear_ws/install/clearpath_platform_description:/home/robot/debug_clear_ws/install/clearpath_mounts_description:/home/robot/debug_clear_ws/install/clearpath_manipulators:/home/robot/debug_clear_ws/install/clearpath_manipulators_description:/home/robot/debug_clear_ws/install/clearpath_customization:/home/robot/debug_clear_ws/install/clearpath_control:/home/robot/debug_clear_ws/install/clearpath_config:/opt/ros/humble LD_LIBRARY_PATH=/home/robot/debug_clear_ws/install/yolov8_msgs/lib:${LD_LIBRARY_PATH} PYTHONPATH=/home/robot/debug_clear_ws/install/yolov8_ros/lib/python3.10/site-packages:/home/robot/debug_clear_ws/install/yolov8_msgs/local/lib/python3.10/dist-packages:${PYTHONPATH} /usr/bin/cmake --build /home/robot/debug_clear_ws/build/yolov8_bringup -- -j12 -l12[0m
[3.096s] [34mcolcon.colcon_core.event_handler.log_command[0m [1;30mDEBUG[0m [32mInvoked command in '/home/robot/debug_clear_ws/build/clearpath_simulator' returned '0': AMENT_PREFIX_PATH=/home/robot/debug_clear_ws/install/clearpath_config:/home/robot/debug_clear_ws/install/clearpath_simulator:/home/robot/debug_clear_ws/install/clearpath_gz:/home/robot/debug_clear_ws/install/clearpath_generator_gz:/home/robot/debug_clear_ws/install/clearpath_common:/home/robot/debug_clear_ws/install/clearpath_generator_common:/home/robot/debug_clear_ws/install/clearpath_description:/home/robot/debug_clear_ws/install/clearpath_sensors_description:/home/robot/debug_clear_ws/install/clearpath_platform:/home/robot/debug_clear_ws/install/clearpath_msgs:/home/robot/debug_clear_ws/install/clearpath_platform_msgs:/home/robot/debug_clear_ws/install/clearpath_platform_description:/home/robot/debug_clear_ws/install/clearpath_mounts_description:/home/robot/debug_clear_ws/install/clearpath_manipulators:/home/robot/debug_clear_ws/install/clearpath_manipulators_description:/home/robot/debug_clear_ws/install/clearpath_customization:/home/robot/debug_clear_ws/install/clearpath_control:/opt/ros/humble CMAKE_PREFIX_PATH=/home/robot/debug_clear_ws/install/clearpath_gz:/home/robot/debug_clear_ws/install/clearpath_generator_gz:/home/robot/debug_clear_ws/install/clearpath_common:/home/robot/debug_clear_ws/install/clearpath_generator_common:/home/robot/debug_clear_ws/install/clearpath_platform:/home/robot/debug_clear_ws/install/clearpath_manipulators:/home/robot/debug_clear_ws/install/clearpath_description:/home/robot/debug_clear_ws/install/clearpath_sensors_description:/home/robot/debug_clear_ws/install/clearpath_platform_msgs:/home/robot/debug_clear_ws/install/clearpath_platform_description:/home/robot/debug_clear_ws/install/clearpath_mounts_description:/home/robot/debug_clear_ws/install/clearpath_manipulators_description:/home/robot/debug_clear_ws/install/clearpath_control:/home/robot/debug_clear_ws/install/clearpath_simulator:/home/robot/debug_clear_ws/install/clearpath_msgs:/home/robot/debug_clear_ws/install/clearpath_customization:/home/robot/debug_clear_ws/install/clearpath_config:/opt/ros/humble PYTHONPATH=/home/robot/debug_clear_ws/install/clearpath_config/lib/python3.10/site-packages:/home/robot/debug_clear_ws/install/clearpath_generator_gz/local/lib/python3.10/dist-packages:/home/robot/debug_clear_ws/install/clearpath_generator_common/local/lib/python3.10/dist-packages:/home/robot/debug_clear_ws/install/clearpath_platform_msgs/local/lib/python3.10/dist-packages:/opt/ros/humble/lib/python3.10/site-packages:/opt/ros/humble/local/lib/python3.10/dist-packages /usr/bin/cmake --build /home/robot/debug_clear_ws/build/clearpath_simulator -- -j12 -l12[0m
[3.113s] [34mcolcon.colcon_core.event_handler.log_command[0m [1;30mDEBUG[0m [32mInvoked command in '/home/robot/debug_clear_ws/build/yolov8_bringup' returned '0': AMENT_PREFIX_PATH=/home/robot/debug_clear_ws/install/yolov8_ros:/home/robot/debug_clear_ws/install/yolov8_msgs:${AMENT_PREFIX_PATH} CMAKE_PREFIX_PATH=/home/robot/debug_clear_ws/install/yolov8_msgs:/home/robot/debug_clear_ws/install/clearpath_simulator:/home/robot/debug_clear_ws/install/clearpath_gz:/home/robot/debug_clear_ws/install/clearpath_generator_gz:/home/robot/debug_clear_ws/install/clearpath_common:/home/robot/debug_clear_ws/install/clearpath_generator_common:/home/robot/debug_clear_ws/install/clearpath_description:/home/robot/debug_clear_ws/install/clearpath_sensors_description:/home/robot/debug_clear_ws/install/clearpath_platform:/home/robot/debug_clear_ws/install/clearpath_msgs:/home/robot/debug_clear_ws/install/clearpath_platform_msgs:/home/robot/debug_clear_ws/install/clearpath_platform_description:/home/robot/debug_clear_ws/install/clearpath_mounts_description:/home/robot/debug_clear_ws/install/clearpath_manipulators:/home/robot/debug_clear_ws/install/clearpath_manipulators_description:/home/robot/debug_clear_ws/install/clearpath_customization:/home/robot/debug_clear_ws/install/clearpath_control:/home/robot/debug_clear_ws/install/clearpath_config:/opt/ros/humble LD_LIBRARY_PATH=/home/robot/debug_clear_ws/install/yolov8_msgs/lib:${LD_LIBRARY_PATH} PYTHONPATH=/home/robot/debug_clear_ws/install/yolov8_ros/lib/python3.10/site-packages:/home/robot/debug_clear_ws/install/yolov8_msgs/local/lib/python3.10/dist-packages:${PYTHONPATH} /usr/bin/cmake --build /home/robot/debug_clear_ws/build/yolov8_bringup -- -j12 -l12[0m
[3.117s] [34mcolcon.colcon_core.event_handler.log_command[0m [1;30mDEBUG[0m [32mInvoking command in '/home/robot/debug_clear_ws/build/clearpath_simulator': AMENT_PREFIX_PATH=/home/robot/debug_clear_ws/install/clearpath_config:/home/robot/debug_clear_ws/install/clearpath_simulator:/home/robot/debug_clear_ws/install/clearpath_gz:/home/robot/debug_clear_ws/install/clearpath_generator_gz:/home/robot/debug_clear_ws/install/clearpath_common:/home/robot/debug_clear_ws/install/clearpath_generator_common:/home/robot/debug_clear_ws/install/clearpath_description:/home/robot/debug_clear_ws/install/clearpath_sensors_description:/home/robot/debug_clear_ws/install/clearpath_platform:/home/robot/debug_clear_ws/install/clearpath_msgs:/home/robot/debug_clear_ws/install/clearpath_platform_msgs:/home/robot/debug_clear_ws/install/clearpath_platform_description:/home/robot/debug_clear_ws/install/clearpath_mounts_description:/home/robot/debug_clear_ws/install/clearpath_manipulators:/home/robot/debug_clear_ws/install/clearpath_manipulators_description:/home/robot/debug_clear_ws/install/clearpath_customization:/home/robot/debug_clear_ws/install/clearpath_control:/opt/ros/humble CMAKE_PREFIX_PATH=/home/robot/debug_clear_ws/install/clearpath_gz:/home/robot/debug_clear_ws/install/clearpath_generator_gz:/home/robot/debug_clear_ws/install/clearpath_common:/home/robot/debug_clear_ws/install/clearpath_generator_common:/home/robot/debug_clear_ws/install/clearpath_platform:/home/robot/debug_clear_ws/install/clearpath_manipulators:/home/robot/debug_clear_ws/install/clearpath_description:/home/robot/debug_clear_ws/install/clearpath_sensors_description:/home/robot/debug_clear_ws/install/clearpath_platform_msgs:/home/robot/debug_clear_ws/install/clearpath_platform_description:/home/robot/debug_clear_ws/install/clearpath_mounts_description:/home/robot/debug_clear_ws/install/clearpath_manipulators_description:/home/robot/debug_clear_ws/install/clearpath_control:/home/robot/debug_clear_ws/install/clearpath_simulator:/home/robot/debug_clear_ws/install/clearpath_msgs:/home/robot/debug_clear_ws/install/clearpath_customization:/home/robot/debug_clear_ws/install/clearpath_config:/opt/ros/humble PYTHONPATH=/home/robot/debug_clear_ws/install/clearpath_config/lib/python3.10/site-packages:/home/robot/debug_clear_ws/install/clearpath_generator_gz/local/lib/python3.10/dist-packages:/home/robot/debug_clear_ws/install/clearpath_generator_common/local/lib/python3.10/dist-packages:/home/robot/debug_clear_ws/install/clearpath_platform_msgs/local/lib/python3.10/dist-packages:/opt/ros/humble/lib/python3.10/site-packages:/opt/ros/humble/local/lib/python3.10/dist-packages /usr/bin/cmake --install /home/robot/debug_clear_ws/build/clearpath_simulator[0m
[3.125s] [34mcolcon.colcon_core.environment[0m [1;30mLevel 1[0m create_environment_scripts_only(clearpath_simulator)
[3.126s] [34mcolcon.colcon_core.environment[0m [1;30mLevel 1[0m checking '/home/robot/debug_clear_ws/install/clearpath_simulator' for CMake module files
[3.126s] [34mcolcon.colcon_core.event_handler.log_command[0m [1;30mDEBUG[0m [32mInvoked command in '/home/robot/debug_clear_ws/build/clearpath_simulator' returned '0': AMENT_PREFIX_PATH=/home/robot/debug_clear_ws/install/clearpath_config:/home/robot/debug_clear_ws/install/clearpath_simulator:/home/robot/debug_clear_ws/install/clearpath_gz:/home/robot/debug_clear_ws/install/clearpath_generator_gz:/home/robot/debug_clear_ws/install/clearpath_common:/home/robot/debug_clear_ws/install/clearpath_generator_common:/home/robot/debug_clear_ws/install/clearpath_description:/home/robot/debug_clear_ws/install/clearpath_sensors_description:/home/robot/debug_clear_ws/install/clearpath_platform:/home/robot/debug_clear_ws/install/clearpath_msgs:/home/robot/debug_clear_ws/install/clearpath_platform_msgs:/home/robot/debug_clear_ws/install/clearpath_platform_description:/home/robot/debug_clear_ws/install/clearpath_mounts_description:/home/robot/debug_clear_ws/install/clearpath_manipulators:/home/robot/debug_clear_ws/install/clearpath_manipulators_description:/home/robot/debug_clear_ws/install/clearpath_customization:/home/robot/debug_clear_ws/install/clearpath_control:/opt/ros/humble CMAKE_PREFIX_PATH=/home/robot/debug_clear_ws/install/clearpath_gz:/home/robot/debug_clear_ws/install/clearpath_generator_gz:/home/robot/debug_clear_ws/install/clearpath_common:/home/robot/debug_clear_ws/install/clearpath_generator_common:/home/robot/debug_clear_ws/install/clearpath_platform:/home/robot/debug_clear_ws/install/clearpath_manipulators:/home/robot/debug_clear_ws/install/clearpath_description:/home/robot/debug_clear_ws/install/clearpath_sensors_description:/home/robot/debug_clear_ws/install/clearpath_platform_msgs:/home/robot/debug_clear_ws/install/clearpath_platform_description:/home/robot/debug_clear_ws/install/clearpath_mounts_description:/home/robot/debug_clear_ws/install/clearpath_manipulators_description:/home/robot/debug_clear_ws/install/clearpath_control:/home/robot/debug_clear_ws/install/clearpath_simulator:/home/robot/debug_clear_ws/install/clearpath_msgs:/home/robot/debug_clear_ws/install/clearpath_customization:/home/robot/debug_clear_ws/install/clearpath_config:/opt/ros/humble PYTHONPATH=/home/robot/debug_clear_ws/install/clearpath_config/lib/python3.10/site-packages:/home/robot/debug_clear_ws/install/clearpath_generator_gz/local/lib/python3.10/dist-packages:/home/robot/debug_clear_ws/install/clearpath_generator_common/local/lib/python3.10/dist-packages:/home/robot/debug_clear_ws/install/clearpath_platform_msgs/local/lib/python3.10/dist-packages:/opt/ros/humble/lib/python3.10/site-packages:/opt/ros/humble/local/lib/python3.10/dist-packages /usr/bin/cmake --install /home/robot/debug_clear_ws/build/clearpath_simulator[0m
[3.127s] [34mcolcon.colcon_core.environment[0m [1;30mLevel 1[0m checking '/home/robot/debug_clear_ws/install/clearpath_simulator' for CMake config files
[3.127s] [34mcolcon.colcon_core.shell[0m [1;30mLevel 1[0m create_environment_hook('clearpath_simulator', 'cmake_prefix_path')
[3.127s] [34mcolcon.colcon_core.shell[0m [1;30mINFO[0m Creating environment hook '/home/robot/debug_clear_ws/install/clearpath_simulator/share/clearpath_simulator/hook/cmake_prefix_path.ps1'
[3.128s] [34mcolcon.colcon_core.shell[0m [1;30mINFO[0m Creating environment descriptor '/home/robot/debug_clear_ws/install/clearpath_simulator/share/clearpath_simulator/hook/cmake_prefix_path.dsv'
[3.128s] [34mcolcon.colcon_core.shell[0m [1;30mINFO[0m Creating environment hook '/home/robot/debug_clear_ws/install/clearpath_simulator/share/clearpath_simulator/hook/cmake_prefix_path.sh'
[3.129s] [34mcolcon.colcon_core.environment[0m [1;30mLevel 1[0m checking '/home/robot/debug_clear_ws/install/clearpath_simulator/bin'
[3.129s] [34mcolcon.colcon_core.environment[0m [1;30mLevel 1[0m checking '/home/robot/debug_clear_ws/install/clearpath_simulator/lib/pkgconfig/clearpath_simulator.pc'
[3.129s] [34mcolcon.colcon_core.environment[0m [1;30mLevel 1[0m checking '/home/robot/debug_clear_ws/install/clearpath_simulator/lib/python3.10/site-packages'
[3.129s] [34mcolcon.colcon_core.environment[0m [1;30mLevel 1[0m checking '/home/robot/debug_clear_ws/install/clearpath_simulator/bin'
[3.129s] [34mcolcon.colcon_core.shell[0m [1;30mINFO[0m Creating package script '/home/robot/debug_clear_ws/install/clearpath_simulator/share/clearpath_simulator/package.ps1'
[3.130s] [34mcolcon.colcon_core.shell[0m [1;30mINFO[0m Creating package descriptor '/home/robot/debug_clear_ws/install/clearpath_simulator/share/clearpath_simulator/package.dsv'
[3.130s] [34mcolcon.colcon_core.shell[0m [1;30mINFO[0m Creating package script '/home/robot/debug_clear_ws/install/clearpath_simulator/share/clearpath_simulator/package.sh'
[3.131s] [34mcolcon.colcon_core.shell[0m [1;30mINFO[0m Creating package script '/home/robot/debug_clear_ws/install/clearpath_simulator/share/clearpath_simulator/package.bash'
[3.131s] [34mcolcon.colcon_core.shell[0m [1;30mINFO[0m Creating package script '/home/robot/debug_clear_ws/install/clearpath_simulator/share/clearpath_simulator/package.zsh'
[3.131s] [34mcolcon.colcon_core.environment[0m [1;30mLevel 1[0m create_file_with_runtime_dependencies(/home/robot/debug_clear_ws/install/clearpath_simulator/share/colcon-core/packages/clearpath_simulator)
[3.134s] [34mcolcon.colcon_core.event_handler.log_command[0m [1;30mDEBUG[0m [32mInvoking command in '/home/robot/debug_clear_ws/build/yolov8_bringup': AMENT_PREFIX_PATH=/home/robot/debug_clear_ws/install/yolov8_ros:/home/robot/debug_clear_ws/install/yolov8_msgs:${AMENT_PREFIX_PATH} CMAKE_PREFIX_PATH=/home/robot/debug_clear_ws/install/yolov8_msgs:/home/robot/debug_clear_ws/install/clearpath_simulator:/home/robot/debug_clear_ws/install/clearpath_gz:/home/robot/debug_clear_ws/install/clearpath_generator_gz:/home/robot/debug_clear_ws/install/clearpath_common:/home/robot/debug_clear_ws/install/clearpath_generator_common:/home/robot/debug_clear_ws/install/clearpath_description:/home/robot/debug_clear_ws/install/clearpath_sensors_description:/home/robot/debug_clear_ws/install/clearpath_platform:/home/robot/debug_clear_ws/install/clearpath_msgs:/home/robot/debug_clear_ws/install/clearpath_platform_msgs:/home/robot/debug_clear_ws/install/clearpath_platform_description:/home/robot/debug_clear_ws/install/clearpath_mounts_description:/home/robot/debug_clear_ws/install/clearpath_manipulators:/home/robot/debug_clear_ws/install/clearpath_manipulators_description:/home/robot/debug_clear_ws/install/clearpath_customization:/home/robot/debug_clear_ws/install/clearpath_control:/home/robot/debug_clear_ws/install/clearpath_config:/opt/ros/humble LD_LIBRARY_PATH=/home/robot/debug_clear_ws/install/yolov8_msgs/lib:${LD_LIBRARY_PATH} PYTHONPATH=/home/robot/debug_clear_ws/install/yolov8_ros/lib/python3.10/site-packages:/home/robot/debug_clear_ws/install/yolov8_msgs/local/lib/python3.10/dist-packages:${PYTHONPATH} /usr/bin/cmake --install /home/robot/debug_clear_ws/build/yolov8_bringup[0m
[3.143s] [34mcolcon.colcon_core.environment[0m [1;30mLevel 1[0m create_environment_scripts_only(yolov8_bringup)
[3.144s] [34mcolcon.colcon_core.environment[0m [1;30mLevel 1[0m checking '/home/robot/debug_clear_ws/install/yolov8_bringup' for CMake module files
[3.144s] [34mcolcon.colcon_core.event_handler.log_command[0m [1;30mDEBUG[0m [32mInvoked command in '/home/robot/debug_clear_ws/build/yolov8_bringup' returned '0': AMENT_PREFIX_PATH=/home/robot/debug_clear_ws/install/yolov8_ros:/home/robot/debug_clear_ws/install/yolov8_msgs:${AMENT_PREFIX_PATH} CMAKE_PREFIX_PATH=/home/robot/debug_clear_ws/install/yolov8_msgs:/home/robot/debug_clear_ws/install/clearpath_simulator:/home/robot/debug_clear_ws/install/clearpath_gz:/home/robot/debug_clear_ws/install/clearpath_generator_gz:/home/robot/debug_clear_ws/install/clearpath_common:/home/robot/debug_clear_ws/install/clearpath_generator_common:/home/robot/debug_clear_ws/install/clearpath_description:/home/robot/debug_clear_ws/install/clearpath_sensors_description:/home/robot/debug_clear_ws/install/clearpath_platform:/home/robot/debug_clear_ws/install/clearpath_msgs:/home/robot/debug_clear_ws/install/clearpath_platform_msgs:/home/robot/debug_clear_ws/install/clearpath_platform_description:/home/robot/debug_clear_ws/install/clearpath_mounts_description:/home/robot/debug_clear_ws/install/clearpath_manipulators:/home/robot/debug_clear_ws/install/clearpath_manipulators_description:/home/robot/debug_clear_ws/install/clearpath_customization:/home/robot/debug_clear_ws/install/clearpath_control:/home/robot/debug_clear_ws/install/clearpath_config:/opt/ros/humble LD_LIBRARY_PATH=/home/robot/debug_clear_ws/install/yolov8_msgs/lib:${LD_LIBRARY_PATH} PYTHONPATH=/home/robot/debug_clear_ws/install/yolov8_ros/lib/python3.10/site-packages:/home/robot/debug_clear_ws/install/yolov8_msgs/local/lib/python3.10/dist-packages:${PYTHONPATH} /usr/bin/cmake --install /home/robot/debug_clear_ws/build/yolov8_bringup[0m
[3.145s] [34mcolcon.colcon_core.environment[0m [1;30mLevel 1[0m checking '/home/robot/debug_clear_ws/install/yolov8_bringup' for CMake config files
[3.145s] [34mcolcon.colcon_core.shell[0m [1;30mLevel 1[0m create_environment_hook('yolov8_bringup', 'cmake_prefix_path')
[3.145s] [34mcolcon.colcon_core.shell[0m [1;30mINFO[0m Creating environment hook '/home/robot/debug_clear_ws/install/yolov8_bringup/share/yolov8_bringup/hook/cmake_prefix_path.ps1'
[3.146s] [34mcolcon.colcon_core.shell[0m [1;30mINFO[0m Creating environment descriptor '/home/robot/debug_clear_ws/install/yolov8_bringup/share/yolov8_bringup/hook/cmake_prefix_path.dsv'
[3.146s] [34mcolcon.colcon_core.shell[0m [1;30mINFO[0m Creating environment hook '/home/robot/debug_clear_ws/install/yolov8_bringup/share/yolov8_bringup/hook/cmake_prefix_path.sh'
[3.146s] [34mcolcon.colcon_core.environment[0m [1;30mLevel 1[0m checking '/home/robot/debug_clear_ws/install/yolov8_bringup/bin'
[3.146s] [34mcolcon.colcon_core.environment[0m [1;30mLevel 1[0m checking '/home/robot/debug_clear_ws/install/yolov8_bringup/lib/pkgconfig/yolov8_bringup.pc'
[3.147s] [34mcolcon.colcon_core.environment[0m [1;30mLevel 1[0m checking '/home/robot/debug_clear_ws/install/yolov8_bringup/lib/python3.10/site-packages'
[3.147s] [34mcolcon.colcon_core.environment[0m [1;30mLevel 1[0m checking '/home/robot/debug_clear_ws/install/yolov8_bringup/bin'
[3.148s] [34mcolcon.colcon_core.shell[0m [1;30mINFO[0m Creating package script '/home/robot/debug_clear_ws/install/yolov8_bringup/share/yolov8_bringup/package.ps1'
[3.148s] [34mcolcon.colcon_core.shell[0m [1;30mINFO[0m Creating package descriptor '/home/robot/debug_clear_ws/install/yolov8_bringup/share/yolov8_bringup/package.dsv'
[3.148s] [34mcolcon.colcon_core.shell[0m [1;30mINFO[0m Creating package script '/home/robot/debug_clear_ws/install/yolov8_bringup/share/yolov8_bringup/package.sh'
[3.149s] [34mcolcon.colcon_core.shell[0m [1;30mINFO[0m Creating package script '/home/robot/debug_clear_ws/install/yolov8_bringup/share/yolov8_bringup/package.bash'
[3.149s] [34mcolcon.colcon_core.shell[0m [1;30mINFO[0m Creating package script '/home/robot/debug_clear_ws/install/yolov8_bringup/share/yolov8_bringup/package.zsh'
[3.150s] [34mcolcon.colcon_core.environment[0m [1;30mLevel 1[0m create_file_with_runtime_dependencies(/home/robot/debug_clear_ws/install/yolov8_bringup/share/colcon-core/packages/yolov8_bringup)
[3.151s] [34mcolcon.colcon_core.environment[0m [1;30mLevel 1[0m create_environment_scripts_only(clearpath_simulator)
[3.152s] [34mcolcon.colcon_core.environment[0m [1;30mLevel 1[0m checking '/home/robot/debug_clear_ws/install/clearpath_simulator' for CMake module files
[3.152s] [34mcolcon.colcon_core.environment[0m [1;30mLevel 1[0m checking '/home/robot/debug_clear_ws/install/clearpath_simulator' for CMake config files
[3.152s] [34mcolcon.colcon_core.shell[0m [1;30mLevel 1[0m create_environment_hook('clearpath_simulator', 'cmake_prefix_path')
[3.152s] [34mcolcon.colcon_core.shell[0m [1;30mINFO[0m Creating environment hook '/home/robot/debug_clear_ws/install/clearpath_simulator/share/clearpath_simulator/hook/cmake_prefix_path.ps1'
[3.153s] [34mcolcon.colcon_core.shell[0m [1;30mINFO[0m Creating environment descriptor '/home/robot/debug_clear_ws/install/clearpath_simulator/share/clearpath_simulator/hook/cmake_prefix_path.dsv'
[3.153s] [34mcolcon.colcon_core.shell[0m [1;30mINFO[0m Creating environment hook '/home/robot/debug_clear_ws/install/clearpath_simulator/share/clearpath_simulator/hook/cmake_prefix_path.sh'
[3.154s] [34mcolcon.colcon_core.environment[0m [1;30mLevel 1[0m checking '/home/robot/debug_clear_ws/install/clearpath_simulator/bin'
[3.154s] [34mcolcon.colcon_core.environment[0m [1;30mLevel 1[0m checking '/home/robot/debug_clear_ws/install/clearpath_simulator/lib/pkgconfig/clearpath_simulator.pc'
[3.154s] [34mcolcon.colcon_core.environment[0m [1;30mLevel 1[0m checking '/home/robot/debug_clear_ws/install/clearpath_simulator/lib/python3.10/site-packages'
[3.154s] [34mcolcon.colcon_core.environment[0m [1;30mLevel 1[0m checking '/home/robot/debug_clear_ws/install/clearpath_simulator/bin'
[3.154s] [34mcolcon.colcon_core.shell[0m [1;30mINFO[0m Creating package script '/home/robot/debug_clear_ws/install/clearpath_simulator/share/clearpath_simulator/package.ps1'
[3.155s] [34mcolcon.colcon_core.shell[0m [1;30mINFO[0m Creating package descriptor '/home/robot/debug_clear_ws/install/clearpath_simulator/share/clearpath_simulator/package.dsv'
[3.155s] [34mcolcon.colcon_core.shell[0m [1;30mINFO[0m Creating package script '/home/robot/debug_clear_ws/install/clearpath_simulator/share/clearpath_simulator/package.sh'
[3.156s] [34mcolcon.colcon_core.shell[0m [1;30mINFO[0m Creating package script '/home/robot/debug_clear_ws/install/clearpath_simulator/share/clearpath_simulator/package.bash'
[3.156s] [34mcolcon.colcon_core.shell[0m [1;30mINFO[0m Creating package script '/home/robot/debug_clear_ws/install/clearpath_simulator/share/clearpath_simulator/package.zsh'
[3.156s] [34mcolcon.colcon_core.environment[0m [1;30mLevel 1[0m create_file_with_runtime_dependencies(/home/robot/debug_clear_ws/install/clearpath_simulator/share/colcon-core/packages/clearpath_simulator)
[3.170s] [34mcolcon.colcon_core.environment[0m [1;30mLevel 1[0m create_environment_scripts_only(yolov8_bringup)
[3.170s] [34mcolcon.colcon_core.environment[0m [1;30mLevel 1[0m checking '/home/robot/debug_clear_ws/install/yolov8_bringup' for CMake module files
[3.170s] [34mcolcon.colcon_core.environment[0m [1;30mLevel 1[0m checking '/home/robot/debug_clear_ws/install/yolov8_bringup' for CMake config files
[3.171s] [34mcolcon.colcon_core.shell[0m [1;30mLevel 1[0m create_environment_hook('yolov8_bringup', 'cmake_prefix_path')
[3.171s] [34mcolcon.colcon_core.shell[0m [1;30mINFO[0m Creating environment hook '/home/robot/debug_clear_ws/install/yolov8_bringup/share/yolov8_bringup/hook/cmake_prefix_path.ps1'
[3.171s] [34mcolcon.colcon_core.shell[0m [1;30mINFO[0m Creating environment descriptor '/home/robot/debug_clear_ws/install/yolov8_bringup/share/yolov8_bringup/hook/cmake_prefix_path.dsv'
[3.171s] [34mcolcon.colcon_core.shell[0m [1;30mINFO[0m Creating environment hook '/home/robot/debug_clear_ws/install/yolov8_bringup/share/yolov8_bringup/hook/cmake_prefix_path.sh'
[3.172s] [34mcolcon.colcon_core.environment[0m [1;30mLevel 1[0m checking '/home/robot/debug_clear_ws/install/yolov8_bringup/bin'
[3.172s] [34mcolcon.colcon_core.environment[0m [1;30mLevel 1[0m checking '/home/robot/debug_clear_ws/install/yolov8_bringup/lib/pkgconfig/yolov8_bringup.pc'
[3.172s] [34mcolcon.colcon_core.environment[0m [1;30mLevel 1[0m checking '/home/robot/debug_clear_ws/install/yolov8_bringup/lib/python3.10/site-packages'
[3.172s] [34mcolcon.colcon_core.environment[0m [1;30mLevel 1[0m checking '/home/robot/debug_clear_ws/install/yolov8_bringup/bin'
[3.173s] [34mcolcon.colcon_core.shell[0m [1;30mINFO[0m Creating package script '/home/robot/debug_clear_ws/install/yolov8_bringup/share/yolov8_bringup/package.ps1'
[3.173s] [34mcolcon.colcon_core.shell[0m [1;30mINFO[0m Creating package descriptor '/home/robot/debug_clear_ws/install/yolov8_bringup/share/yolov8_bringup/package.dsv'
[3.173s] [34mcolcon.colcon_core.shell[0m [1;30mINFO[0m Creating package script '/home/robot/debug_clear_ws/install/yolov8_bringup/share/yolov8_bringup/package.sh'
[3.174s] [34mcolcon.colcon_core.shell[0m [1;30mINFO[0m Creating package script '/home/robot/debug_clear_ws/install/yolov8_bringup/share/yolov8_bringup/package.bash'
[3.174s] [34mcolcon.colcon_core.shell[0m [1;30mINFO[0m Creating package script '/home/robot/debug_clear_ws/install/yolov8_bringup/share/yolov8_bringup/package.zsh'
[3.175s] [34mcolcon.colcon_core.environment[0m [1;30mLevel 1[0m create_file_with_runtime_dependencies(/home/robot/debug_clear_ws/install/yolov8_bringup/share/colcon-core/packages/yolov8_bringup)
[3.175s] [34mcolcon.colcon_parallel_executor.executor.parallel[0m [1;30mDEBUG[0m [32mclosing loop[0m
[3.175s] [34mcolcon.colcon_parallel_executor.executor.parallel[0m [1;30mDEBUG[0m [32mloop closed[0m
[3.175s] [34mcolcon.colcon_parallel_executor.executor.parallel[0m [1;30mDEBUG[0m [32mrun_until_complete finished with '0'[0m
[3.175s] [34mcolcon.colcon_core.event_reactor[0m [1;30mDEBUG[0m [32mjoining thread[0m
[3.180s] [34mcolcon.colcon_core.plugin_system[0m [1;30mINFO[0m Skipping extension 'colcon_notification.desktop_notification.terminal_notifier': Not used on non-Darwin systems
[3.180s] [34mcolcon.colcon_core.plugin_system[0m [1;30mINFO[0m Skipping extension 'colcon_notification.desktop_notification.win32': Not used on non-Windows systems
[3.180s] [34mcolcon.colcon_notification.desktop_notification[0m [1;30mINFO[0m Sending desktop notification using 'notify2'
[3.191s] [34mcolcon.colcon_core.event_reactor[0m [1;30mDEBUG[0m [32mjoined thread[0m
[3.191s] [34mcolcon.colcon_core.shell[0m [1;30mINFO[0m Creating prefix script '/home/robot/debug_clear_ws/install/local_setup.ps1'
[3.192s] [34mcolcon.colcon_core.shell[0m [1;30mINFO[0m Creating prefix util module '/home/robot/debug_clear_ws/install/_local_setup_util_ps1.py'
[3.193s] [34mcolcon.colcon_core.shell[0m [1;30mINFO[0m Creating prefix chain script '/home/robot/debug_clear_ws/install/setup.ps1'
[3.195s] [34mcolcon.colcon_core.shell[0m [1;30mINFO[0m Creating prefix script '/home/robot/debug_clear_ws/install/local_setup.sh'
[3.195s] [34mcolcon.colcon_core.shell[0m [1;30mINFO[0m Creating prefix util module '/home/robot/debug_clear_ws/install/_local_setup_util_sh.py'
[3.196s] [34mcolcon.colcon_core.shell[0m [1;30mINFO[0m Creating prefix chain script '/home/robot/debug_clear_ws/install/setup.sh'
[3.197s] [34mcolcon.colcon_core.shell[0m [1;30mINFO[0m Creating prefix script '/home/robot/debug_clear_ws/install/local_setup.bash'
[3.197s] [34mcolcon.colcon_core.shell[0m [1;30mINFO[0m Creating prefix chain script '/home/robot/debug_clear_ws/install/setup.bash'
[3.199s] [34mcolcon.colcon_core.shell[0m [1;30mINFO[0m Creating prefix script '/home/robot/debug_clear_ws/install/local_setup.zsh'
[3.199s] [34mcolcon.colcon_core.shell[0m [1;30mINFO[0m Creating prefix chain script '/home/robot/debug_clear_ws/install/setup.zsh'
