[0.102s] [34mcolcon[0m [1;30mDEBUG[0m [32mCommand line arguments: ['/usr/bin/colcon', 'build'][0m
[0.102s] [34mcolcon[0m [1;30mDEBUG[0m [32mParsed command line arguments: Namespace(log_base=None, log_level=None, verb_name='build', build_base='build', install_base='install', merge_install=False, symlink_install=False, test_result_base=None, continue_on_error=False, executor='parallel', parallel_workers=12, event_handlers=None, ignore_user_meta=False, metas=['./colcon.meta'], base_paths=['.'], packages_ignore=None, packages_ignore_regex=None, paths=None, packages_up_to=None, packages_up_to_regex=None, packages_above=None, packages_above_and_dependencies=None, packages_above_depth=None, packages_select_by_dep=None, packages_skip_by_dep=None, packages_skip_up_to=None, packages_select_build_failed=False, packages_skip_build_finished=False, packages_select_test_failures=False, packages_skip_test_passed=False, packages_select=None, packages_skip=None, packages_select_regex=None, packages_skip_regex=None, packages_start=None, packages_end=None, allow_overriding=[], cmake_args=None, cmake_target=None, cmake_target_skip_unavailable=False, cmake_clean_cache=False, cmake_clean_first=False, cmake_force_configure=False, ament_cmake_args=None, catkin_cmake_args=None, catkin_skip_building_tests=False, verb_parser=<colcon_defaults.argument_parser.defaults.DefaultArgumentsDecorator object at 0x799f2a518a30>, verb_extension=<colcon_core.verb.build.BuildVerb object at 0x799f2a688ee0>, main=<bound method BuildVerb.main of <colcon_core.verb.build.BuildVerb object at 0x799f2a688ee0>>)[0m
[0.135s] [34mcolcon.colcon_core.package_discovery[0m [1;30mLevel 1[0m discover_packages(colcon_meta) check parameters
[0.135s] [34mcolcon.colcon_core.package_discovery[0m [1;30mLevel 1[0m discover_packages(recursive) check parameters
[0.135s] [34mcolcon.colcon_core.package_discovery[0m [1;30mLevel 1[0m discover_packages(ignore) check parameters
[0.135s] [34mcolcon.colcon_core.package_discovery[0m [1;30mLevel 1[0m discover_packages(path) check parameters
[0.135s] [34mcolcon.colcon_core.package_discovery[0m [1;30mLevel 1[0m discover_packages(colcon_meta) discover
[0.135s] [34mcolcon.colcon_core.package_discovery[0m [1;30mLevel 1[0m discover_packages(recursive) discover
[0.135s] [34mcolcon.colcon_core.package_discovery[0m [1;30mINFO[0m Crawling recursively for packages in '/home/robot/debug_clear_ws'
[0.135s] [34mcolcon.colcon_core.package_identification[0m [1;30mLevel 1[0m _identify(.) by extensions ['ignore', 'ignore_ament_install']
[0.135s] [34mcolcon.colcon_core.package_identification[0m [1;30mLevel 1[0m _identify(.) by extension 'ignore'
[0.135s] [34mcolcon.colcon_core.package_identification[0m [1;30mLevel 1[0m _identify(.) by extension 'ignore_ament_install'
[0.135s] [34mcolcon.colcon_core.package_identification[0m [1;30mLevel 1[0m _identify(.) by extensions ['colcon_pkg']
[0.135s] [34mcolcon.colcon_core.package_identification[0m [1;30mLevel 1[0m _identify(.) by extension 'colcon_pkg'
[0.135s] [34mcolcon.colcon_core.package_identification[0m [1;30mLevel 1[0m _identify(.) by extensions ['colcon_meta']
[0.135s] [34mcolcon.colcon_core.package_identification[0m [1;30mLevel 1[0m _identify(.) by extension 'colcon_meta'
[0.135s] [34mcolcon.colcon_core.package_identification[0m [1;30mLevel 1[0m _identify(.) by extensions ['ros']
[0.135s] [34mcolcon.colcon_core.package_identification[0m [1;30mLevel 1[0m _identify(.) by extension 'ros'
[0.148s] [34mcolcon.colcon_core.package_identification[0m [1;30mLevel 1[0m _identify(.) by extensions ['cmake', 'python']
[0.148s] [34mcolcon.colcon_core.package_identification[0m [1;30mLevel 1[0m _identify(.) by extension 'cmake'
[0.148s] [34mcolcon.colcon_core.package_identification[0m [1;30mLevel 1[0m _identify(.) by extension 'python'
[0.148s] [34mcolcon.colcon_core.package_identification[0m [1;30mLevel 1[0m _identify(.) by extensions ['python_setup_py']
[0.148s] [34mcolcon.colcon_core.package_identification[0m [1;30mLevel 1[0m _identify(.) by extension 'python_setup_py'
[0.148s] [34mcolcon.colcon_core.package_identification[0m [1;30mLevel 1[0m _identify(build) by extensions ['ignore', 'ignore_ament_install']
[0.148s] [34mcolcon.colcon_core.package_identification[0m [1;30mLevel 1[0m _identify(build) by extension 'ignore'
[0.148s] [34mcolcon.colcon_core.package_identification[0m [1;30mLevel 1[0m _identify(build) ignored
[0.149s] [34mcolcon.colcon_core.package_identification[0m [1;30mLevel 1[0m _identify(install) by extensions ['ignore', 'ignore_ament_install']
[0.149s] [34mcolcon.colcon_core.package_identification[0m [1;30mLevel 1[0m _identify(install) by extension 'ignore'
[0.149s] [34mcolcon.colcon_core.package_identification[0m [1;30mLevel 1[0m _identify(install) ignored
[0.149s] [34mcolcon.colcon_core.package_identification[0m [1;30mLevel 1[0m _identify(log) by extensions ['ignore', 'ignore_ament_install']
[0.149s] [34mcolcon.colcon_core.package_identification[0m [1;30mLevel 1[0m _identify(log) by extension 'ignore'
[0.149s] [34mcolcon.colcon_core.package_identification[0m [1;30mLevel 1[0m _identify(log) ignored
[0.149s] [34mcolcon.colcon_core.package_identification[0m [1;30mLevel 1[0m _identify(manipulators) by extensions ['ignore', 'ignore_ament_install']
[0.149s] [34mcolcon.colcon_core.package_identification[0m [1;30mLevel 1[0m _identify(manipulators) by extension 'ignore'
[0.149s] [34mcolcon.colcon_core.package_identification[0m [1;30mLevel 1[0m _identify(manipulators) by extension 'ignore_ament_install'
[0.149s] [34mcolcon.colcon_core.package_identification[0m [1;30mLevel 1[0m _identify(manipulators) by extensions ['colcon_pkg']
[0.149s] [34mcolcon.colcon_core.package_identification[0m [1;30mLevel 1[0m _identify(manipulators) by extension 'colcon_pkg'
[0.149s] [34mcolcon.colcon_core.package_identification[0m [1;30mLevel 1[0m _identify(manipulators) by extensions ['colcon_meta']
[0.149s] [34mcolcon.colcon_core.package_identification[0m [1;30mLevel 1[0m _identify(manipulators) by extension 'colcon_meta'
[0.149s] [34mcolcon.colcon_core.package_identification[0m [1;30mLevel 1[0m _identify(manipulators) by extensions ['ros']
[0.149s] [34mcolcon.colcon_core.package_identification[0m [1;30mLevel 1[0m _identify(manipulators) by extension 'ros'
[0.149s] [34mcolcon.colcon_core.package_identification[0m [1;30mLevel 1[0m _identify(manipulators) by extensions ['cmake', 'python']
[0.149s] [34mcolcon.colcon_core.package_identification[0m [1;30mLevel 1[0m _identify(manipulators) by extension 'cmake'
[0.149s] [34mcolcon.colcon_core.package_identification[0m [1;30mLevel 1[0m _identify(manipulators) by extension 'python'
[0.149s] [34mcolcon.colcon_core.package_identification[0m [1;30mLevel 1[0m _identify(manipulators) by extensions ['python_setup_py']
[0.149s] [34mcolcon.colcon_core.package_identification[0m [1;30mLevel 1[0m _identify(manipulators) by extension 'python_setup_py'
[0.149s] [34mcolcon.colcon_core.package_identification[0m [1;30mLevel 1[0m _identify(manipulators/config) by extensions ['ignore', 'ignore_ament_install']
[0.150s] [34mcolcon.colcon_core.package_identification[0m [1;30mLevel 1[0m _identify(manipulators/config) by extension 'ignore'
[0.150s] [34mcolcon.colcon_core.package_identification[0m [1;30mLevel 1[0m _identify(manipulators/config) by extension 'ignore_ament_install'
[0.150s] [34mcolcon.colcon_core.package_identification[0m [1;30mLevel 1[0m _identify(manipulators/config) by extensions ['colcon_pkg']
[0.150s] [34mcolcon.colcon_core.package_identification[0m [1;30mLevel 1[0m _identify(manipulators/config) by extension 'colcon_pkg'
[0.150s] [34mcolcon.colcon_core.package_identification[0m [1;30mLevel 1[0m _identify(manipulators/config) by extensions ['colcon_meta']
[0.150s] [34mcolcon.colcon_core.package_identification[0m [1;30mLevel 1[0m _identify(manipulators/config) by extension 'colcon_meta'
[0.150s] [34mcolcon.colcon_core.package_identification[0m [1;30mLevel 1[0m _identify(manipulators/config) by extensions ['ros']
[0.150s] [34mcolcon.colcon_core.package_identification[0m [1;30mLevel 1[0m _identify(manipulators/config) by extension 'ros'
[0.150s] [34mcolcon.colcon_core.package_identification[0m [1;30mLevel 1[0m _identify(manipulators/config) by extensions ['cmake', 'python']
[0.150s] [34mcolcon.colcon_core.package_identification[0m [1;30mLevel 1[0m _identify(manipulators/config) by extension 'cmake'
[0.150s] [34mcolcon.colcon_core.package_identification[0m [1;30mLevel 1[0m _identify(manipulators/config) by extension 'python'
[0.150s] [34mcolcon.colcon_core.package_identification[0m [1;30mLevel 1[0m _identify(manipulators/config) by extensions ['python_setup_py']
[0.150s] [34mcolcon.colcon_core.package_identification[0m [1;30mLevel 1[0m _identify(manipulators/config) by extension 'python_setup_py'
[0.150s] [34mcolcon.colcon_core.package_identification[0m [1;30mLevel 1[0m _identify(manipulators/launch) by extensions ['ignore', 'ignore_ament_install']
[0.150s] [34mcolcon.colcon_core.package_identification[0m [1;30mLevel 1[0m _identify(manipulators/launch) by extension 'ignore'
[0.150s] [34mcolcon.colcon_core.package_identification[0m [1;30mLevel 1[0m _identify(manipulators/launch) by extension 'ignore_ament_install'
[0.150s] [34mcolcon.colcon_core.package_identification[0m [1;30mLevel 1[0m _identify(manipulators/launch) by extensions ['colcon_pkg']
[0.150s] [34mcolcon.colcon_core.package_identification[0m [1;30mLevel 1[0m _identify(manipulators/launch) by extension 'colcon_pkg'
[0.150s] [34mcolcon.colcon_core.package_identification[0m [1;30mLevel 1[0m _identify(manipulators/launch) by extensions ['colcon_meta']
[0.150s] [34mcolcon.colcon_core.package_identification[0m [1;30mLevel 1[0m _identify(manipulators/launch) by extension 'colcon_meta'
[0.150s] [34mcolcon.colcon_core.package_identification[0m [1;30mLevel 1[0m _identify(manipulators/launch) by extensions ['ros']
[0.150s] [34mcolcon.colcon_core.package_identification[0m [1;30mLevel 1[0m _identify(manipulators/launch) by extension 'ros'
[0.150s] [34mcolcon.colcon_core.package_identification[0m [1;30mLevel 1[0m _identify(manipulators/launch) by extensions ['cmake', 'python']
[0.150s] [34mcolcon.colcon_core.package_identification[0m [1;30mLevel 1[0m _identify(manipulators/launch) by extension 'cmake'
[0.150s] [34mcolcon.colcon_core.package_identification[0m [1;30mLevel 1[0m _identify(manipulators/launch) by extension 'python'
[0.150s] [34mcolcon.colcon_core.package_identification[0m [1;30mLevel 1[0m _identify(manipulators/launch) by extensions ['python_setup_py']
[0.151s] [34mcolcon.colcon_core.package_identification[0m [1;30mLevel 1[0m _identify(manipulators/launch) by extension 'python_setup_py'
[0.151s] [34mcolcon.colcon_core.package_identification[0m [1;30mLevel 1[0m _identify(platform) by extensions ['ignore', 'ignore_ament_install']
[0.151s] [34mcolcon.colcon_core.package_identification[0m [1;30mLevel 1[0m _identify(platform) by extension 'ignore'
[0.151s] [34mcolcon.colcon_core.package_identification[0m [1;30mLevel 1[0m _identify(platform) by extension 'ignore_ament_install'
[0.151s] [34mcolcon.colcon_core.package_identification[0m [1;30mLevel 1[0m _identify(platform) by extensions ['colcon_pkg']
[0.151s] [34mcolcon.colcon_core.package_identification[0m [1;30mLevel 1[0m _identify(platform) by extension 'colcon_pkg'
[0.151s] [34mcolcon.colcon_core.package_identification[0m [1;30mLevel 1[0m _identify(platform) by extensions ['colcon_meta']
[0.151s] [34mcolcon.colcon_core.package_identification[0m [1;30mLevel 1[0m _identify(platform) by extension 'colcon_meta'
[0.151s] [34mcolcon.colcon_core.package_identification[0m [1;30mLevel 1[0m _identify(platform) by extensions ['ros']
[0.151s] [34mcolcon.colcon_core.package_identification[0m [1;30mLevel 1[0m _identify(platform) by extension 'ros'
[0.151s] [34mcolcon.colcon_core.package_identification[0m [1;30mLevel 1[0m _identify(platform) by extensions ['cmake', 'python']
[0.151s] [34mcolcon.colcon_core.package_identification[0m [1;30mLevel 1[0m _identify(platform) by extension 'cmake'
[0.151s] [34mcolcon.colcon_core.package_identification[0m [1;30mLevel 1[0m _identify(platform) by extension 'python'
[0.151s] [34mcolcon.colcon_core.package_identification[0m [1;30mLevel 1[0m _identify(platform) by extensions ['python_setup_py']
[0.151s] [34mcolcon.colcon_core.package_identification[0m [1;30mLevel 1[0m _identify(platform) by extension 'python_setup_py'
[0.151s] [34mcolcon.colcon_core.package_identification[0m [1;30mLevel 1[0m _identify(platform/config) by extensions ['ignore', 'ignore_ament_install']
[0.151s] [34mcolcon.colcon_core.package_identification[0m [1;30mLevel 1[0m _identify(platform/config) by extension 'ignore'
[0.151s] [34mcolcon.colcon_core.package_identification[0m [1;30mLevel 1[0m _identify(platform/config) by extension 'ignore_ament_install'
[0.151s] [34mcolcon.colcon_core.package_identification[0m [1;30mLevel 1[0m _identify(platform/config) by extensions ['colcon_pkg']
[0.151s] [34mcolcon.colcon_core.package_identification[0m [1;30mLevel 1[0m _identify(platform/config) by extension 'colcon_pkg'
[0.151s] [34mcolcon.colcon_core.package_identification[0m [1;30mLevel 1[0m _identify(platform/config) by extensions ['colcon_meta']
[0.151s] [34mcolcon.colcon_core.package_identification[0m [1;30mLevel 1[0m _identify(platform/config) by extension 'colcon_meta'
[0.151s] [34mcolcon.colcon_core.package_identification[0m [1;30mLevel 1[0m _identify(platform/config) by extensions ['ros']
[0.151s] [34mcolcon.colcon_core.package_identification[0m [1;30mLevel 1[0m _identify(platform/config) by extension 'ros'
[0.152s] [34mcolcon.colcon_core.package_identification[0m [1;30mLevel 1[0m _identify(platform/config) by extensions ['cmake', 'python']
[0.152s] [34mcolcon.colcon_core.package_identification[0m [1;30mLevel 1[0m _identify(platform/config) by extension 'cmake'
[0.152s] [34mcolcon.colcon_core.package_identification[0m [1;30mLevel 1[0m _identify(platform/config) by extension 'python'
[0.152s] [34mcolcon.colcon_core.package_identification[0m [1;30mLevel 1[0m _identify(platform/config) by extensions ['python_setup_py']
[0.152s] [34mcolcon.colcon_core.package_identification[0m [1;30mLevel 1[0m _identify(platform/config) by extension 'python_setup_py'
[0.152s] [34mcolcon.colcon_core.package_identification[0m [1;30mLevel 1[0m _identify(platform/launch) by extensions ['ignore', 'ignore_ament_install']
[0.152s] [34mcolcon.colcon_core.package_identification[0m [1;30mLevel 1[0m _identify(platform/launch) by extension 'ignore'
[0.152s] [34mcolcon.colcon_core.package_identification[0m [1;30mLevel 1[0m _identify(platform/launch) by extension 'ignore_ament_install'
[0.152s] [34mcolcon.colcon_core.package_identification[0m [1;30mLevel 1[0m _identify(platform/launch) by extensions ['colcon_pkg']
[0.152s] [34mcolcon.colcon_core.package_identification[0m [1;30mLevel 1[0m _identify(platform/launch) by extension 'colcon_pkg'
[0.152s] [34mcolcon.colcon_core.package_identification[0m [1;30mLevel 1[0m _identify(platform/launch) by extensions ['colcon_meta']
[0.152s] [34mcolcon.colcon_core.package_identification[0m [1;30mLevel 1[0m _identify(platform/launch) by extension 'colcon_meta'
[0.152s] [34mcolcon.colcon_core.package_identification[0m [1;30mLevel 1[0m _identify(platform/launch) by extensions ['ros']
[0.152s] [34mcolcon.colcon_core.package_identification[0m [1;30mLevel 1[0m _identify(platform/launch) by extension 'ros'
[0.152s] [34mcolcon.colcon_core.package_identification[0m [1;30mLevel 1[0m _identify(platform/launch) by extensions ['cmake', 'python']
[0.152s] [34mcolcon.colcon_core.package_identification[0m [1;30mLevel 1[0m _identify(platform/launch) by extension 'cmake'
[0.152s] [34mcolcon.colcon_core.package_identification[0m [1;30mLevel 1[0m _identify(platform/launch) by extension 'python'
[0.152s] [34mcolcon.colcon_core.package_identification[0m [1;30mLevel 1[0m _identify(platform/launch) by extensions ['python_setup_py']
[0.152s] [34mcolcon.colcon_core.package_identification[0m [1;30mLevel 1[0m _identify(platform/launch) by extension 'python_setup_py'
[0.152s] [34mcolcon.colcon_core.package_identification[0m [1;30mLevel 1[0m _identify(platform/launch/__pycache__) by extensions ['ignore', 'ignore_ament_install']
[0.152s] [34mcolcon.colcon_core.package_identification[0m [1;30mLevel 1[0m _identify(platform/launch/__pycache__) by extension 'ignore'
[0.152s] [34mcolcon.colcon_core.package_identification[0m [1;30mLevel 1[0m _identify(platform/launch/__pycache__) by extension 'ignore_ament_install'
[0.152s] [34mcolcon.colcon_core.package_identification[0m [1;30mLevel 1[0m _identify(platform/launch/__pycache__) by extensions ['colcon_pkg']
[0.152s] [34mcolcon.colcon_core.package_identification[0m [1;30mLevel 1[0m _identify(platform/launch/__pycache__) by extension 'colcon_pkg'
[0.153s] [34mcolcon.colcon_core.package_identification[0m [1;30mLevel 1[0m _identify(platform/launch/__pycache__) by extensions ['colcon_meta']
[0.153s] [34mcolcon.colcon_core.package_identification[0m [1;30mLevel 1[0m _identify(platform/launch/__pycache__) by extension 'colcon_meta'
[0.153s] [34mcolcon.colcon_core.package_identification[0m [1;30mLevel 1[0m _identify(platform/launch/__pycache__) by extensions ['ros']
[0.153s] [34mcolcon.colcon_core.package_identification[0m [1;30mLevel 1[0m _identify(platform/launch/__pycache__) by extension 'ros'
[0.153s] [34mcolcon.colcon_core.package_identification[0m [1;30mLevel 1[0m _identify(platform/launch/__pycache__) by extensions ['cmake', 'python']
[0.153s] [34mcolcon.colcon_core.package_identification[0m [1;30mLevel 1[0m _identify(platform/launch/__pycache__) by extension 'cmake'
[0.153s] [34mcolcon.colcon_core.package_identification[0m [1;30mLevel 1[0m _identify(platform/launch/__pycache__) by extension 'python'
[0.153s] [34mcolcon.colcon_core.package_identification[0m [1;30mLevel 1[0m _identify(platform/launch/__pycache__) by extensions ['python_setup_py']
[0.153s] [34mcolcon.colcon_core.package_identification[0m [1;30mLevel 1[0m _identify(platform/launch/__pycache__) by extension 'python_setup_py'
[0.153s] [34mcolcon.colcon_core.package_identification[0m [1;30mLevel 1[0m _identify(sensors) by extensions ['ignore', 'ignore_ament_install']
[0.153s] [34mcolcon.colcon_core.package_identification[0m [1;30mLevel 1[0m _identify(sensors) by extension 'ignore'
[0.153s] [34mcolcon.colcon_core.package_identification[0m [1;30mLevel 1[0m _identify(sensors) by extension 'ignore_ament_install'
[0.153s] [34mcolcon.colcon_core.package_identification[0m [1;30mLevel 1[0m _identify(sensors) by extensions ['colcon_pkg']
[0.153s] [34mcolcon.colcon_core.package_identification[0m [1;30mLevel 1[0m _identify(sensors) by extension 'colcon_pkg'
[0.153s] [34mcolcon.colcon_core.package_identification[0m [1;30mLevel 1[0m _identify(sensors) by extensions ['colcon_meta']
[0.153s] [34mcolcon.colcon_core.package_identification[0m [1;30mLevel 1[0m _identify(sensors) by extension 'colcon_meta'
[0.153s] [34mcolcon.colcon_core.package_identification[0m [1;30mLevel 1[0m _identify(sensors) by extensions ['ros']
[0.153s] [34mcolcon.colcon_core.package_identification[0m [1;30mLevel 1[0m _identify(sensors) by extension 'ros'
[0.153s] [34mcolcon.colcon_core.package_identification[0m [1;30mLevel 1[0m _identify(sensors) by extensions ['cmake', 'python']
[0.153s] [34mcolcon.colcon_core.package_identification[0m [1;30mLevel 1[0m _identify(sensors) by extension 'cmake'
[0.153s] [34mcolcon.colcon_core.package_identification[0m [1;30mLevel 1[0m _identify(sensors) by extension 'python'
[0.153s] [34mcolcon.colcon_core.package_identification[0m [1;30mLevel 1[0m _identify(sensors) by extensions ['python_setup_py']
[0.153s] [34mcolcon.colcon_core.package_identification[0m [1;30mLevel 1[0m _identify(sensors) by extension 'python_setup_py'
[0.153s] [34mcolcon.colcon_core.package_identification[0m [1;30mLevel 1[0m _identify(sensors/config) by extensions ['ignore', 'ignore_ament_install']
[0.153s] [34mcolcon.colcon_core.package_identification[0m [1;30mLevel 1[0m _identify(sensors/config) by extension 'ignore'
[0.154s] [34mcolcon.colcon_core.package_identification[0m [1;30mLevel 1[0m _identify(sensors/config) by extension 'ignore_ament_install'
[0.154s] [34mcolcon.colcon_core.package_identification[0m [1;30mLevel 1[0m _identify(sensors/config) by extensions ['colcon_pkg']
[0.154s] [34mcolcon.colcon_core.package_identification[0m [1;30mLevel 1[0m _identify(sensors/config) by extension 'colcon_pkg'
[0.154s] [34mcolcon.colcon_core.package_identification[0m [1;30mLevel 1[0m _identify(sensors/config) by extensions ['colcon_meta']
[0.154s] [34mcolcon.colcon_core.package_identification[0m [1;30mLevel 1[0m _identify(sensors/config) by extension 'colcon_meta'
[0.154s] [34mcolcon.colcon_core.package_identification[0m [1;30mLevel 1[0m _identify(sensors/config) by extensions ['ros']
[0.154s] [34mcolcon.colcon_core.package_identification[0m [1;30mLevel 1[0m _identify(sensors/config) by extension 'ros'
[0.154s] [34mcolcon.colcon_core.package_identification[0m [1;30mLevel 1[0m _identify(sensors/config) by extensions ['cmake', 'python']
[0.154s] [34mcolcon.colcon_core.package_identification[0m [1;30mLevel 1[0m _identify(sensors/config) by extension 'cmake'
[0.154s] [34mcolcon.colcon_core.package_identification[0m [1;30mLevel 1[0m _identify(sensors/config) by extension 'python'
[0.154s] [34mcolcon.colcon_core.package_identification[0m [1;30mLevel 1[0m _identify(sensors/config) by extensions ['python_setup_py']
[0.154s] [34mcolcon.colcon_core.package_identification[0m [1;30mLevel 1[0m _identify(sensors/config) by extension 'python_setup_py'
[0.154s] [34mcolcon.colcon_core.package_identification[0m [1;30mLevel 1[0m _identify(sensors/launch) by extensions ['ignore', 'ignore_ament_install']
[0.154s] [34mcolcon.colcon_core.package_identification[0m [1;30mLevel 1[0m _identify(sensors/launch) by extension 'ignore'
[0.154s] [34mcolcon.colcon_core.package_identification[0m [1;30mLevel 1[0m _identify(sensors/launch) by extension 'ignore_ament_install'
[0.154s] [34mcolcon.colcon_core.package_identification[0m [1;30mLevel 1[0m _identify(sensors/launch) by extensions ['colcon_pkg']
[0.154s] [34mcolcon.colcon_core.package_identification[0m [1;30mLevel 1[0m _identify(sensors/launch) by extension 'colcon_pkg'
[0.154s] [34mcolcon.colcon_core.package_identification[0m [1;30mLevel 1[0m _identify(sensors/launch) by extensions ['colcon_meta']
[0.154s] [34mcolcon.colcon_core.package_identification[0m [1;30mLevel 1[0m _identify(sensors/launch) by extension 'colcon_meta'
[0.154s] [34mcolcon.colcon_core.package_identification[0m [1;30mLevel 1[0m _identify(sensors/launch) by extensions ['ros']
[0.154s] [34mcolcon.colcon_core.package_identification[0m [1;30mLevel 1[0m _identify(sensors/launch) by extension 'ros'
[0.154s] [34mcolcon.colcon_core.package_identification[0m [1;30mLevel 1[0m _identify(sensors/launch) by extensions ['cmake', 'python']
[0.154s] [34mcolcon.colcon_core.package_identification[0m [1;30mLevel 1[0m _identify(sensors/launch) by extension 'cmake'
[0.154s] [34mcolcon.colcon_core.package_identification[0m [1;30mLevel 1[0m _identify(sensors/launch) by extension 'python'
[0.154s] [34mcolcon.colcon_core.package_identification[0m [1;30mLevel 1[0m _identify(sensors/launch) by extensions ['python_setup_py']
[0.154s] [34mcolcon.colcon_core.package_identification[0m [1;30mLevel 1[0m _identify(sensors/launch) by extension 'python_setup_py'
[0.155s] [34mcolcon.colcon_core.package_identification[0m [1;30mLevel 1[0m _identify(sensors/launch/__pycache__) by extensions ['ignore', 'ignore_ament_install']
[0.155s] [34mcolcon.colcon_core.package_identification[0m [1;30mLevel 1[0m _identify(sensors/launch/__pycache__) by extension 'ignore'
[0.155s] [34mcolcon.colcon_core.package_identification[0m [1;30mLevel 1[0m _identify(sensors/launch/__pycache__) by extension 'ignore_ament_install'
[0.155s] [34mcolcon.colcon_core.package_identification[0m [1;30mLevel 1[0m _identify(sensors/launch/__pycache__) by extensions ['colcon_pkg']
[0.155s] [34mcolcon.colcon_core.package_identification[0m [1;30mLevel 1[0m _identify(sensors/launch/__pycache__) by extension 'colcon_pkg'
[0.155s] [34mcolcon.colcon_core.package_identification[0m [1;30mLevel 1[0m _identify(sensors/launch/__pycache__) by extensions ['colcon_meta']
[0.155s] [34mcolcon.colcon_core.package_identification[0m [1;30mLevel 1[0m _identify(sensors/launch/__pycache__) by extension 'colcon_meta'
[0.155s] [34mcolcon.colcon_core.package_identification[0m [1;30mLevel 1[0m _identify(sensors/launch/__pycache__) by extensions ['ros']
[0.155s] [34mcolcon.colcon_core.package_identification[0m [1;30mLevel 1[0m _identify(sensors/launch/__pycache__) by extension 'ros'
[0.155s] [34mcolcon.colcon_core.package_identification[0m [1;30mLevel 1[0m _identify(sensors/launch/__pycache__) by extensions ['cmake', 'python']
[0.155s] [34mcolcon.colcon_core.package_identification[0m [1;30mLevel 1[0m _identify(sensors/launch/__pycache__) by extension 'cmake'
[0.155s] [34mcolcon.colcon_core.package_identification[0m [1;30mLevel 1[0m _identify(sensors/launch/__pycache__) by extension 'python'
[0.155s] [34mcolcon.colcon_core.package_identification[0m [1;30mLevel 1[0m _identify(sensors/launch/__pycache__) by extensions ['python_setup_py']
[0.155s] [34mcolcon.colcon_core.package_identification[0m [1;30mLevel 1[0m _identify(sensors/launch/__pycache__) by extension 'python_setup_py'
[0.155s] [34mcolcon.colcon_core.package_identification[0m [1;30mLevel 1[0m _identify(src) by extensions ['ignore', 'ignore_ament_install']
[0.155s] [34mcolcon.colcon_core.package_identification[0m [1;30mLevel 1[0m _identify(src) by extension 'ignore'
[0.155s] [34mcolcon.colcon_core.package_identification[0m [1;30mLevel 1[0m _identify(src) by extension 'ignore_ament_install'
[0.155s] [34mcolcon.colcon_core.package_identification[0m [1;30mLevel 1[0m _identify(src) by extensions ['colcon_pkg']
[0.155s] [34mcolcon.colcon_core.package_identification[0m [1;30mLevel 1[0m _identify(src) by extension 'colcon_pkg'
[0.155s] [34mcolcon.colcon_core.package_identification[0m [1;30mLevel 1[0m _identify(src) by extensions ['colcon_meta']
[0.155s] [34mcolcon.colcon_core.package_identification[0m [1;30mLevel 1[0m _identify(src) by extension 'colcon_meta'
[0.155s] [34mcolcon.colcon_core.package_identification[0m [1;30mLevel 1[0m _identify(src) by extensions ['ros']
[0.155s] [34mcolcon.colcon_core.package_identification[0m [1;30mLevel 1[0m _identify(src) by extension 'ros'
[0.156s] [34mcolcon.colcon_core.package_identification[0m [1;30mLevel 1[0m _identify(src) by extensions ['cmake', 'python']
[0.156s] [34mcolcon.colcon_core.package_identification[0m [1;30mLevel 1[0m _identify(src) by extension 'cmake'
[0.156s] [34mcolcon.colcon_core.package_identification[0m [1;30mLevel 1[0m _identify(src) by extension 'python'
[0.156s] [34mcolcon.colcon_core.package_identification[0m [1;30mLevel 1[0m _identify(src) by extensions ['python_setup_py']
[0.156s] [34mcolcon.colcon_core.package_identification[0m [1;30mLevel 1[0m _identify(src) by extension 'python_setup_py'
[0.156s] [34mcolcon.colcon_core.package_identification[0m [1;30mLevel 1[0m _identify(src/clearpath_common) by extensions ['ignore', 'ignore_ament_install']
[0.156s] [34mcolcon.colcon_core.package_identification[0m [1;30mLevel 1[0m _identify(src/clearpath_common) by extension 'ignore'
[0.156s] [34mcolcon.colcon_core.package_identification[0m [1;30mLevel 1[0m _identify(src/clearpath_common) by extension 'ignore_ament_install'
[0.156s] [34mcolcon.colcon_core.package_identification[0m [1;30mLevel 1[0m _identify(src/clearpath_common) by extensions ['colcon_pkg']
[0.156s] [34mcolcon.colcon_core.package_identification[0m [1;30mLevel 1[0m _identify(src/clearpath_common) by extension 'colcon_pkg'
[0.156s] [34mcolcon.colcon_core.package_identification[0m [1;30mLevel 1[0m _identify(src/clearpath_common) by extensions ['colcon_meta']
[0.156s] [34mcolcon.colcon_core.package_identification[0m [1;30mLevel 1[0m _identify(src/clearpath_common) by extension 'colcon_meta'
[0.156s] [34mcolcon.colcon_core.package_identification[0m [1;30mLevel 1[0m _identify(src/clearpath_common) by extensions ['ros']
[0.156s] [34mcolcon.colcon_core.package_identification[0m [1;30mLevel 1[0m _identify(src/clearpath_common) by extension 'ros'
[0.156s] [34mcolcon.colcon_core.package_identification[0m [1;30mLevel 1[0m _identify(src/clearpath_common) by extensions ['cmake', 'python']
[0.156s] [34mcolcon.colcon_core.package_identification[0m [1;30mLevel 1[0m _identify(src/clearpath_common) by extension 'cmake'
[0.156s] [34mcolcon.colcon_core.package_identification[0m [1;30mLevel 1[0m _identify(src/clearpath_common) by extension 'python'
[0.156s] [34mcolcon.colcon_core.package_identification[0m [1;30mLevel 1[0m _identify(src/clearpath_common) by extensions ['python_setup_py']
[0.156s] [34mcolcon.colcon_core.package_identification[0m [1;30mLevel 1[0m _identify(src/clearpath_common) by extension 'python_setup_py'
[0.156s] [34mcolcon.colcon_core.package_identification[0m [1;30mLevel 1[0m _identify(src/clearpath_common/clearpath_common) by extensions ['ignore', 'ignore_ament_install']
[0.156s] [34mcolcon.colcon_core.package_identification[0m [1;30mLevel 1[0m _identify(src/clearpath_common/clearpath_common) by extension 'ignore'
[0.156s] [34mcolcon.colcon_core.package_identification[0m [1;30mLevel 1[0m _identify(src/clearpath_common/clearpath_common) by extension 'ignore_ament_install'
[0.157s] [34mcolcon.colcon_core.package_identification[0m [1;30mLevel 1[0m _identify(src/clearpath_common/clearpath_common) by extensions ['colcon_pkg']
[0.157s] [34mcolcon.colcon_core.package_identification[0m [1;30mLevel 1[0m _identify(src/clearpath_common/clearpath_common) by extension 'colcon_pkg'
[0.157s] [34mcolcon.colcon_core.package_identification[0m [1;30mLevel 1[0m _identify(src/clearpath_common/clearpath_common) by extensions ['colcon_meta']
[0.157s] [34mcolcon.colcon_core.package_identification[0m [1;30mLevel 1[0m _identify(src/clearpath_common/clearpath_common) by extension 'colcon_meta'
[0.157s] [34mcolcon.colcon_core.package_identification[0m [1;30mLevel 1[0m _identify(src/clearpath_common/clearpath_common) by extensions ['ros']
[0.157s] [34mcolcon.colcon_core.package_identification[0m [1;30mLevel 1[0m _identify(src/clearpath_common/clearpath_common) by extension 'ros'
[0.158s] [34mcolcon.colcon_core.package_identification[0m [1;30mDEBUG[0m [32mPackage 'src/clearpath_common/clearpath_common' with type 'ros.ament_cmake' and name 'clearpath_common'[0m
[0.159s] [34mcolcon.colcon_core.package_identification[0m [1;30mLevel 1[0m _identify(src/clearpath_common/clearpath_control) by extensions ['ignore', 'ignore_ament_install']
[0.159s] [34mcolcon.colcon_core.package_identification[0m [1;30mLevel 1[0m _identify(src/clearpath_common/clearpath_control) by extension 'ignore'
[0.159s] [34mcolcon.colcon_core.package_identification[0m [1;30mLevel 1[0m _identify(src/clearpath_common/clearpath_control) by extension 'ignore_ament_install'
[0.159s] [34mcolcon.colcon_core.package_identification[0m [1;30mLevel 1[0m _identify(src/clearpath_common/clearpath_control) by extensions ['colcon_pkg']
[0.159s] [34mcolcon.colcon_core.package_identification[0m [1;30mLevel 1[0m _identify(src/clearpath_common/clearpath_control) by extension 'colcon_pkg'
[0.159s] [34mcolcon.colcon_core.package_identification[0m [1;30mLevel 1[0m _identify(src/clearpath_common/clearpath_control) by extensions ['colcon_meta']
[0.159s] [34mcolcon.colcon_core.package_identification[0m [1;30mLevel 1[0m _identify(src/clearpath_common/clearpath_control) by extension 'colcon_meta'
[0.159s] [34mcolcon.colcon_core.package_identification[0m [1;30mLevel 1[0m _identify(src/clearpath_common/clearpath_control) by extensions ['ros']
[0.159s] [34mcolcon.colcon_core.package_identification[0m [1;30mLevel 1[0m _identify(src/clearpath_common/clearpath_control) by extension 'ros'
[0.160s] [34mcolcon.colcon_core.package_identification[0m [1;30mDEBUG[0m [32mPackage 'src/clearpath_common/clearpath_control' with type 'ros.ament_cmake' and name 'clearpath_control'[0m
[0.160s] [34mcolcon.colcon_core.package_identification[0m [1;30mLevel 1[0m _identify(src/clearpath_common/clearpath_customization) by extensions ['ignore', 'ignore_ament_install']
[0.160s] [34mcolcon.colcon_core.package_identification[0m [1;30mLevel 1[0m _identify(src/clearpath_common/clearpath_customization) by extension 'ignore'
[0.160s] [34mcolcon.colcon_core.package_identification[0m [1;30mLevel 1[0m _identify(src/clearpath_common/clearpath_customization) by extension 'ignore_ament_install'
[0.160s] [34mcolcon.colcon_core.package_identification[0m [1;30mLevel 1[0m _identify(src/clearpath_common/clearpath_customization) by extensions ['colcon_pkg']
[0.160s] [34mcolcon.colcon_core.package_identification[0m [1;30mLevel 1[0m _identify(src/clearpath_common/clearpath_customization) by extension 'colcon_pkg'
[0.160s] [34mcolcon.colcon_core.package_identification[0m [1;30mLevel 1[0m _identify(src/clearpath_common/clearpath_customization) by extensions ['colcon_meta']
[0.160s] [34mcolcon.colcon_core.package_identification[0m [1;30mLevel 1[0m _identify(src/clearpath_common/clearpath_customization) by extension 'colcon_meta'
[0.160s] [34mcolcon.colcon_core.package_identification[0m [1;30mLevel 1[0m _identify(src/clearpath_common/clearpath_customization) by extensions ['ros']
[0.160s] [34mcolcon.colcon_core.package_identification[0m [1;30mLevel 1[0m _identify(src/clearpath_common/clearpath_customization) by extension 'ros'
[0.160s] [34mcolcon.colcon_core.package_identification[0m [1;30mDEBUG[0m [32mPackage 'src/clearpath_common/clearpath_customization' with type 'ros.ament_cmake' and name 'clearpath_customization'[0m
[0.161s] [34mcolcon.colcon_core.package_identification[0m [1;30mLevel 1[0m _identify(src/clearpath_common/clearpath_description) by extensions ['ignore', 'ignore_ament_install']
[0.161s] [34mcolcon.colcon_core.package_identification[0m [1;30mLevel 1[0m _identify(src/clearpath_common/clearpath_description) by extension 'ignore'
[0.161s] [34mcolcon.colcon_core.package_identification[0m [1;30mLevel 1[0m _identify(src/clearpath_common/clearpath_description) by extension 'ignore_ament_install'
[0.161s] [34mcolcon.colcon_core.package_identification[0m [1;30mLevel 1[0m _identify(src/clearpath_common/clearpath_description) by extensions ['colcon_pkg']
[0.161s] [34mcolcon.colcon_core.package_identification[0m [1;30mLevel 1[0m _identify(src/clearpath_common/clearpath_description) by extension 'colcon_pkg'
[0.161s] [34mcolcon.colcon_core.package_identification[0m [1;30mLevel 1[0m _identify(src/clearpath_common/clearpath_description) by extensions ['colcon_meta']
[0.161s] [34mcolcon.colcon_core.package_identification[0m [1;30mLevel 1[0m _identify(src/clearpath_common/clearpath_description) by extension 'colcon_meta'
[0.161s] [34mcolcon.colcon_core.package_identification[0m [1;30mLevel 1[0m _identify(src/clearpath_common/clearpath_description) by extensions ['ros']
[0.161s] [34mcolcon.colcon_core.package_identification[0m [1;30mLevel 1[0m _identify(src/clearpath_common/clearpath_description) by extension 'ros'
[0.161s] [34mcolcon.colcon_core.package_identification[0m [1;30mDEBUG[0m [32mPackage 'src/clearpath_common/clearpath_description' with type 'ros.ament_cmake' and name 'clearpath_description'[0m
[0.161s] [34mcolcon.colcon_core.package_identification[0m [1;30mLevel 1[0m _identify(src/clearpath_common/clearpath_generator_common) by extensions ['ignore', 'ignore_ament_install']
[0.161s] [34mcolcon.colcon_core.package_identification[0m [1;30mLevel 1[0m _identify(src/clearpath_common/clearpath_generator_common) by extension 'ignore'
[0.162s] [34mcolcon.colcon_core.package_identification[0m [1;30mLevel 1[0m _identify(src/clearpath_common/clearpath_generator_common) by extension 'ignore_ament_install'
[0.162s] [34mcolcon.colcon_core.package_identification[0m [1;30mLevel 1[0m _identify(src/clearpath_common/clearpath_generator_common) by extensions ['colcon_pkg']
[0.162s] [34mcolcon.colcon_core.package_identification[0m [1;30mLevel 1[0m _identify(src/clearpath_common/clearpath_generator_common) by extension 'colcon_pkg'
[0.162s] [34mcolcon.colcon_core.package_identification[0m [1;30mLevel 1[0m _identify(src/clearpath_common/clearpath_generator_common) by extensions ['colcon_meta']
[0.162s] [34mcolcon.colcon_core.package_identification[0m [1;30mLevel 1[0m _identify(src/clearpath_common/clearpath_generator_common) by extension 'colcon_meta'
[0.162s] [34mcolcon.colcon_core.package_identification[0m [1;30mLevel 1[0m _identify(src/clearpath_common/clearpath_generator_common) by extensions ['ros']
[0.162s] [34mcolcon.colcon_core.package_identification[0m [1;30mLevel 1[0m _identify(src/clearpath_common/clearpath_generator_common) by extension 'ros'
[0.162s] [34mcolcon.colcon_core.package_identification[0m [1;30mDEBUG[0m [32mPackage 'src/clearpath_common/clearpath_generator_common' with type 'ros.ament_cmake' and name 'clearpath_generator_common'[0m
[0.162s] [34mcolcon.colcon_core.package_identification[0m [1;30mLevel 1[0m _identify(src/clearpath_common/clearpath_manipulators) by extensions ['ignore', 'ignore_ament_install']
[0.162s] [34mcolcon.colcon_core.package_identification[0m [1;30mLevel 1[0m _identify(src/clearpath_common/clearpath_manipulators) by extension 'ignore'
[0.162s] [34mcolcon.colcon_core.package_identification[0m [1;30mLevel 1[0m _identify(src/clearpath_common/clearpath_manipulators) by extension 'ignore_ament_install'
[0.163s] [34mcolcon.colcon_core.package_identification[0m [1;30mLevel 1[0m _identify(src/clearpath_common/clearpath_manipulators) by extensions ['colcon_pkg']
[0.163s] [34mcolcon.colcon_core.package_identification[0m [1;30mLevel 1[0m _identify(src/clearpath_common/clearpath_manipulators) by extension 'colcon_pkg'
[0.163s] [34mcolcon.colcon_core.package_identification[0m [1;30mLevel 1[0m _identify(src/clearpath_common/clearpath_manipulators) by extensions ['colcon_meta']
[0.163s] [34mcolcon.colcon_core.package_identification[0m [1;30mLevel 1[0m _identify(src/clearpath_common/clearpath_manipulators) by extension 'colcon_meta'
[0.163s] [34mcolcon.colcon_core.package_identification[0m [1;30mLevel 1[0m _identify(src/clearpath_common/clearpath_manipulators) by extensions ['ros']
[0.163s] [34mcolcon.colcon_core.package_identification[0m [1;30mLevel 1[0m _identify(src/clearpath_common/clearpath_manipulators) by extension 'ros'
[0.163s] [34mcolcon.colcon_core.package_identification[0m [1;30mDEBUG[0m [32mPackage 'src/clearpath_common/clearpath_manipulators' with type 'ros.ament_cmake' and name 'clearpath_manipulators'[0m
[0.163s] [34mcolcon.colcon_core.package_identification[0m [1;30mLevel 1[0m _identify(src/clearpath_common/clearpath_manipulators_description) by extensions ['ignore', 'ignore_ament_install']
[0.163s] [34mcolcon.colcon_core.package_identification[0m [1;30mLevel 1[0m _identify(src/clearpath_common/clearpath_manipulators_description) by extension 'ignore'
[0.163s] [34mcolcon.colcon_core.package_identification[0m [1;30mLevel 1[0m _identify(src/clearpath_common/clearpath_manipulators_description) by extension 'ignore_ament_install'
[0.163s] [34mcolcon.colcon_core.package_identification[0m [1;30mLevel 1[0m _identify(src/clearpath_common/clearpath_manipulators_description) by extensions ['colcon_pkg']
[0.163s] [34mcolcon.colcon_core.package_identification[0m [1;30mLevel 1[0m _identify(src/clearpath_common/clearpath_manipulators_description) by extension 'colcon_pkg'
[0.164s] [34mcolcon.colcon_core.package_identification[0m [1;30mLevel 1[0m _identify(src/clearpath_common/clearpath_manipulators_description) by extensions ['colcon_meta']
[0.164s] [34mcolcon.colcon_core.package_identification[0m [1;30mLevel 1[0m _identify(src/clearpath_common/clearpath_manipulators_description) by extension 'colcon_meta'
[0.164s] [34mcolcon.colcon_core.package_identification[0m [1;30mLevel 1[0m _identify(src/clearpath_common/clearpath_manipulators_description) by extensions ['ros']
[0.164s] [34mcolcon.colcon_core.package_identification[0m [1;30mLevel 1[0m _identify(src/clearpath_common/clearpath_manipulators_description) by extension 'ros'
[0.164s] [34mcolcon.colcon_core.package_identification[0m [1;30mDEBUG[0m [32mPackage 'src/clearpath_common/clearpath_manipulators_description' with type 'ros.ament_cmake' and name 'clearpath_manipulators_description'[0m
[0.164s] [34mcolcon.colcon_core.package_identification[0m [1;30mLevel 1[0m _identify(src/clearpath_common/clearpath_mounts_description) by extensions ['ignore', 'ignore_ament_install']
[0.164s] [34mcolcon.colcon_core.package_identification[0m [1;30mLevel 1[0m _identify(src/clearpath_common/clearpath_mounts_description) by extension 'ignore'
[0.164s] [34mcolcon.colcon_core.package_identification[0m [1;30mLevel 1[0m _identify(src/clearpath_common/clearpath_mounts_description) by extension 'ignore_ament_install'
[0.164s] [34mcolcon.colcon_core.package_identification[0m [1;30mLevel 1[0m _identify(src/clearpath_common/clearpath_mounts_description) by extensions ['colcon_pkg']
[0.164s] [34mcolcon.colcon_core.package_identification[0m [1;30mLevel 1[0m _identify(src/clearpath_common/clearpath_mounts_description) by extension 'colcon_pkg'
[0.164s] [34mcolcon.colcon_core.package_identification[0m [1;30mLevel 1[0m _identify(src/clearpath_common/clearpath_mounts_description) by extensions ['colcon_meta']
[0.165s] [34mcolcon.colcon_core.package_identification[0m [1;30mLevel 1[0m _identify(src/clearpath_common/clearpath_mounts_description) by extension 'colcon_meta'
[0.165s] [34mcolcon.colcon_core.package_identification[0m [1;30mLevel 1[0m _identify(src/clearpath_common/clearpath_mounts_description) by extensions ['ros']
[0.165s] [34mcolcon.colcon_core.package_identification[0m [1;30mLevel 1[0m _identify(src/clearpath_common/clearpath_mounts_description) by extension 'ros'
[0.165s] [34mcolcon.colcon_core.package_identification[0m [1;30mDEBUG[0m [32mPackage 'src/clearpath_common/clearpath_mounts_description' with type 'ros.ament_cmake' and name 'clearpath_mounts_description'[0m
[0.166s] [34mcolcon.colcon_core.package_identification[0m [1;30mLevel 1[0m _identify(src/clearpath_common/clearpath_platform) by extensions ['ignore', 'ignore_ament_install']
[0.166s] [34mcolcon.colcon_core.package_identification[0m [1;30mLevel 1[0m _identify(src/clearpath_common/clearpath_platform) by extension 'ignore'
[0.166s] [34mcolcon.colcon_core.package_identification[0m [1;30mLevel 1[0m _identify(src/clearpath_common/clearpath_platform) by extension 'ignore_ament_install'
[0.166s] [34mcolcon.colcon_core.package_identification[0m [1;30mLevel 1[0m _identify(src/clearpath_common/clearpath_platform) by extensions ['colcon_pkg']
[0.166s] [34mcolcon.colcon_core.package_identification[0m [1;30mLevel 1[0m _identify(src/clearpath_common/clearpath_platform) by extension 'colcon_pkg'
[0.166s] [34mcolcon.colcon_core.package_identification[0m [1;30mLevel 1[0m _identify(src/clearpath_common/clearpath_platform) by extensions ['colcon_meta']
[0.166s] [34mcolcon.colcon_core.package_identification[0m [1;30mLevel 1[0m _identify(src/clearpath_common/clearpath_platform) by extension 'colcon_meta'
[0.166s] [34mcolcon.colcon_core.package_identification[0m [1;30mLevel 1[0m _identify(src/clearpath_common/clearpath_platform) by extensions ['ros']
[0.166s] [34mcolcon.colcon_core.package_identification[0m [1;30mLevel 1[0m _identify(src/clearpath_common/clearpath_platform) by extension 'ros'
[0.167s] [34mcolcon.colcon_core.package_identification[0m [1;30mDEBUG[0m [32mPackage 'src/clearpath_common/clearpath_platform' with type 'ros.ament_cmake' and name 'clearpath_platform'[0m
[0.167s] [34mcolcon.colcon_core.package_identification[0m [1;30mLevel 1[0m _identify(src/clearpath_common/clearpath_platform_description) by extensions ['ignore', 'ignore_ament_install']
[0.167s] [34mcolcon.colcon_core.package_identification[0m [1;30mLevel 1[0m _identify(src/clearpath_common/clearpath_platform_description) by extension 'ignore'
[0.168s] [34mcolcon.colcon_core.package_identification[0m [1;30mLevel 1[0m _identify(src/clearpath_common/clearpath_platform_description) by extension 'ignore_ament_install'
[0.168s] [34mcolcon.colcon_core.package_identification[0m [1;30mLevel 1[0m _identify(src/clearpath_common/clearpath_platform_description) by extensions ['colcon_pkg']
[0.168s] [34mcolcon.colcon_core.package_identification[0m [1;30mLevel 1[0m _identify(src/clearpath_common/clearpath_platform_description) by extension 'colcon_pkg'
[0.168s] [34mcolcon.colcon_core.package_identification[0m [1;30mLevel 1[0m _identify(src/clearpath_common/clearpath_platform_description) by extensions ['colcon_meta']
[0.168s] [34mcolcon.colcon_core.package_identification[0m [1;30mLevel 1[0m _identify(src/clearpath_common/clearpath_platform_description) by extension 'colcon_meta'
[0.168s] [34mcolcon.colcon_core.package_identification[0m [1;30mLevel 1[0m _identify(src/clearpath_common/clearpath_platform_description) by extensions ['ros']
[0.168s] [34mcolcon.colcon_core.package_identification[0m [1;30mLevel 1[0m _identify(src/clearpath_common/clearpath_platform_description) by extension 'ros'
[0.168s] [34mcolcon.colcon_core.package_identification[0m [1;30mDEBUG[0m [32mPackage 'src/clearpath_common/clearpath_platform_description' with type 'ros.ament_cmake' and name 'clearpath_platform_description'[0m
[0.168s] [34mcolcon.colcon_core.package_identification[0m [1;30mLevel 1[0m _identify(src/clearpath_common/clearpath_sensors_description) by extensions ['ignore', 'ignore_ament_install']
[0.169s] [34mcolcon.colcon_core.package_identification[0m [1;30mLevel 1[0m _identify(src/clearpath_common/clearpath_sensors_description) by extension 'ignore'
[0.169s] [34mcolcon.colcon_core.package_identification[0m [1;30mLevel 1[0m _identify(src/clearpath_common/clearpath_sensors_description) by extension 'ignore_ament_install'
[0.169s] [34mcolcon.colcon_core.package_identification[0m [1;30mLevel 1[0m _identify(src/clearpath_common/clearpath_sensors_description) by extensions ['colcon_pkg']
[0.169s] [34mcolcon.colcon_core.package_identification[0m [1;30mLevel 1[0m _identify(src/clearpath_common/clearpath_sensors_description) by extension 'colcon_pkg'
[0.169s] [34mcolcon.colcon_core.package_identification[0m [1;30mLevel 1[0m _identify(src/clearpath_common/clearpath_sensors_description) by extensions ['colcon_meta']
[0.169s] [34mcolcon.colcon_core.package_identification[0m [1;30mLevel 1[0m _identify(src/clearpath_common/clearpath_sensors_description) by extension 'colcon_meta'
[0.169s] [34mcolcon.colcon_core.package_identification[0m [1;30mLevel 1[0m _identify(src/clearpath_common/clearpath_sensors_description) by extensions ['ros']
[0.169s] [34mcolcon.colcon_core.package_identification[0m [1;30mLevel 1[0m _identify(src/clearpath_common/clearpath_sensors_description) by extension 'ros'
[0.169s] [34mcolcon.colcon_core.package_identification[0m [1;30mDEBUG[0m [32mPackage 'src/clearpath_common/clearpath_sensors_description' with type 'ros.ament_cmake' and name 'clearpath_sensors_description'[0m
[0.169s] [34mcolcon.colcon_core.package_identification[0m [1;30mLevel 1[0m _identify(src/clearpath_config) by extensions ['ignore', 'ignore_ament_install']
[0.169s] [34mcolcon.colcon_core.package_identification[0m [1;30mLevel 1[0m _identify(src/clearpath_config) by extension 'ignore'
[0.169s] [34mcolcon.colcon_core.package_identification[0m [1;30mLevel 1[0m _identify(src/clearpath_config) by extension 'ignore_ament_install'
[0.170s] [34mcolcon.colcon_core.package_identification[0m [1;30mLevel 1[0m _identify(src/clearpath_config) by extensions ['colcon_pkg']
[0.170s] [34mcolcon.colcon_core.package_identification[0m [1;30mLevel 1[0m _identify(src/clearpath_config) by extension 'colcon_pkg'
[0.170s] [34mcolcon.colcon_core.package_identification[0m [1;30mLevel 1[0m _identify(src/clearpath_config) by extensions ['colcon_meta']
[0.170s] [34mcolcon.colcon_core.package_identification[0m [1;30mLevel 1[0m _identify(src/clearpath_config) by extension 'colcon_meta'
[0.170s] [34mcolcon.colcon_core.package_identification[0m [1;30mLevel 1[0m _identify(src/clearpath_config) by extensions ['ros']
[0.170s] [34mcolcon.colcon_core.package_identification[0m [1;30mLevel 1[0m _identify(src/clearpath_config) by extension 'ros'
[0.170s] [34mcolcon.colcon_core.package_identification[0m [1;30mDEBUG[0m [32mPackage 'src/clearpath_config' with type 'ros.ament_python' and name 'clearpath_config'[0m
[0.170s] [34mcolcon.colcon_core.package_identification[0m [1;30mLevel 1[0m _identify(src/clearpath_msgs) by extensions ['ignore', 'ignore_ament_install']
[0.170s] [34mcolcon.colcon_core.package_identification[0m [1;30mLevel 1[0m _identify(src/clearpath_msgs) by extension 'ignore'
[0.170s] [34mcolcon.colcon_core.package_identification[0m [1;30mLevel 1[0m _identify(src/clearpath_msgs) by extension 'ignore_ament_install'
[0.170s] [34mcolcon.colcon_core.package_identification[0m [1;30mLevel 1[0m _identify(src/clearpath_msgs) by extensions ['colcon_pkg']
[0.170s] [34mcolcon.colcon_core.package_identification[0m [1;30mLevel 1[0m _identify(src/clearpath_msgs) by extension 'colcon_pkg'
[0.170s] [34mcolcon.colcon_core.package_identification[0m [1;30mLevel 1[0m _identify(src/clearpath_msgs) by extensions ['colcon_meta']
[0.170s] [34mcolcon.colcon_core.package_identification[0m [1;30mLevel 1[0m _identify(src/clearpath_msgs) by extension 'colcon_meta'
[0.170s] [34mcolcon.colcon_core.package_identification[0m [1;30mLevel 1[0m _identify(src/clearpath_msgs) by extensions ['ros']
[0.171s] [34mcolcon.colcon_core.package_identification[0m [1;30mLevel 1[0m _identify(src/clearpath_msgs) by extension 'ros'
[0.171s] [34mcolcon.colcon_core.package_identification[0m [1;30mLevel 1[0m _identify(src/clearpath_msgs) by extensions ['cmake', 'python']
[0.171s] [34mcolcon.colcon_core.package_identification[0m [1;30mLevel 1[0m _identify(src/clearpath_msgs) by extension 'cmake'
[0.171s] [34mcolcon.colcon_core.package_identification[0m [1;30mLevel 1[0m _identify(src/clearpath_msgs) by extension 'python'
[0.171s] [34mcolcon.colcon_core.package_identification[0m [1;30mLevel 1[0m _identify(src/clearpath_msgs) by extensions ['python_setup_py']
[0.171s] [34mcolcon.colcon_core.package_identification[0m [1;30mLevel 1[0m _identify(src/clearpath_msgs) by extension 'python_setup_py'
[0.171s] [34mcolcon.colcon_core.package_identification[0m [1;30mLevel 1[0m _identify(src/clearpath_msgs/clearpath_msgs) by extensions ['ignore', 'ignore_ament_install']
[0.171s] [34mcolcon.colcon_core.package_identification[0m [1;30mLevel 1[0m _identify(src/clearpath_msgs/clearpath_msgs) by extension 'ignore'
[0.171s] [34mcolcon.colcon_core.package_identification[0m [1;30mLevel 1[0m _identify(src/clearpath_msgs/clearpath_msgs) by extension 'ignore_ament_install'
[0.171s] [34mcolcon.colcon_core.package_identification[0m [1;30mLevel 1[0m _identify(src/clearpath_msgs/clearpath_msgs) by extensions ['colcon_pkg']
[0.171s] [34mcolcon.colcon_core.package_identification[0m [1;30mLevel 1[0m _identify(src/clearpath_msgs/clearpath_msgs) by extension 'colcon_pkg'
[0.171s] [34mcolcon.colcon_core.package_identification[0m [1;30mLevel 1[0m _identify(src/clearpath_msgs/clearpath_msgs) by extensions ['colcon_meta']
[0.171s] [34mcolcon.colcon_core.package_identification[0m [1;30mLevel 1[0m _identify(src/clearpath_msgs/clearpath_msgs) by extension 'colcon_meta'
[0.171s] [34mcolcon.colcon_core.package_identification[0m [1;30mLevel 1[0m _identify(src/clearpath_msgs/clearpath_msgs) by extensions ['ros']
[0.171s] [34mcolcon.colcon_core.package_identification[0m [1;30mLevel 1[0m _identify(src/clearpath_msgs/clearpath_msgs) by extension 'ros'
[0.172s] [34mcolcon.colcon_core.package_identification[0m [1;30mDEBUG[0m [32mPackage 'src/clearpath_msgs/clearpath_msgs' with type 'ros.ament_cmake' and name 'clearpath_msgs'[0m
[0.172s] [34mcolcon.colcon_core.package_identification[0m [1;30mLevel 1[0m _identify(src/clearpath_msgs/clearpath_platform_msgs) by extensions ['ignore', 'ignore_ament_install']
[0.172s] [34mcolcon.colcon_core.package_identification[0m [1;30mLevel 1[0m _identify(src/clearpath_msgs/clearpath_platform_msgs) by extension 'ignore'
[0.172s] [34mcolcon.colcon_core.package_identification[0m [1;30mLevel 1[0m _identify(src/clearpath_msgs/clearpath_platform_msgs) by extension 'ignore_ament_install'
[0.172s] [34mcolcon.colcon_core.package_identification[0m [1;30mLevel 1[0m _identify(src/clearpath_msgs/clearpath_platform_msgs) by extensions ['colcon_pkg']
[0.172s] [34mcolcon.colcon_core.package_identification[0m [1;30mLevel 1[0m _identify(src/clearpath_msgs/clearpath_platform_msgs) by extension 'colcon_pkg'
[0.172s] [34mcolcon.colcon_core.package_identification[0m [1;30mLevel 1[0m _identify(src/clearpath_msgs/clearpath_platform_msgs) by extensions ['colcon_meta']
[0.172s] [34mcolcon.colcon_core.package_identification[0m [1;30mLevel 1[0m _identify(src/clearpath_msgs/clearpath_platform_msgs) by extension 'colcon_meta'
[0.172s] [34mcolcon.colcon_core.package_identification[0m [1;30mLevel 1[0m _identify(src/clearpath_msgs/clearpath_platform_msgs) by extensions ['ros']
[0.172s] [34mcolcon.colcon_core.package_identification[0m [1;30mLevel 1[0m _identify(src/clearpath_msgs/clearpath_platform_msgs) by extension 'ros'
[0.173s] [34mcolcon.colcon_core.package_identification[0m [1;30mDEBUG[0m [32mPackage 'src/clearpath_msgs/clearpath_platform_msgs' with type 'ros.ament_cmake' and name 'clearpath_platform_msgs'[0m
[0.173s] [34mcolcon.colcon_core.package_identification[0m [1;30mLevel 1[0m _identify(src/clearpath_simulator) by extensions ['ignore', 'ignore_ament_install']
[0.173s] [34mcolcon.colcon_core.package_identification[0m [1;30mLevel 1[0m _identify(src/clearpath_simulator) by extension 'ignore'
[0.173s] [34mcolcon.colcon_core.package_identification[0m [1;30mLevel 1[0m _identify(src/clearpath_simulator) by extension 'ignore_ament_install'
[0.173s] [34mcolcon.colcon_core.package_identification[0m [1;30mLevel 1[0m _identify(src/clearpath_simulator) by extensions ['colcon_pkg']
[0.173s] [34mcolcon.colcon_core.package_identification[0m [1;30mLevel 1[0m _identify(src/clearpath_simulator) by extension 'colcon_pkg'
[0.173s] [34mcolcon.colcon_core.package_identification[0m [1;30mLevel 1[0m _identify(src/clearpath_simulator) by extensions ['colcon_meta']
[0.173s] [34mcolcon.colcon_core.package_identification[0m [1;30mLevel 1[0m _identify(src/clearpath_simulator) by extension 'colcon_meta'
[0.173s] [34mcolcon.colcon_core.package_identification[0m [1;30mLevel 1[0m _identify(src/clearpath_simulator) by extensions ['ros']
[0.173s] [34mcolcon.colcon_core.package_identification[0m [1;30mLevel 1[0m _identify(src/clearpath_simulator) by extension 'ros'
[0.173s] [34mcolcon.colcon_core.package_identification[0m [1;30mLevel 1[0m _identify(src/clearpath_simulator) by extensions ['cmake', 'python']
[0.173s] [34mcolcon.colcon_core.package_identification[0m [1;30mLevel 1[0m _identify(src/clearpath_simulator) by extension 'cmake'
[0.173s] [34mcolcon.colcon_core.package_identification[0m [1;30mLevel 1[0m _identify(src/clearpath_simulator) by extension 'python'
[0.173s] [34mcolcon.colcon_core.package_identification[0m [1;30mLevel 1[0m _identify(src/clearpath_simulator) by extensions ['python_setup_py']
[0.173s] [34mcolcon.colcon_core.package_identification[0m [1;30mLevel 1[0m _identify(src/clearpath_simulator) by extension 'python_setup_py'
[0.173s] [34mcolcon.colcon_core.package_identification[0m [1;30mLevel 1[0m _identify(src/clearpath_simulator/clearpath_generator_gz) by extensions ['ignore', 'ignore_ament_install']
[0.173s] [34mcolcon.colcon_core.package_identification[0m [1;30mLevel 1[0m _identify(src/clearpath_simulator/clearpath_generator_gz) by extension 'ignore'
[0.173s] [34mcolcon.colcon_core.package_identification[0m [1;30mLevel 1[0m _identify(src/clearpath_simulator/clearpath_generator_gz) by extension 'ignore_ament_install'
[0.173s] [34mcolcon.colcon_core.package_identification[0m [1;30mLevel 1[0m _identify(src/clearpath_simulator/clearpath_generator_gz) by extensions ['colcon_pkg']
[0.174s] [34mcolcon.colcon_core.package_identification[0m [1;30mLevel 1[0m _identify(src/clearpath_simulator/clearpath_generator_gz) by extension 'colcon_pkg'
[0.174s] [34mcolcon.colcon_core.package_identification[0m [1;30mLevel 1[0m _identify(src/clearpath_simulator/clearpath_generator_gz) by extensions ['colcon_meta']
[0.174s] [34mcolcon.colcon_core.package_identification[0m [1;30mLevel 1[0m _identify(src/clearpath_simulator/clearpath_generator_gz) by extension 'colcon_meta'
[0.174s] [34mcolcon.colcon_core.package_identification[0m [1;30mLevel 1[0m _identify(src/clearpath_simulator/clearpath_generator_gz) by extensions ['ros']
[0.174s] [34mcolcon.colcon_core.package_identification[0m [1;30mLevel 1[0m _identify(src/clearpath_simulator/clearpath_generator_gz) by extension 'ros'
[0.174s] [34mcolcon.colcon_core.package_identification[0m [1;30mDEBUG[0m [32mPackage 'src/clearpath_simulator/clearpath_generator_gz' with type 'ros.ament_cmake' and name 'clearpath_generator_gz'[0m
[0.174s] [34mcolcon.colcon_core.package_identification[0m [1;30mLevel 1[0m _identify(src/clearpath_simulator/clearpath_gz) by extensions ['ignore', 'ignore_ament_install']
[0.174s] [34mcolcon.colcon_core.package_identification[0m [1;30mLevel 1[0m _identify(src/clearpath_simulator/clearpath_gz) by extension 'ignore'
[0.174s] [34mcolcon.colcon_core.package_identification[0m [1;30mLevel 1[0m _identify(src/clearpath_simulator/clearpath_gz) by extension 'ignore_ament_install'
[0.174s] [34mcolcon.colcon_core.package_identification[0m [1;30mLevel 1[0m _identify(src/clearpath_simulator/clearpath_gz) by extensions ['colcon_pkg']
[0.174s] [34mcolcon.colcon_core.package_identification[0m [1;30mLevel 1[0m _identify(src/clearpath_simulator/clearpath_gz) by extension 'colcon_pkg'
[0.174s] [34mcolcon.colcon_core.package_identification[0m [1;30mLevel 1[0m _identify(src/clearpath_simulator/clearpath_gz) by extensions ['colcon_meta']
[0.174s] [34mcolcon.colcon_core.package_identification[0m [1;30mLevel 1[0m _identify(src/clearpath_simulator/clearpath_gz) by extension 'colcon_meta'
[0.175s] [34mcolcon.colcon_core.package_identification[0m [1;30mLevel 1[0m _identify(src/clearpath_simulator/clearpath_gz) by extensions ['ros']
[0.175s] [34mcolcon.colcon_core.package_identification[0m [1;30mLevel 1[0m _identify(src/clearpath_simulator/clearpath_gz) by extension 'ros'
[0.175s] [34mcolcon.colcon_core.package_identification[0m [1;30mDEBUG[0m [32mPackage 'src/clearpath_simulator/clearpath_gz' with type 'ros.ament_cmake' and name 'clearpath_gz'[0m
[0.175s] [34mcolcon.colcon_core.package_identification[0m [1;30mLevel 1[0m _identify(src/clearpath_simulator/clearpath_simulator) by extensions ['ignore', 'ignore_ament_install']
[0.175s] [34mcolcon.colcon_core.package_identification[0m [1;30mLevel 1[0m _identify(src/clearpath_simulator/clearpath_simulator) by extension 'ignore'
[0.175s] [34mcolcon.colcon_core.package_identification[0m [1;30mLevel 1[0m _identify(src/clearpath_simulator/clearpath_simulator) by extension 'ignore_ament_install'
[0.175s] [34mcolcon.colcon_core.package_identification[0m [1;30mLevel 1[0m _identify(src/clearpath_simulator/clearpath_simulator) by extensions ['colcon_pkg']
[0.175s] [34mcolcon.colcon_core.package_identification[0m [1;30mLevel 1[0m _identify(src/clearpath_simulator/clearpath_simulator) by extension 'colcon_pkg'
[0.175s] [34mcolcon.colcon_core.package_identification[0m [1;30mLevel 1[0m _identify(src/clearpath_simulator/clearpath_simulator) by extensions ['colcon_meta']
[0.176s] [34mcolcon.colcon_core.package_identification[0m [1;30mLevel 1[0m _identify(src/clearpath_simulator/clearpath_simulator) by extension 'colcon_meta'
[0.176s] [34mcolcon.colcon_core.package_identification[0m [1;30mLevel 1[0m _identify(src/clearpath_simulator/clearpath_simulator) by extensions ['ros']
[0.176s] [34mcolcon.colcon_core.package_identification[0m [1;30mLevel 1[0m _identify(src/clearpath_simulator/clearpath_simulator) by extension 'ros'
[0.176s] [34mcolcon.colcon_core.package_identification[0m [1;30mDEBUG[0m [32mPackage 'src/clearpath_simulator/clearpath_simulator' with type 'ros.ament_cmake' and name 'clearpath_simulator'[0m
[0.176s] [34mcolcon.colcon_core.package_identification[0m [1;30mLevel 1[0m _identify(src/yolov8_ros) by extensions ['ignore', 'ignore_ament_install']
[0.176s] [34mcolcon.colcon_core.package_identification[0m [1;30mLevel 1[0m _identify(src/yolov8_ros) by extension 'ignore'
[0.176s] [34mcolcon.colcon_core.package_identification[0m [1;30mLevel 1[0m _identify(src/yolov8_ros) by extension 'ignore_ament_install'
[0.176s] [34mcolcon.colcon_core.package_identification[0m [1;30mLevel 1[0m _identify(src/yolov8_ros) by extensions ['colcon_pkg']
[0.176s] [34mcolcon.colcon_core.package_identification[0m [1;30mLevel 1[0m _identify(src/yolov8_ros) by extension 'colcon_pkg'
[0.176s] [34mcolcon.colcon_core.package_identification[0m [1;30mLevel 1[0m _identify(src/yolov8_ros) by extensions ['colcon_meta']
[0.176s] [34mcolcon.colcon_core.package_identification[0m [1;30mLevel 1[0m _identify(src/yolov8_ros) by extension 'colcon_meta'
[0.176s] [34mcolcon.colcon_core.package_identification[0m [1;30mLevel 1[0m _identify(src/yolov8_ros) by extensions ['ros']
[0.176s] [34mcolcon.colcon_core.package_identification[0m [1;30mLevel 1[0m _identify(src/yolov8_ros) by extension 'ros'
[0.177s] [34mcolcon.colcon_core.package_identification[0m [1;30mLevel 1[0m _identify(src/yolov8_ros) by extensions ['cmake', 'python']
[0.177s] [34mcolcon.colcon_core.package_identification[0m [1;30mLevel 1[0m _identify(src/yolov8_ros) by extension 'cmake'
[0.177s] [34mcolcon.colcon_core.package_identification[0m [1;30mLevel 1[0m _identify(src/yolov8_ros) by extension 'python'
[0.177s] [34mcolcon.colcon_core.package_identification[0m [1;30mLevel 1[0m _identify(src/yolov8_ros) by extensions ['python_setup_py']
[0.177s] [34mcolcon.colcon_core.package_identification[0m [1;30mLevel 1[0m _identify(src/yolov8_ros) by extension 'python_setup_py'
[0.177s] [34mcolcon.colcon_core.package_identification[0m [1;30mLevel 1[0m _identify(src/yolov8_ros/docs) by extensions ['ignore', 'ignore_ament_install']
[0.177s] [34mcolcon.colcon_core.package_identification[0m [1;30mLevel 1[0m _identify(src/yolov8_ros/docs) by extension 'ignore'
[0.177s] [34mcolcon.colcon_core.package_identification[0m [1;30mLevel 1[0m _identify(src/yolov8_ros/docs) by extension 'ignore_ament_install'
[0.177s] [34mcolcon.colcon_core.package_identification[0m [1;30mLevel 1[0m _identify(src/yolov8_ros/docs) by extensions ['colcon_pkg']
[0.177s] [34mcolcon.colcon_core.package_identification[0m [1;30mLevel 1[0m _identify(src/yolov8_ros/docs) by extension 'colcon_pkg'
[0.177s] [34mcolcon.colcon_core.package_identification[0m [1;30mLevel 1[0m _identify(src/yolov8_ros/docs) by extensions ['colcon_meta']
[0.177s] [34mcolcon.colcon_core.package_identification[0m [1;30mLevel 1[0m _identify(src/yolov8_ros/docs) by extension 'colcon_meta'
[0.177s] [34mcolcon.colcon_core.package_identification[0m [1;30mLevel 1[0m _identify(src/yolov8_ros/docs) by extensions ['ros']
[0.177s] [34mcolcon.colcon_core.package_identification[0m [1;30mLevel 1[0m _identify(src/yolov8_ros/docs) by extension 'ros'
[0.177s] [34mcolcon.colcon_core.package_identification[0m [1;30mLevel 1[0m _identify(src/yolov8_ros/docs) by extensions ['cmake', 'python']
[0.177s] [34mcolcon.colcon_core.package_identification[0m [1;30mLevel 1[0m _identify(src/yolov8_ros/docs) by extension 'cmake'
[0.177s] [34mcolcon.colcon_core.package_identification[0m [1;30mLevel 1[0m _identify(src/yolov8_ros/docs) by extension 'python'
[0.177s] [34mcolcon.colcon_core.package_identification[0m [1;30mLevel 1[0m _identify(src/yolov8_ros/docs) by extensions ['python_setup_py']
[0.177s] [34mcolcon.colcon_core.package_identification[0m [1;30mLevel 1[0m _identify(src/yolov8_ros/docs) by extension 'python_setup_py'
[0.177s] [34mcolcon.colcon_core.package_identification[0m [1;30mLevel 1[0m _identify(src/yolov8_ros/yolov8_bringup) by extensions ['ignore', 'ignore_ament_install']
[0.177s] [34mcolcon.colcon_core.package_identification[0m [1;30mLevel 1[0m _identify(src/yolov8_ros/yolov8_bringup) by extension 'ignore'
[0.178s] [34mcolcon.colcon_core.package_identification[0m [1;30mLevel 1[0m _identify(src/yolov8_ros/yolov8_bringup) by extension 'ignore_ament_install'
[0.178s] [34mcolcon.colcon_core.package_identification[0m [1;30mLevel 1[0m _identify(src/yolov8_ros/yolov8_bringup) by extensions ['colcon_pkg']
[0.178s] [34mcolcon.colcon_core.package_identification[0m [1;30mLevel 1[0m _identify(src/yolov8_ros/yolov8_bringup) by extension 'colcon_pkg'
[0.178s] [34mcolcon.colcon_core.package_identification[0m [1;30mLevel 1[0m _identify(src/yolov8_ros/yolov8_bringup) by extensions ['colcon_meta']
[0.178s] [34mcolcon.colcon_core.package_identification[0m [1;30mLevel 1[0m _identify(src/yolov8_ros/yolov8_bringup) by extension 'colcon_meta'
[0.178s] [34mcolcon.colcon_core.package_identification[0m [1;30mLevel 1[0m _identify(src/yolov8_ros/yolov8_bringup) by extensions ['ros']
[0.178s] [34mcolcon.colcon_core.package_identification[0m [1;30mLevel 1[0m _identify(src/yolov8_ros/yolov8_bringup) by extension 'ros'
[0.178s] [34mcolcon.colcon_core.package_identification[0m [1;30mDEBUG[0m [32mPackage 'src/yolov8_ros/yolov8_bringup' with type 'ros.ament_cmake' and name 'yolov8_bringup'[0m
[0.178s] [34mcolcon.colcon_core.package_identification[0m [1;30mLevel 1[0m _identify(src/yolov8_ros/yolov8_msgs) by extensions ['ignore', 'ignore_ament_install']
[0.178s] [34mcolcon.colcon_core.package_identification[0m [1;30mLevel 1[0m _identify(src/yolov8_ros/yolov8_msgs) by extension 'ignore'
[0.178s] [34mcolcon.colcon_core.package_identification[0m [1;30mLevel 1[0m _identify(src/yolov8_ros/yolov8_msgs) by extension 'ignore_ament_install'
[0.178s] [34mcolcon.colcon_core.package_identification[0m [1;30mLevel 1[0m _identify(src/yolov8_ros/yolov8_msgs) by extensions ['colcon_pkg']
[0.178s] [34mcolcon.colcon_core.package_identification[0m [1;30mLevel 1[0m _identify(src/yolov8_ros/yolov8_msgs) by extension 'colcon_pkg'
[0.178s] [34mcolcon.colcon_core.package_identification[0m [1;30mLevel 1[0m _identify(src/yolov8_ros/yolov8_msgs) by extensions ['colcon_meta']
[0.179s] [34mcolcon.colcon_core.package_identification[0m [1;30mLevel 1[0m _identify(src/yolov8_ros/yolov8_msgs) by extension 'colcon_meta'
[0.179s] [34mcolcon.colcon_core.package_identification[0m [1;30mLevel 1[0m _identify(src/yolov8_ros/yolov8_msgs) by extensions ['ros']
[0.179s] [34mcolcon.colcon_core.package_identification[0m [1;30mLevel 1[0m _identify(src/yolov8_ros/yolov8_msgs) by extension 'ros'
[0.179s] [34mcolcon.colcon_core.package_identification[0m [1;30mDEBUG[0m [32mPackage 'src/yolov8_ros/yolov8_msgs' with type 'ros.ament_cmake' and name 'yolov8_msgs'[0m
[0.179s] [34mcolcon.colcon_core.package_identification[0m [1;30mLevel 1[0m _identify(src/yolov8_ros/yolov8_ros) by extensions ['ignore', 'ignore_ament_install']
[0.179s] [34mcolcon.colcon_core.package_identification[0m [1;30mLevel 1[0m _identify(src/yolov8_ros/yolov8_ros) by extension 'ignore'
[0.179s] [34mcolcon.colcon_core.package_identification[0m [1;30mLevel 1[0m _identify(src/yolov8_ros/yolov8_ros) by extension 'ignore_ament_install'
[0.179s] [34mcolcon.colcon_core.package_identification[0m [1;30mLevel 1[0m _identify(src/yolov8_ros/yolov8_ros) by extensions ['colcon_pkg']
[0.179s] [34mcolcon.colcon_core.package_identification[0m [1;30mLevel 1[0m _identify(src/yolov8_ros/yolov8_ros) by extension 'colcon_pkg'
[0.179s] [34mcolcon.colcon_core.package_identification[0m [1;30mLevel 1[0m _identify(src/yolov8_ros/yolov8_ros) by extensions ['colcon_meta']
[0.179s] [34mcolcon.colcon_core.package_identification[0m [1;30mLevel 1[0m _identify(src/yolov8_ros/yolov8_ros) by extension 'colcon_meta'
[0.180s] [34mcolcon.colcon_core.package_identification[0m [1;30mLevel 1[0m _identify(src/yolov8_ros/yolov8_ros) by extensions ['ros']
[0.180s] [34mcolcon.colcon_core.package_identification[0m [1;30mLevel 1[0m _identify(src/yolov8_ros/yolov8_ros) by extension 'ros'
[0.180s] [34mcolcon.colcon_core.package_identification[0m [1;30mDEBUG[0m [32mPackage 'src/yolov8_ros/yolov8_ros' with type 'ros.ament_python' and name 'yolov8_ros'[0m
[0.180s] [34mcolcon.colcon_core.package_discovery[0m [1;30mLevel 1[0m discover_packages(recursive) using defaults
[0.180s] [34mcolcon.colcon_core.package_discovery[0m [1;30mLevel 1[0m discover_packages(ignore) discover
[0.180s] [34mcolcon.colcon_core.package_discovery[0m [1;30mLevel 1[0m discover_packages(ignore) using defaults
[0.180s] [34mcolcon.colcon_core.package_discovery[0m [1;30mLevel 1[0m discover_packages(path) discover
[0.180s] [34mcolcon.colcon_core.package_discovery[0m [1;30mLevel 1[0m discover_packages(path) using defaults
[0.198s] [34mcolcon.colcon_core.package_discovery[0m [1;30mLevel 1[0m discover_packages(prefix_path) check parameters
[0.198s] [34mcolcon.colcon_core.package_discovery[0m [1;30mLevel 1[0m discover_packages(prefix_path) discover
[0.200s] [34mcolcon.colcon_installed_package_information.package_discovery[0m [1;30mDEBUG[0m [32mFound 20 installed packages in /home/robot/debug_clear_ws/install[0m
[0.202s] [34mcolcon.colcon_installed_package_information.package_discovery[0m [1;30mDEBUG[0m [32mFound 360 installed packages in /opt/ros/humble[0m
[0.203s] [34mcolcon.colcon_core.package_discovery[0m [1;30mLevel 1[0m discover_packages(prefix_path) using defaults
[0.242s] [34mcolcon.colcon_core.package_selection[0m [1;30mWARNING[0m [33mSome selected packages are already built in one or more underlay workspaces:
	'clearpath_platform_description' is in: /home/robot/debug_clear_ws/install/clearpath_platform_description, /opt/ros/humble
If a package in a merged underlay workspace is overridden and it installs headers, then all packages in the overlay must sort their include directories by workspace order. Failure to do so may result in build failures or undefined behavior at run time.
If the overridden package is used by another package in any underlay, then the overriding package in the overlay must be API and ABI compatible or undefined behavior at run time may occur.

If you understand the risks and want to override a package anyways, add the following to the command line:
	--allow-overriding clearpath_platform_description

This may be promoted to an error in a future release of colcon-override-check.[0m
[0.243s] [34mcolcon.colcon_core.verb[0m [1;30mLevel 5[0m set package 'clearpath_config' build argument 'cmake_args' from command line to 'None'
[0.243s] [34mcolcon.colcon_core.verb[0m [1;30mLevel 5[0m set package 'clearpath_config' build argument 'cmake_target' from command line to 'None'
[0.243s] [34mcolcon.colcon_core.verb[0m [1;30mLevel 5[0m set package 'clearpath_config' build argument 'cmake_target_skip_unavailable' from command line to 'False'
[0.243s] [34mcolcon.colcon_core.verb[0m [1;30mLevel 5[0m set package 'clearpath_config' build argument 'cmake_clean_cache' from command line to 'False'
[0.243s] [34mcolcon.colcon_core.verb[0m [1;30mLevel 5[0m set package 'clearpath_config' build argument 'cmake_clean_first' from command line to 'False'
[0.243s] [34mcolcon.colcon_core.verb[0m [1;30mLevel 5[0m set package 'clearpath_config' build argument 'cmake_force_configure' from command line to 'False'
[0.243s] [34mcolcon.colcon_core.verb[0m [1;30mLevel 5[0m set package 'clearpath_config' build argument 'ament_cmake_args' from command line to 'None'
[0.243s] [34mcolcon.colcon_core.verb[0m [1;30mLevel 5[0m set package 'clearpath_config' build argument 'catkin_cmake_args' from command line to 'None'
[0.243s] [34mcolcon.colcon_core.verb[0m [1;30mLevel 5[0m set package 'clearpath_config' build argument 'catkin_skip_building_tests' from command line to 'False'
[0.243s] [34mcolcon.colcon_core.verb[0m [1;30mDEBUG[0m [32mBuilding package 'clearpath_config' with the following arguments: {'ament_cmake_args': None, 'build_base': '/home/robot/debug_clear_ws/build/clearpath_config', 'catkin_cmake_args': None, 'catkin_skip_building_tests': False, 'cmake_args': None, 'cmake_clean_cache': False, 'cmake_clean_first': False, 'cmake_force_configure': False, 'cmake_target': None, 'cmake_target_skip_unavailable': False, 'install_base': '/home/robot/debug_clear_ws/install/clearpath_config', 'merge_install': False, 'path': '/home/robot/debug_clear_ws/src/clearpath_config', 'symlink_install': False, 'test_result_base': None}[0m
[0.244s] [34mcolcon.colcon_core.verb[0m [1;30mLevel 5[0m set package 'clearpath_control' build argument 'cmake_args' from command line to 'None'
[0.244s] [34mcolcon.colcon_core.verb[0m [1;30mLevel 5[0m set package 'clearpath_control' build argument 'cmake_target' from command line to 'None'
[0.244s] [34mcolcon.colcon_core.verb[0m [1;30mLevel 5[0m set package 'clearpath_control' build argument 'cmake_target_skip_unavailable' from command line to 'False'
[0.244s] [34mcolcon.colcon_core.verb[0m [1;30mLevel 5[0m set package 'clearpath_control' build argument 'cmake_clean_cache' from command line to 'False'
[0.244s] [34mcolcon.colcon_core.verb[0m [1;30mLevel 5[0m set package 'clearpath_control' build argument 'cmake_clean_first' from command line to 'False'
[0.244s] [34mcolcon.colcon_core.verb[0m [1;30mLevel 5[0m set package 'clearpath_control' build argument 'cmake_force_configure' from command line to 'False'
[0.244s] [34mcolcon.colcon_core.verb[0m [1;30mLevel 5[0m set package 'clearpath_control' build argument 'ament_cmake_args' from command line to 'None'
[0.244s] [34mcolcon.colcon_core.verb[0m [1;30mLevel 5[0m set package 'clearpath_control' build argument 'catkin_cmake_args' from command line to 'None'
[0.244s] [34mcolcon.colcon_core.verb[0m [1;30mLevel 5[0m set package 'clearpath_control' build argument 'catkin_skip_building_tests' from command line to 'False'
[0.244s] [34mcolcon.colcon_core.verb[0m [1;30mDEBUG[0m [32mBuilding package 'clearpath_control' with the following arguments: {'ament_cmake_args': None, 'build_base': '/home/robot/debug_clear_ws/build/clearpath_control', 'catkin_cmake_args': None, 'catkin_skip_building_tests': False, 'cmake_args': None, 'cmake_clean_cache': False, 'cmake_clean_first': False, 'cmake_force_configure': False, 'cmake_target': None, 'cmake_target_skip_unavailable': False, 'install_base': '/home/robot/debug_clear_ws/install/clearpath_control', 'merge_install': False, 'path': '/home/robot/debug_clear_ws/src/clearpath_common/clearpath_control', 'symlink_install': False, 'test_result_base': None}[0m
[0.244s] [34mcolcon.colcon_core.verb[0m [1;30mLevel 5[0m set package 'clearpath_customization' build argument 'cmake_args' from command line to 'None'
[0.244s] [34mcolcon.colcon_core.verb[0m [1;30mLevel 5[0m set package 'clearpath_customization' build argument 'cmake_target' from command line to 'None'
[0.244s] [34mcolcon.colcon_core.verb[0m [1;30mLevel 5[0m set package 'clearpath_customization' build argument 'cmake_target_skip_unavailable' from command line to 'False'
[0.244s] [34mcolcon.colcon_core.verb[0m [1;30mLevel 5[0m set package 'clearpath_customization' build argument 'cmake_clean_cache' from command line to 'False'
[0.244s] [34mcolcon.colcon_core.verb[0m [1;30mLevel 5[0m set package 'clearpath_customization' build argument 'cmake_clean_first' from command line to 'False'
[0.244s] [34mcolcon.colcon_core.verb[0m [1;30mLevel 5[0m set package 'clearpath_customization' build argument 'cmake_force_configure' from command line to 'False'
[0.244s] [34mcolcon.colcon_core.verb[0m [1;30mLevel 5[0m set package 'clearpath_customization' build argument 'ament_cmake_args' from command line to 'None'
[0.244s] [34mcolcon.colcon_core.verb[0m [1;30mLevel 5[0m set package 'clearpath_customization' build argument 'catkin_cmake_args' from command line to 'None'
[0.244s] [34mcolcon.colcon_core.verb[0m [1;30mLevel 5[0m set package 'clearpath_customization' build argument 'catkin_skip_building_tests' from command line to 'False'
[0.244s] [34mcolcon.colcon_core.verb[0m [1;30mDEBUG[0m [32mBuilding package 'clearpath_customization' with the following arguments: {'ament_cmake_args': None, 'build_base': '/home/robot/debug_clear_ws/build/clearpath_customization', 'catkin_cmake_args': None, 'catkin_skip_building_tests': False, 'cmake_args': None, 'cmake_clean_cache': False, 'cmake_clean_first': False, 'cmake_force_configure': False, 'cmake_target': None, 'cmake_target_skip_unavailable': False, 'install_base': '/home/robot/debug_clear_ws/install/clearpath_customization', 'merge_install': False, 'path': '/home/robot/debug_clear_ws/src/clearpath_common/clearpath_customization', 'symlink_install': False, 'test_result_base': None}[0m
[0.245s] [34mcolcon.colcon_core.verb[0m [1;30mLevel 5[0m set package 'clearpath_manipulators_description' build argument 'cmake_args' from command line to 'None'
[0.245s] [34mcolcon.colcon_core.verb[0m [1;30mLevel 5[0m set package 'clearpath_manipulators_description' build argument 'cmake_target' from command line to 'None'
[0.245s] [34mcolcon.colcon_core.verb[0m [1;30mLevel 5[0m set package 'clearpath_manipulators_description' build argument 'cmake_target_skip_unavailable' from command line to 'False'
[0.245s] [34mcolcon.colcon_core.verb[0m [1;30mLevel 5[0m set package 'clearpath_manipulators_description' build argument 'cmake_clean_cache' from command line to 'False'
[0.245s] [34mcolcon.colcon_core.verb[0m [1;30mLevel 5[0m set package 'clearpath_manipulators_description' build argument 'cmake_clean_first' from command line to 'False'
[0.245s] [34mcolcon.colcon_core.verb[0m [1;30mLevel 5[0m set package 'clearpath_manipulators_description' build argument 'cmake_force_configure' from command line to 'False'
[0.245s] [34mcolcon.colcon_core.verb[0m [1;30mLevel 5[0m set package 'clearpath_manipulators_description' build argument 'ament_cmake_args' from command line to 'None'
[0.245s] [34mcolcon.colcon_core.verb[0m [1;30mLevel 5[0m set package 'clearpath_manipulators_description' build argument 'catkin_cmake_args' from command line to 'None'
[0.245s] [34mcolcon.colcon_core.verb[0m [1;30mLevel 5[0m set package 'clearpath_manipulators_description' build argument 'catkin_skip_building_tests' from command line to 'False'
[0.245s] [34mcolcon.colcon_core.verb[0m [1;30mDEBUG[0m [32mBuilding package 'clearpath_manipulators_description' with the following arguments: {'ament_cmake_args': None, 'build_base': '/home/robot/debug_clear_ws/build/clearpath_manipulators_description', 'catkin_cmake_args': None, 'catkin_skip_building_tests': False, 'cmake_args': None, 'cmake_clean_cache': False, 'cmake_clean_first': False, 'cmake_force_configure': False, 'cmake_target': None, 'cmake_target_skip_unavailable': False, 'install_base': '/home/robot/debug_clear_ws/install/clearpath_manipulators_description', 'merge_install': False, 'path': '/home/robot/debug_clear_ws/src/clearpath_common/clearpath_manipulators_description', 'symlink_install': False, 'test_result_base': None}[0m
[0.245s] [34mcolcon.colcon_core.verb[0m [1;30mLevel 5[0m set package 'clearpath_mounts_description' build argument 'cmake_args' from command line to 'None'
[0.245s] [34mcolcon.colcon_core.verb[0m [1;30mLevel 5[0m set package 'clearpath_mounts_description' build argument 'cmake_target' from command line to 'None'
[0.245s] [34mcolcon.colcon_core.verb[0m [1;30mLevel 5[0m set package 'clearpath_mounts_description' build argument 'cmake_target_skip_unavailable' from command line to 'False'
[0.245s] [34mcolcon.colcon_core.verb[0m [1;30mLevel 5[0m set package 'clearpath_mounts_description' build argument 'cmake_clean_cache' from command line to 'False'
[0.245s] [34mcolcon.colcon_core.verb[0m [1;30mLevel 5[0m set package 'clearpath_mounts_description' build argument 'cmake_clean_first' from command line to 'False'
[0.245s] [34mcolcon.colcon_core.verb[0m [1;30mLevel 5[0m set package 'clearpath_mounts_description' build argument 'cmake_force_configure' from command line to 'False'
[0.245s] [34mcolcon.colcon_core.verb[0m [1;30mLevel 5[0m set package 'clearpath_mounts_description' build argument 'ament_cmake_args' from command line to 'None'
[0.245s] [34mcolcon.colcon_core.verb[0m [1;30mLevel 5[0m set package 'clearpath_mounts_description' build argument 'catkin_cmake_args' from command line to 'None'
[0.245s] [34mcolcon.colcon_core.verb[0m [1;30mLevel 5[0m set package 'clearpath_mounts_description' build argument 'catkin_skip_building_tests' from command line to 'False'
[0.245s] [34mcolcon.colcon_core.verb[0m [1;30mDEBUG[0m [32mBuilding package 'clearpath_mounts_description' with the following arguments: {'ament_cmake_args': None, 'build_base': '/home/robot/debug_clear_ws/build/clearpath_mounts_description', 'catkin_cmake_args': None, 'catkin_skip_building_tests': False, 'cmake_args': None, 'cmake_clean_cache': False, 'cmake_clean_first': False, 'cmake_force_configure': False, 'cmake_target': None, 'cmake_target_skip_unavailable': False, 'install_base': '/home/robot/debug_clear_ws/install/clearpath_mounts_description', 'merge_install': False, 'path': '/home/robot/debug_clear_ws/src/clearpath_common/clearpath_mounts_description', 'symlink_install': False, 'test_result_base': None}[0m
[0.246s] [34mcolcon.colcon_core.verb[0m [1;30mLevel 5[0m set package 'clearpath_platform_description' build argument 'cmake_args' from command line to 'None'
[0.246s] [34mcolcon.colcon_core.verb[0m [1;30mLevel 5[0m set package 'clearpath_platform_description' build argument 'cmake_target' from command line to 'None'
[0.246s] [34mcolcon.colcon_core.verb[0m [1;30mLevel 5[0m set package 'clearpath_platform_description' build argument 'cmake_target_skip_unavailable' from command line to 'False'
[0.246s] [34mcolcon.colcon_core.verb[0m [1;30mLevel 5[0m set package 'clearpath_platform_description' build argument 'cmake_clean_cache' from command line to 'False'
[0.246s] [34mcolcon.colcon_core.verb[0m [1;30mLevel 5[0m set package 'clearpath_platform_description' build argument 'cmake_clean_first' from command line to 'False'
[0.246s] [34mcolcon.colcon_core.verb[0m [1;30mLevel 5[0m set package 'clearpath_platform_description' build argument 'cmake_force_configure' from command line to 'False'
[0.246s] [34mcolcon.colcon_core.verb[0m [1;30mLevel 5[0m set package 'clearpath_platform_description' build argument 'ament_cmake_args' from command line to 'None'
[0.246s] [34mcolcon.colcon_core.verb[0m [1;30mLevel 5[0m set package 'clearpath_platform_description' build argument 'catkin_cmake_args' from command line to 'None'
[0.246s] [34mcolcon.colcon_core.verb[0m [1;30mLevel 5[0m set package 'clearpath_platform_description' build argument 'catkin_skip_building_tests' from command line to 'False'
[0.246s] [34mcolcon.colcon_core.verb[0m [1;30mDEBUG[0m [32mBuilding package 'clearpath_platform_description' with the following arguments: {'ament_cmake_args': None, 'build_base': '/home/robot/debug_clear_ws/build/clearpath_platform_description', 'catkin_cmake_args': None, 'catkin_skip_building_tests': False, 'cmake_args': None, 'cmake_clean_cache': False, 'cmake_clean_first': False, 'cmake_force_configure': False, 'cmake_target': None, 'cmake_target_skip_unavailable': False, 'install_base': '/home/robot/debug_clear_ws/install/clearpath_platform_description', 'merge_install': False, 'path': '/home/robot/debug_clear_ws/src/clearpath_common/clearpath_platform_description', 'symlink_install': False, 'test_result_base': None}[0m
[0.246s] [34mcolcon.colcon_core.verb[0m [1;30mLevel 5[0m set package 'clearpath_platform_msgs' build argument 'cmake_args' from command line to 'None'
[0.246s] [34mcolcon.colcon_core.verb[0m [1;30mLevel 5[0m set package 'clearpath_platform_msgs' build argument 'cmake_target' from command line to 'None'
[0.246s] [34mcolcon.colcon_core.verb[0m [1;30mLevel 5[0m set package 'clearpath_platform_msgs' build argument 'cmake_target_skip_unavailable' from command line to 'False'
[0.246s] [34mcolcon.colcon_core.verb[0m [1;30mLevel 5[0m set package 'clearpath_platform_msgs' build argument 'cmake_clean_cache' from command line to 'False'
[0.246s] [34mcolcon.colcon_core.verb[0m [1;30mLevel 5[0m set package 'clearpath_platform_msgs' build argument 'cmake_clean_first' from command line to 'False'
[0.246s] [34mcolcon.colcon_core.verb[0m [1;30mLevel 5[0m set package 'clearpath_platform_msgs' build argument 'cmake_force_configure' from command line to 'False'
[0.246s] [34mcolcon.colcon_core.verb[0m [1;30mLevel 5[0m set package 'clearpath_platform_msgs' build argument 'ament_cmake_args' from command line to 'None'
[0.246s] [34mcolcon.colcon_core.verb[0m [1;30mLevel 5[0m set package 'clearpath_platform_msgs' build argument 'catkin_cmake_args' from command line to 'None'
[0.246s] [34mcolcon.colcon_core.verb[0m [1;30mLevel 5[0m set package 'clearpath_platform_msgs' build argument 'catkin_skip_building_tests' from command line to 'False'
[0.246s] [34mcolcon.colcon_core.verb[0m [1;30mDEBUG[0m [32mBuilding package 'clearpath_platform_msgs' with the following arguments: {'ament_cmake_args': None, 'build_base': '/home/robot/debug_clear_ws/build/clearpath_platform_msgs', 'catkin_cmake_args': None, 'catkin_skip_building_tests': False, 'cmake_args': None, 'cmake_clean_cache': False, 'cmake_clean_first': False, 'cmake_force_configure': False, 'cmake_target': None, 'cmake_target_skip_unavailable': False, 'install_base': '/home/robot/debug_clear_ws/install/clearpath_platform_msgs', 'merge_install': False, 'path': '/home/robot/debug_clear_ws/src/clearpath_msgs/clearpath_platform_msgs', 'symlink_install': False, 'test_result_base': None}[0m
[0.247s] [34mcolcon.colcon_core.verb[0m [1;30mLevel 5[0m set package 'clearpath_sensors_description' build argument 'cmake_args' from command line to 'None'
[0.247s] [34mcolcon.colcon_core.verb[0m [1;30mLevel 5[0m set package 'clearpath_sensors_description' build argument 'cmake_target' from command line to 'None'
[0.247s] [34mcolcon.colcon_core.verb[0m [1;30mLevel 5[0m set package 'clearpath_sensors_description' build argument 'cmake_target_skip_unavailable' from command line to 'False'
[0.247s] [34mcolcon.colcon_core.verb[0m [1;30mLevel 5[0m set package 'clearpath_sensors_description' build argument 'cmake_clean_cache' from command line to 'False'
[0.247s] [34mcolcon.colcon_core.verb[0m [1;30mLevel 5[0m set package 'clearpath_sensors_description' build argument 'cmake_clean_first' from command line to 'False'
[0.247s] [34mcolcon.colcon_core.verb[0m [1;30mLevel 5[0m set package 'clearpath_sensors_description' build argument 'cmake_force_configure' from command line to 'False'
[0.247s] [34mcolcon.colcon_core.verb[0m [1;30mLevel 5[0m set package 'clearpath_sensors_description' build argument 'ament_cmake_args' from command line to 'None'
[0.247s] [34mcolcon.colcon_core.verb[0m [1;30mLevel 5[0m set package 'clearpath_sensors_description' build argument 'catkin_cmake_args' from command line to 'None'
[0.247s] [34mcolcon.colcon_core.verb[0m [1;30mLevel 5[0m set package 'clearpath_sensors_description' build argument 'catkin_skip_building_tests' from command line to 'False'
[0.247s] [34mcolcon.colcon_core.verb[0m [1;30mDEBUG[0m [32mBuilding package 'clearpath_sensors_description' with the following arguments: {'ament_cmake_args': None, 'build_base': '/home/robot/debug_clear_ws/build/clearpath_sensors_description', 'catkin_cmake_args': None, 'catkin_skip_building_tests': False, 'cmake_args': None, 'cmake_clean_cache': False, 'cmake_clean_first': False, 'cmake_force_configure': False, 'cmake_target': None, 'cmake_target_skip_unavailable': False, 'install_base': '/home/robot/debug_clear_ws/install/clearpath_sensors_description', 'merge_install': False, 'path': '/home/robot/debug_clear_ws/src/clearpath_common/clearpath_sensors_description', 'symlink_install': False, 'test_result_base': None}[0m
[0.247s] [34mcolcon.colcon_core.verb[0m [1;30mLevel 5[0m set package 'yolov8_msgs' build argument 'cmake_args' from command line to 'None'
[0.247s] [34mcolcon.colcon_core.verb[0m [1;30mLevel 5[0m set package 'yolov8_msgs' build argument 'cmake_target' from command line to 'None'
[0.247s] [34mcolcon.colcon_core.verb[0m [1;30mLevel 5[0m set package 'yolov8_msgs' build argument 'cmake_target_skip_unavailable' from command line to 'False'
[0.247s] [34mcolcon.colcon_core.verb[0m [1;30mLevel 5[0m set package 'yolov8_msgs' build argument 'cmake_clean_cache' from command line to 'False'
[0.247s] [34mcolcon.colcon_core.verb[0m [1;30mLevel 5[0m set package 'yolov8_msgs' build argument 'cmake_clean_first' from command line to 'False'
[0.247s] [34mcolcon.colcon_core.verb[0m [1;30mLevel 5[0m set package 'yolov8_msgs' build argument 'cmake_force_configure' from command line to 'False'
[0.247s] [34mcolcon.colcon_core.verb[0m [1;30mLevel 5[0m set package 'yolov8_msgs' build argument 'ament_cmake_args' from command line to 'None'
[0.247s] [34mcolcon.colcon_core.verb[0m [1;30mLevel 5[0m set package 'yolov8_msgs' build argument 'catkin_cmake_args' from command line to 'None'
[0.247s] [34mcolcon.colcon_core.verb[0m [1;30mLevel 5[0m set package 'yolov8_msgs' build argument 'catkin_skip_building_tests' from command line to 'False'
[0.247s] [34mcolcon.colcon_core.verb[0m [1;30mDEBUG[0m [32mBuilding package 'yolov8_msgs' with the following arguments: {'ament_cmake_args': None, 'build_base': '/home/robot/debug_clear_ws/build/yolov8_msgs', 'catkin_cmake_args': None, 'catkin_skip_building_tests': False, 'cmake_args': None, 'cmake_clean_cache': False, 'cmake_clean_first': False, 'cmake_force_configure': False, 'cmake_target': None, 'cmake_target_skip_unavailable': False, 'install_base': '/home/robot/debug_clear_ws/install/yolov8_msgs', 'merge_install': False, 'path': '/home/robot/debug_clear_ws/src/yolov8_ros/yolov8_msgs', 'symlink_install': False, 'test_result_base': None}[0m
[0.248s] [34mcolcon.colcon_core.verb[0m [1;30mLevel 5[0m set package 'clearpath_description' build argument 'cmake_args' from command line to 'None'
[0.248s] [34mcolcon.colcon_core.verb[0m [1;30mLevel 5[0m set package 'clearpath_description' build argument 'cmake_target' from command line to 'None'
[0.248s] [34mcolcon.colcon_core.verb[0m [1;30mLevel 5[0m set package 'clearpath_description' build argument 'cmake_target_skip_unavailable' from command line to 'False'
[0.248s] [34mcolcon.colcon_core.verb[0m [1;30mLevel 5[0m set package 'clearpath_description' build argument 'cmake_clean_cache' from command line to 'False'
[0.248s] [34mcolcon.colcon_core.verb[0m [1;30mLevel 5[0m set package 'clearpath_description' build argument 'cmake_clean_first' from command line to 'False'
[0.248s] [34mcolcon.colcon_core.verb[0m [1;30mLevel 5[0m set package 'clearpath_description' build argument 'cmake_force_configure' from command line to 'False'
[0.248s] [34mcolcon.colcon_core.verb[0m [1;30mLevel 5[0m set package 'clearpath_description' build argument 'ament_cmake_args' from command line to 'None'
[0.248s] [34mcolcon.colcon_core.verb[0m [1;30mLevel 5[0m set package 'clearpath_description' build argument 'catkin_cmake_args' from command line to 'None'
[0.248s] [34mcolcon.colcon_core.verb[0m [1;30mLevel 5[0m set package 'clearpath_description' build argument 'catkin_skip_building_tests' from command line to 'False'
[0.248s] [34mcolcon.colcon_core.verb[0m [1;30mDEBUG[0m [32mBuilding package 'clearpath_description' with the following arguments: {'ament_cmake_args': None, 'build_base': '/home/robot/debug_clear_ws/build/clearpath_description', 'catkin_cmake_args': None, 'catkin_skip_building_tests': False, 'cmake_args': None, 'cmake_clean_cache': False, 'cmake_clean_first': False, 'cmake_force_configure': False, 'cmake_target': None, 'cmake_target_skip_unavailable': False, 'install_base': '/home/robot/debug_clear_ws/install/clearpath_description', 'merge_install': False, 'path': '/home/robot/debug_clear_ws/src/clearpath_common/clearpath_description', 'symlink_install': False, 'test_result_base': None}[0m
[0.248s] [34mcolcon.colcon_core.verb[0m [1;30mLevel 5[0m set package 'clearpath_manipulators' build argument 'cmake_args' from command line to 'None'
[0.248s] [34mcolcon.colcon_core.verb[0m [1;30mLevel 5[0m set package 'clearpath_manipulators' build argument 'cmake_target' from command line to 'None'
[0.248s] [34mcolcon.colcon_core.verb[0m [1;30mLevel 5[0m set package 'clearpath_manipulators' build argument 'cmake_target_skip_unavailable' from command line to 'False'
[0.248s] [34mcolcon.colcon_core.verb[0m [1;30mLevel 5[0m set package 'clearpath_manipulators' build argument 'cmake_clean_cache' from command line to 'False'
[0.248s] [34mcolcon.colcon_core.verb[0m [1;30mLevel 5[0m set package 'clearpath_manipulators' build argument 'cmake_clean_first' from command line to 'False'
[0.248s] [34mcolcon.colcon_core.verb[0m [1;30mLevel 5[0m set package 'clearpath_manipulators' build argument 'cmake_force_configure' from command line to 'False'
[0.248s] [34mcolcon.colcon_core.verb[0m [1;30mLevel 5[0m set package 'clearpath_manipulators' build argument 'ament_cmake_args' from command line to 'None'
[0.248s] [34mcolcon.colcon_core.verb[0m [1;30mLevel 5[0m set package 'clearpath_manipulators' build argument 'catkin_cmake_args' from command line to 'None'
[0.248s] [34mcolcon.colcon_core.verb[0m [1;30mLevel 5[0m set package 'clearpath_manipulators' build argument 'catkin_skip_building_tests' from command line to 'False'
[0.248s] [34mcolcon.colcon_core.verb[0m [1;30mDEBUG[0m [32mBuilding package 'clearpath_manipulators' with the following arguments: {'ament_cmake_args': None, 'build_base': '/home/robot/debug_clear_ws/build/clearpath_manipulators', 'catkin_cmake_args': None, 'catkin_skip_building_tests': False, 'cmake_args': None, 'cmake_clean_cache': False, 'cmake_clean_first': False, 'cmake_force_configure': False, 'cmake_target': None, 'cmake_target_skip_unavailable': False, 'install_base': '/home/robot/debug_clear_ws/install/clearpath_manipulators', 'merge_install': False, 'path': '/home/robot/debug_clear_ws/src/clearpath_common/clearpath_manipulators', 'symlink_install': False, 'test_result_base': None}[0m
[0.249s] [34mcolcon.colcon_core.verb[0m [1;30mLevel 5[0m set package 'clearpath_msgs' build argument 'cmake_args' from command line to 'None'
[0.249s] [34mcolcon.colcon_core.verb[0m [1;30mLevel 5[0m set package 'clearpath_msgs' build argument 'cmake_target' from command line to 'None'
[0.249s] [34mcolcon.colcon_core.verb[0m [1;30mLevel 5[0m set package 'clearpath_msgs' build argument 'cmake_target_skip_unavailable' from command line to 'False'
[0.249s] [34mcolcon.colcon_core.verb[0m [1;30mLevel 5[0m set package 'clearpath_msgs' build argument 'cmake_clean_cache' from command line to 'False'
[0.249s] [34mcolcon.colcon_core.verb[0m [1;30mLevel 5[0m set package 'clearpath_msgs' build argument 'cmake_clean_first' from command line to 'False'
[0.249s] [34mcolcon.colcon_core.verb[0m [1;30mLevel 5[0m set package 'clearpath_msgs' build argument 'cmake_force_configure' from command line to 'False'
[0.249s] [34mcolcon.colcon_core.verb[0m [1;30mLevel 5[0m set package 'clearpath_msgs' build argument 'ament_cmake_args' from command line to 'None'
[0.249s] [34mcolcon.colcon_core.verb[0m [1;30mLevel 5[0m set package 'clearpath_msgs' build argument 'catkin_cmake_args' from command line to 'None'
[0.249s] [34mcolcon.colcon_core.verb[0m [1;30mLevel 5[0m set package 'clearpath_msgs' build argument 'catkin_skip_building_tests' from command line to 'False'
[0.249s] [34mcolcon.colcon_core.verb[0m [1;30mDEBUG[0m [32mBuilding package 'clearpath_msgs' with the following arguments: {'ament_cmake_args': None, 'build_base': '/home/robot/debug_clear_ws/build/clearpath_msgs', 'catkin_cmake_args': None, 'catkin_skip_building_tests': False, 'cmake_args': None, 'cmake_clean_cache': False, 'cmake_clean_first': False, 'cmake_force_configure': False, 'cmake_target': None, 'cmake_target_skip_unavailable': False, 'install_base': '/home/robot/debug_clear_ws/install/clearpath_msgs', 'merge_install': False, 'path': '/home/robot/debug_clear_ws/src/clearpath_msgs/clearpath_msgs', 'symlink_install': False, 'test_result_base': None}[0m
[0.249s] [34mcolcon.colcon_core.verb[0m [1;30mLevel 5[0m set package 'clearpath_platform' build argument 'cmake_args' from command line to 'None'
[0.249s] [34mcolcon.colcon_core.verb[0m [1;30mLevel 5[0m set package 'clearpath_platform' build argument 'cmake_target' from command line to 'None'
[0.249s] [34mcolcon.colcon_core.verb[0m [1;30mLevel 5[0m set package 'clearpath_platform' build argument 'cmake_target_skip_unavailable' from command line to 'False'
[0.249s] [34mcolcon.colcon_core.verb[0m [1;30mLevel 5[0m set package 'clearpath_platform' build argument 'cmake_clean_cache' from command line to 'False'
[0.249s] [34mcolcon.colcon_core.verb[0m [1;30mLevel 5[0m set package 'clearpath_platform' build argument 'cmake_clean_first' from command line to 'False'
[0.249s] [34mcolcon.colcon_core.verb[0m [1;30mLevel 5[0m set package 'clearpath_platform' build argument 'cmake_force_configure' from command line to 'False'
[0.249s] [34mcolcon.colcon_core.verb[0m [1;30mLevel 5[0m set package 'clearpath_platform' build argument 'ament_cmake_args' from command line to 'None'
[0.249s] [34mcolcon.colcon_core.verb[0m [1;30mLevel 5[0m set package 'clearpath_platform' build argument 'catkin_cmake_args' from command line to 'None'
[0.249s] [34mcolcon.colcon_core.verb[0m [1;30mLevel 5[0m set package 'clearpath_platform' build argument 'catkin_skip_building_tests' from command line to 'False'
[0.249s] [34mcolcon.colcon_core.verb[0m [1;30mDEBUG[0m [32mBuilding package 'clearpath_platform' with the following arguments: {'ament_cmake_args': None, 'build_base': '/home/robot/debug_clear_ws/build/clearpath_platform', 'catkin_cmake_args': None, 'catkin_skip_building_tests': False, 'cmake_args': None, 'cmake_clean_cache': False, 'cmake_clean_first': False, 'cmake_force_configure': False, 'cmake_target': None, 'cmake_target_skip_unavailable': False, 'install_base': '/home/robot/debug_clear_ws/install/clearpath_platform', 'merge_install': False, 'path': '/home/robot/debug_clear_ws/src/clearpath_common/clearpath_platform', 'symlink_install': False, 'test_result_base': None}[0m
[0.250s] [34mcolcon.colcon_core.verb[0m [1;30mLevel 5[0m set package 'yolov8_ros' build argument 'cmake_args' from command line to 'None'
[0.250s] [34mcolcon.colcon_core.verb[0m [1;30mLevel 5[0m set package 'yolov8_ros' build argument 'cmake_target' from command line to 'None'
[0.250s] [34mcolcon.colcon_core.verb[0m [1;30mLevel 5[0m set package 'yolov8_ros' build argument 'cmake_target_skip_unavailable' from command line to 'False'
[0.250s] [34mcolcon.colcon_core.verb[0m [1;30mLevel 5[0m set package 'yolov8_ros' build argument 'cmake_clean_cache' from command line to 'False'
[0.250s] [34mcolcon.colcon_core.verb[0m [1;30mLevel 5[0m set package 'yolov8_ros' build argument 'cmake_clean_first' from command line to 'False'
[0.250s] [34mcolcon.colcon_core.verb[0m [1;30mLevel 5[0m set package 'yolov8_ros' build argument 'cmake_force_configure' from command line to 'False'
[0.250s] [34mcolcon.colcon_core.verb[0m [1;30mLevel 5[0m set package 'yolov8_ros' build argument 'ament_cmake_args' from command line to 'None'
[0.250s] [34mcolcon.colcon_core.verb[0m [1;30mLevel 5[0m set package 'yolov8_ros' build argument 'catkin_cmake_args' from command line to 'None'
[0.250s] [34mcolcon.colcon_core.verb[0m [1;30mLevel 5[0m set package 'yolov8_ros' build argument 'catkin_skip_building_tests' from command line to 'False'
[0.250s] [34mcolcon.colcon_core.verb[0m [1;30mDEBUG[0m [32mBuilding package 'yolov8_ros' with the following arguments: {'ament_cmake_args': None, 'build_base': '/home/robot/debug_clear_ws/build/yolov8_ros', 'catkin_cmake_args': None, 'catkin_skip_building_tests': False, 'cmake_args': None, 'cmake_clean_cache': False, 'cmake_clean_first': False, 'cmake_force_configure': False, 'cmake_target': None, 'cmake_target_skip_unavailable': False, 'install_base': '/home/robot/debug_clear_ws/install/yolov8_ros', 'merge_install': False, 'path': '/home/robot/debug_clear_ws/src/yolov8_ros/yolov8_ros', 'symlink_install': False, 'test_result_base': None}[0m
[0.250s] [34mcolcon.colcon_core.verb[0m [1;30mLevel 5[0m set package 'clearpath_generator_common' build argument 'cmake_args' from command line to 'None'
[0.250s] [34mcolcon.colcon_core.verb[0m [1;30mLevel 5[0m set package 'clearpath_generator_common' build argument 'cmake_target' from command line to 'None'
[0.250s] [34mcolcon.colcon_core.verb[0m [1;30mLevel 5[0m set package 'clearpath_generator_common' build argument 'cmake_target_skip_unavailable' from command line to 'False'
[0.250s] [34mcolcon.colcon_core.verb[0m [1;30mLevel 5[0m set package 'clearpath_generator_common' build argument 'cmake_clean_cache' from command line to 'False'
[0.250s] [34mcolcon.colcon_core.verb[0m [1;30mLevel 5[0m set package 'clearpath_generator_common' build argument 'cmake_clean_first' from command line to 'False'
[0.250s] [34mcolcon.colcon_core.verb[0m [1;30mLevel 5[0m set package 'clearpath_generator_common' build argument 'cmake_force_configure' from command line to 'False'
[0.250s] [34mcolcon.colcon_core.verb[0m [1;30mLevel 5[0m set package 'clearpath_generator_common' build argument 'ament_cmake_args' from command line to 'None'
[0.250s] [34mcolcon.colcon_core.verb[0m [1;30mLevel 5[0m set package 'clearpath_generator_common' build argument 'catkin_cmake_args' from command line to 'None'
[0.250s] [34mcolcon.colcon_core.verb[0m [1;30mLevel 5[0m set package 'clearpath_generator_common' build argument 'catkin_skip_building_tests' from command line to 'False'
[0.250s] [34mcolcon.colcon_core.verb[0m [1;30mDEBUG[0m [32mBuilding package 'clearpath_generator_common' with the following arguments: {'ament_cmake_args': None, 'build_base': '/home/robot/debug_clear_ws/build/clearpath_generator_common', 'catkin_cmake_args': None, 'catkin_skip_building_tests': False, 'cmake_args': None, 'cmake_clean_cache': False, 'cmake_clean_first': False, 'cmake_force_configure': False, 'cmake_target': None, 'cmake_target_skip_unavailable': False, 'install_base': '/home/robot/debug_clear_ws/install/clearpath_generator_common', 'merge_install': False, 'path': '/home/robot/debug_clear_ws/src/clearpath_common/clearpath_generator_common', 'symlink_install': False, 'test_result_base': None}[0m
[0.251s] [34mcolcon.colcon_core.verb[0m [1;30mLevel 5[0m set package 'yolov8_bringup' build argument 'cmake_args' from command line to 'None'
[0.251s] [34mcolcon.colcon_core.verb[0m [1;30mLevel 5[0m set package 'yolov8_bringup' build argument 'cmake_target' from command line to 'None'
[0.251s] [34mcolcon.colcon_core.verb[0m [1;30mLevel 5[0m set package 'yolov8_bringup' build argument 'cmake_target_skip_unavailable' from command line to 'False'
[0.251s] [34mcolcon.colcon_core.verb[0m [1;30mLevel 5[0m set package 'yolov8_bringup' build argument 'cmake_clean_cache' from command line to 'False'
[0.251s] [34mcolcon.colcon_core.verb[0m [1;30mLevel 5[0m set package 'yolov8_bringup' build argument 'cmake_clean_first' from command line to 'False'
[0.251s] [34mcolcon.colcon_core.verb[0m [1;30mLevel 5[0m set package 'yolov8_bringup' build argument 'cmake_force_configure' from command line to 'False'
[0.251s] [34mcolcon.colcon_core.verb[0m [1;30mLevel 5[0m set package 'yolov8_bringup' build argument 'ament_cmake_args' from command line to 'None'
[0.251s] [34mcolcon.colcon_core.verb[0m [1;30mLevel 5[0m set package 'yolov8_bringup' build argument 'catkin_cmake_args' from command line to 'None'
[0.251s] [34mcolcon.colcon_core.verb[0m [1;30mLevel 5[0m set package 'yolov8_bringup' build argument 'catkin_skip_building_tests' from command line to 'False'
[0.251s] [34mcolcon.colcon_core.verb[0m [1;30mDEBUG[0m [32mBuilding package 'yolov8_bringup' with the following arguments: {'ament_cmake_args': None, 'build_base': '/home/robot/debug_clear_ws/build/yolov8_bringup', 'catkin_cmake_args': None, 'catkin_skip_building_tests': False, 'cmake_args': None, 'cmake_clean_cache': False, 'cmake_clean_first': False, 'cmake_force_configure': False, 'cmake_target': None, 'cmake_target_skip_unavailable': False, 'install_base': '/home/robot/debug_clear_ws/install/yolov8_bringup', 'merge_install': False, 'path': '/home/robot/debug_clear_ws/src/yolov8_ros/yolov8_bringup', 'symlink_install': False, 'test_result_base': None}[0m
[0.251s] [34mcolcon.colcon_core.verb[0m [1;30mLevel 5[0m set package 'clearpath_common' build argument 'cmake_args' from command line to 'None'
[0.251s] [34mcolcon.colcon_core.verb[0m [1;30mLevel 5[0m set package 'clearpath_common' build argument 'cmake_target' from command line to 'None'
[0.251s] [34mcolcon.colcon_core.verb[0m [1;30mLevel 5[0m set package 'clearpath_common' build argument 'cmake_target_skip_unavailable' from command line to 'False'
[0.251s] [34mcolcon.colcon_core.verb[0m [1;30mLevel 5[0m set package 'clearpath_common' build argument 'cmake_clean_cache' from command line to 'False'
[0.251s] [34mcolcon.colcon_core.verb[0m [1;30mLevel 5[0m set package 'clearpath_common' build argument 'cmake_clean_first' from command line to 'False'
[0.251s] [34mcolcon.colcon_core.verb[0m [1;30mLevel 5[0m set package 'clearpath_common' build argument 'cmake_force_configure' from command line to 'False'
[0.251s] [34mcolcon.colcon_core.verb[0m [1;30mLevel 5[0m set package 'clearpath_common' build argument 'ament_cmake_args' from command line to 'None'
[0.251s] [34mcolcon.colcon_core.verb[0m [1;30mLevel 5[0m set package 'clearpath_common' build argument 'catkin_cmake_args' from command line to 'None'
[0.251s] [34mcolcon.colcon_core.verb[0m [1;30mLevel 5[0m set package 'clearpath_common' build argument 'catkin_skip_building_tests' from command line to 'False'
[0.251s] [34mcolcon.colcon_core.verb[0m [1;30mDEBUG[0m [32mBuilding package 'clearpath_common' with the following arguments: {'ament_cmake_args': None, 'build_base': '/home/robot/debug_clear_ws/build/clearpath_common', 'catkin_cmake_args': None, 'catkin_skip_building_tests': False, 'cmake_args': None, 'cmake_clean_cache': False, 'cmake_clean_first': False, 'cmake_force_configure': False, 'cmake_target': None, 'cmake_target_skip_unavailable': False, 'install_base': '/home/robot/debug_clear_ws/install/clearpath_common', 'merge_install': False, 'path': '/home/robot/debug_clear_ws/src/clearpath_common/clearpath_common', 'symlink_install': False, 'test_result_base': None}[0m
[0.252s] [34mcolcon.colcon_core.verb[0m [1;30mLevel 5[0m set package 'clearpath_generator_gz' build argument 'cmake_args' from command line to 'None'
[0.252s] [34mcolcon.colcon_core.verb[0m [1;30mLevel 5[0m set package 'clearpath_generator_gz' build argument 'cmake_target' from command line to 'None'
[0.252s] [34mcolcon.colcon_core.verb[0m [1;30mLevel 5[0m set package 'clearpath_generator_gz' build argument 'cmake_target_skip_unavailable' from command line to 'False'
[0.252s] [34mcolcon.colcon_core.verb[0m [1;30mLevel 5[0m set package 'clearpath_generator_gz' build argument 'cmake_clean_cache' from command line to 'False'
[0.252s] [34mcolcon.colcon_core.verb[0m [1;30mLevel 5[0m set package 'clearpath_generator_gz' build argument 'cmake_clean_first' from command line to 'False'
[0.252s] [34mcolcon.colcon_core.verb[0m [1;30mLevel 5[0m set package 'clearpath_generator_gz' build argument 'cmake_force_configure' from command line to 'False'
[0.252s] [34mcolcon.colcon_core.verb[0m [1;30mLevel 5[0m set package 'clearpath_generator_gz' build argument 'ament_cmake_args' from command line to 'None'
[0.252s] [34mcolcon.colcon_core.verb[0m [1;30mLevel 5[0m set package 'clearpath_generator_gz' build argument 'catkin_cmake_args' from command line to 'None'
[0.252s] [34mcolcon.colcon_core.verb[0m [1;30mLevel 5[0m set package 'clearpath_generator_gz' build argument 'catkin_skip_building_tests' from command line to 'False'
[0.252s] [34mcolcon.colcon_core.verb[0m [1;30mDEBUG[0m [32mBuilding package 'clearpath_generator_gz' with the following arguments: {'ament_cmake_args': None, 'build_base': '/home/robot/debug_clear_ws/build/clearpath_generator_gz', 'catkin_cmake_args': None, 'catkin_skip_building_tests': False, 'cmake_args': None, 'cmake_clean_cache': False, 'cmake_clean_first': False, 'cmake_force_configure': False, 'cmake_target': None, 'cmake_target_skip_unavailable': False, 'install_base': '/home/robot/debug_clear_ws/install/clearpath_generator_gz', 'merge_install': False, 'path': '/home/robot/debug_clear_ws/src/clearpath_simulator/clearpath_generator_gz', 'symlink_install': False, 'test_result_base': None}[0m
[0.252s] [34mcolcon.colcon_core.verb[0m [1;30mLevel 5[0m set package 'clearpath_gz' build argument 'cmake_args' from command line to 'None'
[0.252s] [34mcolcon.colcon_core.verb[0m [1;30mLevel 5[0m set package 'clearpath_gz' build argument 'cmake_target' from command line to 'None'
[0.252s] [34mcolcon.colcon_core.verb[0m [1;30mLevel 5[0m set package 'clearpath_gz' build argument 'cmake_target_skip_unavailable' from command line to 'False'
[0.252s] [34mcolcon.colcon_core.verb[0m [1;30mLevel 5[0m set package 'clearpath_gz' build argument 'cmake_clean_cache' from command line to 'False'
[0.252s] [34mcolcon.colcon_core.verb[0m [1;30mLevel 5[0m set package 'clearpath_gz' build argument 'cmake_clean_first' from command line to 'False'
[0.252s] [34mcolcon.colcon_core.verb[0m [1;30mLevel 5[0m set package 'clearpath_gz' build argument 'cmake_force_configure' from command line to 'False'
[0.252s] [34mcolcon.colcon_core.verb[0m [1;30mLevel 5[0m set package 'clearpath_gz' build argument 'ament_cmake_args' from command line to 'None'
[0.252s] [34mcolcon.colcon_core.verb[0m [1;30mLevel 5[0m set package 'clearpath_gz' build argument 'catkin_cmake_args' from command line to 'None'
[0.252s] [34mcolcon.colcon_core.verb[0m [1;30mLevel 5[0m set package 'clearpath_gz' build argument 'catkin_skip_building_tests' from command line to 'False'
[0.252s] [34mcolcon.colcon_core.verb[0m [1;30mDEBUG[0m [32mBuilding package 'clearpath_gz' with the following arguments: {'ament_cmake_args': None, 'build_base': '/home/robot/debug_clear_ws/build/clearpath_gz', 'catkin_cmake_args': None, 'catkin_skip_building_tests': False, 'cmake_args': None, 'cmake_clean_cache': False, 'cmake_clean_first': False, 'cmake_force_configure': False, 'cmake_target': None, 'cmake_target_skip_unavailable': False, 'install_base': '/home/robot/debug_clear_ws/install/clearpath_gz', 'merge_install': False, 'path': '/home/robot/debug_clear_ws/src/clearpath_simulator/clearpath_gz', 'symlink_install': False, 'test_result_base': None}[0m
[0.253s] [34mcolcon.colcon_core.verb[0m [1;30mLevel 5[0m set package 'clearpath_simulator' build argument 'cmake_args' from command line to 'None'
[0.253s] [34mcolcon.colcon_core.verb[0m [1;30mLevel 5[0m set package 'clearpath_simulator' build argument 'cmake_target' from command line to 'None'
[0.253s] [34mcolcon.colcon_core.verb[0m [1;30mLevel 5[0m set package 'clearpath_simulator' build argument 'cmake_target_skip_unavailable' from command line to 'False'
[0.253s] [34mcolcon.colcon_core.verb[0m [1;30mLevel 5[0m set package 'clearpath_simulator' build argument 'cmake_clean_cache' from command line to 'False'
[0.253s] [34mcolcon.colcon_core.verb[0m [1;30mLevel 5[0m set package 'clearpath_simulator' build argument 'cmake_clean_first' from command line to 'False'
[0.253s] [34mcolcon.colcon_core.verb[0m [1;30mLevel 5[0m set package 'clearpath_simulator' build argument 'cmake_force_configure' from command line to 'False'
[0.253s] [34mcolcon.colcon_core.verb[0m [1;30mLevel 5[0m set package 'clearpath_simulator' build argument 'ament_cmake_args' from command line to 'None'
[0.253s] [34mcolcon.colcon_core.verb[0m [1;30mLevel 5[0m set package 'clearpath_simulator' build argument 'catkin_cmake_args' from command line to 'None'
[0.253s] [34mcolcon.colcon_core.verb[0m [1;30mLevel 5[0m set package 'clearpath_simulator' build argument 'catkin_skip_building_tests' from command line to 'False'
[0.253s] [34mcolcon.colcon_core.verb[0m [1;30mDEBUG[0m [32mBuilding package 'clearpath_simulator' with the following arguments: {'ament_cmake_args': None, 'build_base': '/home/robot/debug_clear_ws/build/clearpath_simulator', 'catkin_cmake_args': None, 'catkin_skip_building_tests': False, 'cmake_args': None, 'cmake_clean_cache': False, 'cmake_clean_first': False, 'cmake_force_configure': False, 'cmake_target': None, 'cmake_target_skip_unavailable': False, 'install_base': '/home/robot/debug_clear_ws/install/clearpath_simulator', 'merge_install': False, 'path': '/home/robot/debug_clear_ws/src/clearpath_simulator/clearpath_simulator', 'symlink_install': False, 'test_result_base': None}[0m
[0.253s] [34mcolcon.colcon_core.executor[0m [1;30mINFO[0m Executing jobs using 'parallel' executor
[0.254s] [34mcolcon.colcon_parallel_executor.executor.parallel[0m [1;30mDEBUG[0m [32mrun_until_complete[0m
[0.254s] [34mcolcon.colcon_ros.task.ament_cmake.build[0m [1;30mINFO[0m Building ROS package in '/home/robot/debug_clear_ws/src/clearpath_common/clearpath_manipulators_description' with build type 'ament_cmake'
[0.254s] [34mcolcon.colcon_cmake.task.cmake.build[0m [1;30mINFO[0m Building CMake package in '/home/robot/debug_clear_ws/src/clearpath_common/clearpath_manipulators_description'
[0.257s] [34mcolcon.colcon_core.plugin_system[0m [1;30mINFO[0m Skipping extension 'colcon_core.shell.bat': Not used on non-Windows systems
[0.257s] [34mcolcon.colcon_core.shell[0m [1;30mINFO[0m Skip shell extension 'powershell' for command environment: Not usable outside of PowerShell
[0.257s] [34mcolcon.colcon_core.shell[0m [1;30mDEBUG[0m [32mSkip shell extension 'dsv' for command environment[0m
[0.261s] [34mcolcon.colcon_ros.task.ament_cmake.build[0m [1;30mINFO[0m Building ROS package in '/home/robot/debug_clear_ws/src/clearpath_common/clearpath_platform_description' with build type 'ament_cmake'
[0.261s] [34mcolcon.colcon_cmake.task.cmake.build[0m [1;30mINFO[0m Building CMake package in '/home/robot/debug_clear_ws/src/clearpath_common/clearpath_platform_description'
[0.261s] [34mcolcon.colcon_core.shell[0m [1;30mINFO[0m Skip shell extension 'powershell' for command environment: Not usable outside of PowerShell
[0.261s] [34mcolcon.colcon_core.shell[0m [1;30mDEBUG[0m [32mSkip shell extension 'dsv' for command environment[0m
[0.265s] [34mcolcon.colcon_ros.task.ament_cmake.build[0m [1;30mINFO[0m Building ROS package in '/home/robot/debug_clear_ws/src/clearpath_msgs/clearpath_platform_msgs' with build type 'ament_cmake'
[0.265s] [34mcolcon.colcon_cmake.task.cmake.build[0m [1;30mINFO[0m Building CMake package in '/home/robot/debug_clear_ws/src/clearpath_msgs/clearpath_platform_msgs'
[0.265s] [34mcolcon.colcon_core.shell[0m [1;30mINFO[0m Skip shell extension 'powershell' for command environment: Not usable outside of PowerShell
[0.266s] [34mcolcon.colcon_core.shell[0m [1;30mDEBUG[0m [32mSkip shell extension 'dsv' for command environment[0m
[0.270s] [34mcolcon.colcon_ros.task.ament_cmake.build[0m [1;30mINFO[0m Building ROS package in '/home/robot/debug_clear_ws/src/clearpath_common/clearpath_control' with build type 'ament_cmake'
[0.270s] [34mcolcon.colcon_cmake.task.cmake.build[0m [1;30mINFO[0m Building CMake package in '/home/robot/debug_clear_ws/src/clearpath_common/clearpath_control'
[0.270s] [34mcolcon.colcon_core.shell[0m [1;30mINFO[0m Skip shell extension 'powershell' for command environment: Not usable outside of PowerShell
[0.270s] [34mcolcon.colcon_core.shell[0m [1;30mDEBUG[0m [32mSkip shell extension 'dsv' for command environment[0m
[0.275s] [34mcolcon.colcon_ros.task.ament_cmake.build[0m [1;30mINFO[0m Building ROS package in '/home/robot/debug_clear_ws/src/clearpath_common/clearpath_mounts_description' with build type 'ament_cmake'
[0.276s] [34mcolcon.colcon_cmake.task.cmake.build[0m [1;30mINFO[0m Building CMake package in '/home/robot/debug_clear_ws/src/clearpath_common/clearpath_mounts_description'
[0.276s] [34mcolcon.colcon_core.shell[0m [1;30mINFO[0m Skip shell extension 'powershell' for command environment: Not usable outside of PowerShell
[0.276s] [34mcolcon.colcon_core.shell[0m [1;30mDEBUG[0m [32mSkip shell extension 'dsv' for command environment[0m
[0.282s] [34mcolcon.colcon_ros.task.ament_cmake.build[0m [1;30mINFO[0m Building ROS package in '/home/robot/debug_clear_ws/src/clearpath_common/clearpath_sensors_description' with build type 'ament_cmake'
[0.282s] [34mcolcon.colcon_cmake.task.cmake.build[0m [1;30mINFO[0m Building CMake package in '/home/robot/debug_clear_ws/src/clearpath_common/clearpath_sensors_description'
[0.282s] [34mcolcon.colcon_core.shell[0m [1;30mINFO[0m Skip shell extension 'powershell' for command environment: Not usable outside of PowerShell
[0.282s] [34mcolcon.colcon_core.shell[0m [1;30mDEBUG[0m [32mSkip shell extension 'dsv' for command environment[0m
[0.287s] [34mcolcon.colcon_ros.task.ament_python.build[0m [1;30mINFO[0m Building ROS package in '/home/robot/debug_clear_ws/src/clearpath_config' with build type 'ament_python'
[0.287s] [34mcolcon.colcon_core.shell[0m [1;30mLevel 1[0m create_environment_hook('clearpath_config', 'ament_prefix_path')
[0.287s] [34mcolcon.colcon_core.shell[0m [1;30mINFO[0m Creating environment hook '/home/robot/debug_clear_ws/install/clearpath_config/share/clearpath_config/hook/ament_prefix_path.ps1'
[0.288s] [34mcolcon.colcon_core.shell[0m [1;30mINFO[0m Creating environment descriptor '/home/robot/debug_clear_ws/install/clearpath_config/share/clearpath_config/hook/ament_prefix_path.dsv'
[0.288s] [34mcolcon.colcon_core.shell[0m [1;30mINFO[0m Creating environment hook '/home/robot/debug_clear_ws/install/clearpath_config/share/clearpath_config/hook/ament_prefix_path.sh'
[0.289s] [34mcolcon.colcon_core.shell[0m [1;30mINFO[0m Skip shell extension 'powershell' for command environment: Not usable outside of PowerShell
[0.289s] [34mcolcon.colcon_core.shell[0m [1;30mDEBUG[0m [32mSkip shell extension 'dsv' for command environment[0m
[0.295s] [34mcolcon.colcon_ros.task.ament_cmake.build[0m [1;30mINFO[0m Building ROS package in '/home/robot/debug_clear_ws/src/yolov8_ros/yolov8_msgs' with build type 'ament_cmake'
[0.295s] [34mcolcon.colcon_cmake.task.cmake.build[0m [1;30mINFO[0m Building CMake package in '/home/robot/debug_clear_ws/src/yolov8_ros/yolov8_msgs'
[0.296s] [34mcolcon.colcon_core.shell[0m [1;30mINFO[0m Skip shell extension 'powershell' for command environment: Not usable outside of PowerShell
[0.296s] [34mcolcon.colcon_core.shell[0m [1;30mDEBUG[0m [32mSkip shell extension 'dsv' for command environment[0m
[0.300s] [34mcolcon.colcon_ros.task.ament_cmake.build[0m [1;30mINFO[0m Building ROS package in '/home/robot/debug_clear_ws/src/clearpath_common/clearpath_customization' with build type 'ament_cmake'
[0.300s] [34mcolcon.colcon_cmake.task.cmake.build[0m [1;30mINFO[0m Building CMake package in '/home/robot/debug_clear_ws/src/clearpath_common/clearpath_customization'
[0.300s] [34mcolcon.colcon_core.shell[0m [1;30mINFO[0m Skip shell extension 'powershell' for command environment: Not usable outside of PowerShell
[0.300s] [34mcolcon.colcon_core.shell[0m [1;30mDEBUG[0m [32mSkip shell extension 'dsv' for command environment[0m
[0.316s] [34mcolcon.colcon_core.event_handler.log_command[0m [1;30mDEBUG[0m [32mInvoking command in '/home/robot/debug_clear_ws/build/clearpath_manipulators_description': CMAKE_PREFIX_PATH=${CMAKE_PREFIX_PATH}:/home/robot/debug_clear_ws/install/clearpath_config:/opt/ros/humble /usr/bin/cmake --build /home/robot/debug_clear_ws/build/clearpath_manipulators_description -- -j12 -l12[0m
[0.319s] [34mcolcon.colcon_core.event_handler.log_command[0m [1;30mDEBUG[0m [32mInvoking command in '/home/robot/debug_clear_ws/build/clearpath_platform_description': CMAKE_PREFIX_PATH=${CMAKE_PREFIX_PATH}:/home/robot/debug_clear_ws/install/clearpath_config:/opt/ros/humble /usr/bin/cmake --build /home/robot/debug_clear_ws/build/clearpath_platform_description -- -j12 -l12[0m
[0.321s] [34mcolcon.colcon_core.event_handler.log_command[0m [1;30mDEBUG[0m [32mInvoking command in '/home/robot/debug_clear_ws/build/clearpath_platform_msgs': CMAKE_PREFIX_PATH=${CMAKE_PREFIX_PATH}:/home/robot/debug_clear_ws/install/clearpath_config:/opt/ros/humble /usr/bin/cmake --build /home/robot/debug_clear_ws/build/clearpath_platform_msgs -- -j12 -l12[0m
[0.323s] [34mcolcon.colcon_core.event_handler.log_command[0m [1;30mDEBUG[0m [32mInvoking command in '/home/robot/debug_clear_ws/build/clearpath_control': CMAKE_PREFIX_PATH=${CMAKE_PREFIX_PATH}:/home/robot/debug_clear_ws/install/clearpath_config:/opt/ros/humble /usr/bin/cmake --build /home/robot/debug_clear_ws/build/clearpath_control -- -j12 -l12[0m
[0.327s] [34mcolcon.colcon_core.event_handler.log_command[0m [1;30mDEBUG[0m [32mInvoking command in '/home/robot/debug_clear_ws/build/clearpath_mounts_description': CMAKE_PREFIX_PATH=${CMAKE_PREFIX_PATH}:/home/robot/debug_clear_ws/install/clearpath_config:/opt/ros/humble /usr/bin/cmake --build /home/robot/debug_clear_ws/build/clearpath_mounts_description -- -j12 -l12[0m
[0.332s] [34mcolcon.colcon_core.event_handler.log_command[0m [1;30mDEBUG[0m [32mInvoking command in '/home/robot/debug_clear_ws/build/clearpath_sensors_description': CMAKE_PREFIX_PATH=${CMAKE_PREFIX_PATH}:/home/robot/debug_clear_ws/install/clearpath_config:/opt/ros/humble /usr/bin/cmake --build /home/robot/debug_clear_ws/build/clearpath_sensors_description -- -j12 -l12[0m
[0.588s] [34mcolcon.colcon_core.task.python.build[0m [1;30mINFO[0m Building Python package in '/home/robot/debug_clear_ws/src/clearpath_config'
[0.589s] [34mcolcon.colcon_core.shell[0m [1;30mINFO[0m Skip shell extension 'powershell' for command environment: Not usable outside of PowerShell
[0.589s] [34mcolcon.colcon_core.shell[0m [1;30mDEBUG[0m [32mSkip shell extension 'dsv' for command environment[0m
[0.597s] [34mcolcon.colcon_core.event_handler.log_command[0m [1;30mDEBUG[0m [32mInvoking command in '/home/robot/debug_clear_ws/build/yolov8_msgs': CMAKE_PREFIX_PATH=${CMAKE_PREFIX_PATH}:/home/robot/debug_clear_ws/install/clearpath_config:/opt/ros/humble /usr/bin/cmake --build /home/robot/debug_clear_ws/build/yolov8_msgs -- -j12 -l12[0m
[0.605s] [34mcolcon.colcon_core.event_handler.log_command[0m [1;30mDEBUG[0m [32mInvoking command in '/home/robot/debug_clear_ws/build/clearpath_customization': CMAKE_PREFIX_PATH=${CMAKE_PREFIX_PATH}:/home/robot/debug_clear_ws/install/clearpath_config:/opt/ros/humble /usr/bin/cmake --build /home/robot/debug_clear_ws/build/clearpath_customization -- -j12 -l12[0m
[0.606s] [34mcolcon.colcon_core.event_handler.log_command[0m [1;30mDEBUG[0m [32mInvoked command in '/home/robot/debug_clear_ws/build/clearpath_platform_description' returned '0': CMAKE_PREFIX_PATH=${CMAKE_PREFIX_PATH}:/home/robot/debug_clear_ws/install/clearpath_config:/opt/ros/humble /usr/bin/cmake --build /home/robot/debug_clear_ws/build/clearpath_platform_description -- -j12 -l12[0m
[0.607s] [34mcolcon.colcon_core.event_handler.log_command[0m [1;30mDEBUG[0m [32mInvoked command in '/home/robot/debug_clear_ws/build/clearpath_mounts_description' returned '0': CMAKE_PREFIX_PATH=${CMAKE_PREFIX_PATH}:/home/robot/debug_clear_ws/install/clearpath_config:/opt/ros/humble /usr/bin/cmake --build /home/robot/debug_clear_ws/build/clearpath_mounts_description -- -j12 -l12[0m
[0.609s] [34mcolcon.colcon_core.event_handler.log_command[0m [1;30mDEBUG[0m [32mInvoked command in '/home/robot/debug_clear_ws/build/clearpath_control' returned '0': CMAKE_PREFIX_PATH=${CMAKE_PREFIX_PATH}:/home/robot/debug_clear_ws/install/clearpath_config:/opt/ros/humble /usr/bin/cmake --build /home/robot/debug_clear_ws/build/clearpath_control -- -j12 -l12[0m
[0.610s] [34mcolcon.colcon_core.event_handler.log_command[0m [1;30mDEBUG[0m [32mInvoked command in '/home/robot/debug_clear_ws/build/clearpath_manipulators_description' returned '0': CMAKE_PREFIX_PATH=${CMAKE_PREFIX_PATH}:/home/robot/debug_clear_ws/install/clearpath_config:/opt/ros/humble /usr/bin/cmake --build /home/robot/debug_clear_ws/build/clearpath_manipulators_description -- -j12 -l12[0m
[0.613s] [34mcolcon.colcon_core.event_handler.log_command[0m [1;30mDEBUG[0m [32mInvoked command in '/home/robot/debug_clear_ws/build/clearpath_sensors_description' returned '0': CMAKE_PREFIX_PATH=${CMAKE_PREFIX_PATH}:/home/robot/debug_clear_ws/install/clearpath_config:/opt/ros/humble /usr/bin/cmake --build /home/robot/debug_clear_ws/build/clearpath_sensors_description -- -j12 -l12[0m
[0.649s] [34mcolcon.colcon_core.event_handler.log_command[0m [1;30mDEBUG[0m [32mInvoking command in '/home/robot/debug_clear_ws/build/clearpath_mounts_description': CMAKE_PREFIX_PATH=${CMAKE_PREFIX_PATH}:/home/robot/debug_clear_ws/install/clearpath_config:/opt/ros/humble /usr/bin/cmake --install /home/robot/debug_clear_ws/build/clearpath_mounts_description[0m
[0.653s] [34mcolcon.colcon_core.event_handler.log_command[0m [1;30mDEBUG[0m [32mInvoking command in '/home/robot/debug_clear_ws/build/clearpath_platform_description': CMAKE_PREFIX_PATH=${CMAKE_PREFIX_PATH}:/home/robot/debug_clear_ws/install/clearpath_config:/opt/ros/humble /usr/bin/cmake --install /home/robot/debug_clear_ws/build/clearpath_platform_description[0m
[0.655s] [34mcolcon.colcon_core.event_handler.log_command[0m [1;30mDEBUG[0m [32mInvoking command in '/home/robot/debug_clear_ws/build/clearpath_manipulators_description': CMAKE_PREFIX_PATH=${CMAKE_PREFIX_PATH}:/home/robot/debug_clear_ws/install/clearpath_config:/opt/ros/humble /usr/bin/cmake --install /home/robot/debug_clear_ws/build/clearpath_manipulators_description[0m
[0.658s] [34mcolcon.colcon_core.event_handler.log_command[0m [1;30mDEBUG[0m [32mInvoking command in '/home/robot/debug_clear_ws/build/clearpath_control': CMAKE_PREFIX_PATH=${CMAKE_PREFIX_PATH}:/home/robot/debug_clear_ws/install/clearpath_config:/opt/ros/humble /usr/bin/cmake --install /home/robot/debug_clear_ws/build/clearpath_control[0m
[0.670s] [34mcolcon.colcon_core.event_handler.log_command[0m [1;30mDEBUG[0m [32mInvoking command in '/home/robot/debug_clear_ws/build/clearpath_sensors_description': CMAKE_PREFIX_PATH=${CMAKE_PREFIX_PATH}:/home/robot/debug_clear_ws/install/clearpath_config:/opt/ros/humble /usr/bin/cmake --install /home/robot/debug_clear_ws/build/clearpath_sensors_description[0m
[0.673s] [34mcolcon.colcon_core.environment[0m [1;30mLevel 1[0m create_environment_scripts_only(clearpath_mounts_description)
[0.681s] [34mcolcon.colcon_core.event_handler.log_command[0m [1;30mDEBUG[0m [32mInvoked command in '/home/robot/debug_clear_ws/build/clearpath_customization' returned '0': CMAKE_PREFIX_PATH=${CMAKE_PREFIX_PATH}:/home/robot/debug_clear_ws/install/clearpath_config:/opt/ros/humble /usr/bin/cmake --build /home/robot/debug_clear_ws/build/clearpath_customization -- -j12 -l12[0m
[0.684s] [34mcolcon.colcon_core.environment[0m [1;30mLevel 1[0m checking '/home/robot/debug_clear_ws/install/clearpath_mounts_description' for CMake module files
[0.686s] [34mcolcon.colcon_core.environment[0m [1;30mLevel 1[0m checking '/home/robot/debug_clear_ws/install/clearpath_mounts_description' for CMake config files
[0.691s] [34mcolcon.colcon_core.shell[0m [1;30mLevel 1[0m create_environment_hook('clearpath_mounts_description', 'cmake_prefix_path')
[0.692s] [34mcolcon.colcon_core.shell[0m [1;30mINFO[0m Creating environment hook '/home/robot/debug_clear_ws/install/clearpath_mounts_description/share/clearpath_mounts_description/hook/cmake_prefix_path.ps1'
[0.693s] [34mcolcon.colcon_core.shell[0m [1;30mINFO[0m Creating environment descriptor '/home/robot/debug_clear_ws/install/clearpath_mounts_description/share/clearpath_mounts_description/hook/cmake_prefix_path.dsv'
[0.697s] [34mcolcon.colcon_core.shell[0m [1;30mINFO[0m Creating environment hook '/home/robot/debug_clear_ws/install/clearpath_mounts_description/share/clearpath_mounts_description/hook/cmake_prefix_path.sh'
[0.700s] [34mcolcon.colcon_core.environment[0m [1;30mLevel 1[0m checking '/home/robot/debug_clear_ws/install/clearpath_mounts_description/bin'
[0.700s] [34mcolcon.colcon_core.environment[0m [1;30mLevel 1[0m checking '/home/robot/debug_clear_ws/install/clearpath_mounts_description/lib/pkgconfig/clearpath_mounts_description.pc'
[0.701s] [34mcolcon.colcon_core.environment[0m [1;30mLevel 1[0m checking '/home/robot/debug_clear_ws/install/clearpath_mounts_description/lib/python3.10/site-packages'
[0.701s] [34mcolcon.colcon_core.environment[0m [1;30mLevel 1[0m checking '/home/robot/debug_clear_ws/install/clearpath_mounts_description/bin'
[0.702s] [34mcolcon.colcon_core.shell[0m [1;30mINFO[0m Creating package script '/home/robot/debug_clear_ws/install/clearpath_mounts_description/share/clearpath_mounts_description/package.ps1'
[0.706s] [34mcolcon.colcon_core.shell[0m [1;30mINFO[0m Creating package descriptor '/home/robot/debug_clear_ws/install/clearpath_mounts_description/share/clearpath_mounts_description/package.dsv'
[0.707s] [34mcolcon.colcon_core.shell[0m [1;30mINFO[0m Creating package script '/home/robot/debug_clear_ws/install/clearpath_mounts_description/share/clearpath_mounts_description/package.sh'
[0.711s] [34mcolcon.colcon_core.shell[0m [1;30mINFO[0m Creating package script '/home/robot/debug_clear_ws/install/clearpath_mounts_description/share/clearpath_mounts_description/package.bash'
[0.714s] [34mcolcon.colcon_core.shell[0m [1;30mINFO[0m Creating package script '/home/robot/debug_clear_ws/install/clearpath_mounts_description/share/clearpath_mounts_description/package.zsh'
[0.716s] [34mcolcon.colcon_core.environment[0m [1;30mLevel 1[0m create_file_with_runtime_dependencies(/home/robot/debug_clear_ws/install/clearpath_mounts_description/share/colcon-core/packages/clearpath_mounts_description)
[0.723s] [34mcolcon.colcon_core.environment[0m [1;30mLevel 1[0m create_environment_scripts_only(clearpath_manipulators_description)
[0.723s] [34mcolcon.colcon_core.environment[0m [1;30mLevel 1[0m checking '/home/robot/debug_clear_ws/install/clearpath_manipulators_description' for CMake module files
[0.727s] [34mcolcon.colcon_core.environment[0m [1;30mLevel 1[0m checking '/home/robot/debug_clear_ws/install/clearpath_manipulators_description' for CMake config files
[0.730s] [34mcolcon.colcon_core.shell[0m [1;30mLevel 1[0m create_environment_hook('clearpath_manipulators_description', 'cmake_prefix_path')
[0.730s] [34mcolcon.colcon_core.shell[0m [1;30mINFO[0m Creating environment hook '/home/robot/debug_clear_ws/install/clearpath_manipulators_description/share/clearpath_manipulators_description/hook/cmake_prefix_path.ps1'
[0.731s] [34mcolcon.colcon_core.shell[0m [1;30mINFO[0m Creating environment descriptor '/home/robot/debug_clear_ws/install/clearpath_manipulators_description/share/clearpath_manipulators_description/hook/cmake_prefix_path.dsv'
[0.732s] [34mcolcon.colcon_core.shell[0m [1;30mINFO[0m Creating environment hook '/home/robot/debug_clear_ws/install/clearpath_manipulators_description/share/clearpath_manipulators_description/hook/cmake_prefix_path.sh'
[0.733s] [34mcolcon.colcon_core.environment[0m [1;30mLevel 1[0m checking '/home/robot/debug_clear_ws/install/clearpath_manipulators_description/bin'
[0.733s] [34mcolcon.colcon_core.environment[0m [1;30mLevel 1[0m checking '/home/robot/debug_clear_ws/install/clearpath_manipulators_description/lib/pkgconfig/clearpath_manipulators_description.pc'
[0.733s] [34mcolcon.colcon_core.environment[0m [1;30mLevel 1[0m checking '/home/robot/debug_clear_ws/install/clearpath_manipulators_description/lib/python3.10/site-packages'
[0.734s] [34mcolcon.colcon_core.environment[0m [1;30mLevel 1[0m checking '/home/robot/debug_clear_ws/install/clearpath_manipulators_description/bin'
[0.734s] [34mcolcon.colcon_core.shell[0m [1;30mINFO[0m Creating package script '/home/robot/debug_clear_ws/install/clearpath_manipulators_description/share/clearpath_manipulators_description/package.ps1'
[0.735s] [34mcolcon.colcon_core.shell[0m [1;30mINFO[0m Creating package descriptor '/home/robot/debug_clear_ws/install/clearpath_manipulators_description/share/clearpath_manipulators_description/package.dsv'
[0.736s] [34mcolcon.colcon_core.shell[0m [1;30mINFO[0m Creating package script '/home/robot/debug_clear_ws/install/clearpath_manipulators_description/share/clearpath_manipulators_description/package.sh'
[0.737s] [34mcolcon.colcon_core.shell[0m [1;30mINFO[0m Creating package script '/home/robot/debug_clear_ws/install/clearpath_manipulators_description/share/clearpath_manipulators_description/package.bash'
[0.739s] [34mcolcon.colcon_core.shell[0m [1;30mINFO[0m Creating package script '/home/robot/debug_clear_ws/install/clearpath_manipulators_description/share/clearpath_manipulators_description/package.zsh'
[0.740s] [34mcolcon.colcon_core.environment[0m [1;30mLevel 1[0m create_file_with_runtime_dependencies(/home/robot/debug_clear_ws/install/clearpath_manipulators_description/share/colcon-core/packages/clearpath_manipulators_description)
[0.744s] [34mcolcon.colcon_core.environment[0m [1;30mLevel 1[0m create_environment_scripts_only(clearpath_platform_description)
[0.744s] [34mcolcon.colcon_core.environment[0m [1;30mLevel 1[0m checking '/home/robot/debug_clear_ws/install/clearpath_platform_description' for CMake module files
[0.746s] [34mcolcon.colcon_core.environment[0m [1;30mLevel 1[0m checking '/home/robot/debug_clear_ws/install/clearpath_platform_description' for CMake config files
[0.751s] [34mcolcon.colcon_core.shell[0m [1;30mLevel 1[0m create_environment_hook('clearpath_platform_description', 'cmake_prefix_path')
[0.751s] [34mcolcon.colcon_core.shell[0m [1;30mINFO[0m Creating environment hook '/home/robot/debug_clear_ws/install/clearpath_platform_description/share/clearpath_platform_description/hook/cmake_prefix_path.ps1'
[0.752s] [34mcolcon.colcon_core.shell[0m [1;30mINFO[0m Creating environment descriptor '/home/robot/debug_clear_ws/install/clearpath_platform_description/share/clearpath_platform_description/hook/cmake_prefix_path.dsv'
[0.755s] [34mcolcon.colcon_core.shell[0m [1;30mINFO[0m Creating environment hook '/home/robot/debug_clear_ws/install/clearpath_platform_description/share/clearpath_platform_description/hook/cmake_prefix_path.sh'
[0.757s] [34mcolcon.colcon_core.environment[0m [1;30mLevel 1[0m checking '/home/robot/debug_clear_ws/install/clearpath_platform_description/bin'
[0.758s] [34mcolcon.colcon_core.environment[0m [1;30mLevel 1[0m checking '/home/robot/debug_clear_ws/install/clearpath_platform_description/lib/pkgconfig/clearpath_platform_description.pc'
[0.758s] [34mcolcon.colcon_core.environment[0m [1;30mLevel 1[0m checking '/home/robot/debug_clear_ws/install/clearpath_platform_description/lib/python3.10/site-packages'
[0.759s] [34mcolcon.colcon_core.environment[0m [1;30mLevel 1[0m checking '/home/robot/debug_clear_ws/install/clearpath_platform_description/bin'
[0.759s] [34mcolcon.colcon_core.shell[0m [1;30mINFO[0m Creating package script '/home/robot/debug_clear_ws/install/clearpath_platform_description/share/clearpath_platform_description/package.ps1'
[0.761s] [34mcolcon.colcon_core.event_handler.log_command[0m [1;30mDEBUG[0m [32mInvoked command in '/home/robot/debug_clear_ws/build/clearpath_mounts_description' returned '0': CMAKE_PREFIX_PATH=${CMAKE_PREFIX_PATH}:/home/robot/debug_clear_ws/install/clearpath_config:/opt/ros/humble /usr/bin/cmake --install /home/robot/debug_clear_ws/build/clearpath_mounts_description[0m
[0.761s] [34mcolcon.colcon_core.shell[0m [1;30mINFO[0m Creating package descriptor '/home/robot/debug_clear_ws/install/clearpath_platform_description/share/clearpath_platform_description/package.dsv'
[0.763s] [34mcolcon.colcon_core.shell[0m [1;30mINFO[0m Creating package script '/home/robot/debug_clear_ws/install/clearpath_platform_description/share/clearpath_platform_description/package.sh'
[0.764s] [34mcolcon.colcon_core.shell[0m [1;30mINFO[0m Creating package script '/home/robot/debug_clear_ws/install/clearpath_platform_description/share/clearpath_platform_description/package.bash'
[0.765s] [34mcolcon.colcon_core.shell[0m [1;30mINFO[0m Creating package script '/home/robot/debug_clear_ws/install/clearpath_platform_description/share/clearpath_platform_description/package.zsh'
[0.766s] [34mcolcon.colcon_core.environment[0m [1;30mLevel 1[0m create_file_with_runtime_dependencies(/home/robot/debug_clear_ws/install/clearpath_platform_description/share/colcon-core/packages/clearpath_platform_description)
[0.768s] [34mcolcon.colcon_core.environment[0m [1;30mLevel 1[0m create_environment_scripts_only(clearpath_control)
[0.768s] [34mcolcon.colcon_core.environment[0m [1;30mLevel 1[0m checking '/home/robot/debug_clear_ws/install/clearpath_control' for CMake module files
[0.769s] [34mcolcon.colcon_core.environment[0m [1;30mLevel 1[0m checking '/home/robot/debug_clear_ws/install/clearpath_control' for CMake config files
[0.774s] [34mcolcon.colcon_core.shell[0m [1;30mLevel 1[0m create_environment_hook('clearpath_control', 'cmake_prefix_path')
[0.774s] [34mcolcon.colcon_core.shell[0m [1;30mINFO[0m Creating environment hook '/home/robot/debug_clear_ws/install/clearpath_control/share/clearpath_control/hook/cmake_prefix_path.ps1'
[0.776s] [34mcolcon.colcon_core.shell[0m [1;30mINFO[0m Creating environment descriptor '/home/robot/debug_clear_ws/install/clearpath_control/share/clearpath_control/hook/cmake_prefix_path.dsv'
[0.779s] [34mcolcon.colcon_core.shell[0m [1;30mINFO[0m Creating environment hook '/home/robot/debug_clear_ws/install/clearpath_control/share/clearpath_control/hook/cmake_prefix_path.sh'
[0.782s] [34mcolcon.colcon_core.event_handler.log_command[0m [1;30mDEBUG[0m [32mInvoked command in '/home/robot/debug_clear_ws/build/clearpath_manipulators_description' returned '0': CMAKE_PREFIX_PATH=${CMAKE_PREFIX_PATH}:/home/robot/debug_clear_ws/install/clearpath_config:/opt/ros/humble /usr/bin/cmake --install /home/robot/debug_clear_ws/build/clearpath_manipulators_description[0m
[0.782s] [34mcolcon.colcon_core.environment[0m [1;30mLevel 1[0m checking '/home/robot/debug_clear_ws/install/clearpath_control/bin'
[0.783s] [34mcolcon.colcon_core.environment[0m [1;30mLevel 1[0m checking '/home/robot/debug_clear_ws/install/clearpath_control/lib/pkgconfig/clearpath_control.pc'
[0.783s] [34mcolcon.colcon_core.environment[0m [1;30mLevel 1[0m checking '/home/robot/debug_clear_ws/install/clearpath_control/lib/python3.10/site-packages'
[0.783s] [34mcolcon.colcon_core.environment[0m [1;30mLevel 1[0m checking '/home/robot/debug_clear_ws/install/clearpath_control/bin'
[0.784s] [34mcolcon.colcon_core.shell[0m [1;30mINFO[0m Creating package script '/home/robot/debug_clear_ws/install/clearpath_control/share/clearpath_control/package.ps1'
[0.786s] [34mcolcon.colcon_core.event_handler.log_command[0m [1;30mDEBUG[0m [32mInvoked command in '/home/robot/debug_clear_ws/build/clearpath_platform_description' returned '0': CMAKE_PREFIX_PATH=${CMAKE_PREFIX_PATH}:/home/robot/debug_clear_ws/install/clearpath_config:/opt/ros/humble /usr/bin/cmake --install /home/robot/debug_clear_ws/build/clearpath_platform_description[0m
[0.787s] [34mcolcon.colcon_core.event_handler.log_command[0m [1;30mDEBUG[0m [32mInvoked command in '/home/robot/debug_clear_ws/build/clearpath_control' returned '0': CMAKE_PREFIX_PATH=${CMAKE_PREFIX_PATH}:/home/robot/debug_clear_ws/install/clearpath_config:/opt/ros/humble /usr/bin/cmake --install /home/robot/debug_clear_ws/build/clearpath_control[0m
[0.787s] [34mcolcon.colcon_core.shell[0m [1;30mINFO[0m Creating package descriptor '/home/robot/debug_clear_ws/install/clearpath_control/share/clearpath_control/package.dsv'
[0.788s] [34mcolcon.colcon_core.shell[0m [1;30mINFO[0m Creating package script '/home/robot/debug_clear_ws/install/clearpath_control/share/clearpath_control/package.sh'
[0.789s] [34mcolcon.colcon_core.shell[0m [1;30mINFO[0m Creating package script '/home/robot/debug_clear_ws/install/clearpath_control/share/clearpath_control/package.bash'
[0.789s] [34mcolcon.colcon_core.shell[0m [1;30mINFO[0m Creating package script '/home/robot/debug_clear_ws/install/clearpath_control/share/clearpath_control/package.zsh'
[0.790s] [34mcolcon.colcon_core.environment[0m [1;30mLevel 1[0m create_file_with_runtime_dependencies(/home/robot/debug_clear_ws/install/clearpath_control/share/colcon-core/packages/clearpath_control)
[0.794s] [34mcolcon.colcon_core.event_handler.log_command[0m [1;30mDEBUG[0m [32mInvoking command in '/home/robot/debug_clear_ws/build/clearpath_customization': CMAKE_PREFIX_PATH=${CMAKE_PREFIX_PATH}:/home/robot/debug_clear_ws/install/clearpath_config:/opt/ros/humble /usr/bin/cmake --install /home/robot/debug_clear_ws/build/clearpath_customization[0m
[0.795s] [34mcolcon.colcon_core.environment[0m [1;30mLevel 1[0m create_environment_scripts_only(clearpath_sensors_description)
[0.795s] [34mcolcon.colcon_core.environment[0m [1;30mLevel 1[0m checking '/home/robot/debug_clear_ws/install/clearpath_sensors_description' for CMake module files
[0.796s] [34mcolcon.colcon_core.event_handler.log_command[0m [1;30mDEBUG[0m [32mInvoked command in '/home/robot/debug_clear_ws/build/clearpath_sensors_description' returned '0': CMAKE_PREFIX_PATH=${CMAKE_PREFIX_PATH}:/home/robot/debug_clear_ws/install/clearpath_config:/opt/ros/humble /usr/bin/cmake --install /home/robot/debug_clear_ws/build/clearpath_sensors_description[0m
[0.797s] [34mcolcon.colcon_core.environment[0m [1;30mLevel 1[0m checking '/home/robot/debug_clear_ws/install/clearpath_sensors_description' for CMake config files
[0.797s] [34mcolcon.colcon_core.shell[0m [1;30mLevel 1[0m create_environment_hook('clearpath_sensors_description', 'cmake_prefix_path')
[0.797s] [34mcolcon.colcon_core.shell[0m [1;30mINFO[0m Creating environment hook '/home/robot/debug_clear_ws/install/clearpath_sensors_description/share/clearpath_sensors_description/hook/cmake_prefix_path.ps1'
[0.798s] [34mcolcon.colcon_core.shell[0m [1;30mINFO[0m Creating environment descriptor '/home/robot/debug_clear_ws/install/clearpath_sensors_description/share/clearpath_sensors_description/hook/cmake_prefix_path.dsv'
[0.799s] [34mcolcon.colcon_core.shell[0m [1;30mINFO[0m Creating environment hook '/home/robot/debug_clear_ws/install/clearpath_sensors_description/share/clearpath_sensors_description/hook/cmake_prefix_path.sh'
[0.800s] [34mcolcon.colcon_core.environment[0m [1;30mLevel 1[0m checking '/home/robot/debug_clear_ws/install/clearpath_sensors_description/bin'
[0.800s] [34mcolcon.colcon_core.environment[0m [1;30mLevel 1[0m checking '/home/robot/debug_clear_ws/install/clearpath_sensors_description/lib/pkgconfig/clearpath_sensors_description.pc'
[0.800s] [34mcolcon.colcon_core.environment[0m [1;30mLevel 1[0m checking '/home/robot/debug_clear_ws/install/clearpath_sensors_description/lib/python3.10/site-packages'
[0.801s] [34mcolcon.colcon_core.environment[0m [1;30mLevel 1[0m checking '/home/robot/debug_clear_ws/install/clearpath_sensors_description/bin'
[0.801s] [34mcolcon.colcon_core.shell[0m [1;30mINFO[0m Creating package script '/home/robot/debug_clear_ws/install/clearpath_sensors_description/share/clearpath_sensors_description/package.ps1'
[0.802s] [34mcolcon.colcon_core.shell[0m [1;30mINFO[0m Creating package descriptor '/home/robot/debug_clear_ws/install/clearpath_sensors_description/share/clearpath_sensors_description/package.dsv'
[0.803s] [34mcolcon.colcon_core.shell[0m [1;30mINFO[0m Creating package script '/home/robot/debug_clear_ws/install/clearpath_sensors_description/share/clearpath_sensors_description/package.sh'
[0.803s] [34mcolcon.colcon_core.shell[0m [1;30mINFO[0m Creating package script '/home/robot/debug_clear_ws/install/clearpath_sensors_description/share/clearpath_sensors_description/package.bash'
[0.804s] [34mcolcon.colcon_core.shell[0m [1;30mINFO[0m Creating package script '/home/robot/debug_clear_ws/install/clearpath_sensors_description/share/clearpath_sensors_description/package.zsh'
[0.804s] [34mcolcon.colcon_core.environment[0m [1;30mLevel 1[0m create_file_with_runtime_dependencies(/home/robot/debug_clear_ws/install/clearpath_sensors_description/share/colcon-core/packages/clearpath_sensors_description)
[0.809s] [34mcolcon.colcon_core.environment[0m [1;30mLevel 1[0m create_environment_scripts_only(clearpath_mounts_description)
[0.809s] [34mcolcon.colcon_core.environment[0m [1;30mLevel 1[0m checking '/home/robot/debug_clear_ws/install/clearpath_mounts_description' for CMake module files
[0.813s] [34mcolcon.colcon_core.environment[0m [1;30mLevel 1[0m checking '/home/robot/debug_clear_ws/install/clearpath_mounts_description' for CMake config files
[0.815s] [34mcolcon.colcon_core.shell[0m [1;30mLevel 1[0m create_environment_hook('clearpath_mounts_description', 'cmake_prefix_path')
[0.816s] [34mcolcon.colcon_core.shell[0m [1;30mINFO[0m Creating environment hook '/home/robot/debug_clear_ws/install/clearpath_mounts_description/share/clearpath_mounts_description/hook/cmake_prefix_path.ps1'
[0.816s] [34mcolcon.colcon_core.shell[0m [1;30mINFO[0m Creating environment descriptor '/home/robot/debug_clear_ws/install/clearpath_mounts_description/share/clearpath_mounts_description/hook/cmake_prefix_path.dsv'
[0.816s] [34mcolcon.colcon_core.shell[0m [1;30mINFO[0m Creating environment hook '/home/robot/debug_clear_ws/install/clearpath_mounts_description/share/clearpath_mounts_description/hook/cmake_prefix_path.sh'
[0.817s] [34mcolcon.colcon_core.environment[0m [1;30mLevel 1[0m checking '/home/robot/debug_clear_ws/install/clearpath_mounts_description/bin'
[0.817s] [34mcolcon.colcon_core.environment[0m [1;30mLevel 1[0m checking '/home/robot/debug_clear_ws/install/clearpath_mounts_description/lib/pkgconfig/clearpath_mounts_description.pc'
[0.817s] [34mcolcon.colcon_core.environment[0m [1;30mLevel 1[0m checking '/home/robot/debug_clear_ws/install/clearpath_mounts_description/lib/python3.10/site-packages'
[0.818s] [34mcolcon.colcon_core.environment[0m [1;30mLevel 1[0m checking '/home/robot/debug_clear_ws/install/clearpath_mounts_description/bin'
[0.818s] [34mcolcon.colcon_core.shell[0m [1;30mINFO[0m Creating package script '/home/robot/debug_clear_ws/install/clearpath_mounts_description/share/clearpath_mounts_description/package.ps1'
[0.818s] [34mcolcon.colcon_core.shell[0m [1;30mINFO[0m Creating package descriptor '/home/robot/debug_clear_ws/install/clearpath_mounts_description/share/clearpath_mounts_description/package.dsv'
[0.819s] [34mcolcon.colcon_core.shell[0m [1;30mINFO[0m Creating package script '/home/robot/debug_clear_ws/install/clearpath_mounts_description/share/clearpath_mounts_description/package.sh'
[0.820s] [34mcolcon.colcon_core.shell[0m [1;30mINFO[0m Creating package script '/home/robot/debug_clear_ws/install/clearpath_mounts_description/share/clearpath_mounts_description/package.bash'
[0.820s] [34mcolcon.colcon_core.shell[0m [1;30mINFO[0m Creating package script '/home/robot/debug_clear_ws/install/clearpath_mounts_description/share/clearpath_mounts_description/package.zsh'
[0.821s] [34mcolcon.colcon_core.environment[0m [1;30mLevel 1[0m create_file_with_runtime_dependencies(/home/robot/debug_clear_ws/install/clearpath_mounts_description/share/colcon-core/packages/clearpath_mounts_description)
[0.822s] [34mcolcon.colcon_core.environment[0m [1;30mLevel 1[0m create_environment_scripts_only(clearpath_manipulators_description)
[0.823s] [34mcolcon.colcon_core.environment[0m [1;30mLevel 1[0m checking '/home/robot/debug_clear_ws/install/clearpath_manipulators_description' for CMake module files
[0.824s] [34mcolcon.colcon_core.environment[0m [1;30mLevel 1[0m checking '/home/robot/debug_clear_ws/install/clearpath_manipulators_description' for CMake config files
[0.825s] [34mcolcon.colcon_core.shell[0m [1;30mLevel 1[0m create_environment_hook('clearpath_manipulators_description', 'cmake_prefix_path')
[0.825s] [34mcolcon.colcon_core.shell[0m [1;30mINFO[0m Creating environment hook '/home/robot/debug_clear_ws/install/clearpath_manipulators_description/share/clearpath_manipulators_description/hook/cmake_prefix_path.ps1'
[0.826s] [34mcolcon.colcon_core.shell[0m [1;30mINFO[0m Creating environment descriptor '/home/robot/debug_clear_ws/install/clearpath_manipulators_description/share/clearpath_manipulators_description/hook/cmake_prefix_path.dsv'
[0.826s] [34mcolcon.colcon_core.shell[0m [1;30mINFO[0m Creating environment hook '/home/robot/debug_clear_ws/install/clearpath_manipulators_description/share/clearpath_manipulators_description/hook/cmake_prefix_path.sh'
[0.827s] [34mcolcon.colcon_core.environment[0m [1;30mLevel 1[0m checking '/home/robot/debug_clear_ws/install/clearpath_manipulators_description/bin'
[0.827s] [34mcolcon.colcon_core.environment[0m [1;30mLevel 1[0m checking '/home/robot/debug_clear_ws/install/clearpath_manipulators_description/lib/pkgconfig/clearpath_manipulators_description.pc'
[0.828s] [34mcolcon.colcon_core.environment[0m [1;30mLevel 1[0m checking '/home/robot/debug_clear_ws/install/clearpath_manipulators_description/lib/python3.10/site-packages'
[0.828s] [34mcolcon.colcon_core.environment[0m [1;30mLevel 1[0m checking '/home/robot/debug_clear_ws/install/clearpath_manipulators_description/bin'
[0.829s] [34mcolcon.colcon_core.shell[0m [1;30mINFO[0m Creating package script '/home/robot/debug_clear_ws/install/clearpath_manipulators_description/share/clearpath_manipulators_description/package.ps1'
[0.830s] [34mcolcon.colcon_core.shell[0m [1;30mINFO[0m Creating package descriptor '/home/robot/debug_clear_ws/install/clearpath_manipulators_description/share/clearpath_manipulators_description/package.dsv'
[0.831s] [34mcolcon.colcon_core.shell[0m [1;30mINFO[0m Creating package script '/home/robot/debug_clear_ws/install/clearpath_manipulators_description/share/clearpath_manipulators_description/package.sh'
[0.831s] [34mcolcon.colcon_core.shell[0m [1;30mINFO[0m Creating package script '/home/robot/debug_clear_ws/install/clearpath_manipulators_description/share/clearpath_manipulators_description/package.bash'
[0.832s] [34mcolcon.colcon_core.shell[0m [1;30mINFO[0m Creating package script '/home/robot/debug_clear_ws/install/clearpath_manipulators_description/share/clearpath_manipulators_description/package.zsh'
[0.833s] [34mcolcon.colcon_core.environment[0m [1;30mLevel 1[0m create_file_with_runtime_dependencies(/home/robot/debug_clear_ws/install/clearpath_manipulators_description/share/colcon-core/packages/clearpath_manipulators_description)
[0.834s] [34mcolcon.colcon_core.environment[0m [1;30mLevel 1[0m create_environment_scripts_only(clearpath_platform_description)
[0.834s] [34mcolcon.colcon_core.environment[0m [1;30mLevel 1[0m checking '/home/robot/debug_clear_ws/install/clearpath_platform_description' for CMake module files
[0.836s] [34mcolcon.colcon_core.environment[0m [1;30mLevel 1[0m checking '/home/robot/debug_clear_ws/install/clearpath_platform_description' for CMake config files
[0.837s] [34mcolcon.colcon_core.shell[0m [1;30mLevel 1[0m create_environment_hook('clearpath_platform_description', 'cmake_prefix_path')
[0.837s] [34mcolcon.colcon_core.shell[0m [1;30mINFO[0m Creating environment hook '/home/robot/debug_clear_ws/install/clearpath_platform_description/share/clearpath_platform_description/hook/cmake_prefix_path.ps1'
[0.838s] [34mcolcon.colcon_core.shell[0m [1;30mINFO[0m Creating environment descriptor '/home/robot/debug_clear_ws/install/clearpath_platform_description/share/clearpath_platform_description/hook/cmake_prefix_path.dsv'
[0.838s] [34mcolcon.colcon_core.shell[0m [1;30mINFO[0m Creating environment hook '/home/robot/debug_clear_ws/install/clearpath_platform_description/share/clearpath_platform_description/hook/cmake_prefix_path.sh'
[0.839s] [34mcolcon.colcon_core.environment[0m [1;30mLevel 1[0m checking '/home/robot/debug_clear_ws/install/clearpath_platform_description/bin'
[0.839s] [34mcolcon.colcon_core.environment[0m [1;30mLevel 1[0m checking '/home/robot/debug_clear_ws/install/clearpath_platform_description/lib/pkgconfig/clearpath_platform_description.pc'
[0.840s] [34mcolcon.colcon_core.environment[0m [1;30mLevel 1[0m checking '/home/robot/debug_clear_ws/install/clearpath_platform_description/lib/python3.10/site-packages'
[0.840s] [34mcolcon.colcon_core.environment[0m [1;30mLevel 1[0m checking '/home/robot/debug_clear_ws/install/clearpath_platform_description/bin'
[0.840s] [34mcolcon.colcon_core.shell[0m [1;30mINFO[0m Creating package script '/home/robot/debug_clear_ws/install/clearpath_platform_description/share/clearpath_platform_description/package.ps1'
[0.841s] [34mcolcon.colcon_core.shell[0m [1;30mINFO[0m Creating package descriptor '/home/robot/debug_clear_ws/install/clearpath_platform_description/share/clearpath_platform_description/package.dsv'
[0.841s] [34mcolcon.colcon_core.shell[0m [1;30mINFO[0m Creating package script '/home/robot/debug_clear_ws/install/clearpath_platform_description/share/clearpath_platform_description/package.sh'
[0.842s] [34mcolcon.colcon_core.shell[0m [1;30mINFO[0m Creating package script '/home/robot/debug_clear_ws/install/clearpath_platform_description/share/clearpath_platform_description/package.bash'
[0.842s] [34mcolcon.colcon_core.shell[0m [1;30mINFO[0m Creating package script '/home/robot/debug_clear_ws/install/clearpath_platform_description/share/clearpath_platform_description/package.zsh'
[0.843s] [34mcolcon.colcon_core.environment[0m [1;30mLevel 1[0m create_file_with_runtime_dependencies(/home/robot/debug_clear_ws/install/clearpath_platform_description/share/colcon-core/packages/clearpath_platform_description)
[0.843s] [34mcolcon.colcon_core.environment[0m [1;30mLevel 1[0m create_environment_scripts_only(clearpath_customization)
[0.843s] [34mcolcon.colcon_core.environment[0m [1;30mLevel 1[0m checking '/home/robot/debug_clear_ws/install/clearpath_customization' for CMake module files
[0.844s] [34mcolcon.colcon_core.environment[0m [1;30mLevel 1[0m checking '/home/robot/debug_clear_ws/install/clearpath_customization' for CMake config files
[0.845s] [34mcolcon.colcon_core.event_handler.log_command[0m [1;30mDEBUG[0m [32mInvoked command in '/home/robot/debug_clear_ws/build/clearpath_customization' returned '0': CMAKE_PREFIX_PATH=${CMAKE_PREFIX_PATH}:/home/robot/debug_clear_ws/install/clearpath_config:/opt/ros/humble /usr/bin/cmake --install /home/robot/debug_clear_ws/build/clearpath_customization[0m
[0.845s] [34mcolcon.colcon_core.shell[0m [1;30mLevel 1[0m create_environment_hook('clearpath_customization', 'cmake_prefix_path')
[0.845s] [34mcolcon.colcon_core.shell[0m [1;30mINFO[0m Creating environment hook '/home/robot/debug_clear_ws/install/clearpath_customization/share/clearpath_customization/hook/cmake_prefix_path.ps1'
[0.846s] [34mcolcon.colcon_core.shell[0m [1;30mINFO[0m Creating environment descriptor '/home/robot/debug_clear_ws/install/clearpath_customization/share/clearpath_customization/hook/cmake_prefix_path.dsv'
[0.846s] [34mcolcon.colcon_core.shell[0m [1;30mINFO[0m Creating environment hook '/home/robot/debug_clear_ws/install/clearpath_customization/share/clearpath_customization/hook/cmake_prefix_path.sh'
[0.847s] [34mcolcon.colcon_core.environment[0m [1;30mLevel 1[0m checking '/home/robot/debug_clear_ws/install/clearpath_customization/lib'
[0.847s] [34mcolcon.colcon_core.environment[0m [1;30mLevel 1[0m checking '/home/robot/debug_clear_ws/install/clearpath_customization/bin'
[0.847s] [34mcolcon.colcon_core.environment[0m [1;30mLevel 1[0m checking '/home/robot/debug_clear_ws/install/clearpath_customization/lib/pkgconfig/clearpath_customization.pc'
[0.848s] [34mcolcon.colcon_core.environment[0m [1;30mLevel 1[0m checking '/home/robot/debug_clear_ws/install/clearpath_customization/lib/python3.10/site-packages'
[0.848s] [34mcolcon.colcon_core.environment[0m [1;30mLevel 1[0m checking '/home/robot/debug_clear_ws/install/clearpath_customization/bin'
[0.849s] [34mcolcon.colcon_core.shell[0m [1;30mINFO[0m Creating package script '/home/robot/debug_clear_ws/install/clearpath_customization/share/clearpath_customization/package.ps1'
[0.850s] [34mcolcon.colcon_core.shell[0m [1;30mINFO[0m Creating package descriptor '/home/robot/debug_clear_ws/install/clearpath_customization/share/clearpath_customization/package.dsv'
[0.851s] [34mcolcon.colcon_core.shell[0m [1;30mINFO[0m Creating package script '/home/robot/debug_clear_ws/install/clearpath_customization/share/clearpath_customization/package.sh'
[0.851s] [34mcolcon.colcon_core.shell[0m [1;30mINFO[0m Creating package script '/home/robot/debug_clear_ws/install/clearpath_customization/share/clearpath_customization/package.bash'
[0.852s] [34mcolcon.colcon_core.shell[0m [1;30mINFO[0m Creating package script '/home/robot/debug_clear_ws/install/clearpath_customization/share/clearpath_customization/package.zsh'
[0.852s] [34mcolcon.colcon_core.environment[0m [1;30mLevel 1[0m create_file_with_runtime_dependencies(/home/robot/debug_clear_ws/install/clearpath_customization/share/colcon-core/packages/clearpath_customization)
[0.854s] [34mcolcon.colcon_ros.task.ament_cmake.build[0m [1;30mINFO[0m Building ROS package in '/home/robot/debug_clear_ws/src/clearpath_common/clearpath_manipulators' with build type 'ament_cmake'
[0.854s] [34mcolcon.colcon_cmake.task.cmake.build[0m [1;30mINFO[0m Building CMake package in '/home/robot/debug_clear_ws/src/clearpath_common/clearpath_manipulators'
[0.855s] [34mcolcon.colcon_core.shell[0m [1;30mINFO[0m Skip shell extension 'powershell' for command environment: Not usable outside of PowerShell
[0.855s] [34mcolcon.colcon_core.shell[0m [1;30mDEBUG[0m [32mSkip shell extension 'dsv' for command environment[0m
[0.862s] [34mcolcon.colcon_core.environment[0m [1;30mLevel 1[0m create_environment_scripts_only(clearpath_control)
[0.862s] [34mcolcon.colcon_core.environment[0m [1;30mLevel 1[0m checking '/home/robot/debug_clear_ws/install/clearpath_control' for CMake module files
[0.863s] [34mcolcon.colcon_core.environment[0m [1;30mLevel 1[0m checking '/home/robot/debug_clear_ws/install/clearpath_control' for CMake config files
[0.863s] [34mcolcon.colcon_core.shell[0m [1;30mLevel 1[0m create_environment_hook('clearpath_control', 'cmake_prefix_path')
[0.864s] [34mcolcon.colcon_core.shell[0m [1;30mINFO[0m Creating environment hook '/home/robot/debug_clear_ws/install/clearpath_control/share/clearpath_control/hook/cmake_prefix_path.ps1'
[0.864s] [34mcolcon.colcon_core.shell[0m [1;30mINFO[0m Creating environment descriptor '/home/robot/debug_clear_ws/install/clearpath_control/share/clearpath_control/hook/cmake_prefix_path.dsv'
[0.865s] [34mcolcon.colcon_core.shell[0m [1;30mINFO[0m Creating environment hook '/home/robot/debug_clear_ws/install/clearpath_control/share/clearpath_control/hook/cmake_prefix_path.sh'
[0.865s] [34mcolcon.colcon_core.environment[0m [1;30mLevel 1[0m checking '/home/robot/debug_clear_ws/install/clearpath_control/bin'
[0.865s] [34mcolcon.colcon_core.environment[0m [1;30mLevel 1[0m checking '/home/robot/debug_clear_ws/install/clearpath_control/lib/pkgconfig/clearpath_control.pc'
[0.866s] [34mcolcon.colcon_core.environment[0m [1;30mLevel 1[0m checking '/home/robot/debug_clear_ws/install/clearpath_control/lib/python3.10/site-packages'
[0.866s] [34mcolcon.colcon_core.environment[0m [1;30mLevel 1[0m checking '/home/robot/debug_clear_ws/install/clearpath_control/bin'
[0.866s] [34mcolcon.colcon_core.shell[0m [1;30mINFO[0m Creating package script '/home/robot/debug_clear_ws/install/clearpath_control/share/clearpath_control/package.ps1'
[0.867s] [34mcolcon.colcon_core.shell[0m [1;30mINFO[0m Creating package descriptor '/home/robot/debug_clear_ws/install/clearpath_control/share/clearpath_control/package.dsv'
[0.867s] [34mcolcon.colcon_core.shell[0m [1;30mINFO[0m Creating package script '/home/robot/debug_clear_ws/install/clearpath_control/share/clearpath_control/package.sh'
[0.867s] [34mcolcon.colcon_core.shell[0m [1;30mINFO[0m Creating package script '/home/robot/debug_clear_ws/install/clearpath_control/share/clearpath_control/package.bash'
[0.868s] [34mcolcon.colcon_core.shell[0m [1;30mINFO[0m Creating package script '/home/robot/debug_clear_ws/install/clearpath_control/share/clearpath_control/package.zsh'
[0.868s] [34mcolcon.colcon_core.environment[0m [1;30mLevel 1[0m create_file_with_runtime_dependencies(/home/robot/debug_clear_ws/install/clearpath_control/share/colcon-core/packages/clearpath_control)
[0.870s] [34mcolcon.colcon_core.event_handler.log_command[0m [1;30mDEBUG[0m [32mInvoked command in '/home/robot/debug_clear_ws/build/clearpath_platform_msgs' returned '0': CMAKE_PREFIX_PATH=${CMAKE_PREFIX_PATH}:/home/robot/debug_clear_ws/install/clearpath_config:/opt/ros/humble /usr/bin/cmake --build /home/robot/debug_clear_ws/build/clearpath_platform_msgs -- -j12 -l12[0m
[0.871s] [34mcolcon.colcon_core.environment[0m [1;30mLevel 1[0m create_environment_scripts_only(clearpath_sensors_description)
[0.871s] [34mcolcon.colcon_core.environment[0m [1;30mLevel 1[0m checking '/home/robot/debug_clear_ws/install/clearpath_sensors_description' for CMake module files
[0.871s] [34mcolcon.colcon_core.environment[0m [1;30mLevel 1[0m checking '/home/robot/debug_clear_ws/install/clearpath_sensors_description' for CMake config files
[0.872s] [34mcolcon.colcon_core.shell[0m [1;30mLevel 1[0m create_environment_hook('clearpath_sensors_description', 'cmake_prefix_path')
[0.872s] [34mcolcon.colcon_core.shell[0m [1;30mINFO[0m Creating environment hook '/home/robot/debug_clear_ws/install/clearpath_sensors_description/share/clearpath_sensors_description/hook/cmake_prefix_path.ps1'
[0.872s] [34mcolcon.colcon_core.shell[0m [1;30mINFO[0m Creating environment descriptor '/home/robot/debug_clear_ws/install/clearpath_sensors_description/share/clearpath_sensors_description/hook/cmake_prefix_path.dsv'
[0.873s] [34mcolcon.colcon_core.shell[0m [1;30mINFO[0m Creating environment hook '/home/robot/debug_clear_ws/install/clearpath_sensors_description/share/clearpath_sensors_description/hook/cmake_prefix_path.sh'
[0.873s] [34mcolcon.colcon_core.environment[0m [1;30mLevel 1[0m checking '/home/robot/debug_clear_ws/install/clearpath_sensors_description/bin'
[0.873s] [34mcolcon.colcon_core.environment[0m [1;30mLevel 1[0m checking '/home/robot/debug_clear_ws/install/clearpath_sensors_description/lib/pkgconfig/clearpath_sensors_description.pc'
[0.874s] [34mcolcon.colcon_core.environment[0m [1;30mLevel 1[0m checking '/home/robot/debug_clear_ws/install/clearpath_sensors_description/lib/python3.10/site-packages'
[0.874s] [34mcolcon.colcon_core.environment[0m [1;30mLevel 1[0m checking '/home/robot/debug_clear_ws/install/clearpath_sensors_description/bin'
[0.874s] [34mcolcon.colcon_core.shell[0m [1;30mINFO[0m Creating package script '/home/robot/debug_clear_ws/install/clearpath_sensors_description/share/clearpath_sensors_description/package.ps1'
[0.875s] [34mcolcon.colcon_core.shell[0m [1;30mINFO[0m Creating package descriptor '/home/robot/debug_clear_ws/install/clearpath_sensors_description/share/clearpath_sensors_description/package.dsv'
[0.875s] [34mcolcon.colcon_core.shell[0m [1;30mINFO[0m Creating package script '/home/robot/debug_clear_ws/install/clearpath_sensors_description/share/clearpath_sensors_description/package.sh'
[0.875s] [34mcolcon.colcon_core.shell[0m [1;30mINFO[0m Creating package script '/home/robot/debug_clear_ws/install/clearpath_sensors_description/share/clearpath_sensors_description/package.bash'
[0.876s] [34mcolcon.colcon_core.shell[0m [1;30mINFO[0m Creating package script '/home/robot/debug_clear_ws/install/clearpath_sensors_description/share/clearpath_sensors_description/package.zsh'
[0.876s] [34mcolcon.colcon_core.environment[0m [1;30mLevel 1[0m create_file_with_runtime_dependencies(/home/robot/debug_clear_ws/install/clearpath_sensors_description/share/colcon-core/packages/clearpath_sensors_description)
[0.877s] [34mcolcon.colcon_ros.task.ament_cmake.build[0m [1;30mINFO[0m Building ROS package in '/home/robot/debug_clear_ws/src/clearpath_common/clearpath_description' with build type 'ament_cmake'
[0.877s] [34mcolcon.colcon_cmake.task.cmake.build[0m [1;30mINFO[0m Building CMake package in '/home/robot/debug_clear_ws/src/clearpath_common/clearpath_description'
[0.878s] [34mcolcon.colcon_core.shell[0m [1;30mINFO[0m Skip shell extension 'powershell' for command environment: Not usable outside of PowerShell
[0.878s] [34mcolcon.colcon_core.shell[0m [1;30mDEBUG[0m [32mSkip shell extension 'dsv' for command environment[0m
[0.887s] [34mcolcon.colcon_core.environment[0m [1;30mLevel 1[0m create_environment_scripts_only(clearpath_customization)
[0.888s] [34mcolcon.colcon_core.environment[0m [1;30mLevel 1[0m checking '/home/robot/debug_clear_ws/install/clearpath_customization' for CMake module files
[0.889s] [34mcolcon.colcon_core.event_handler.log_command[0m [1;30mDEBUG[0m [32mInvoking command in '/home/robot/debug_clear_ws/build/clearpath_manipulators': CMAKE_PREFIX_PATH=/home/robot/debug_clear_ws/install/clearpath_manipulators_description:/home/robot/debug_clear_ws/install/clearpath_simulator:/home/robot/debug_clear_ws/install/clearpath_gz:/home/robot/debug_clear_ws/install/clearpath_generator_gz:/home/robot/debug_clear_ws/install/clearpath_common:/home/robot/debug_clear_ws/install/clearpath_generator_common:/home/robot/debug_clear_ws/install/clearpath_description:/home/robot/debug_clear_ws/install/clearpath_sensors_description:/home/robot/debug_clear_ws/install/clearpath_platform:/home/robot/debug_clear_ws/install/clearpath_msgs:/home/robot/debug_clear_ws/install/clearpath_platform_msgs:/home/robot/debug_clear_ws/install/clearpath_platform_description:/home/robot/debug_clear_ws/install/clearpath_mounts_description:/home/robot/debug_clear_ws/install/clearpath_manipulators:/home/robot/debug_clear_ws/install/clearpath_customization:/home/robot/debug_clear_ws/install/clearpath_control:/home/robot/debug_clear_ws/install/clearpath_config:/opt/ros/humble /usr/bin/cmake --build /home/robot/debug_clear_ws/build/clearpath_manipulators -- -j12 -l12[0m
[0.889s] [34mcolcon.colcon_core.environment[0m [1;30mLevel 1[0m checking '/home/robot/debug_clear_ws/install/clearpath_customization' for CMake config files
[0.889s] [34mcolcon.colcon_core.shell[0m [1;30mLevel 1[0m create_environment_hook('clearpath_customization', 'cmake_prefix_path')
[0.889s] [34mcolcon.colcon_core.shell[0m [1;30mINFO[0m Creating environment hook '/home/robot/debug_clear_ws/install/clearpath_customization/share/clearpath_customization/hook/cmake_prefix_path.ps1'
[0.890s] [34mcolcon.colcon_core.shell[0m [1;30mINFO[0m Creating environment descriptor '/home/robot/debug_clear_ws/install/clearpath_customization/share/clearpath_customization/hook/cmake_prefix_path.dsv'
[0.890s] [34mcolcon.colcon_core.shell[0m [1;30mINFO[0m Creating environment hook '/home/robot/debug_clear_ws/install/clearpath_customization/share/clearpath_customization/hook/cmake_prefix_path.sh'
[0.891s] [34mcolcon.colcon_core.environment[0m [1;30mLevel 1[0m checking '/home/robot/debug_clear_ws/install/clearpath_customization/lib'
[0.891s] [34mcolcon.colcon_core.environment[0m [1;30mLevel 1[0m checking '/home/robot/debug_clear_ws/install/clearpath_customization/bin'
[0.891s] [34mcolcon.colcon_core.environment[0m [1;30mLevel 1[0m checking '/home/robot/debug_clear_ws/install/clearpath_customization/lib/pkgconfig/clearpath_customization.pc'
[0.891s] [34mcolcon.colcon_core.environment[0m [1;30mLevel 1[0m checking '/home/robot/debug_clear_ws/install/clearpath_customization/lib/python3.10/site-packages'
[0.891s] [34mcolcon.colcon_core.environment[0m [1;30mLevel 1[0m checking '/home/robot/debug_clear_ws/install/clearpath_customization/bin'
[0.892s] [34mcolcon.colcon_core.shell[0m [1;30mINFO[0m Creating package script '/home/robot/debug_clear_ws/install/clearpath_customization/share/clearpath_customization/package.ps1'
[0.892s] [34mcolcon.colcon_core.shell[0m [1;30mINFO[0m Creating package descriptor '/home/robot/debug_clear_ws/install/clearpath_customization/share/clearpath_customization/package.dsv'
[0.892s] [34mcolcon.colcon_core.shell[0m [1;30mINFO[0m Creating package script '/home/robot/debug_clear_ws/install/clearpath_customization/share/clearpath_customization/package.sh'
[0.893s] [34mcolcon.colcon_core.shell[0m [1;30mINFO[0m Creating package script '/home/robot/debug_clear_ws/install/clearpath_customization/share/clearpath_customization/package.bash'
[0.893s] [34mcolcon.colcon_core.shell[0m [1;30mINFO[0m Creating package script '/home/robot/debug_clear_ws/install/clearpath_customization/share/clearpath_customization/package.zsh'
[0.894s] [34mcolcon.colcon_core.environment[0m [1;30mLevel 1[0m create_file_with_runtime_dependencies(/home/robot/debug_clear_ws/install/clearpath_customization/share/colcon-core/packages/clearpath_customization)
[0.898s] [34mcolcon.colcon_core.event_handler.log_command[0m [1;30mDEBUG[0m [32mInvoking command in '/home/robot/debug_clear_ws/build/clearpath_description': CMAKE_PREFIX_PATH=/home/robot/debug_clear_ws/install/clearpath_sensors_description:/home/robot/debug_clear_ws/install/clearpath_platform_description:/home/robot/debug_clear_ws/install/clearpath_mounts_description:/home/robot/debug_clear_ws/install/clearpath_manipulators_description:/home/robot/debug_clear_ws/install/clearpath_simulator:/home/robot/debug_clear_ws/install/clearpath_gz:/home/robot/debug_clear_ws/install/clearpath_generator_gz:/home/robot/debug_clear_ws/install/clearpath_common:/home/robot/debug_clear_ws/install/clearpath_generator_common:/home/robot/debug_clear_ws/install/clearpath_description:/home/robot/debug_clear_ws/install/clearpath_platform:/home/robot/debug_clear_ws/install/clearpath_msgs:/home/robot/debug_clear_ws/install/clearpath_platform_msgs:/home/robot/debug_clear_ws/install/clearpath_manipulators:/home/robot/debug_clear_ws/install/clearpath_customization:/home/robot/debug_clear_ws/install/clearpath_control:/home/robot/debug_clear_ws/install/clearpath_config:/opt/ros/humble /usr/bin/cmake --build /home/robot/debug_clear_ws/build/clearpath_description -- -j12 -l12[0m
[0.925s] [34mcolcon.colcon_core.event_handler.log_command[0m [1;30mDEBUG[0m [32mInvoked command in '/home/robot/debug_clear_ws/build/clearpath_manipulators' returned '0': CMAKE_PREFIX_PATH=/home/robot/debug_clear_ws/install/clearpath_manipulators_description:/home/robot/debug_clear_ws/install/clearpath_simulator:/home/robot/debug_clear_ws/install/clearpath_gz:/home/robot/debug_clear_ws/install/clearpath_generator_gz:/home/robot/debug_clear_ws/install/clearpath_common:/home/robot/debug_clear_ws/install/clearpath_generator_common:/home/robot/debug_clear_ws/install/clearpath_description:/home/robot/debug_clear_ws/install/clearpath_sensors_description:/home/robot/debug_clear_ws/install/clearpath_platform:/home/robot/debug_clear_ws/install/clearpath_msgs:/home/robot/debug_clear_ws/install/clearpath_platform_msgs:/home/robot/debug_clear_ws/install/clearpath_platform_description:/home/robot/debug_clear_ws/install/clearpath_mounts_description:/home/robot/debug_clear_ws/install/clearpath_manipulators:/home/robot/debug_clear_ws/install/clearpath_customization:/home/robot/debug_clear_ws/install/clearpath_control:/home/robot/debug_clear_ws/install/clearpath_config:/opt/ros/humble /usr/bin/cmake --build /home/robot/debug_clear_ws/build/clearpath_manipulators -- -j12 -l12[0m
[0.938s] [34mcolcon.colcon_core.event_handler.log_command[0m [1;30mDEBUG[0m [32mInvoked command in '/home/robot/debug_clear_ws/build/clearpath_description' returned '0': CMAKE_PREFIX_PATH=/home/robot/debug_clear_ws/install/clearpath_sensors_description:/home/robot/debug_clear_ws/install/clearpath_platform_description:/home/robot/debug_clear_ws/install/clearpath_mounts_description:/home/robot/debug_clear_ws/install/clearpath_manipulators_description:/home/robot/debug_clear_ws/install/clearpath_simulator:/home/robot/debug_clear_ws/install/clearpath_gz:/home/robot/debug_clear_ws/install/clearpath_generator_gz:/home/robot/debug_clear_ws/install/clearpath_common:/home/robot/debug_clear_ws/install/clearpath_generator_common:/home/robot/debug_clear_ws/install/clearpath_description:/home/robot/debug_clear_ws/install/clearpath_platform:/home/robot/debug_clear_ws/install/clearpath_msgs:/home/robot/debug_clear_ws/install/clearpath_platform_msgs:/home/robot/debug_clear_ws/install/clearpath_manipulators:/home/robot/debug_clear_ws/install/clearpath_customization:/home/robot/debug_clear_ws/install/clearpath_control:/home/robot/debug_clear_ws/install/clearpath_config:/opt/ros/humble /usr/bin/cmake --build /home/robot/debug_clear_ws/build/clearpath_description -- -j12 -l12[0m
[0.950s] [34mcolcon.colcon_core.event_handler.log_command[0m [1;30mDEBUG[0m [32mInvoking command in '/home/robot/debug_clear_ws/build/clearpath_manipulators': CMAKE_PREFIX_PATH=/home/robot/debug_clear_ws/install/clearpath_manipulators_description:/home/robot/debug_clear_ws/install/clearpath_simulator:/home/robot/debug_clear_ws/install/clearpath_gz:/home/robot/debug_clear_ws/install/clearpath_generator_gz:/home/robot/debug_clear_ws/install/clearpath_common:/home/robot/debug_clear_ws/install/clearpath_generator_common:/home/robot/debug_clear_ws/install/clearpath_description:/home/robot/debug_clear_ws/install/clearpath_sensors_description:/home/robot/debug_clear_ws/install/clearpath_platform:/home/robot/debug_clear_ws/install/clearpath_msgs:/home/robot/debug_clear_ws/install/clearpath_platform_msgs:/home/robot/debug_clear_ws/install/clearpath_platform_description:/home/robot/debug_clear_ws/install/clearpath_mounts_description:/home/robot/debug_clear_ws/install/clearpath_manipulators:/home/robot/debug_clear_ws/install/clearpath_customization:/home/robot/debug_clear_ws/install/clearpath_control:/home/robot/debug_clear_ws/install/clearpath_config:/opt/ros/humble /usr/bin/cmake --install /home/robot/debug_clear_ws/build/clearpath_manipulators[0m
[0.963s] [34mcolcon.colcon_core.environment[0m [1;30mLevel 1[0m create_environment_scripts_only(clearpath_manipulators)
[0.963s] [34mcolcon.colcon_core.environment[0m [1;30mLevel 1[0m checking '/home/robot/debug_clear_ws/install/clearpath_manipulators' for CMake module files
[0.964s] [34mcolcon.colcon_core.environment[0m [1;30mLevel 1[0m checking '/home/robot/debug_clear_ws/install/clearpath_manipulators' for CMake config files
[0.967s] [34mcolcon.colcon_core.event_handler.log_command[0m [1;30mDEBUG[0m [32mInvoking command in '/home/robot/debug_clear_ws/build/clearpath_description': CMAKE_PREFIX_PATH=/home/robot/debug_clear_ws/install/clearpath_sensors_description:/home/robot/debug_clear_ws/install/clearpath_platform_description:/home/robot/debug_clear_ws/install/clearpath_mounts_description:/home/robot/debug_clear_ws/install/clearpath_manipulators_description:/home/robot/debug_clear_ws/install/clearpath_simulator:/home/robot/debug_clear_ws/install/clearpath_gz:/home/robot/debug_clear_ws/install/clearpath_generator_gz:/home/robot/debug_clear_ws/install/clearpath_common:/home/robot/debug_clear_ws/install/clearpath_generator_common:/home/robot/debug_clear_ws/install/clearpath_description:/home/robot/debug_clear_ws/install/clearpath_platform:/home/robot/debug_clear_ws/install/clearpath_msgs:/home/robot/debug_clear_ws/install/clearpath_platform_msgs:/home/robot/debug_clear_ws/install/clearpath_manipulators:/home/robot/debug_clear_ws/install/clearpath_customization:/home/robot/debug_clear_ws/install/clearpath_control:/home/robot/debug_clear_ws/install/clearpath_config:/opt/ros/humble /usr/bin/cmake --install /home/robot/debug_clear_ws/build/clearpath_description[0m
[0.967s] [34mcolcon.colcon_core.shell[0m [1;30mLevel 1[0m create_environment_hook('clearpath_manipulators', 'cmake_prefix_path')
[0.968s] [34mcolcon.colcon_core.shell[0m [1;30mINFO[0m Creating environment hook '/home/robot/debug_clear_ws/install/clearpath_manipulators/share/clearpath_manipulators/hook/cmake_prefix_path.ps1'
[0.968s] [34mcolcon.colcon_core.event_handler.log_command[0m [1;30mDEBUG[0m [32mInvoked command in '/home/robot/debug_clear_ws/build/clearpath_manipulators' returned '0': CMAKE_PREFIX_PATH=/home/robot/debug_clear_ws/install/clearpath_manipulators_description:/home/robot/debug_clear_ws/install/clearpath_simulator:/home/robot/debug_clear_ws/install/clearpath_gz:/home/robot/debug_clear_ws/install/clearpath_generator_gz:/home/robot/debug_clear_ws/install/clearpath_common:/home/robot/debug_clear_ws/install/clearpath_generator_common:/home/robot/debug_clear_ws/install/clearpath_description:/home/robot/debug_clear_ws/install/clearpath_sensors_description:/home/robot/debug_clear_ws/install/clearpath_platform:/home/robot/debug_clear_ws/install/clearpath_msgs:/home/robot/debug_clear_ws/install/clearpath_platform_msgs:/home/robot/debug_clear_ws/install/clearpath_platform_description:/home/robot/debug_clear_ws/install/clearpath_mounts_description:/home/robot/debug_clear_ws/install/clearpath_manipulators:/home/robot/debug_clear_ws/install/clearpath_customization:/home/robot/debug_clear_ws/install/clearpath_control:/home/robot/debug_clear_ws/install/clearpath_config:/opt/ros/humble /usr/bin/cmake --install /home/robot/debug_clear_ws/build/clearpath_manipulators[0m
[0.969s] [34mcolcon.colcon_core.shell[0m [1;30mINFO[0m Creating environment descriptor '/home/robot/debug_clear_ws/install/clearpath_manipulators/share/clearpath_manipulators/hook/cmake_prefix_path.dsv'
[0.969s] [34mcolcon.colcon_core.shell[0m [1;30mINFO[0m Creating environment hook '/home/robot/debug_clear_ws/install/clearpath_manipulators/share/clearpath_manipulators/hook/cmake_prefix_path.sh'
[0.970s] [34mcolcon.colcon_core.environment[0m [1;30mLevel 1[0m checking '/home/robot/debug_clear_ws/install/clearpath_manipulators/bin'
[0.970s] [34mcolcon.colcon_core.environment[0m [1;30mLevel 1[0m checking '/home/robot/debug_clear_ws/install/clearpath_manipulators/lib/pkgconfig/clearpath_manipulators.pc'
[0.971s] [34mcolcon.colcon_core.environment[0m [1;30mLevel 1[0m checking '/home/robot/debug_clear_ws/install/clearpath_manipulators/lib/python3.10/site-packages'
[0.971s] [34mcolcon.colcon_core.environment[0m [1;30mLevel 1[0m checking '/home/robot/debug_clear_ws/install/clearpath_manipulators/bin'
[0.972s] [34mcolcon.colcon_core.shell[0m [1;30mINFO[0m Creating package script '/home/robot/debug_clear_ws/install/clearpath_manipulators/share/clearpath_manipulators/package.ps1'
[0.973s] [34mcolcon.colcon_core.shell[0m [1;30mINFO[0m Creating package descriptor '/home/robot/debug_clear_ws/install/clearpath_manipulators/share/clearpath_manipulators/package.dsv'
[0.974s] [34mcolcon.colcon_core.shell[0m [1;30mINFO[0m Creating package script '/home/robot/debug_clear_ws/install/clearpath_manipulators/share/clearpath_manipulators/package.sh'
[0.974s] [34mcolcon.colcon_core.shell[0m [1;30mINFO[0m Creating package script '/home/robot/debug_clear_ws/install/clearpath_manipulators/share/clearpath_manipulators/package.bash'
[0.975s] [34mcolcon.colcon_core.shell[0m [1;30mINFO[0m Creating package script '/home/robot/debug_clear_ws/install/clearpath_manipulators/share/clearpath_manipulators/package.zsh'
[0.976s] [34mcolcon.colcon_core.environment[0m [1;30mLevel 1[0m create_file_with_runtime_dependencies(/home/robot/debug_clear_ws/install/clearpath_manipulators/share/colcon-core/packages/clearpath_manipulators)
[0.977s] [34mcolcon.colcon_core.environment[0m [1;30mLevel 1[0m create_environment_scripts_only(clearpath_description)
[0.978s] [34mcolcon.colcon_core.environment[0m [1;30mLevel 1[0m checking '/home/robot/debug_clear_ws/install/clearpath_description' for CMake module files
[0.979s] [34mcolcon.colcon_core.event_handler.log_command[0m [1;30mDEBUG[0m [32mInvoked command in '/home/robot/debug_clear_ws/build/clearpath_description' returned '0': CMAKE_PREFIX_PATH=/home/robot/debug_clear_ws/install/clearpath_sensors_description:/home/robot/debug_clear_ws/install/clearpath_platform_description:/home/robot/debug_clear_ws/install/clearpath_mounts_description:/home/robot/debug_clear_ws/install/clearpath_manipulators_description:/home/robot/debug_clear_ws/install/clearpath_simulator:/home/robot/debug_clear_ws/install/clearpath_gz:/home/robot/debug_clear_ws/install/clearpath_generator_gz:/home/robot/debug_clear_ws/install/clearpath_common:/home/robot/debug_clear_ws/install/clearpath_generator_common:/home/robot/debug_clear_ws/install/clearpath_description:/home/robot/debug_clear_ws/install/clearpath_platform:/home/robot/debug_clear_ws/install/clearpath_msgs:/home/robot/debug_clear_ws/install/clearpath_platform_msgs:/home/robot/debug_clear_ws/install/clearpath_manipulators:/home/robot/debug_clear_ws/install/clearpath_customization:/home/robot/debug_clear_ws/install/clearpath_control:/home/robot/debug_clear_ws/install/clearpath_config:/opt/ros/humble /usr/bin/cmake --install /home/robot/debug_clear_ws/build/clearpath_description[0m
[0.979s] [34mcolcon.colcon_core.environment[0m [1;30mLevel 1[0m checking '/home/robot/debug_clear_ws/install/clearpath_description' for CMake config files
[0.979s] [34mcolcon.colcon_core.shell[0m [1;30mLevel 1[0m create_environment_hook('clearpath_description', 'cmake_prefix_path')
[0.980s] [34mcolcon.colcon_core.shell[0m [1;30mINFO[0m Creating environment hook '/home/robot/debug_clear_ws/install/clearpath_description/share/clearpath_description/hook/cmake_prefix_path.ps1'
[0.980s] [34mcolcon.colcon_core.shell[0m [1;30mINFO[0m Creating environment descriptor '/home/robot/debug_clear_ws/install/clearpath_description/share/clearpath_description/hook/cmake_prefix_path.dsv'
[0.981s] [34mcolcon.colcon_core.shell[0m [1;30mINFO[0m Creating environment hook '/home/robot/debug_clear_ws/install/clearpath_description/share/clearpath_description/hook/cmake_prefix_path.sh'
[0.982s] [34mcolcon.colcon_core.environment[0m [1;30mLevel 1[0m checking '/home/robot/debug_clear_ws/install/clearpath_description/bin'
[0.982s] [34mcolcon.colcon_core.environment[0m [1;30mLevel 1[0m checking '/home/robot/debug_clear_ws/install/clearpath_description/lib/pkgconfig/clearpath_description.pc'
[0.982s] [34mcolcon.colcon_core.environment[0m [1;30mLevel 1[0m checking '/home/robot/debug_clear_ws/install/clearpath_description/lib/python3.10/site-packages'
[0.982s] [34mcolcon.colcon_core.environment[0m [1;30mLevel 1[0m checking '/home/robot/debug_clear_ws/install/clearpath_description/bin'
[0.983s] [34mcolcon.colcon_core.shell[0m [1;30mINFO[0m Creating package script '/home/robot/debug_clear_ws/install/clearpath_description/share/clearpath_description/package.ps1'
[0.983s] [34mcolcon.colcon_core.shell[0m [1;30mINFO[0m Creating package descriptor '/home/robot/debug_clear_ws/install/clearpath_description/share/clearpath_description/package.dsv'
[0.984s] [34mcolcon.colcon_core.shell[0m [1;30mINFO[0m Creating package script '/home/robot/debug_clear_ws/install/clearpath_description/share/clearpath_description/package.sh'
[0.984s] [34mcolcon.colcon_core.shell[0m [1;30mINFO[0m Creating package script '/home/robot/debug_clear_ws/install/clearpath_description/share/clearpath_description/package.bash'
[0.985s] [34mcolcon.colcon_core.shell[0m [1;30mINFO[0m Creating package script '/home/robot/debug_clear_ws/install/clearpath_description/share/clearpath_description/package.zsh'
[0.985s] [34mcolcon.colcon_core.environment[0m [1;30mLevel 1[0m create_file_with_runtime_dependencies(/home/robot/debug_clear_ws/install/clearpath_description/share/colcon-core/packages/clearpath_description)
[1.001s] [34mcolcon.colcon_core.environment[0m [1;30mLevel 1[0m create_environment_scripts_only(clearpath_manipulators)
[1.001s] [34mcolcon.colcon_core.environment[0m [1;30mLevel 1[0m checking '/home/robot/debug_clear_ws/install/clearpath_manipulators' for CMake module files
[1.002s] [34mcolcon.colcon_core.environment[0m [1;30mLevel 1[0m checking '/home/robot/debug_clear_ws/install/clearpath_manipulators' for CMake config files
[1.002s] [34mcolcon.colcon_core.shell[0m [1;30mLevel 1[0m create_environment_hook('clearpath_manipulators', 'cmake_prefix_path')
[1.003s] [34mcolcon.colcon_core.shell[0m [1;30mINFO[0m Creating environment hook '/home/robot/debug_clear_ws/install/clearpath_manipulators/share/clearpath_manipulators/hook/cmake_prefix_path.ps1'
[1.003s] [34mcolcon.colcon_core.shell[0m [1;30mINFO[0m Creating environment descriptor '/home/robot/debug_clear_ws/install/clearpath_manipulators/share/clearpath_manipulators/hook/cmake_prefix_path.dsv'
[1.004s] [34mcolcon.colcon_core.shell[0m [1;30mINFO[0m Creating environment hook '/home/robot/debug_clear_ws/install/clearpath_manipulators/share/clearpath_manipulators/hook/cmake_prefix_path.sh'
[1.004s] [34mcolcon.colcon_core.environment[0m [1;30mLevel 1[0m checking '/home/robot/debug_clear_ws/install/clearpath_manipulators/bin'
[1.004s] [34mcolcon.colcon_core.environment[0m [1;30mLevel 1[0m checking '/home/robot/debug_clear_ws/install/clearpath_manipulators/lib/pkgconfig/clearpath_manipulators.pc'
[1.005s] [34mcolcon.colcon_core.environment[0m [1;30mLevel 1[0m checking '/home/robot/debug_clear_ws/install/clearpath_manipulators/lib/python3.10/site-packages'
[1.005s] [34mcolcon.colcon_core.environment[0m [1;30mLevel 1[0m checking '/home/robot/debug_clear_ws/install/clearpath_manipulators/bin'
[1.005s] [34mcolcon.colcon_core.shell[0m [1;30mINFO[0m Creating package script '/home/robot/debug_clear_ws/install/clearpath_manipulators/share/clearpath_manipulators/package.ps1'
[1.006s] [34mcolcon.colcon_core.shell[0m [1;30mINFO[0m Creating package descriptor '/home/robot/debug_clear_ws/install/clearpath_manipulators/share/clearpath_manipulators/package.dsv'
[1.006s] [34mcolcon.colcon_core.shell[0m [1;30mINFO[0m Creating package script '/home/robot/debug_clear_ws/install/clearpath_manipulators/share/clearpath_manipulators/package.sh'
[1.007s] [34mcolcon.colcon_core.shell[0m [1;30mINFO[0m Creating package script '/home/robot/debug_clear_ws/install/clearpath_manipulators/share/clearpath_manipulators/package.bash'
[1.007s] [34mcolcon.colcon_core.shell[0m [1;30mINFO[0m Creating package script '/home/robot/debug_clear_ws/install/clearpath_manipulators/share/clearpath_manipulators/package.zsh'
[1.008s] [34mcolcon.colcon_core.environment[0m [1;30mLevel 1[0m create_file_with_runtime_dependencies(/home/robot/debug_clear_ws/install/clearpath_manipulators/share/colcon-core/packages/clearpath_manipulators)
[1.010s] [34mcolcon.colcon_core.environment[0m [1;30mLevel 1[0m create_environment_scripts_only(clearpath_description)
[1.010s] [34mcolcon.colcon_core.environment[0m [1;30mLevel 1[0m checking '/home/robot/debug_clear_ws/install/clearpath_description' for CMake module files
[1.010s] [34mcolcon.colcon_core.environment[0m [1;30mLevel 1[0m checking '/home/robot/debug_clear_ws/install/clearpath_description' for CMake config files
[1.010s] [34mcolcon.colcon_core.shell[0m [1;30mLevel 1[0m create_environment_hook('clearpath_description', 'cmake_prefix_path')
[1.011s] [34mcolcon.colcon_core.shell[0m [1;30mINFO[0m Creating environment hook '/home/robot/debug_clear_ws/install/clearpath_description/share/clearpath_description/hook/cmake_prefix_path.ps1'
[1.011s] [34mcolcon.colcon_core.shell[0m [1;30mINFO[0m Creating environment descriptor '/home/robot/debug_clear_ws/install/clearpath_description/share/clearpath_description/hook/cmake_prefix_path.dsv'
[1.011s] [34mcolcon.colcon_core.shell[0m [1;30mINFO[0m Creating environment hook '/home/robot/debug_clear_ws/install/clearpath_description/share/clearpath_description/hook/cmake_prefix_path.sh'
[1.012s] [34mcolcon.colcon_core.environment[0m [1;30mLevel 1[0m checking '/home/robot/debug_clear_ws/install/clearpath_description/bin'
[1.012s] [34mcolcon.colcon_core.environment[0m [1;30mLevel 1[0m checking '/home/robot/debug_clear_ws/install/clearpath_description/lib/pkgconfig/clearpath_description.pc'
[1.012s] [34mcolcon.colcon_core.environment[0m [1;30mLevel 1[0m checking '/home/robot/debug_clear_ws/install/clearpath_description/lib/python3.10/site-packages'
[1.012s] [34mcolcon.colcon_core.environment[0m [1;30mLevel 1[0m checking '/home/robot/debug_clear_ws/install/clearpath_description/bin'
[1.013s] [34mcolcon.colcon_core.shell[0m [1;30mINFO[0m Creating package script '/home/robot/debug_clear_ws/install/clearpath_description/share/clearpath_description/package.ps1'
[1.013s] [34mcolcon.colcon_core.shell[0m [1;30mINFO[0m Creating package descriptor '/home/robot/debug_clear_ws/install/clearpath_description/share/clearpath_description/package.dsv'
[1.014s] [34mcolcon.colcon_core.shell[0m [1;30mINFO[0m Creating package script '/home/robot/debug_clear_ws/install/clearpath_description/share/clearpath_description/package.sh'
[1.015s] [34mcolcon.colcon_core.shell[0m [1;30mINFO[0m Creating package script '/home/robot/debug_clear_ws/install/clearpath_description/share/clearpath_description/package.bash'
[1.015s] [34mcolcon.colcon_core.shell[0m [1;30mINFO[0m Creating package script '/home/robot/debug_clear_ws/install/clearpath_description/share/clearpath_description/package.zsh'
[1.016s] [34mcolcon.colcon_core.environment[0m [1;30mLevel 1[0m create_file_with_runtime_dependencies(/home/robot/debug_clear_ws/install/clearpath_description/share/colcon-core/packages/clearpath_description)
[1.112s] [34mcolcon.colcon_core.event_handler.log_command[0m [1;30mDEBUG[0m [32mInvoking command in '/home/robot/debug_clear_ws/build/clearpath_platform_msgs': CMAKE_PREFIX_PATH=${CMAKE_PREFIX_PATH}:/home/robot/debug_clear_ws/install/clearpath_config:/opt/ros/humble /usr/bin/cmake --install /home/robot/debug_clear_ws/build/clearpath_platform_msgs[0m
[1.146s] [34mcolcon.colcon_core.event_handler.log_command[0m [1;30mDEBUG[0m [32mInvoked command in '/home/robot/debug_clear_ws/build/yolov8_msgs' returned '0': CMAKE_PREFIX_PATH=${CMAKE_PREFIX_PATH}:/home/robot/debug_clear_ws/install/clearpath_config:/opt/ros/humble /usr/bin/cmake --build /home/robot/debug_clear_ws/build/yolov8_msgs -- -j12 -l12[0m
[1.179s] [34mcolcon.colcon_core.environment[0m [1;30mLevel 1[0m create_environment_scripts_only(clearpath_platform_msgs)
[1.179s] [34mcolcon.colcon_core.environment[0m [1;30mLevel 1[0m checking '/home/robot/debug_clear_ws/install/clearpath_platform_msgs' for CMake module files
[1.180s] [34mcolcon.colcon_core.event_handler.log_command[0m [1;30mDEBUG[0m [32mInvoked command in '/home/robot/debug_clear_ws/build/clearpath_platform_msgs' returned '0': CMAKE_PREFIX_PATH=${CMAKE_PREFIX_PATH}:/home/robot/debug_clear_ws/install/clearpath_config:/opt/ros/humble /usr/bin/cmake --install /home/robot/debug_clear_ws/build/clearpath_platform_msgs[0m
[1.181s] [34mcolcon.colcon_core.environment[0m [1;30mLevel 1[0m checking '/home/robot/debug_clear_ws/install/clearpath_platform_msgs' for CMake config files
[1.182s] [34mcolcon.colcon_core.shell[0m [1;30mLevel 1[0m create_environment_hook('clearpath_platform_msgs', 'cmake_prefix_path')
[1.182s] [34mcolcon.colcon_core.shell[0m [1;30mINFO[0m Creating environment hook '/home/robot/debug_clear_ws/install/clearpath_platform_msgs/share/clearpath_platform_msgs/hook/cmake_prefix_path.ps1'
[1.182s] [34mcolcon.colcon_core.shell[0m [1;30mINFO[0m Creating environment descriptor '/home/robot/debug_clear_ws/install/clearpath_platform_msgs/share/clearpath_platform_msgs/hook/cmake_prefix_path.dsv'
[1.183s] [34mcolcon.colcon_core.shell[0m [1;30mINFO[0m Creating environment hook '/home/robot/debug_clear_ws/install/clearpath_platform_msgs/share/clearpath_platform_msgs/hook/cmake_prefix_path.sh'
[1.183s] [34mcolcon.colcon_core.environment[0m [1;30mLevel 1[0m checking '/home/robot/debug_clear_ws/install/clearpath_platform_msgs/lib'
[1.183s] [34mcolcon.colcon_core.shell[0m [1;30mLevel 1[0m create_environment_hook('clearpath_platform_msgs', 'ld_library_path_lib')
[1.184s] [34mcolcon.colcon_core.shell[0m [1;30mINFO[0m Creating environment hook '/home/robot/debug_clear_ws/install/clearpath_platform_msgs/share/clearpath_platform_msgs/hook/ld_library_path_lib.ps1'
[1.184s] [34mcolcon.colcon_core.shell[0m [1;30mINFO[0m Creating environment descriptor '/home/robot/debug_clear_ws/install/clearpath_platform_msgs/share/clearpath_platform_msgs/hook/ld_library_path_lib.dsv'
[1.185s] [34mcolcon.colcon_core.shell[0m [1;30mINFO[0m Creating environment hook '/home/robot/debug_clear_ws/install/clearpath_platform_msgs/share/clearpath_platform_msgs/hook/ld_library_path_lib.sh'
[1.185s] [34mcolcon.colcon_core.environment[0m [1;30mLevel 1[0m checking '/home/robot/debug_clear_ws/install/clearpath_platform_msgs/bin'
[1.185s] [34mcolcon.colcon_core.environment[0m [1;30mLevel 1[0m checking '/home/robot/debug_clear_ws/install/clearpath_platform_msgs/lib/pkgconfig/clearpath_platform_msgs.pc'
[1.186s] [34mcolcon.colcon_core.environment[0m [1;30mLevel 1[0m checking '/home/robot/debug_clear_ws/install/clearpath_platform_msgs/lib/python3.10/site-packages'
[1.186s] [34mcolcon.colcon_core.environment[0m [1;30mLevel 1[0m checking '/home/robot/debug_clear_ws/install/clearpath_platform_msgs/bin'
[1.186s] [34mcolcon.colcon_core.shell[0m [1;30mINFO[0m Creating package script '/home/robot/debug_clear_ws/install/clearpath_platform_msgs/share/clearpath_platform_msgs/package.ps1'
[1.187s] [34mcolcon.colcon_core.shell[0m [1;30mINFO[0m Creating package descriptor '/home/robot/debug_clear_ws/install/clearpath_platform_msgs/share/clearpath_platform_msgs/package.dsv'
[1.187s] [34mcolcon.colcon_core.shell[0m [1;30mINFO[0m Creating package script '/home/robot/debug_clear_ws/install/clearpath_platform_msgs/share/clearpath_platform_msgs/package.sh'
[1.188s] [34mcolcon.colcon_core.shell[0m [1;30mINFO[0m Creating package script '/home/robot/debug_clear_ws/install/clearpath_platform_msgs/share/clearpath_platform_msgs/package.bash'
[1.188s] [34mcolcon.colcon_core.shell[0m [1;30mINFO[0m Creating package script '/home/robot/debug_clear_ws/install/clearpath_platform_msgs/share/clearpath_platform_msgs/package.zsh'
[1.189s] [34mcolcon.colcon_core.environment[0m [1;30mLevel 1[0m create_file_with_runtime_dependencies(/home/robot/debug_clear_ws/install/clearpath_platform_msgs/share/colcon-core/packages/clearpath_platform_msgs)
[1.332s] [34mcolcon.colcon_core.event_handler.log_command[0m [1;30mDEBUG[0m [32mInvoking command in '/home/robot/debug_clear_ws/src/clearpath_config': PYTHONPATH=/home/robot/debug_clear_ws/build/clearpath_config/prefix_override:/usr/lib/python3/dist-packages/colcon_core/task/python/colcon_distutils_commands:/home/robot/debug_clear_ws/install/clearpath_config/lib/python3.10/site-packages:${PYTHONPATH} /usr/bin/python3 -W ignore:setup.py install is deprecated setup.py egg_info --egg-base ../../build/clearpath_config build --build-base /home/robot/debug_clear_ws/build/clearpath_config/build install --record /home/robot/debug_clear_ws/build/clearpath_config/install.log --single-version-externally-managed install_data[0m
[1.404s] [34mcolcon.colcon_core.event_handler.log_command[0m [1;30mDEBUG[0m [32mInvoking command in '/home/robot/debug_clear_ws/build/yolov8_msgs': CMAKE_PREFIX_PATH=${CMAKE_PREFIX_PATH}:/home/robot/debug_clear_ws/install/clearpath_config:/opt/ros/humble /usr/bin/cmake --install /home/robot/debug_clear_ws/build/yolov8_msgs[0m
[1.405s] [34mcolcon.colcon_core.environment[0m [1;30mLevel 1[0m create_environment_scripts_only(clearpath_platform_msgs)
[1.405s] [34mcolcon.colcon_core.environment[0m [1;30mLevel 1[0m checking '/home/robot/debug_clear_ws/install/clearpath_platform_msgs' for CMake module files
[1.406s] [34mcolcon.colcon_core.environment[0m [1;30mLevel 1[0m checking '/home/robot/debug_clear_ws/install/clearpath_platform_msgs' for CMake config files
[1.406s] [34mcolcon.colcon_core.shell[0m [1;30mLevel 1[0m create_environment_hook('clearpath_platform_msgs', 'cmake_prefix_path')
[1.406s] [34mcolcon.colcon_core.shell[0m [1;30mINFO[0m Creating environment hook '/home/robot/debug_clear_ws/install/clearpath_platform_msgs/share/clearpath_platform_msgs/hook/cmake_prefix_path.ps1'
[1.407s] [34mcolcon.colcon_core.shell[0m [1;30mINFO[0m Creating environment descriptor '/home/robot/debug_clear_ws/install/clearpath_platform_msgs/share/clearpath_platform_msgs/hook/cmake_prefix_path.dsv'
[1.407s] [34mcolcon.colcon_core.shell[0m [1;30mINFO[0m Creating environment hook '/home/robot/debug_clear_ws/install/clearpath_platform_msgs/share/clearpath_platform_msgs/hook/cmake_prefix_path.sh'
[1.408s] [34mcolcon.colcon_core.environment[0m [1;30mLevel 1[0m checking '/home/robot/debug_clear_ws/install/clearpath_platform_msgs/lib'
[1.408s] [34mcolcon.colcon_core.shell[0m [1;30mLevel 1[0m create_environment_hook('clearpath_platform_msgs', 'ld_library_path_lib')
[1.408s] [34mcolcon.colcon_core.shell[0m [1;30mINFO[0m Creating environment hook '/home/robot/debug_clear_ws/install/clearpath_platform_msgs/share/clearpath_platform_msgs/hook/ld_library_path_lib.ps1'
[1.408s] [34mcolcon.colcon_core.shell[0m [1;30mINFO[0m Creating environment descriptor '/home/robot/debug_clear_ws/install/clearpath_platform_msgs/share/clearpath_platform_msgs/hook/ld_library_path_lib.dsv'
[1.408s] [34mcolcon.colcon_core.shell[0m [1;30mINFO[0m Creating environment hook '/home/robot/debug_clear_ws/install/clearpath_platform_msgs/share/clearpath_platform_msgs/hook/ld_library_path_lib.sh'
[1.409s] [34mcolcon.colcon_core.environment[0m [1;30mLevel 1[0m checking '/home/robot/debug_clear_ws/install/clearpath_platform_msgs/bin'
[1.409s] [34mcolcon.colcon_core.environment[0m [1;30mLevel 1[0m checking '/home/robot/debug_clear_ws/install/clearpath_platform_msgs/lib/pkgconfig/clearpath_platform_msgs.pc'
[1.409s] [34mcolcon.colcon_core.environment[0m [1;30mLevel 1[0m checking '/home/robot/debug_clear_ws/install/clearpath_platform_msgs/lib/python3.10/site-packages'
[1.409s] [34mcolcon.colcon_core.environment[0m [1;30mLevel 1[0m checking '/home/robot/debug_clear_ws/install/clearpath_platform_msgs/bin'
[1.409s] [34mcolcon.colcon_core.shell[0m [1;30mINFO[0m Creating package script '/home/robot/debug_clear_ws/install/clearpath_platform_msgs/share/clearpath_platform_msgs/package.ps1'
[1.410s] [34mcolcon.colcon_core.shell[0m [1;30mINFO[0m Creating package descriptor '/home/robot/debug_clear_ws/install/clearpath_platform_msgs/share/clearpath_platform_msgs/package.dsv'
[1.410s] [34mcolcon.colcon_core.shell[0m [1;30mINFO[0m Creating package script '/home/robot/debug_clear_ws/install/clearpath_platform_msgs/share/clearpath_platform_msgs/package.sh'
[1.411s] [34mcolcon.colcon_core.shell[0m [1;30mINFO[0m Creating package script '/home/robot/debug_clear_ws/install/clearpath_platform_msgs/share/clearpath_platform_msgs/package.bash'
[1.411s] [34mcolcon.colcon_core.shell[0m [1;30mINFO[0m Creating package script '/home/robot/debug_clear_ws/install/clearpath_platform_msgs/share/clearpath_platform_msgs/package.zsh'
[1.413s] [34mcolcon.colcon_core.environment[0m [1;30mLevel 1[0m create_file_with_runtime_dependencies(/home/robot/debug_clear_ws/install/clearpath_platform_msgs/share/colcon-core/packages/clearpath_platform_msgs)
[1.415s] [34mcolcon.colcon_ros.task.ament_cmake.build[0m [1;30mINFO[0m Building ROS package in '/home/robot/debug_clear_ws/src/clearpath_common/clearpath_platform' with build type 'ament_cmake'
[1.415s] [34mcolcon.colcon_cmake.task.cmake.build[0m [1;30mINFO[0m Building CMake package in '/home/robot/debug_clear_ws/src/clearpath_common/clearpath_platform'
[1.416s] [34mcolcon.colcon_core.shell[0m [1;30mINFO[0m Skip shell extension 'powershell' for command environment: Not usable outside of PowerShell
[1.416s] [34mcolcon.colcon_core.shell[0m [1;30mDEBUG[0m [32mSkip shell extension 'dsv' for command environment[0m
[1.433s] [34mcolcon.colcon_ros.task.ament_cmake.build[0m [1;30mINFO[0m Building ROS package in '/home/robot/debug_clear_ws/src/clearpath_msgs/clearpath_msgs' with build type 'ament_cmake'
[1.433s] [34mcolcon.colcon_cmake.task.cmake.build[0m [1;30mINFO[0m Building CMake package in '/home/robot/debug_clear_ws/src/clearpath_msgs/clearpath_msgs'
[1.434s] [34mcolcon.colcon_core.shell[0m [1;30mINFO[0m Skip shell extension 'powershell' for command environment: Not usable outside of PowerShell
[1.434s] [34mcolcon.colcon_core.shell[0m [1;30mDEBUG[0m [32mSkip shell extension 'dsv' for command environment[0m
[1.446s] [34mcolcon.colcon_core.event_handler.log_command[0m [1;30mDEBUG[0m [32mInvoking command in '/home/robot/debug_clear_ws/build/clearpath_platform': CMAKE_PREFIX_PATH=/home/robot/debug_clear_ws/install/clearpath_platform_msgs:/home/robot/debug_clear_ws/install/clearpath_platform_description:/home/robot/debug_clear_ws/install/clearpath_control:/home/robot/debug_clear_ws/install/clearpath_simulator:/home/robot/debug_clear_ws/install/clearpath_gz:/home/robot/debug_clear_ws/install/clearpath_generator_gz:/home/robot/debug_clear_ws/install/clearpath_common:/home/robot/debug_clear_ws/install/clearpath_generator_common:/home/robot/debug_clear_ws/install/clearpath_description:/home/robot/debug_clear_ws/install/clearpath_sensors_description:/home/robot/debug_clear_ws/install/clearpath_platform:/home/robot/debug_clear_ws/install/clearpath_msgs:/home/robot/debug_clear_ws/install/clearpath_mounts_description:/home/robot/debug_clear_ws/install/clearpath_manipulators:/home/robot/debug_clear_ws/install/clearpath_manipulators_description:/home/robot/debug_clear_ws/install/clearpath_customization:/home/robot/debug_clear_ws/install/clearpath_config:/opt/ros/humble LD_LIBRARY_PATH=/home/robot/debug_clear_ws/install/clearpath_platform_msgs/lib:/home/robot/debug_clear_ws/install/clearpath_platform/lib:/opt/ros/humble/opt/rviz_ogre_vendor/lib:/opt/ros/humble/lib/x86_64-linux-gnu:/opt/ros/humble/lib /usr/bin/cmake --build /home/robot/debug_clear_ws/build/clearpath_platform -- -j12 -l12[0m
[1.449s] [34mcolcon.colcon_core.event_handler.log_command[0m [1;30mDEBUG[0m [32mInvoking command in '/home/robot/debug_clear_ws/build/clearpath_msgs': CMAKE_PREFIX_PATH=/home/robot/debug_clear_ws/install/clearpath_platform_msgs:/home/robot/debug_clear_ws/install/clearpath_simulator:/home/robot/debug_clear_ws/install/clearpath_gz:/home/robot/debug_clear_ws/install/clearpath_generator_gz:/home/robot/debug_clear_ws/install/clearpath_common:/home/robot/debug_clear_ws/install/clearpath_generator_common:/home/robot/debug_clear_ws/install/clearpath_description:/home/robot/debug_clear_ws/install/clearpath_sensors_description:/home/robot/debug_clear_ws/install/clearpath_platform:/home/robot/debug_clear_ws/install/clearpath_msgs:/home/robot/debug_clear_ws/install/clearpath_platform_description:/home/robot/debug_clear_ws/install/clearpath_mounts_description:/home/robot/debug_clear_ws/install/clearpath_manipulators:/home/robot/debug_clear_ws/install/clearpath_manipulators_description:/home/robot/debug_clear_ws/install/clearpath_customization:/home/robot/debug_clear_ws/install/clearpath_control:/home/robot/debug_clear_ws/install/clearpath_config:/opt/ros/humble LD_LIBRARY_PATH=/home/robot/debug_clear_ws/install/clearpath_platform_msgs/lib:/home/robot/debug_clear_ws/install/clearpath_platform/lib:/opt/ros/humble/opt/rviz_ogre_vendor/lib:/opt/ros/humble/lib/x86_64-linux-gnu:/opt/ros/humble/lib /usr/bin/cmake --build /home/robot/debug_clear_ws/build/clearpath_msgs -- -j12 -l12[0m
[1.474s] [34mcolcon.colcon_core.environment[0m [1;30mLevel 1[0m create_environment_scripts_only(yolov8_msgs)
[1.474s] [34mcolcon.colcon_core.event_handler.log_command[0m [1;30mDEBUG[0m [32mInvoked command in '/home/robot/debug_clear_ws/build/yolov8_msgs' returned '0': CMAKE_PREFIX_PATH=${CMAKE_PREFIX_PATH}:/home/robot/debug_clear_ws/install/clearpath_config:/opt/ros/humble /usr/bin/cmake --install /home/robot/debug_clear_ws/build/yolov8_msgs[0m
[1.474s] [34mcolcon.colcon_core.environment[0m [1;30mLevel 1[0m checking '/home/robot/debug_clear_ws/install/yolov8_msgs' for CMake module files
[1.475s] [34mcolcon.colcon_core.environment[0m [1;30mLevel 1[0m checking '/home/robot/debug_clear_ws/install/yolov8_msgs' for CMake config files
[1.475s] [34mcolcon.colcon_core.shell[0m [1;30mLevel 1[0m create_environment_hook('yolov8_msgs', 'cmake_prefix_path')
[1.476s] [34mcolcon.colcon_core.shell[0m [1;30mINFO[0m Creating environment hook '/home/robot/debug_clear_ws/install/yolov8_msgs/share/yolov8_msgs/hook/cmake_prefix_path.ps1'
[1.476s] [34mcolcon.colcon_core.shell[0m [1;30mINFO[0m Creating environment descriptor '/home/robot/debug_clear_ws/install/yolov8_msgs/share/yolov8_msgs/hook/cmake_prefix_path.dsv'
[1.476s] [34mcolcon.colcon_core.shell[0m [1;30mINFO[0m Creating environment hook '/home/robot/debug_clear_ws/install/yolov8_msgs/share/yolov8_msgs/hook/cmake_prefix_path.sh'
[1.477s] [34mcolcon.colcon_core.environment[0m [1;30mLevel 1[0m checking '/home/robot/debug_clear_ws/install/yolov8_msgs/lib'
[1.477s] [34mcolcon.colcon_core.shell[0m [1;30mLevel 1[0m create_environment_hook('yolov8_msgs', 'ld_library_path_lib')
[1.477s] [34mcolcon.colcon_core.shell[0m [1;30mINFO[0m Creating environment hook '/home/robot/debug_clear_ws/install/yolov8_msgs/share/yolov8_msgs/hook/ld_library_path_lib.ps1'
[1.478s] [34mcolcon.colcon_core.shell[0m [1;30mINFO[0m Creating environment descriptor '/home/robot/debug_clear_ws/install/yolov8_msgs/share/yolov8_msgs/hook/ld_library_path_lib.dsv'
[1.478s] [34mcolcon.colcon_core.shell[0m [1;30mINFO[0m Creating environment hook '/home/robot/debug_clear_ws/install/yolov8_msgs/share/yolov8_msgs/hook/ld_library_path_lib.sh'
[1.478s] [34mcolcon.colcon_core.environment[0m [1;30mLevel 1[0m checking '/home/robot/debug_clear_ws/install/yolov8_msgs/bin'
[1.478s] [34mcolcon.colcon_core.environment[0m [1;30mLevel 1[0m checking '/home/robot/debug_clear_ws/install/yolov8_msgs/lib/pkgconfig/yolov8_msgs.pc'
[1.478s] [34mcolcon.colcon_core.environment[0m [1;30mLevel 1[0m checking '/home/robot/debug_clear_ws/install/yolov8_msgs/lib/python3.10/site-packages'
[1.479s] [34mcolcon.colcon_core.environment[0m [1;30mLevel 1[0m checking '/home/robot/debug_clear_ws/install/yolov8_msgs/bin'
[1.479s] [34mcolcon.colcon_core.shell[0m [1;30mINFO[0m Creating package script '/home/robot/debug_clear_ws/install/yolov8_msgs/share/yolov8_msgs/package.ps1'
[1.480s] [34mcolcon.colcon_core.shell[0m [1;30mINFO[0m Creating package descriptor '/home/robot/debug_clear_ws/install/yolov8_msgs/share/yolov8_msgs/package.dsv'
[1.480s] [34mcolcon.colcon_core.shell[0m [1;30mINFO[0m Creating package script '/home/robot/debug_clear_ws/install/yolov8_msgs/share/yolov8_msgs/package.sh'
[1.481s] [34mcolcon.colcon_core.shell[0m [1;30mINFO[0m Creating package script '/home/robot/debug_clear_ws/install/yolov8_msgs/share/yolov8_msgs/package.bash'
[1.481s] [34mcolcon.colcon_core.shell[0m [1;30mINFO[0m Creating package script '/home/robot/debug_clear_ws/install/yolov8_msgs/share/yolov8_msgs/package.zsh'
[1.481s] [34mcolcon.colcon_core.environment[0m [1;30mLevel 1[0m create_file_with_runtime_dependencies(/home/robot/debug_clear_ws/install/yolov8_msgs/share/colcon-core/packages/yolov8_msgs)
[1.493s] [34mcolcon.colcon_core.event_handler.log_command[0m [1;30mDEBUG[0m [32mInvoked command in '/home/robot/debug_clear_ws/build/clearpath_msgs' returned '0': CMAKE_PREFIX_PATH=/home/robot/debug_clear_ws/install/clearpath_platform_msgs:/home/robot/debug_clear_ws/install/clearpath_simulator:/home/robot/debug_clear_ws/install/clearpath_gz:/home/robot/debug_clear_ws/install/clearpath_generator_gz:/home/robot/debug_clear_ws/install/clearpath_common:/home/robot/debug_clear_ws/install/clearpath_generator_common:/home/robot/debug_clear_ws/install/clearpath_description:/home/robot/debug_clear_ws/install/clearpath_sensors_description:/home/robot/debug_clear_ws/install/clearpath_platform:/home/robot/debug_clear_ws/install/clearpath_msgs:/home/robot/debug_clear_ws/install/clearpath_platform_description:/home/robot/debug_clear_ws/install/clearpath_mounts_description:/home/robot/debug_clear_ws/install/clearpath_manipulators:/home/robot/debug_clear_ws/install/clearpath_manipulators_description:/home/robot/debug_clear_ws/install/clearpath_customization:/home/robot/debug_clear_ws/install/clearpath_control:/home/robot/debug_clear_ws/install/clearpath_config:/opt/ros/humble LD_LIBRARY_PATH=/home/robot/debug_clear_ws/install/clearpath_platform_msgs/lib:/home/robot/debug_clear_ws/install/clearpath_platform/lib:/opt/ros/humble/opt/rviz_ogre_vendor/lib:/opt/ros/humble/lib/x86_64-linux-gnu:/opt/ros/humble/lib /usr/bin/cmake --build /home/robot/debug_clear_ws/build/clearpath_msgs -- -j12 -l12[0m
[1.524s] [34mcolcon.colcon_core.event_handler.log_command[0m [1;30mDEBUG[0m [32mInvoking command in '/home/robot/debug_clear_ws/build/clearpath_msgs': CMAKE_PREFIX_PATH=/home/robot/debug_clear_ws/install/clearpath_platform_msgs:/home/robot/debug_clear_ws/install/clearpath_simulator:/home/robot/debug_clear_ws/install/clearpath_gz:/home/robot/debug_clear_ws/install/clearpath_generator_gz:/home/robot/debug_clear_ws/install/clearpath_common:/home/robot/debug_clear_ws/install/clearpath_generator_common:/home/robot/debug_clear_ws/install/clearpath_description:/home/robot/debug_clear_ws/install/clearpath_sensors_description:/home/robot/debug_clear_ws/install/clearpath_platform:/home/robot/debug_clear_ws/install/clearpath_msgs:/home/robot/debug_clear_ws/install/clearpath_platform_description:/home/robot/debug_clear_ws/install/clearpath_mounts_description:/home/robot/debug_clear_ws/install/clearpath_manipulators:/home/robot/debug_clear_ws/install/clearpath_manipulators_description:/home/robot/debug_clear_ws/install/clearpath_customization:/home/robot/debug_clear_ws/install/clearpath_control:/home/robot/debug_clear_ws/install/clearpath_config:/opt/ros/humble LD_LIBRARY_PATH=/home/robot/debug_clear_ws/install/clearpath_platform_msgs/lib:/home/robot/debug_clear_ws/install/clearpath_platform/lib:/opt/ros/humble/opt/rviz_ogre_vendor/lib:/opt/ros/humble/lib/x86_64-linux-gnu:/opt/ros/humble/lib /usr/bin/cmake --install /home/robot/debug_clear_ws/build/clearpath_msgs[0m
[1.533s] [34mcolcon.colcon_core.environment[0m [1;30mLevel 1[0m create_environment_scripts_only(clearpath_msgs)
[1.533s] [34mcolcon.colcon_core.environment[0m [1;30mLevel 1[0m checking '/home/robot/debug_clear_ws/install/clearpath_msgs' for CMake module files
[1.534s] [34mcolcon.colcon_core.event_handler.log_command[0m [1;30mDEBUG[0m [32mInvoked command in '/home/robot/debug_clear_ws/build/clearpath_msgs' returned '0': CMAKE_PREFIX_PATH=/home/robot/debug_clear_ws/install/clearpath_platform_msgs:/home/robot/debug_clear_ws/install/clearpath_simulator:/home/robot/debug_clear_ws/install/clearpath_gz:/home/robot/debug_clear_ws/install/clearpath_generator_gz:/home/robot/debug_clear_ws/install/clearpath_common:/home/robot/debug_clear_ws/install/clearpath_generator_common:/home/robot/debug_clear_ws/install/clearpath_description:/home/robot/debug_clear_ws/install/clearpath_sensors_description:/home/robot/debug_clear_ws/install/clearpath_platform:/home/robot/debug_clear_ws/install/clearpath_msgs:/home/robot/debug_clear_ws/install/clearpath_platform_description:/home/robot/debug_clear_ws/install/clearpath_mounts_description:/home/robot/debug_clear_ws/install/clearpath_manipulators:/home/robot/debug_clear_ws/install/clearpath_manipulators_description:/home/robot/debug_clear_ws/install/clearpath_customization:/home/robot/debug_clear_ws/install/clearpath_control:/home/robot/debug_clear_ws/install/clearpath_config:/opt/ros/humble LD_LIBRARY_PATH=/home/robot/debug_clear_ws/install/clearpath_platform_msgs/lib:/home/robot/debug_clear_ws/install/clearpath_platform/lib:/opt/ros/humble/opt/rviz_ogre_vendor/lib:/opt/ros/humble/lib/x86_64-linux-gnu:/opt/ros/humble/lib /usr/bin/cmake --install /home/robot/debug_clear_ws/build/clearpath_msgs[0m
[1.534s] [34mcolcon.colcon_core.environment[0m [1;30mLevel 1[0m checking '/home/robot/debug_clear_ws/install/clearpath_msgs' for CMake config files
[1.534s] [34mcolcon.colcon_core.shell[0m [1;30mLevel 1[0m create_environment_hook('clearpath_msgs', 'cmake_prefix_path')
[1.534s] [34mcolcon.colcon_core.shell[0m [1;30mINFO[0m Creating environment hook '/home/robot/debug_clear_ws/install/clearpath_msgs/share/clearpath_msgs/hook/cmake_prefix_path.ps1'
[1.535s] [34mcolcon.colcon_core.shell[0m [1;30mINFO[0m Creating environment descriptor '/home/robot/debug_clear_ws/install/clearpath_msgs/share/clearpath_msgs/hook/cmake_prefix_path.dsv'
[1.535s] [34mcolcon.colcon_core.shell[0m [1;30mINFO[0m Creating environment hook '/home/robot/debug_clear_ws/install/clearpath_msgs/share/clearpath_msgs/hook/cmake_prefix_path.sh'
[1.535s] [34mcolcon.colcon_core.environment[0m [1;30mLevel 1[0m checking '/home/robot/debug_clear_ws/install/clearpath_msgs/bin'
[1.536s] [34mcolcon.colcon_core.environment[0m [1;30mLevel 1[0m checking '/home/robot/debug_clear_ws/install/clearpath_msgs/lib/pkgconfig/clearpath_msgs.pc'
[1.536s] [34mcolcon.colcon_core.environment[0m [1;30mLevel 1[0m checking '/home/robot/debug_clear_ws/install/clearpath_msgs/lib/python3.10/site-packages'
[1.536s] [34mcolcon.colcon_core.environment[0m [1;30mLevel 1[0m checking '/home/robot/debug_clear_ws/install/clearpath_msgs/bin'
[1.536s] [34mcolcon.colcon_core.shell[0m [1;30mINFO[0m Creating package script '/home/robot/debug_clear_ws/install/clearpath_msgs/share/clearpath_msgs/package.ps1'
[1.537s] [34mcolcon.colcon_core.shell[0m [1;30mINFO[0m Creating package descriptor '/home/robot/debug_clear_ws/install/clearpath_msgs/share/clearpath_msgs/package.dsv'
[1.537s] [34mcolcon.colcon_core.shell[0m [1;30mINFO[0m Creating package script '/home/robot/debug_clear_ws/install/clearpath_msgs/share/clearpath_msgs/package.sh'
[1.537s] [34mcolcon.colcon_core.shell[0m [1;30mINFO[0m Creating package script '/home/robot/debug_clear_ws/install/clearpath_msgs/share/clearpath_msgs/package.bash'
[1.538s] [34mcolcon.colcon_core.shell[0m [1;30mINFO[0m Creating package script '/home/robot/debug_clear_ws/install/clearpath_msgs/share/clearpath_msgs/package.zsh'
[1.538s] [34mcolcon.colcon_core.environment[0m [1;30mLevel 1[0m create_file_with_runtime_dependencies(/home/robot/debug_clear_ws/install/clearpath_msgs/share/colcon-core/packages/clearpath_msgs)
[1.553s] [34mcolcon.colcon_core.event_handler.log_command[0m [1;30mDEBUG[0m [32mInvoked command in '/home/robot/debug_clear_ws/build/clearpath_platform' returned '0': CMAKE_PREFIX_PATH=/home/robot/debug_clear_ws/install/clearpath_platform_msgs:/home/robot/debug_clear_ws/install/clearpath_platform_description:/home/robot/debug_clear_ws/install/clearpath_control:/home/robot/debug_clear_ws/install/clearpath_simulator:/home/robot/debug_clear_ws/install/clearpath_gz:/home/robot/debug_clear_ws/install/clearpath_generator_gz:/home/robot/debug_clear_ws/install/clearpath_common:/home/robot/debug_clear_ws/install/clearpath_generator_common:/home/robot/debug_clear_ws/install/clearpath_description:/home/robot/debug_clear_ws/install/clearpath_sensors_description:/home/robot/debug_clear_ws/install/clearpath_platform:/home/robot/debug_clear_ws/install/clearpath_msgs:/home/robot/debug_clear_ws/install/clearpath_mounts_description:/home/robot/debug_clear_ws/install/clearpath_manipulators:/home/robot/debug_clear_ws/install/clearpath_manipulators_description:/home/robot/debug_clear_ws/install/clearpath_customization:/home/robot/debug_clear_ws/install/clearpath_config:/opt/ros/humble LD_LIBRARY_PATH=/home/robot/debug_clear_ws/install/clearpath_platform_msgs/lib:/home/robot/debug_clear_ws/install/clearpath_platform/lib:/opt/ros/humble/opt/rviz_ogre_vendor/lib:/opt/ros/humble/lib/x86_64-linux-gnu:/opt/ros/humble/lib /usr/bin/cmake --build /home/robot/debug_clear_ws/build/clearpath_platform -- -j12 -l12[0m
[1.558s] [34mcolcon.colcon_core.environment[0m [1;30mLevel 1[0m create_environment_scripts_only(clearpath_msgs)
[1.559s] [34mcolcon.colcon_core.environment[0m [1;30mLevel 1[0m checking '/home/robot/debug_clear_ws/install/clearpath_msgs' for CMake module files
[1.559s] [34mcolcon.colcon_core.environment[0m [1;30mLevel 1[0m checking '/home/robot/debug_clear_ws/install/clearpath_msgs' for CMake config files
[1.560s] [34mcolcon.colcon_core.shell[0m [1;30mLevel 1[0m create_environment_hook('clearpath_msgs', 'cmake_prefix_path')
[1.560s] [34mcolcon.colcon_core.shell[0m [1;30mINFO[0m Creating environment hook '/home/robot/debug_clear_ws/install/clearpath_msgs/share/clearpath_msgs/hook/cmake_prefix_path.ps1'
[1.561s] [34mcolcon.colcon_core.shell[0m [1;30mINFO[0m Creating environment descriptor '/home/robot/debug_clear_ws/install/clearpath_msgs/share/clearpath_msgs/hook/cmake_prefix_path.dsv'
[1.561s] [34mcolcon.colcon_core.shell[0m [1;30mINFO[0m Creating environment hook '/home/robot/debug_clear_ws/install/clearpath_msgs/share/clearpath_msgs/hook/cmake_prefix_path.sh'
[1.562s] [34mcolcon.colcon_core.environment[0m [1;30mLevel 1[0m checking '/home/robot/debug_clear_ws/install/clearpath_msgs/bin'
[1.562s] [34mcolcon.colcon_core.environment[0m [1;30mLevel 1[0m checking '/home/robot/debug_clear_ws/install/clearpath_msgs/lib/pkgconfig/clearpath_msgs.pc'
[1.562s] [34mcolcon.colcon_core.environment[0m [1;30mLevel 1[0m checking '/home/robot/debug_clear_ws/install/clearpath_msgs/lib/python3.10/site-packages'
[1.562s] [34mcolcon.colcon_core.environment[0m [1;30mLevel 1[0m checking '/home/robot/debug_clear_ws/install/clearpath_msgs/bin'
[1.562s] [34mcolcon.colcon_core.shell[0m [1;30mINFO[0m Creating package script '/home/robot/debug_clear_ws/install/clearpath_msgs/share/clearpath_msgs/package.ps1'
[1.563s] [34mcolcon.colcon_core.shell[0m [1;30mINFO[0m Creating package descriptor '/home/robot/debug_clear_ws/install/clearpath_msgs/share/clearpath_msgs/package.dsv'
[1.563s] [34mcolcon.colcon_core.shell[0m [1;30mINFO[0m Creating package script '/home/robot/debug_clear_ws/install/clearpath_msgs/share/clearpath_msgs/package.sh'
[1.564s] [34mcolcon.colcon_core.shell[0m [1;30mINFO[0m Creating package script '/home/robot/debug_clear_ws/install/clearpath_msgs/share/clearpath_msgs/package.bash'
[1.564s] [34mcolcon.colcon_core.shell[0m [1;30mINFO[0m Creating package script '/home/robot/debug_clear_ws/install/clearpath_msgs/share/clearpath_msgs/package.zsh'
[1.564s] [34mcolcon.colcon_core.environment[0m [1;30mLevel 1[0m create_file_with_runtime_dependencies(/home/robot/debug_clear_ws/install/clearpath_msgs/share/colcon-core/packages/clearpath_msgs)
[1.635s] [34mcolcon.colcon_core.event_handler.log_command[0m [1;30mDEBUG[0m [32mInvoking command in '/home/robot/debug_clear_ws/build/clearpath_platform': CMAKE_PREFIX_PATH=/home/robot/debug_clear_ws/install/clearpath_platform_msgs:/home/robot/debug_clear_ws/install/clearpath_platform_description:/home/robot/debug_clear_ws/install/clearpath_control:/home/robot/debug_clear_ws/install/clearpath_simulator:/home/robot/debug_clear_ws/install/clearpath_gz:/home/robot/debug_clear_ws/install/clearpath_generator_gz:/home/robot/debug_clear_ws/install/clearpath_common:/home/robot/debug_clear_ws/install/clearpath_generator_common:/home/robot/debug_clear_ws/install/clearpath_description:/home/robot/debug_clear_ws/install/clearpath_sensors_description:/home/robot/debug_clear_ws/install/clearpath_platform:/home/robot/debug_clear_ws/install/clearpath_msgs:/home/robot/debug_clear_ws/install/clearpath_mounts_description:/home/robot/debug_clear_ws/install/clearpath_manipulators:/home/robot/debug_clear_ws/install/clearpath_manipulators_description:/home/robot/debug_clear_ws/install/clearpath_customization:/home/robot/debug_clear_ws/install/clearpath_config:/opt/ros/humble LD_LIBRARY_PATH=/home/robot/debug_clear_ws/install/clearpath_platform_msgs/lib:/home/robot/debug_clear_ws/install/clearpath_platform/lib:/opt/ros/humble/opt/rviz_ogre_vendor/lib:/opt/ros/humble/lib/x86_64-linux-gnu:/opt/ros/humble/lib /usr/bin/cmake --install /home/robot/debug_clear_ws/build/clearpath_platform[0m
[1.650s] [34mcolcon.colcon_core.environment[0m [1;30mLevel 1[0m create_environment_scripts_only(clearpath_platform)
[1.650s] [34mcolcon.colcon_core.environment[0m [1;30mLevel 1[0m checking '/home/robot/debug_clear_ws/install/clearpath_platform' for CMake module files
[1.651s] [34mcolcon.colcon_core.event_handler.log_command[0m [1;30mDEBUG[0m [32mInvoked command in '/home/robot/debug_clear_ws/build/clearpath_platform' returned '0': CMAKE_PREFIX_PATH=/home/robot/debug_clear_ws/install/clearpath_platform_msgs:/home/robot/debug_clear_ws/install/clearpath_platform_description:/home/robot/debug_clear_ws/install/clearpath_control:/home/robot/debug_clear_ws/install/clearpath_simulator:/home/robot/debug_clear_ws/install/clearpath_gz:/home/robot/debug_clear_ws/install/clearpath_generator_gz:/home/robot/debug_clear_ws/install/clearpath_common:/home/robot/debug_clear_ws/install/clearpath_generator_common:/home/robot/debug_clear_ws/install/clearpath_description:/home/robot/debug_clear_ws/install/clearpath_sensors_description:/home/robot/debug_clear_ws/install/clearpath_platform:/home/robot/debug_clear_ws/install/clearpath_msgs:/home/robot/debug_clear_ws/install/clearpath_mounts_description:/home/robot/debug_clear_ws/install/clearpath_manipulators:/home/robot/debug_clear_ws/install/clearpath_manipulators_description:/home/robot/debug_clear_ws/install/clearpath_customization:/home/robot/debug_clear_ws/install/clearpath_config:/opt/ros/humble LD_LIBRARY_PATH=/home/robot/debug_clear_ws/install/clearpath_platform_msgs/lib:/home/robot/debug_clear_ws/install/clearpath_platform/lib:/opt/ros/humble/opt/rviz_ogre_vendor/lib:/opt/ros/humble/lib/x86_64-linux-gnu:/opt/ros/humble/lib /usr/bin/cmake --install /home/robot/debug_clear_ws/build/clearpath_platform[0m
[1.651s] [34mcolcon.colcon_core.environment[0m [1;30mLevel 1[0m checking '/home/robot/debug_clear_ws/install/clearpath_platform' for CMake config files
[1.652s] [34mcolcon.colcon_core.shell[0m [1;30mLevel 1[0m create_environment_hook('clearpath_platform', 'cmake_prefix_path')
[1.652s] [34mcolcon.colcon_core.shell[0m [1;30mINFO[0m Creating environment hook '/home/robot/debug_clear_ws/install/clearpath_platform/share/clearpath_platform/hook/cmake_prefix_path.ps1'
[1.652s] [34mcolcon.colcon_core.shell[0m [1;30mINFO[0m Creating environment descriptor '/home/robot/debug_clear_ws/install/clearpath_platform/share/clearpath_platform/hook/cmake_prefix_path.dsv'
[1.652s] [34mcolcon.colcon_core.shell[0m [1;30mINFO[0m Creating environment hook '/home/robot/debug_clear_ws/install/clearpath_platform/share/clearpath_platform/hook/cmake_prefix_path.sh'
[1.653s] [34mcolcon.colcon_core.environment[0m [1;30mLevel 1[0m checking '/home/robot/debug_clear_ws/install/clearpath_platform/lib'
[1.653s] [34mcolcon.colcon_core.shell[0m [1;30mLevel 1[0m create_environment_hook('clearpath_platform', 'ld_library_path_lib')
[1.653s] [34mcolcon.colcon_core.shell[0m [1;30mINFO[0m Creating environment hook '/home/robot/debug_clear_ws/install/clearpath_platform/share/clearpath_platform/hook/ld_library_path_lib.ps1'
[1.654s] [34mcolcon.colcon_core.shell[0m [1;30mINFO[0m Creating environment descriptor '/home/robot/debug_clear_ws/install/clearpath_platform/share/clearpath_platform/hook/ld_library_path_lib.dsv'
[1.654s] [34mcolcon.colcon_core.shell[0m [1;30mINFO[0m Creating environment hook '/home/robot/debug_clear_ws/install/clearpath_platform/share/clearpath_platform/hook/ld_library_path_lib.sh'
[1.654s] [34mcolcon.colcon_core.environment[0m [1;30mLevel 1[0m checking '/home/robot/debug_clear_ws/install/clearpath_platform/bin'
[1.654s] [34mcolcon.colcon_core.environment[0m [1;30mLevel 1[0m checking '/home/robot/debug_clear_ws/install/clearpath_platform/lib/pkgconfig/clearpath_platform.pc'
[1.655s] [34mcolcon.colcon_core.environment[0m [1;30mLevel 1[0m checking '/home/robot/debug_clear_ws/install/clearpath_platform/lib/python3.10/site-packages'
[1.655s] [34mcolcon.colcon_core.environment[0m [1;30mLevel 1[0m checking '/home/robot/debug_clear_ws/install/clearpath_platform/bin'
[1.656s] [34mcolcon.colcon_core.shell[0m [1;30mINFO[0m Creating package script '/home/robot/debug_clear_ws/install/clearpath_platform/share/clearpath_platform/package.ps1'
[1.656s] [34mcolcon.colcon_core.shell[0m [1;30mINFO[0m Creating package descriptor '/home/robot/debug_clear_ws/install/clearpath_platform/share/clearpath_platform/package.dsv'
[1.657s] [34mcolcon.colcon_core.shell[0m [1;30mINFO[0m Creating package script '/home/robot/debug_clear_ws/install/clearpath_platform/share/clearpath_platform/package.sh'
[1.657s] [34mcolcon.colcon_core.shell[0m [1;30mINFO[0m Creating package script '/home/robot/debug_clear_ws/install/clearpath_platform/share/clearpath_platform/package.bash'
[1.657s] [34mcolcon.colcon_core.shell[0m [1;30mINFO[0m Creating package script '/home/robot/debug_clear_ws/install/clearpath_platform/share/clearpath_platform/package.zsh'
[1.658s] [34mcolcon.colcon_core.environment[0m [1;30mLevel 1[0m create_file_with_runtime_dependencies(/home/robot/debug_clear_ws/install/clearpath_platform/share/colcon-core/packages/clearpath_platform)
[1.741s] [34mcolcon.colcon_core.environment[0m [1;30mLevel 1[0m create_environment_scripts_only(clearpath_platform)
[1.741s] [34mcolcon.colcon_core.environment[0m [1;30mLevel 1[0m checking '/home/robot/debug_clear_ws/install/clearpath_platform' for CMake module files
[1.742s] [34mcolcon.colcon_core.environment[0m [1;30mLevel 1[0m checking '/home/robot/debug_clear_ws/install/clearpath_platform' for CMake config files
[1.742s] [34mcolcon.colcon_core.shell[0m [1;30mLevel 1[0m create_environment_hook('clearpath_platform', 'cmake_prefix_path')
[1.742s] [34mcolcon.colcon_core.shell[0m [1;30mINFO[0m Creating environment hook '/home/robot/debug_clear_ws/install/clearpath_platform/share/clearpath_platform/hook/cmake_prefix_path.ps1'
[1.743s] [34mcolcon.colcon_core.shell[0m [1;30mINFO[0m Creating environment descriptor '/home/robot/debug_clear_ws/install/clearpath_platform/share/clearpath_platform/hook/cmake_prefix_path.dsv'
[1.743s] [34mcolcon.colcon_core.shell[0m [1;30mINFO[0m Creating environment hook '/home/robot/debug_clear_ws/install/clearpath_platform/share/clearpath_platform/hook/cmake_prefix_path.sh'
[1.743s] [34mcolcon.colcon_core.environment[0m [1;30mLevel 1[0m checking '/home/robot/debug_clear_ws/install/clearpath_platform/lib'
[1.744s] [34mcolcon.colcon_core.shell[0m [1;30mLevel 1[0m create_environment_hook('clearpath_platform', 'ld_library_path_lib')
[1.744s] [34mcolcon.colcon_core.shell[0m [1;30mINFO[0m Creating environment hook '/home/robot/debug_clear_ws/install/clearpath_platform/share/clearpath_platform/hook/ld_library_path_lib.ps1'
[1.744s] [34mcolcon.colcon_core.shell[0m [1;30mINFO[0m Creating environment descriptor '/home/robot/debug_clear_ws/install/clearpath_platform/share/clearpath_platform/hook/ld_library_path_lib.dsv'
[1.744s] [34mcolcon.colcon_core.shell[0m [1;30mINFO[0m Creating environment hook '/home/robot/debug_clear_ws/install/clearpath_platform/share/clearpath_platform/hook/ld_library_path_lib.sh'
[1.745s] [34mcolcon.colcon_core.environment[0m [1;30mLevel 1[0m checking '/home/robot/debug_clear_ws/install/clearpath_platform/bin'
[1.745s] [34mcolcon.colcon_core.environment[0m [1;30mLevel 1[0m checking '/home/robot/debug_clear_ws/install/clearpath_platform/lib/pkgconfig/clearpath_platform.pc'
[1.745s] [34mcolcon.colcon_core.environment[0m [1;30mLevel 1[0m checking '/home/robot/debug_clear_ws/install/clearpath_platform/lib/python3.10/site-packages'
[1.745s] [34mcolcon.colcon_core.environment[0m [1;30mLevel 1[0m checking '/home/robot/debug_clear_ws/install/clearpath_platform/bin'
[1.745s] [34mcolcon.colcon_core.shell[0m [1;30mINFO[0m Creating package script '/home/robot/debug_clear_ws/install/clearpath_platform/share/clearpath_platform/package.ps1'
[1.746s] [34mcolcon.colcon_core.shell[0m [1;30mINFO[0m Creating package descriptor '/home/robot/debug_clear_ws/install/clearpath_platform/share/clearpath_platform/package.dsv'
[1.747s] [34mcolcon.colcon_core.shell[0m [1;30mINFO[0m Creating package script '/home/robot/debug_clear_ws/install/clearpath_platform/share/clearpath_platform/package.sh'
[1.747s] [34mcolcon.colcon_core.shell[0m [1;30mINFO[0m Creating package script '/home/robot/debug_clear_ws/install/clearpath_platform/share/clearpath_platform/package.bash'
[1.748s] [34mcolcon.colcon_core.shell[0m [1;30mINFO[0m Creating package script '/home/robot/debug_clear_ws/install/clearpath_platform/share/clearpath_platform/package.zsh'
[1.748s] [34mcolcon.colcon_core.environment[0m [1;30mLevel 1[0m create_file_with_runtime_dependencies(/home/robot/debug_clear_ws/install/clearpath_platform/share/colcon-core/packages/clearpath_platform)
[1.756s] [34mcolcon.colcon_core.environment[0m [1;30mLevel 1[0m create_environment_scripts_only(yolov8_msgs)
[1.756s] [34mcolcon.colcon_core.environment[0m [1;30mLevel 1[0m checking '/home/robot/debug_clear_ws/install/yolov8_msgs' for CMake module files
[1.757s] [34mcolcon.colcon_core.environment[0m [1;30mLevel 1[0m checking '/home/robot/debug_clear_ws/install/yolov8_msgs' for CMake config files
[1.757s] [34mcolcon.colcon_core.shell[0m [1;30mLevel 1[0m create_environment_hook('yolov8_msgs', 'cmake_prefix_path')
[1.758s] [34mcolcon.colcon_core.shell[0m [1;30mINFO[0m Creating environment hook '/home/robot/debug_clear_ws/install/yolov8_msgs/share/yolov8_msgs/hook/cmake_prefix_path.ps1'
[1.758s] [34mcolcon.colcon_core.shell[0m [1;30mINFO[0m Creating environment descriptor '/home/robot/debug_clear_ws/install/yolov8_msgs/share/yolov8_msgs/hook/cmake_prefix_path.dsv'
[1.758s] [34mcolcon.colcon_core.shell[0m [1;30mINFO[0m Creating environment hook '/home/robot/debug_clear_ws/install/yolov8_msgs/share/yolov8_msgs/hook/cmake_prefix_path.sh'
[1.759s] [34mcolcon.colcon_core.environment[0m [1;30mLevel 1[0m checking '/home/robot/debug_clear_ws/install/yolov8_msgs/lib'
[1.759s] [34mcolcon.colcon_core.shell[0m [1;30mLevel 1[0m create_environment_hook('yolov8_msgs', 'ld_library_path_lib')
[1.759s] [34mcolcon.colcon_core.shell[0m [1;30mINFO[0m Creating environment hook '/home/robot/debug_clear_ws/install/yolov8_msgs/share/yolov8_msgs/hook/ld_library_path_lib.ps1'
[1.759s] [34mcolcon.colcon_core.shell[0m [1;30mINFO[0m Creating environment descriptor '/home/robot/debug_clear_ws/install/yolov8_msgs/share/yolov8_msgs/hook/ld_library_path_lib.dsv'
[1.760s] [34mcolcon.colcon_core.shell[0m [1;30mINFO[0m Creating environment hook '/home/robot/debug_clear_ws/install/yolov8_msgs/share/yolov8_msgs/hook/ld_library_path_lib.sh'
[1.760s] [34mcolcon.colcon_core.environment[0m [1;30mLevel 1[0m checking '/home/robot/debug_clear_ws/install/yolov8_msgs/bin'
[1.760s] [34mcolcon.colcon_core.environment[0m [1;30mLevel 1[0m checking '/home/robot/debug_clear_ws/install/yolov8_msgs/lib/pkgconfig/yolov8_msgs.pc'
[1.760s] [34mcolcon.colcon_core.environment[0m [1;30mLevel 1[0m checking '/home/robot/debug_clear_ws/install/yolov8_msgs/lib/python3.10/site-packages'
[1.761s] [34mcolcon.colcon_core.environment[0m [1;30mLevel 1[0m checking '/home/robot/debug_clear_ws/install/yolov8_msgs/bin'
[1.761s] [34mcolcon.colcon_core.shell[0m [1;30mINFO[0m Creating package script '/home/robot/debug_clear_ws/install/yolov8_msgs/share/yolov8_msgs/package.ps1'
[1.761s] [34mcolcon.colcon_core.shell[0m [1;30mINFO[0m Creating package descriptor '/home/robot/debug_clear_ws/install/yolov8_msgs/share/yolov8_msgs/package.dsv'
[1.762s] [34mcolcon.colcon_core.shell[0m [1;30mINFO[0m Creating package script '/home/robot/debug_clear_ws/install/yolov8_msgs/share/yolov8_msgs/package.sh'
[1.762s] [34mcolcon.colcon_core.shell[0m [1;30mINFO[0m Creating package script '/home/robot/debug_clear_ws/install/yolov8_msgs/share/yolov8_msgs/package.bash'
[1.763s] [34mcolcon.colcon_core.shell[0m [1;30mINFO[0m Creating package script '/home/robot/debug_clear_ws/install/yolov8_msgs/share/yolov8_msgs/package.zsh'
[1.763s] [34mcolcon.colcon_core.environment[0m [1;30mLevel 1[0m create_file_with_runtime_dependencies(/home/robot/debug_clear_ws/install/yolov8_msgs/share/colcon-core/packages/yolov8_msgs)
[1.763s] [34mcolcon.colcon_ros.task.ament_python.build[0m [1;30mINFO[0m Building ROS package in '/home/robot/debug_clear_ws/src/yolov8_ros/yolov8_ros' with build type 'ament_python'
[1.763s] [34mcolcon.colcon_core.shell[0m [1;30mLevel 1[0m create_environment_hook('yolov8_ros', 'ament_prefix_path')
[1.764s] [34mcolcon.colcon_core.shell[0m [1;30mINFO[0m Creating environment hook '/home/robot/debug_clear_ws/install/yolov8_ros/share/yolov8_ros/hook/ament_prefix_path.ps1'
[1.764s] [34mcolcon.colcon_core.shell[0m [1;30mINFO[0m Creating environment descriptor '/home/robot/debug_clear_ws/install/yolov8_ros/share/yolov8_ros/hook/ament_prefix_path.dsv'
[1.765s] [34mcolcon.colcon_core.shell[0m [1;30mINFO[0m Creating environment hook '/home/robot/debug_clear_ws/install/yolov8_ros/share/yolov8_ros/hook/ament_prefix_path.sh'
[1.765s] [34mcolcon.colcon_core.shell[0m [1;30mINFO[0m Skip shell extension 'powershell' for command environment: Not usable outside of PowerShell
[1.765s] [34mcolcon.colcon_core.shell[0m [1;30mDEBUG[0m [32mSkip shell extension 'dsv' for command environment[0m
[1.981s] [34mcolcon.colcon_core.task.python.build[0m [1;30mINFO[0m Building Python package in '/home/robot/debug_clear_ws/src/yolov8_ros/yolov8_ros'
[1.982s] [34mcolcon.colcon_core.shell[0m [1;30mINFO[0m Skip shell extension 'powershell' for command environment: Not usable outside of PowerShell
[1.982s] [34mcolcon.colcon_core.shell[0m [1;30mDEBUG[0m [32mSkip shell extension 'dsv' for command environment[0m
[1.987s] [34mcolcon.colcon_core.environment[0m [1;30mLevel 1[0m checking '/home/robot/debug_clear_ws/install/clearpath_config' for CMake module files
[1.987s] [34mcolcon.colcon_core.event_handler.log_command[0m [1;30mDEBUG[0m [32mInvoked command in '/home/robot/debug_clear_ws/src/clearpath_config' returned '0': PYTHONPATH=/home/robot/debug_clear_ws/build/clearpath_config/prefix_override:/usr/lib/python3/dist-packages/colcon_core/task/python/colcon_distutils_commands:/home/robot/debug_clear_ws/install/clearpath_config/lib/python3.10/site-packages:${PYTHONPATH} /usr/bin/python3 -W ignore:setup.py install is deprecated setup.py egg_info --egg-base ../../build/clearpath_config build --build-base /home/robot/debug_clear_ws/build/clearpath_config/build install --record /home/robot/debug_clear_ws/build/clearpath_config/install.log --single-version-externally-managed install_data[0m
[1.988s] [34mcolcon.colcon_core.environment[0m [1;30mLevel 1[0m checking '/home/robot/debug_clear_ws/install/clearpath_config' for CMake config files
[1.989s] [34mcolcon.colcon_core.environment[0m [1;30mLevel 1[0m checking '/home/robot/debug_clear_ws/install/clearpath_config/lib'
[1.989s] [34mcolcon.colcon_core.environment[0m [1;30mLevel 1[0m checking '/home/robot/debug_clear_ws/install/clearpath_config/bin'
[1.989s] [34mcolcon.colcon_core.environment[0m [1;30mLevel 1[0m checking '/home/robot/debug_clear_ws/install/clearpath_config/lib/pkgconfig/clearpath_config.pc'
[1.989s] [34mcolcon.colcon_core.environment[0m [1;30mLevel 1[0m checking '/home/robot/debug_clear_ws/install/clearpath_config/lib/python3.10/site-packages'
[1.989s] [34mcolcon.colcon_core.shell[0m [1;30mLevel 1[0m create_environment_hook('clearpath_config', 'pythonpath')
[1.990s] [34mcolcon.colcon_core.shell[0m [1;30mINFO[0m Creating environment hook '/home/robot/debug_clear_ws/install/clearpath_config/share/clearpath_config/hook/pythonpath.ps1'
[1.990s] [34mcolcon.colcon_core.shell[0m [1;30mINFO[0m Creating environment descriptor '/home/robot/debug_clear_ws/install/clearpath_config/share/clearpath_config/hook/pythonpath.dsv'
[1.990s] [34mcolcon.colcon_core.shell[0m [1;30mINFO[0m Creating environment hook '/home/robot/debug_clear_ws/install/clearpath_config/share/clearpath_config/hook/pythonpath.sh'
[1.991s] [34mcolcon.colcon_core.environment[0m [1;30mLevel 1[0m checking '/home/robot/debug_clear_ws/install/clearpath_config/bin'
[1.991s] [34mcolcon.colcon_core.environment[0m [1;30mLevel 1[0m create_environment_scripts_only(clearpath_config)
[1.991s] [34mcolcon.colcon_core.shell[0m [1;30mINFO[0m Creating package script '/home/robot/debug_clear_ws/install/clearpath_config/share/clearpath_config/package.ps1'
[1.992s] [34mcolcon.colcon_core.shell[0m [1;30mINFO[0m Creating package descriptor '/home/robot/debug_clear_ws/install/clearpath_config/share/clearpath_config/package.dsv'
[1.992s] [34mcolcon.colcon_core.shell[0m [1;30mINFO[0m Creating package script '/home/robot/debug_clear_ws/install/clearpath_config/share/clearpath_config/package.sh'
[1.992s] [34mcolcon.colcon_core.shell[0m [1;30mINFO[0m Creating package script '/home/robot/debug_clear_ws/install/clearpath_config/share/clearpath_config/package.bash'
[1.993s] [34mcolcon.colcon_core.shell[0m [1;30mINFO[0m Creating package script '/home/robot/debug_clear_ws/install/clearpath_config/share/clearpath_config/package.zsh'
[1.993s] [34mcolcon.colcon_core.environment[0m [1;30mLevel 1[0m create_file_with_runtime_dependencies(/home/robot/debug_clear_ws/install/clearpath_config/share/colcon-core/packages/clearpath_config)
[1.994s] [34mcolcon.colcon_ros.task.ament_cmake.build[0m [1;30mINFO[0m Building ROS package in '/home/robot/debug_clear_ws/src/clearpath_common/clearpath_generator_common' with build type 'ament_cmake'
[1.994s] [34mcolcon.colcon_cmake.task.cmake.build[0m [1;30mINFO[0m Building CMake package in '/home/robot/debug_clear_ws/src/clearpath_common/clearpath_generator_common'
[1.994s] [34mcolcon.colcon_core.shell[0m [1;30mINFO[0m Skip shell extension 'powershell' for command environment: Not usable outside of PowerShell
[1.994s] [34mcolcon.colcon_core.shell[0m [1;30mDEBUG[0m [32mSkip shell extension 'dsv' for command environment[0m
[2.012s] [34mcolcon.colcon_core.event_handler.log_command[0m [1;30mDEBUG[0m [32mInvoking command in '/home/robot/debug_clear_ws/build/clearpath_generator_common': AMENT_PREFIX_PATH=/home/robot/debug_clear_ws/install/clearpath_config:/home/robot/debug_clear_ws/install/clearpath_simulator:/home/robot/debug_clear_ws/install/clearpath_gz:/home/robot/debug_clear_ws/install/clearpath_generator_gz:/home/robot/debug_clear_ws/install/clearpath_common:/home/robot/debug_clear_ws/install/clearpath_generator_common:/home/robot/debug_clear_ws/install/clearpath_description:/home/robot/debug_clear_ws/install/clearpath_sensors_description:/home/robot/debug_clear_ws/install/clearpath_platform:/home/robot/debug_clear_ws/install/clearpath_msgs:/home/robot/debug_clear_ws/install/clearpath_platform_msgs:/home/robot/debug_clear_ws/install/clearpath_platform_description:/home/robot/debug_clear_ws/install/clearpath_mounts_description:/home/robot/debug_clear_ws/install/clearpath_manipulators:/home/robot/debug_clear_ws/install/clearpath_manipulators_description:/home/robot/debug_clear_ws/install/clearpath_customization:/home/robot/debug_clear_ws/install/clearpath_control:/opt/ros/humble CMAKE_PREFIX_PATH=/home/robot/debug_clear_ws/install/clearpath_platform:/home/robot/debug_clear_ws/install/clearpath_manipulators:/home/robot/debug_clear_ws/install/clearpath_description:/home/robot/debug_clear_ws/install/clearpath_sensors_description:/home/robot/debug_clear_ws/install/clearpath_platform_msgs:/home/robot/debug_clear_ws/install/clearpath_platform_description:/home/robot/debug_clear_ws/install/clearpath_mounts_description:/home/robot/debug_clear_ws/install/clearpath_manipulators_description:/home/robot/debug_clear_ws/install/clearpath_control:/home/robot/debug_clear_ws/install/clearpath_simulator:/home/robot/debug_clear_ws/install/clearpath_gz:/home/robot/debug_clear_ws/install/clearpath_generator_gz:/home/robot/debug_clear_ws/install/clearpath_common:/home/robot/debug_clear_ws/install/clearpath_generator_common:/home/robot/debug_clear_ws/install/clearpath_msgs:/home/robot/debug_clear_ws/install/clearpath_customization:/home/robot/debug_clear_ws/install/clearpath_config:/opt/ros/humble PYTHONPATH=/home/robot/debug_clear_ws/install/clearpath_config/lib/python3.10/site-packages:/home/robot/debug_clear_ws/install/clearpath_generator_gz/local/lib/python3.10/dist-packages:/home/robot/debug_clear_ws/install/clearpath_generator_common/local/lib/python3.10/dist-packages:/home/robot/debug_clear_ws/install/clearpath_platform_msgs/local/lib/python3.10/dist-packages:/opt/ros/humble/lib/python3.10/site-packages:/opt/ros/humble/local/lib/python3.10/dist-packages /usr/bin/cmake --build /home/robot/debug_clear_ws/build/clearpath_generator_common -- -j12 -l12[0m
[2.402s] [34mcolcon.colcon_core.event_handler.log_command[0m [1;30mDEBUG[0m [32mInvoked command in '/home/robot/debug_clear_ws/build/clearpath_generator_common' returned '0': AMENT_PREFIX_PATH=/home/robot/debug_clear_ws/install/clearpath_config:/home/robot/debug_clear_ws/install/clearpath_simulator:/home/robot/debug_clear_ws/install/clearpath_gz:/home/robot/debug_clear_ws/install/clearpath_generator_gz:/home/robot/debug_clear_ws/install/clearpath_common:/home/robot/debug_clear_ws/install/clearpath_generator_common:/home/robot/debug_clear_ws/install/clearpath_description:/home/robot/debug_clear_ws/install/clearpath_sensors_description:/home/robot/debug_clear_ws/install/clearpath_platform:/home/robot/debug_clear_ws/install/clearpath_msgs:/home/robot/debug_clear_ws/install/clearpath_platform_msgs:/home/robot/debug_clear_ws/install/clearpath_platform_description:/home/robot/debug_clear_ws/install/clearpath_mounts_description:/home/robot/debug_clear_ws/install/clearpath_manipulators:/home/robot/debug_clear_ws/install/clearpath_manipulators_description:/home/robot/debug_clear_ws/install/clearpath_customization:/home/robot/debug_clear_ws/install/clearpath_control:/opt/ros/humble CMAKE_PREFIX_PATH=/home/robot/debug_clear_ws/install/clearpath_platform:/home/robot/debug_clear_ws/install/clearpath_manipulators:/home/robot/debug_clear_ws/install/clearpath_description:/home/robot/debug_clear_ws/install/clearpath_sensors_description:/home/robot/debug_clear_ws/install/clearpath_platform_msgs:/home/robot/debug_clear_ws/install/clearpath_platform_description:/home/robot/debug_clear_ws/install/clearpath_mounts_description:/home/robot/debug_clear_ws/install/clearpath_manipulators_description:/home/robot/debug_clear_ws/install/clearpath_control:/home/robot/debug_clear_ws/install/clearpath_simulator:/home/robot/debug_clear_ws/install/clearpath_gz:/home/robot/debug_clear_ws/install/clearpath_generator_gz:/home/robot/debug_clear_ws/install/clearpath_common:/home/robot/debug_clear_ws/install/clearpath_generator_common:/home/robot/debug_clear_ws/install/clearpath_msgs:/home/robot/debug_clear_ws/install/clearpath_customization:/home/robot/debug_clear_ws/install/clearpath_config:/opt/ros/humble PYTHONPATH=/home/robot/debug_clear_ws/install/clearpath_config/lib/python3.10/site-packages:/home/robot/debug_clear_ws/install/clearpath_generator_gz/local/lib/python3.10/dist-packages:/home/robot/debug_clear_ws/install/clearpath_generator_common/local/lib/python3.10/dist-packages:/home/robot/debug_clear_ws/install/clearpath_platform_msgs/local/lib/python3.10/dist-packages:/opt/ros/humble/lib/python3.10/site-packages:/opt/ros/humble/local/lib/python3.10/dist-packages /usr/bin/cmake --build /home/robot/debug_clear_ws/build/clearpath_generator_common -- -j12 -l12[0m
[2.429s] [34mcolcon.colcon_core.event_handler.log_command[0m [1;30mDEBUG[0m [32mInvoking command in '/home/robot/debug_clear_ws/build/clearpath_generator_common': AMENT_PREFIX_PATH=/home/robot/debug_clear_ws/install/clearpath_config:/home/robot/debug_clear_ws/install/clearpath_simulator:/home/robot/debug_clear_ws/install/clearpath_gz:/home/robot/debug_clear_ws/install/clearpath_generator_gz:/home/robot/debug_clear_ws/install/clearpath_common:/home/robot/debug_clear_ws/install/clearpath_generator_common:/home/robot/debug_clear_ws/install/clearpath_description:/home/robot/debug_clear_ws/install/clearpath_sensors_description:/home/robot/debug_clear_ws/install/clearpath_platform:/home/robot/debug_clear_ws/install/clearpath_msgs:/home/robot/debug_clear_ws/install/clearpath_platform_msgs:/home/robot/debug_clear_ws/install/clearpath_platform_description:/home/robot/debug_clear_ws/install/clearpath_mounts_description:/home/robot/debug_clear_ws/install/clearpath_manipulators:/home/robot/debug_clear_ws/install/clearpath_manipulators_description:/home/robot/debug_clear_ws/install/clearpath_customization:/home/robot/debug_clear_ws/install/clearpath_control:/opt/ros/humble CMAKE_PREFIX_PATH=/home/robot/debug_clear_ws/install/clearpath_platform:/home/robot/debug_clear_ws/install/clearpath_manipulators:/home/robot/debug_clear_ws/install/clearpath_description:/home/robot/debug_clear_ws/install/clearpath_sensors_description:/home/robot/debug_clear_ws/install/clearpath_platform_msgs:/home/robot/debug_clear_ws/install/clearpath_platform_description:/home/robot/debug_clear_ws/install/clearpath_mounts_description:/home/robot/debug_clear_ws/install/clearpath_manipulators_description:/home/robot/debug_clear_ws/install/clearpath_control:/home/robot/debug_clear_ws/install/clearpath_simulator:/home/robot/debug_clear_ws/install/clearpath_gz:/home/robot/debug_clear_ws/install/clearpath_generator_gz:/home/robot/debug_clear_ws/install/clearpath_common:/home/robot/debug_clear_ws/install/clearpath_generator_common:/home/robot/debug_clear_ws/install/clearpath_msgs:/home/robot/debug_clear_ws/install/clearpath_customization:/home/robot/debug_clear_ws/install/clearpath_config:/opt/ros/humble PYTHONPATH=/home/robot/debug_clear_ws/install/clearpath_config/lib/python3.10/site-packages:/home/robot/debug_clear_ws/install/clearpath_generator_gz/local/lib/python3.10/dist-packages:/home/robot/debug_clear_ws/install/clearpath_generator_common/local/lib/python3.10/dist-packages:/home/robot/debug_clear_ws/install/clearpath_platform_msgs/local/lib/python3.10/dist-packages:/opt/ros/humble/lib/python3.10/site-packages:/opt/ros/humble/local/lib/python3.10/dist-packages /usr/bin/cmake --install /home/robot/debug_clear_ws/build/clearpath_generator_common[0m
[2.474s] [34mcolcon.colcon_core.environment[0m [1;30mLevel 1[0m create_environment_scripts_only(clearpath_generator_common)
[2.475s] [34mcolcon.colcon_core.environment[0m [1;30mLevel 1[0m checking '/home/robot/debug_clear_ws/install/clearpath_generator_common' for CMake module files
[2.475s] [34mcolcon.colcon_core.event_handler.log_command[0m [1;30mDEBUG[0m [32mInvoked command in '/home/robot/debug_clear_ws/build/clearpath_generator_common' returned '0': AMENT_PREFIX_PATH=/home/robot/debug_clear_ws/install/clearpath_config:/home/robot/debug_clear_ws/install/clearpath_simulator:/home/robot/debug_clear_ws/install/clearpath_gz:/home/robot/debug_clear_ws/install/clearpath_generator_gz:/home/robot/debug_clear_ws/install/clearpath_common:/home/robot/debug_clear_ws/install/clearpath_generator_common:/home/robot/debug_clear_ws/install/clearpath_description:/home/robot/debug_clear_ws/install/clearpath_sensors_description:/home/robot/debug_clear_ws/install/clearpath_platform:/home/robot/debug_clear_ws/install/clearpath_msgs:/home/robot/debug_clear_ws/install/clearpath_platform_msgs:/home/robot/debug_clear_ws/install/clearpath_platform_description:/home/robot/debug_clear_ws/install/clearpath_mounts_description:/home/robot/debug_clear_ws/install/clearpath_manipulators:/home/robot/debug_clear_ws/install/clearpath_manipulators_description:/home/robot/debug_clear_ws/install/clearpath_customization:/home/robot/debug_clear_ws/install/clearpath_control:/opt/ros/humble CMAKE_PREFIX_PATH=/home/robot/debug_clear_ws/install/clearpath_platform:/home/robot/debug_clear_ws/install/clearpath_manipulators:/home/robot/debug_clear_ws/install/clearpath_description:/home/robot/debug_clear_ws/install/clearpath_sensors_description:/home/robot/debug_clear_ws/install/clearpath_platform_msgs:/home/robot/debug_clear_ws/install/clearpath_platform_description:/home/robot/debug_clear_ws/install/clearpath_mounts_description:/home/robot/debug_clear_ws/install/clearpath_manipulators_description:/home/robot/debug_clear_ws/install/clearpath_control:/home/robot/debug_clear_ws/install/clearpath_simulator:/home/robot/debug_clear_ws/install/clearpath_gz:/home/robot/debug_clear_ws/install/clearpath_generator_gz:/home/robot/debug_clear_ws/install/clearpath_common:/home/robot/debug_clear_ws/install/clearpath_generator_common:/home/robot/debug_clear_ws/install/clearpath_msgs:/home/robot/debug_clear_ws/install/clearpath_customization:/home/robot/debug_clear_ws/install/clearpath_config:/opt/ros/humble PYTHONPATH=/home/robot/debug_clear_ws/install/clearpath_config/lib/python3.10/site-packages:/home/robot/debug_clear_ws/install/clearpath_generator_gz/local/lib/python3.10/dist-packages:/home/robot/debug_clear_ws/install/clearpath_generator_common/local/lib/python3.10/dist-packages:/home/robot/debug_clear_ws/install/clearpath_platform_msgs/local/lib/python3.10/dist-packages:/opt/ros/humble/lib/python3.10/site-packages:/opt/ros/humble/local/lib/python3.10/dist-packages /usr/bin/cmake --install /home/robot/debug_clear_ws/build/clearpath_generator_common[0m
[2.475s] [34mcolcon.colcon_core.environment[0m [1;30mLevel 1[0m checking '/home/robot/debug_clear_ws/install/clearpath_generator_common' for CMake config files
[2.476s] [34mcolcon.colcon_core.shell[0m [1;30mLevel 1[0m create_environment_hook('clearpath_generator_common', 'cmake_prefix_path')
[2.476s] [34mcolcon.colcon_core.shell[0m [1;30mINFO[0m Creating environment hook '/home/robot/debug_clear_ws/install/clearpath_generator_common/share/clearpath_generator_common/hook/cmake_prefix_path.ps1'
[2.477s] [34mcolcon.colcon_core.shell[0m [1;30mINFO[0m Creating environment descriptor '/home/robot/debug_clear_ws/install/clearpath_generator_common/share/clearpath_generator_common/hook/cmake_prefix_path.dsv'
[2.477s] [34mcolcon.colcon_core.shell[0m [1;30mINFO[0m Creating environment hook '/home/robot/debug_clear_ws/install/clearpath_generator_common/share/clearpath_generator_common/hook/cmake_prefix_path.sh'
[2.477s] [34mcolcon.colcon_core.environment[0m [1;30mLevel 1[0m checking '/home/robot/debug_clear_ws/install/clearpath_generator_common/lib'
[2.478s] [34mcolcon.colcon_core.environment[0m [1;30mLevel 1[0m checking '/home/robot/debug_clear_ws/install/clearpath_generator_common/bin'
[2.478s] [34mcolcon.colcon_core.environment[0m [1;30mLevel 1[0m checking '/home/robot/debug_clear_ws/install/clearpath_generator_common/lib/pkgconfig/clearpath_generator_common.pc'
[2.478s] [34mcolcon.colcon_core.environment[0m [1;30mLevel 1[0m checking '/home/robot/debug_clear_ws/install/clearpath_generator_common/lib/python3.10/site-packages'
[2.478s] [34mcolcon.colcon_core.environment[0m [1;30mLevel 1[0m checking '/home/robot/debug_clear_ws/install/clearpath_generator_common/bin'
[2.478s] [34mcolcon.colcon_core.shell[0m [1;30mINFO[0m Creating package script '/home/robot/debug_clear_ws/install/clearpath_generator_common/share/clearpath_generator_common/package.ps1'
[2.479s] [34mcolcon.colcon_core.shell[0m [1;30mINFO[0m Creating package descriptor '/home/robot/debug_clear_ws/install/clearpath_generator_common/share/clearpath_generator_common/package.dsv'
[2.479s] [34mcolcon.colcon_core.shell[0m [1;30mINFO[0m Creating package script '/home/robot/debug_clear_ws/install/clearpath_generator_common/share/clearpath_generator_common/package.sh'
[2.479s] [34mcolcon.colcon_core.shell[0m [1;30mINFO[0m Creating package script '/home/robot/debug_clear_ws/install/clearpath_generator_common/share/clearpath_generator_common/package.bash'
[2.480s] [34mcolcon.colcon_core.shell[0m [1;30mINFO[0m Creating package script '/home/robot/debug_clear_ws/install/clearpath_generator_common/share/clearpath_generator_common/package.zsh'
[2.480s] [34mcolcon.colcon_core.environment[0m [1;30mLevel 1[0m create_file_with_runtime_dependencies(/home/robot/debug_clear_ws/install/clearpath_generator_common/share/colcon-core/packages/clearpath_generator_common)
[2.506s] [34mcolcon.colcon_core.environment[0m [1;30mLevel 1[0m create_environment_scripts_only(clearpath_generator_common)
[2.506s] [34mcolcon.colcon_core.environment[0m [1;30mLevel 1[0m checking '/home/robot/debug_clear_ws/install/clearpath_generator_common' for CMake module files
[2.507s] [34mcolcon.colcon_core.environment[0m [1;30mLevel 1[0m checking '/home/robot/debug_clear_ws/install/clearpath_generator_common' for CMake config files
[2.507s] [34mcolcon.colcon_core.shell[0m [1;30mLevel 1[0m create_environment_hook('clearpath_generator_common', 'cmake_prefix_path')
[2.507s] [34mcolcon.colcon_core.shell[0m [1;30mINFO[0m Creating environment hook '/home/robot/debug_clear_ws/install/clearpath_generator_common/share/clearpath_generator_common/hook/cmake_prefix_path.ps1'
[2.508s] [34mcolcon.colcon_core.shell[0m [1;30mINFO[0m Creating environment descriptor '/home/robot/debug_clear_ws/install/clearpath_generator_common/share/clearpath_generator_common/hook/cmake_prefix_path.dsv'
[2.508s] [34mcolcon.colcon_core.shell[0m [1;30mINFO[0m Creating environment hook '/home/robot/debug_clear_ws/install/clearpath_generator_common/share/clearpath_generator_common/hook/cmake_prefix_path.sh'
[2.509s] [34mcolcon.colcon_core.environment[0m [1;30mLevel 1[0m checking '/home/robot/debug_clear_ws/install/clearpath_generator_common/lib'
[2.509s] [34mcolcon.colcon_core.environment[0m [1;30mLevel 1[0m checking '/home/robot/debug_clear_ws/install/clearpath_generator_common/bin'
[2.509s] [34mcolcon.colcon_core.environment[0m [1;30mLevel 1[0m checking '/home/robot/debug_clear_ws/install/clearpath_generator_common/lib/pkgconfig/clearpath_generator_common.pc'
[2.509s] [34mcolcon.colcon_core.environment[0m [1;30mLevel 1[0m checking '/home/robot/debug_clear_ws/install/clearpath_generator_common/lib/python3.10/site-packages'
[2.509s] [34mcolcon.colcon_core.environment[0m [1;30mLevel 1[0m checking '/home/robot/debug_clear_ws/install/clearpath_generator_common/bin'
[2.509s] [34mcolcon.colcon_core.shell[0m [1;30mINFO[0m Creating package script '/home/robot/debug_clear_ws/install/clearpath_generator_common/share/clearpath_generator_common/package.ps1'
[2.510s] [34mcolcon.colcon_core.shell[0m [1;30mINFO[0m Creating package descriptor '/home/robot/debug_clear_ws/install/clearpath_generator_common/share/clearpath_generator_common/package.dsv'
[2.510s] [34mcolcon.colcon_core.shell[0m [1;30mINFO[0m Creating package script '/home/robot/debug_clear_ws/install/clearpath_generator_common/share/clearpath_generator_common/package.sh'
[2.511s] [34mcolcon.colcon_core.shell[0m [1;30mINFO[0m Creating package script '/home/robot/debug_clear_ws/install/clearpath_generator_common/share/clearpath_generator_common/package.bash'
[2.511s] [34mcolcon.colcon_core.shell[0m [1;30mINFO[0m Creating package script '/home/robot/debug_clear_ws/install/clearpath_generator_common/share/clearpath_generator_common/package.zsh'
[2.512s] [34mcolcon.colcon_core.environment[0m [1;30mLevel 1[0m create_file_with_runtime_dependencies(/home/robot/debug_clear_ws/install/clearpath_generator_common/share/colcon-core/packages/clearpath_generator_common)
[2.512s] [34mcolcon.colcon_ros.task.ament_cmake.build[0m [1;30mINFO[0m Building ROS package in '/home/robot/debug_clear_ws/src/clearpath_common/clearpath_common' with build type 'ament_cmake'
[2.512s] [34mcolcon.colcon_cmake.task.cmake.build[0m [1;30mINFO[0m Building CMake package in '/home/robot/debug_clear_ws/src/clearpath_common/clearpath_common'
[2.512s] [34mcolcon.colcon_core.shell[0m [1;30mINFO[0m Skip shell extension 'powershell' for command environment: Not usable outside of PowerShell
[2.512s] [34mcolcon.colcon_core.shell[0m [1;30mDEBUG[0m [32mSkip shell extension 'dsv' for command environment[0m
[2.517s] [34mcolcon.colcon_ros.task.ament_cmake.build[0m [1;30mINFO[0m Building ROS package in '/home/robot/debug_clear_ws/src/clearpath_simulator/clearpath_generator_gz' with build type 'ament_cmake'
[2.517s] [34mcolcon.colcon_cmake.task.cmake.build[0m [1;30mINFO[0m Building CMake package in '/home/robot/debug_clear_ws/src/clearpath_simulator/clearpath_generator_gz'
[2.518s] [34mcolcon.colcon_core.shell[0m [1;30mINFO[0m Skip shell extension 'powershell' for command environment: Not usable outside of PowerShell
[2.518s] [34mcolcon.colcon_core.shell[0m [1;30mDEBUG[0m [32mSkip shell extension 'dsv' for command environment[0m
[2.533s] [34mcolcon.colcon_core.event_handler.log_command[0m [1;30mDEBUG[0m [32mInvoking command in '/home/robot/debug_clear_ws/build/clearpath_common': AMENT_PREFIX_PATH=/home/robot/debug_clear_ws/install/clearpath_config:/home/robot/debug_clear_ws/install/clearpath_simulator:/home/robot/debug_clear_ws/install/clearpath_gz:/home/robot/debug_clear_ws/install/clearpath_generator_gz:/home/robot/debug_clear_ws/install/clearpath_common:/home/robot/debug_clear_ws/install/clearpath_generator_common:/home/robot/debug_clear_ws/install/clearpath_description:/home/robot/debug_clear_ws/install/clearpath_sensors_description:/home/robot/debug_clear_ws/install/clearpath_platform:/home/robot/debug_clear_ws/install/clearpath_msgs:/home/robot/debug_clear_ws/install/clearpath_platform_msgs:/home/robot/debug_clear_ws/install/clearpath_platform_description:/home/robot/debug_clear_ws/install/clearpath_mounts_description:/home/robot/debug_clear_ws/install/clearpath_manipulators:/home/robot/debug_clear_ws/install/clearpath_manipulators_description:/home/robot/debug_clear_ws/install/clearpath_customization:/home/robot/debug_clear_ws/install/clearpath_control:/opt/ros/humble CMAKE_PREFIX_PATH=/home/robot/debug_clear_ws/install/clearpath_generator_common:/home/robot/debug_clear_ws/install/clearpath_platform:/home/robot/debug_clear_ws/install/clearpath_manipulators:/home/robot/debug_clear_ws/install/clearpath_description:/home/robot/debug_clear_ws/install/clearpath_sensors_description:/home/robot/debug_clear_ws/install/clearpath_platform_msgs:/home/robot/debug_clear_ws/install/clearpath_platform_description:/home/robot/debug_clear_ws/install/clearpath_mounts_description:/home/robot/debug_clear_ws/install/clearpath_manipulators_description:/home/robot/debug_clear_ws/install/clearpath_control:/home/robot/debug_clear_ws/install/clearpath_simulator:/home/robot/debug_clear_ws/install/clearpath_gz:/home/robot/debug_clear_ws/install/clearpath_generator_gz:/home/robot/debug_clear_ws/install/clearpath_common:/home/robot/debug_clear_ws/install/clearpath_msgs:/home/robot/debug_clear_ws/install/clearpath_customization:/home/robot/debug_clear_ws/install/clearpath_config:/opt/ros/humble PYTHONPATH=/home/robot/debug_clear_ws/install/clearpath_config/lib/python3.10/site-packages:/home/robot/debug_clear_ws/install/clearpath_generator_gz/local/lib/python3.10/dist-packages:/home/robot/debug_clear_ws/install/clearpath_generator_common/local/lib/python3.10/dist-packages:/home/robot/debug_clear_ws/install/clearpath_platform_msgs/local/lib/python3.10/dist-packages:/opt/ros/humble/lib/python3.10/site-packages:/opt/ros/humble/local/lib/python3.10/dist-packages /usr/bin/cmake --build /home/robot/debug_clear_ws/build/clearpath_common -- -j12 -l12[0m
[2.538s] [34mcolcon.colcon_core.event_handler.log_command[0m [1;30mDEBUG[0m [32mInvoking command in '/home/robot/debug_clear_ws/build/clearpath_generator_gz': AMENT_PREFIX_PATH=/home/robot/debug_clear_ws/install/clearpath_config:/home/robot/debug_clear_ws/install/clearpath_simulator:/home/robot/debug_clear_ws/install/clearpath_gz:/home/robot/debug_clear_ws/install/clearpath_generator_gz:/home/robot/debug_clear_ws/install/clearpath_common:/home/robot/debug_clear_ws/install/clearpath_generator_common:/home/robot/debug_clear_ws/install/clearpath_description:/home/robot/debug_clear_ws/install/clearpath_sensors_description:/home/robot/debug_clear_ws/install/clearpath_platform:/home/robot/debug_clear_ws/install/clearpath_msgs:/home/robot/debug_clear_ws/install/clearpath_platform_msgs:/home/robot/debug_clear_ws/install/clearpath_platform_description:/home/robot/debug_clear_ws/install/clearpath_mounts_description:/home/robot/debug_clear_ws/install/clearpath_manipulators:/home/robot/debug_clear_ws/install/clearpath_manipulators_description:/home/robot/debug_clear_ws/install/clearpath_customization:/home/robot/debug_clear_ws/install/clearpath_control:/opt/ros/humble CMAKE_PREFIX_PATH=/home/robot/debug_clear_ws/install/clearpath_generator_common:/home/robot/debug_clear_ws/install/clearpath_platform:/home/robot/debug_clear_ws/install/clearpath_manipulators:/home/robot/debug_clear_ws/install/clearpath_description:/home/robot/debug_clear_ws/install/clearpath_sensors_description:/home/robot/debug_clear_ws/install/clearpath_platform_msgs:/home/robot/debug_clear_ws/install/clearpath_platform_description:/home/robot/debug_clear_ws/install/clearpath_mounts_description:/home/robot/debug_clear_ws/install/clearpath_manipulators_description:/home/robot/debug_clear_ws/install/clearpath_control:/home/robot/debug_clear_ws/install/clearpath_simulator:/home/robot/debug_clear_ws/install/clearpath_gz:/home/robot/debug_clear_ws/install/clearpath_generator_gz:/home/robot/debug_clear_ws/install/clearpath_common:/home/robot/debug_clear_ws/install/clearpath_msgs:/home/robot/debug_clear_ws/install/clearpath_customization:/home/robot/debug_clear_ws/install/clearpath_config:/opt/ros/humble PYTHONPATH=/home/robot/debug_clear_ws/install/clearpath_config/lib/python3.10/site-packages:/home/robot/debug_clear_ws/install/clearpath_generator_gz/local/lib/python3.10/dist-packages:/home/robot/debug_clear_ws/install/clearpath_generator_common/local/lib/python3.10/dist-packages:/home/robot/debug_clear_ws/install/clearpath_platform_msgs/local/lib/python3.10/dist-packages:/opt/ros/humble/lib/python3.10/site-packages:/opt/ros/humble/local/lib/python3.10/dist-packages /usr/bin/cmake --build /home/robot/debug_clear_ws/build/clearpath_generator_gz -- -j12 -l12[0m
[2.560s] [34mcolcon.colcon_core.event_handler.log_command[0m [1;30mDEBUG[0m [32mInvoking command in '/home/robot/debug_clear_ws/src/yolov8_ros/yolov8_ros': AMENT_PREFIX_PATH=/home/robot/debug_clear_ws/install/yolov8_msgs:${AMENT_PREFIX_PATH} CMAKE_PREFIX_PATH=/home/robot/debug_clear_ws/install/yolov8_msgs:${CMAKE_PREFIX_PATH} LD_LIBRARY_PATH=/home/robot/debug_clear_ws/install/yolov8_msgs/lib:${LD_LIBRARY_PATH} PYTHONPATH=/home/robot/debug_clear_ws/build/yolov8_ros/prefix_override:/usr/lib/python3/dist-packages/colcon_core/task/python/colcon_distutils_commands:/home/robot/debug_clear_ws/install/yolov8_ros/lib/python3.10/site-packages:/home/robot/debug_clear_ws/install/yolov8_msgs/local/lib/python3.10/dist-packages:${PYTHONPATH} /usr/bin/python3 -W ignore:setup.py install is deprecated setup.py egg_info --egg-base ../../../build/yolov8_ros build --build-base /home/robot/debug_clear_ws/build/yolov8_ros/build install --record /home/robot/debug_clear_ws/build/yolov8_ros/install.log --single-version-externally-managed install_data[0m
[2.568s] [34mcolcon.colcon_core.event_handler.log_command[0m [1;30mDEBUG[0m [32mInvoked command in '/home/robot/debug_clear_ws/build/clearpath_common' returned '0': AMENT_PREFIX_PATH=/home/robot/debug_clear_ws/install/clearpath_config:/home/robot/debug_clear_ws/install/clearpath_simulator:/home/robot/debug_clear_ws/install/clearpath_gz:/home/robot/debug_clear_ws/install/clearpath_generator_gz:/home/robot/debug_clear_ws/install/clearpath_common:/home/robot/debug_clear_ws/install/clearpath_generator_common:/home/robot/debug_clear_ws/install/clearpath_description:/home/robot/debug_clear_ws/install/clearpath_sensors_description:/home/robot/debug_clear_ws/install/clearpath_platform:/home/robot/debug_clear_ws/install/clearpath_msgs:/home/robot/debug_clear_ws/install/clearpath_platform_msgs:/home/robot/debug_clear_ws/install/clearpath_platform_description:/home/robot/debug_clear_ws/install/clearpath_mounts_description:/home/robot/debug_clear_ws/install/clearpath_manipulators:/home/robot/debug_clear_ws/install/clearpath_manipulators_description:/home/robot/debug_clear_ws/install/clearpath_customization:/home/robot/debug_clear_ws/install/clearpath_control:/opt/ros/humble CMAKE_PREFIX_PATH=/home/robot/debug_clear_ws/install/clearpath_generator_common:/home/robot/debug_clear_ws/install/clearpath_platform:/home/robot/debug_clear_ws/install/clearpath_manipulators:/home/robot/debug_clear_ws/install/clearpath_description:/home/robot/debug_clear_ws/install/clearpath_sensors_description:/home/robot/debug_clear_ws/install/clearpath_platform_msgs:/home/robot/debug_clear_ws/install/clearpath_platform_description:/home/robot/debug_clear_ws/install/clearpath_mounts_description:/home/robot/debug_clear_ws/install/clearpath_manipulators_description:/home/robot/debug_clear_ws/install/clearpath_control:/home/robot/debug_clear_ws/install/clearpath_simulator:/home/robot/debug_clear_ws/install/clearpath_gz:/home/robot/debug_clear_ws/install/clearpath_generator_gz:/home/robot/debug_clear_ws/install/clearpath_common:/home/robot/debug_clear_ws/install/clearpath_msgs:/home/robot/debug_clear_ws/install/clearpath_customization:/home/robot/debug_clear_ws/install/clearpath_config:/opt/ros/humble PYTHONPATH=/home/robot/debug_clear_ws/install/clearpath_config/lib/python3.10/site-packages:/home/robot/debug_clear_ws/install/clearpath_generator_gz/local/lib/python3.10/dist-packages:/home/robot/debug_clear_ws/install/clearpath_generator_common/local/lib/python3.10/dist-packages:/home/robot/debug_clear_ws/install/clearpath_platform_msgs/local/lib/python3.10/dist-packages:/opt/ros/humble/lib/python3.10/site-packages:/opt/ros/humble/local/lib/python3.10/dist-packages /usr/bin/cmake --build /home/robot/debug_clear_ws/build/clearpath_common -- -j12 -l12[0m
[2.588s] [34mcolcon.colcon_core.event_handler.log_command[0m [1;30mDEBUG[0m [32mInvoking command in '/home/robot/debug_clear_ws/build/clearpath_common': AMENT_PREFIX_PATH=/home/robot/debug_clear_ws/install/clearpath_config:/home/robot/debug_clear_ws/install/clearpath_simulator:/home/robot/debug_clear_ws/install/clearpath_gz:/home/robot/debug_clear_ws/install/clearpath_generator_gz:/home/robot/debug_clear_ws/install/clearpath_common:/home/robot/debug_clear_ws/install/clearpath_generator_common:/home/robot/debug_clear_ws/install/clearpath_description:/home/robot/debug_clear_ws/install/clearpath_sensors_description:/home/robot/debug_clear_ws/install/clearpath_platform:/home/robot/debug_clear_ws/install/clearpath_msgs:/home/robot/debug_clear_ws/install/clearpath_platform_msgs:/home/robot/debug_clear_ws/install/clearpath_platform_description:/home/robot/debug_clear_ws/install/clearpath_mounts_description:/home/robot/debug_clear_ws/install/clearpath_manipulators:/home/robot/debug_clear_ws/install/clearpath_manipulators_description:/home/robot/debug_clear_ws/install/clearpath_customization:/home/robot/debug_clear_ws/install/clearpath_control:/opt/ros/humble CMAKE_PREFIX_PATH=/home/robot/debug_clear_ws/install/clearpath_generator_common:/home/robot/debug_clear_ws/install/clearpath_platform:/home/robot/debug_clear_ws/install/clearpath_manipulators:/home/robot/debug_clear_ws/install/clearpath_description:/home/robot/debug_clear_ws/install/clearpath_sensors_description:/home/robot/debug_clear_ws/install/clearpath_platform_msgs:/home/robot/debug_clear_ws/install/clearpath_platform_description:/home/robot/debug_clear_ws/install/clearpath_mounts_description:/home/robot/debug_clear_ws/install/clearpath_manipulators_description:/home/robot/debug_clear_ws/install/clearpath_control:/home/robot/debug_clear_ws/install/clearpath_simulator:/home/robot/debug_clear_ws/install/clearpath_gz:/home/robot/debug_clear_ws/install/clearpath_generator_gz:/home/robot/debug_clear_ws/install/clearpath_common:/home/robot/debug_clear_ws/install/clearpath_msgs:/home/robot/debug_clear_ws/install/clearpath_customization:/home/robot/debug_clear_ws/install/clearpath_config:/opt/ros/humble PYTHONPATH=/home/robot/debug_clear_ws/install/clearpath_config/lib/python3.10/site-packages:/home/robot/debug_clear_ws/install/clearpath_generator_gz/local/lib/python3.10/dist-packages:/home/robot/debug_clear_ws/install/clearpath_generator_common/local/lib/python3.10/dist-packages:/home/robot/debug_clear_ws/install/clearpath_platform_msgs/local/lib/python3.10/dist-packages:/opt/ros/humble/lib/python3.10/site-packages:/opt/ros/humble/local/lib/python3.10/dist-packages /usr/bin/cmake --install /home/robot/debug_clear_ws/build/clearpath_common[0m
[2.597s] [34mcolcon.colcon_core.environment[0m [1;30mLevel 1[0m create_environment_scripts_only(clearpath_common)
[2.598s] [34mcolcon.colcon_core.environment[0m [1;30mLevel 1[0m checking '/home/robot/debug_clear_ws/install/clearpath_common' for CMake module files
[2.598s] [34mcolcon.colcon_core.event_handler.log_command[0m [1;30mDEBUG[0m [32mInvoked command in '/home/robot/debug_clear_ws/build/clearpath_common' returned '0': AMENT_PREFIX_PATH=/home/robot/debug_clear_ws/install/clearpath_config:/home/robot/debug_clear_ws/install/clearpath_simulator:/home/robot/debug_clear_ws/install/clearpath_gz:/home/robot/debug_clear_ws/install/clearpath_generator_gz:/home/robot/debug_clear_ws/install/clearpath_common:/home/robot/debug_clear_ws/install/clearpath_generator_common:/home/robot/debug_clear_ws/install/clearpath_description:/home/robot/debug_clear_ws/install/clearpath_sensors_description:/home/robot/debug_clear_ws/install/clearpath_platform:/home/robot/debug_clear_ws/install/clearpath_msgs:/home/robot/debug_clear_ws/install/clearpath_platform_msgs:/home/robot/debug_clear_ws/install/clearpath_platform_description:/home/robot/debug_clear_ws/install/clearpath_mounts_description:/home/robot/debug_clear_ws/install/clearpath_manipulators:/home/robot/debug_clear_ws/install/clearpath_manipulators_description:/home/robot/debug_clear_ws/install/clearpath_customization:/home/robot/debug_clear_ws/install/clearpath_control:/opt/ros/humble CMAKE_PREFIX_PATH=/home/robot/debug_clear_ws/install/clearpath_generator_common:/home/robot/debug_clear_ws/install/clearpath_platform:/home/robot/debug_clear_ws/install/clearpath_manipulators:/home/robot/debug_clear_ws/install/clearpath_description:/home/robot/debug_clear_ws/install/clearpath_sensors_description:/home/robot/debug_clear_ws/install/clearpath_platform_msgs:/home/robot/debug_clear_ws/install/clearpath_platform_description:/home/robot/debug_clear_ws/install/clearpath_mounts_description:/home/robot/debug_clear_ws/install/clearpath_manipulators_description:/home/robot/debug_clear_ws/install/clearpath_control:/home/robot/debug_clear_ws/install/clearpath_simulator:/home/robot/debug_clear_ws/install/clearpath_gz:/home/robot/debug_clear_ws/install/clearpath_generator_gz:/home/robot/debug_clear_ws/install/clearpath_common:/home/robot/debug_clear_ws/install/clearpath_msgs:/home/robot/debug_clear_ws/install/clearpath_customization:/home/robot/debug_clear_ws/install/clearpath_config:/opt/ros/humble PYTHONPATH=/home/robot/debug_clear_ws/install/clearpath_config/lib/python3.10/site-packages:/home/robot/debug_clear_ws/install/clearpath_generator_gz/local/lib/python3.10/dist-packages:/home/robot/debug_clear_ws/install/clearpath_generator_common/local/lib/python3.10/dist-packages:/home/robot/debug_clear_ws/install/clearpath_platform_msgs/local/lib/python3.10/dist-packages:/opt/ros/humble/lib/python3.10/site-packages:/opt/ros/humble/local/lib/python3.10/dist-packages /usr/bin/cmake --install /home/robot/debug_clear_ws/build/clearpath_common[0m
[2.599s] [34mcolcon.colcon_core.environment[0m [1;30mLevel 1[0m checking '/home/robot/debug_clear_ws/install/clearpath_common' for CMake config files
[2.599s] [34mcolcon.colcon_core.shell[0m [1;30mLevel 1[0m create_environment_hook('clearpath_common', 'cmake_prefix_path')
[2.599s] [34mcolcon.colcon_core.shell[0m [1;30mINFO[0m Creating environment hook '/home/robot/debug_clear_ws/install/clearpath_common/share/clearpath_common/hook/cmake_prefix_path.ps1'
[2.599s] [34mcolcon.colcon_core.shell[0m [1;30mINFO[0m Creating environment descriptor '/home/robot/debug_clear_ws/install/clearpath_common/share/clearpath_common/hook/cmake_prefix_path.dsv'
[2.600s] [34mcolcon.colcon_core.shell[0m [1;30mINFO[0m Creating environment hook '/home/robot/debug_clear_ws/install/clearpath_common/share/clearpath_common/hook/cmake_prefix_path.sh'
[2.600s] [34mcolcon.colcon_core.environment[0m [1;30mLevel 1[0m checking '/home/robot/debug_clear_ws/install/clearpath_common/bin'
[2.600s] [34mcolcon.colcon_core.environment[0m [1;30mLevel 1[0m checking '/home/robot/debug_clear_ws/install/clearpath_common/lib/pkgconfig/clearpath_common.pc'
[2.600s] [34mcolcon.colcon_core.environment[0m [1;30mLevel 1[0m checking '/home/robot/debug_clear_ws/install/clearpath_common/lib/python3.10/site-packages'
[2.601s] [34mcolcon.colcon_core.environment[0m [1;30mLevel 1[0m checking '/home/robot/debug_clear_ws/install/clearpath_common/bin'
[2.601s] [34mcolcon.colcon_core.shell[0m [1;30mINFO[0m Creating package script '/home/robot/debug_clear_ws/install/clearpath_common/share/clearpath_common/package.ps1'
[2.601s] [34mcolcon.colcon_core.shell[0m [1;30mINFO[0m Creating package descriptor '/home/robot/debug_clear_ws/install/clearpath_common/share/clearpath_common/package.dsv'
[2.601s] [34mcolcon.colcon_core.shell[0m [1;30mINFO[0m Creating package script '/home/robot/debug_clear_ws/install/clearpath_common/share/clearpath_common/package.sh'
[2.602s] [34mcolcon.colcon_core.shell[0m [1;30mINFO[0m Creating package script '/home/robot/debug_clear_ws/install/clearpath_common/share/clearpath_common/package.bash'
[2.602s] [34mcolcon.colcon_core.shell[0m [1;30mINFO[0m Creating package script '/home/robot/debug_clear_ws/install/clearpath_common/share/clearpath_common/package.zsh'
[2.602s] [34mcolcon.colcon_core.environment[0m [1;30mLevel 1[0m create_file_with_runtime_dependencies(/home/robot/debug_clear_ws/install/clearpath_common/share/colcon-core/packages/clearpath_common)
[2.622s] [34mcolcon.colcon_core.environment[0m [1;30mLevel 1[0m create_environment_scripts_only(clearpath_common)
[2.622s] [34mcolcon.colcon_core.environment[0m [1;30mLevel 1[0m checking '/home/robot/debug_clear_ws/install/clearpath_common' for CMake module files
[2.623s] [34mcolcon.colcon_core.environment[0m [1;30mLevel 1[0m checking '/home/robot/debug_clear_ws/install/clearpath_common' for CMake config files
[2.623s] [34mcolcon.colcon_core.shell[0m [1;30mLevel 1[0m create_environment_hook('clearpath_common', 'cmake_prefix_path')
[2.623s] [34mcolcon.colcon_core.shell[0m [1;30mINFO[0m Creating environment hook '/home/robot/debug_clear_ws/install/clearpath_common/share/clearpath_common/hook/cmake_prefix_path.ps1'
[2.624s] [34mcolcon.colcon_core.shell[0m [1;30mINFO[0m Creating environment descriptor '/home/robot/debug_clear_ws/install/clearpath_common/share/clearpath_common/hook/cmake_prefix_path.dsv'
[2.624s] [34mcolcon.colcon_core.shell[0m [1;30mINFO[0m Creating environment hook '/home/robot/debug_clear_ws/install/clearpath_common/share/clearpath_common/hook/cmake_prefix_path.sh'
[2.625s] [34mcolcon.colcon_core.environment[0m [1;30mLevel 1[0m checking '/home/robot/debug_clear_ws/install/clearpath_common/bin'
[2.625s] [34mcolcon.colcon_core.environment[0m [1;30mLevel 1[0m checking '/home/robot/debug_clear_ws/install/clearpath_common/lib/pkgconfig/clearpath_common.pc'
[2.625s] [34mcolcon.colcon_core.environment[0m [1;30mLevel 1[0m checking '/home/robot/debug_clear_ws/install/clearpath_common/lib/python3.10/site-packages'
[2.626s] [34mcolcon.colcon_core.environment[0m [1;30mLevel 1[0m checking '/home/robot/debug_clear_ws/install/clearpath_common/bin'
[2.626s] [34mcolcon.colcon_core.shell[0m [1;30mINFO[0m Creating package script '/home/robot/debug_clear_ws/install/clearpath_common/share/clearpath_common/package.ps1'
[2.627s] [34mcolcon.colcon_core.shell[0m [1;30mINFO[0m Creating package descriptor '/home/robot/debug_clear_ws/install/clearpath_common/share/clearpath_common/package.dsv'
[2.627s] [34mcolcon.colcon_core.shell[0m [1;30mINFO[0m Creating package script '/home/robot/debug_clear_ws/install/clearpath_common/share/clearpath_common/package.sh'
[2.628s] [34mcolcon.colcon_core.shell[0m [1;30mINFO[0m Creating package script '/home/robot/debug_clear_ws/install/clearpath_common/share/clearpath_common/package.bash'
[2.629s] [34mcolcon.colcon_core.shell[0m [1;30mINFO[0m Creating package script '/home/robot/debug_clear_ws/install/clearpath_common/share/clearpath_common/package.zsh'
[2.629s] [34mcolcon.colcon_core.environment[0m [1;30mLevel 1[0m create_file_with_runtime_dependencies(/home/robot/debug_clear_ws/install/clearpath_common/share/colcon-core/packages/clearpath_common)
[2.919s] [34mcolcon.colcon_core.event_handler.log_command[0m [1;30mDEBUG[0m [32mInvoked command in '/home/robot/debug_clear_ws/build/clearpath_generator_gz' returned '0': AMENT_PREFIX_PATH=/home/robot/debug_clear_ws/install/clearpath_config:/home/robot/debug_clear_ws/install/clearpath_simulator:/home/robot/debug_clear_ws/install/clearpath_gz:/home/robot/debug_clear_ws/install/clearpath_generator_gz:/home/robot/debug_clear_ws/install/clearpath_common:/home/robot/debug_clear_ws/install/clearpath_generator_common:/home/robot/debug_clear_ws/install/clearpath_description:/home/robot/debug_clear_ws/install/clearpath_sensors_description:/home/robot/debug_clear_ws/install/clearpath_platform:/home/robot/debug_clear_ws/install/clearpath_msgs:/home/robot/debug_clear_ws/install/clearpath_platform_msgs:/home/robot/debug_clear_ws/install/clearpath_platform_description:/home/robot/debug_clear_ws/install/clearpath_mounts_description:/home/robot/debug_clear_ws/install/clearpath_manipulators:/home/robot/debug_clear_ws/install/clearpath_manipulators_description:/home/robot/debug_clear_ws/install/clearpath_customization:/home/robot/debug_clear_ws/install/clearpath_control:/opt/ros/humble CMAKE_PREFIX_PATH=/home/robot/debug_clear_ws/install/clearpath_generator_common:/home/robot/debug_clear_ws/install/clearpath_platform:/home/robot/debug_clear_ws/install/clearpath_manipulators:/home/robot/debug_clear_ws/install/clearpath_description:/home/robot/debug_clear_ws/install/clearpath_sensors_description:/home/robot/debug_clear_ws/install/clearpath_platform_msgs:/home/robot/debug_clear_ws/install/clearpath_platform_description:/home/robot/debug_clear_ws/install/clearpath_mounts_description:/home/robot/debug_clear_ws/install/clearpath_manipulators_description:/home/robot/debug_clear_ws/install/clearpath_control:/home/robot/debug_clear_ws/install/clearpath_simulator:/home/robot/debug_clear_ws/install/clearpath_gz:/home/robot/debug_clear_ws/install/clearpath_generator_gz:/home/robot/debug_clear_ws/install/clearpath_common:/home/robot/debug_clear_ws/install/clearpath_msgs:/home/robot/debug_clear_ws/install/clearpath_customization:/home/robot/debug_clear_ws/install/clearpath_config:/opt/ros/humble PYTHONPATH=/home/robot/debug_clear_ws/install/clearpath_config/lib/python3.10/site-packages:/home/robot/debug_clear_ws/install/clearpath_generator_gz/local/lib/python3.10/dist-packages:/home/robot/debug_clear_ws/install/clearpath_generator_common/local/lib/python3.10/dist-packages:/home/robot/debug_clear_ws/install/clearpath_platform_msgs/local/lib/python3.10/dist-packages:/opt/ros/humble/lib/python3.10/site-packages:/opt/ros/humble/local/lib/python3.10/dist-packages /usr/bin/cmake --build /home/robot/debug_clear_ws/build/clearpath_generator_gz -- -j12 -l12[0m
[2.942s] [34mcolcon.colcon_core.event_handler.log_command[0m [1;30mDEBUG[0m [32mInvoking command in '/home/robot/debug_clear_ws/build/clearpath_generator_gz': AMENT_PREFIX_PATH=/home/robot/debug_clear_ws/install/clearpath_config:/home/robot/debug_clear_ws/install/clearpath_simulator:/home/robot/debug_clear_ws/install/clearpath_gz:/home/robot/debug_clear_ws/install/clearpath_generator_gz:/home/robot/debug_clear_ws/install/clearpath_common:/home/robot/debug_clear_ws/install/clearpath_generator_common:/home/robot/debug_clear_ws/install/clearpath_description:/home/robot/debug_clear_ws/install/clearpath_sensors_description:/home/robot/debug_clear_ws/install/clearpath_platform:/home/robot/debug_clear_ws/install/clearpath_msgs:/home/robot/debug_clear_ws/install/clearpath_platform_msgs:/home/robot/debug_clear_ws/install/clearpath_platform_description:/home/robot/debug_clear_ws/install/clearpath_mounts_description:/home/robot/debug_clear_ws/install/clearpath_manipulators:/home/robot/debug_clear_ws/install/clearpath_manipulators_description:/home/robot/debug_clear_ws/install/clearpath_customization:/home/robot/debug_clear_ws/install/clearpath_control:/opt/ros/humble CMAKE_PREFIX_PATH=/home/robot/debug_clear_ws/install/clearpath_generator_common:/home/robot/debug_clear_ws/install/clearpath_platform:/home/robot/debug_clear_ws/install/clearpath_manipulators:/home/robot/debug_clear_ws/install/clearpath_description:/home/robot/debug_clear_ws/install/clearpath_sensors_description:/home/robot/debug_clear_ws/install/clearpath_platform_msgs:/home/robot/debug_clear_ws/install/clearpath_platform_description:/home/robot/debug_clear_ws/install/clearpath_mounts_description:/home/robot/debug_clear_ws/install/clearpath_manipulators_description:/home/robot/debug_clear_ws/install/clearpath_control:/home/robot/debug_clear_ws/install/clearpath_simulator:/home/robot/debug_clear_ws/install/clearpath_gz:/home/robot/debug_clear_ws/install/clearpath_generator_gz:/home/robot/debug_clear_ws/install/clearpath_common:/home/robot/debug_clear_ws/install/clearpath_msgs:/home/robot/debug_clear_ws/install/clearpath_customization:/home/robot/debug_clear_ws/install/clearpath_config:/opt/ros/humble PYTHONPATH=/home/robot/debug_clear_ws/install/clearpath_config/lib/python3.10/site-packages:/home/robot/debug_clear_ws/install/clearpath_generator_gz/local/lib/python3.10/dist-packages:/home/robot/debug_clear_ws/install/clearpath_generator_common/local/lib/python3.10/dist-packages:/home/robot/debug_clear_ws/install/clearpath_platform_msgs/local/lib/python3.10/dist-packages:/opt/ros/humble/lib/python3.10/site-packages:/opt/ros/humble/local/lib/python3.10/dist-packages /usr/bin/cmake --install /home/robot/debug_clear_ws/build/clearpath_generator_gz[0m
[2.985s] [34mcolcon.colcon_core.environment[0m [1;30mLevel 1[0m create_environment_scripts_only(clearpath_generator_gz)
[2.985s] [34mcolcon.colcon_core.environment[0m [1;30mLevel 1[0m checking '/home/robot/debug_clear_ws/install/clearpath_generator_gz' for CMake module files
[2.986s] [34mcolcon.colcon_core.event_handler.log_command[0m [1;30mDEBUG[0m [32mInvoked command in '/home/robot/debug_clear_ws/build/clearpath_generator_gz' returned '0': AMENT_PREFIX_PATH=/home/robot/debug_clear_ws/install/clearpath_config:/home/robot/debug_clear_ws/install/clearpath_simulator:/home/robot/debug_clear_ws/install/clearpath_gz:/home/robot/debug_clear_ws/install/clearpath_generator_gz:/home/robot/debug_clear_ws/install/clearpath_common:/home/robot/debug_clear_ws/install/clearpath_generator_common:/home/robot/debug_clear_ws/install/clearpath_description:/home/robot/debug_clear_ws/install/clearpath_sensors_description:/home/robot/debug_clear_ws/install/clearpath_platform:/home/robot/debug_clear_ws/install/clearpath_msgs:/home/robot/debug_clear_ws/install/clearpath_platform_msgs:/home/robot/debug_clear_ws/install/clearpath_platform_description:/home/robot/debug_clear_ws/install/clearpath_mounts_description:/home/robot/debug_clear_ws/install/clearpath_manipulators:/home/robot/debug_clear_ws/install/clearpath_manipulators_description:/home/robot/debug_clear_ws/install/clearpath_customization:/home/robot/debug_clear_ws/install/clearpath_control:/opt/ros/humble CMAKE_PREFIX_PATH=/home/robot/debug_clear_ws/install/clearpath_generator_common:/home/robot/debug_clear_ws/install/clearpath_platform:/home/robot/debug_clear_ws/install/clearpath_manipulators:/home/robot/debug_clear_ws/install/clearpath_description:/home/robot/debug_clear_ws/install/clearpath_sensors_description:/home/robot/debug_clear_ws/install/clearpath_platform_msgs:/home/robot/debug_clear_ws/install/clearpath_platform_description:/home/robot/debug_clear_ws/install/clearpath_mounts_description:/home/robot/debug_clear_ws/install/clearpath_manipulators_description:/home/robot/debug_clear_ws/install/clearpath_control:/home/robot/debug_clear_ws/install/clearpath_simulator:/home/robot/debug_clear_ws/install/clearpath_gz:/home/robot/debug_clear_ws/install/clearpath_generator_gz:/home/robot/debug_clear_ws/install/clearpath_common:/home/robot/debug_clear_ws/install/clearpath_msgs:/home/robot/debug_clear_ws/install/clearpath_customization:/home/robot/debug_clear_ws/install/clearpath_config:/opt/ros/humble PYTHONPATH=/home/robot/debug_clear_ws/install/clearpath_config/lib/python3.10/site-packages:/home/robot/debug_clear_ws/install/clearpath_generator_gz/local/lib/python3.10/dist-packages:/home/robot/debug_clear_ws/install/clearpath_generator_common/local/lib/python3.10/dist-packages:/home/robot/debug_clear_ws/install/clearpath_platform_msgs/local/lib/python3.10/dist-packages:/opt/ros/humble/lib/python3.10/site-packages:/opt/ros/humble/local/lib/python3.10/dist-packages /usr/bin/cmake --install /home/robot/debug_clear_ws/build/clearpath_generator_gz[0m
[2.986s] [34mcolcon.colcon_core.environment[0m [1;30mLevel 1[0m checking '/home/robot/debug_clear_ws/install/clearpath_generator_gz' for CMake config files
[2.986s] [34mcolcon.colcon_core.shell[0m [1;30mLevel 1[0m create_environment_hook('clearpath_generator_gz', 'cmake_prefix_path')
[2.986s] [34mcolcon.colcon_core.shell[0m [1;30mINFO[0m Creating environment hook '/home/robot/debug_clear_ws/install/clearpath_generator_gz/share/clearpath_generator_gz/hook/cmake_prefix_path.ps1'
[2.987s] [34mcolcon.colcon_core.shell[0m [1;30mINFO[0m Creating environment descriptor '/home/robot/debug_clear_ws/install/clearpath_generator_gz/share/clearpath_generator_gz/hook/cmake_prefix_path.dsv'
[2.987s] [34mcolcon.colcon_core.shell[0m [1;30mINFO[0m Creating environment hook '/home/robot/debug_clear_ws/install/clearpath_generator_gz/share/clearpath_generator_gz/hook/cmake_prefix_path.sh'
[2.988s] [34mcolcon.colcon_core.environment[0m [1;30mLevel 1[0m checking '/home/robot/debug_clear_ws/install/clearpath_generator_gz/lib'
[2.988s] [34mcolcon.colcon_core.environment[0m [1;30mLevel 1[0m checking '/home/robot/debug_clear_ws/install/clearpath_generator_gz/bin'
[2.988s] [34mcolcon.colcon_core.environment[0m [1;30mLevel 1[0m checking '/home/robot/debug_clear_ws/install/clearpath_generator_gz/lib/pkgconfig/clearpath_generator_gz.pc'
[2.988s] [34mcolcon.colcon_core.environment[0m [1;30mLevel 1[0m checking '/home/robot/debug_clear_ws/install/clearpath_generator_gz/lib/python3.10/site-packages'
[2.988s] [34mcolcon.colcon_core.environment[0m [1;30mLevel 1[0m checking '/home/robot/debug_clear_ws/install/clearpath_generator_gz/bin'
[2.988s] [34mcolcon.colcon_core.shell[0m [1;30mINFO[0m Creating package script '/home/robot/debug_clear_ws/install/clearpath_generator_gz/share/clearpath_generator_gz/package.ps1'
[2.989s] [34mcolcon.colcon_core.shell[0m [1;30mINFO[0m Creating package descriptor '/home/robot/debug_clear_ws/install/clearpath_generator_gz/share/clearpath_generator_gz/package.dsv'
[2.989s] [34mcolcon.colcon_core.shell[0m [1;30mINFO[0m Creating package script '/home/robot/debug_clear_ws/install/clearpath_generator_gz/share/clearpath_generator_gz/package.sh'
[2.989s] [34mcolcon.colcon_core.shell[0m [1;30mINFO[0m Creating package script '/home/robot/debug_clear_ws/install/clearpath_generator_gz/share/clearpath_generator_gz/package.bash'
[2.990s] [34mcolcon.colcon_core.shell[0m [1;30mINFO[0m Creating package script '/home/robot/debug_clear_ws/install/clearpath_generator_gz/share/clearpath_generator_gz/package.zsh'
[2.990s] [34mcolcon.colcon_core.environment[0m [1;30mLevel 1[0m create_file_with_runtime_dependencies(/home/robot/debug_clear_ws/install/clearpath_generator_gz/share/colcon-core/packages/clearpath_generator_gz)
[3.013s] [34mcolcon.colcon_core.environment[0m [1;30mLevel 1[0m create_environment_scripts_only(clearpath_generator_gz)
[3.013s] [34mcolcon.colcon_core.environment[0m [1;30mLevel 1[0m checking '/home/robot/debug_clear_ws/install/clearpath_generator_gz' for CMake module files
[3.013s] [34mcolcon.colcon_core.environment[0m [1;30mLevel 1[0m checking '/home/robot/debug_clear_ws/install/clearpath_generator_gz' for CMake config files
[3.014s] [34mcolcon.colcon_core.shell[0m [1;30mLevel 1[0m create_environment_hook('clearpath_generator_gz', 'cmake_prefix_path')
[3.014s] [34mcolcon.colcon_core.shell[0m [1;30mINFO[0m Creating environment hook '/home/robot/debug_clear_ws/install/clearpath_generator_gz/share/clearpath_generator_gz/hook/cmake_prefix_path.ps1'
[3.014s] [34mcolcon.colcon_core.shell[0m [1;30mINFO[0m Creating environment descriptor '/home/robot/debug_clear_ws/install/clearpath_generator_gz/share/clearpath_generator_gz/hook/cmake_prefix_path.dsv'
[3.014s] [34mcolcon.colcon_core.shell[0m [1;30mINFO[0m Creating environment hook '/home/robot/debug_clear_ws/install/clearpath_generator_gz/share/clearpath_generator_gz/hook/cmake_prefix_path.sh'
[3.015s] [34mcolcon.colcon_core.environment[0m [1;30mLevel 1[0m checking '/home/robot/debug_clear_ws/install/clearpath_generator_gz/lib'
[3.015s] [34mcolcon.colcon_core.environment[0m [1;30mLevel 1[0m checking '/home/robot/debug_clear_ws/install/clearpath_generator_gz/bin'
[3.015s] [34mcolcon.colcon_core.environment[0m [1;30mLevel 1[0m checking '/home/robot/debug_clear_ws/install/clearpath_generator_gz/lib/pkgconfig/clearpath_generator_gz.pc'
[3.015s] [34mcolcon.colcon_core.environment[0m [1;30mLevel 1[0m checking '/home/robot/debug_clear_ws/install/clearpath_generator_gz/lib/python3.10/site-packages'
[3.015s] [34mcolcon.colcon_core.environment[0m [1;30mLevel 1[0m checking '/home/robot/debug_clear_ws/install/clearpath_generator_gz/bin'
[3.016s] [34mcolcon.colcon_core.shell[0m [1;30mINFO[0m Creating package script '/home/robot/debug_clear_ws/install/clearpath_generator_gz/share/clearpath_generator_gz/package.ps1'
[3.016s] [34mcolcon.colcon_core.shell[0m [1;30mINFO[0m Creating package descriptor '/home/robot/debug_clear_ws/install/clearpath_generator_gz/share/clearpath_generator_gz/package.dsv'
[3.016s] [34mcolcon.colcon_core.shell[0m [1;30mINFO[0m Creating package script '/home/robot/debug_clear_ws/install/clearpath_generator_gz/share/clearpath_generator_gz/package.sh'
[3.017s] [34mcolcon.colcon_core.shell[0m [1;30mINFO[0m Creating package script '/home/robot/debug_clear_ws/install/clearpath_generator_gz/share/clearpath_generator_gz/package.bash'
[3.017s] [34mcolcon.colcon_core.shell[0m [1;30mINFO[0m Creating package script '/home/robot/debug_clear_ws/install/clearpath_generator_gz/share/clearpath_generator_gz/package.zsh'
[3.018s] [34mcolcon.colcon_core.environment[0m [1;30mLevel 1[0m create_file_with_runtime_dependencies(/home/robot/debug_clear_ws/install/clearpath_generator_gz/share/colcon-core/packages/clearpath_generator_gz)
[3.018s] [34mcolcon.colcon_ros.task.ament_cmake.build[0m [1;30mINFO[0m Building ROS package in '/home/robot/debug_clear_ws/src/clearpath_simulator/clearpath_gz' with build type 'ament_cmake'
[3.018s] [34mcolcon.colcon_cmake.task.cmake.build[0m [1;30mINFO[0m Building CMake package in '/home/robot/debug_clear_ws/src/clearpath_simulator/clearpath_gz'
[3.018s] [34mcolcon.colcon_core.shell[0m [1;30mINFO[0m Skip shell extension 'powershell' for command environment: Not usable outside of PowerShell
[3.018s] [34mcolcon.colcon_core.shell[0m [1;30mDEBUG[0m [32mSkip shell extension 'dsv' for command environment[0m
[3.040s] [34mcolcon.colcon_core.event_handler.log_command[0m [1;30mDEBUG[0m [32mInvoking command in '/home/robot/debug_clear_ws/build/clearpath_gz': AMENT_PREFIX_PATH=/home/robot/debug_clear_ws/install/clearpath_config:/home/robot/debug_clear_ws/install/clearpath_simulator:/home/robot/debug_clear_ws/install/clearpath_gz:/home/robot/debug_clear_ws/install/clearpath_generator_gz:/home/robot/debug_clear_ws/install/clearpath_common:/home/robot/debug_clear_ws/install/clearpath_generator_common:/home/robot/debug_clear_ws/install/clearpath_description:/home/robot/debug_clear_ws/install/clearpath_sensors_description:/home/robot/debug_clear_ws/install/clearpath_platform:/home/robot/debug_clear_ws/install/clearpath_msgs:/home/robot/debug_clear_ws/install/clearpath_platform_msgs:/home/robot/debug_clear_ws/install/clearpath_platform_description:/home/robot/debug_clear_ws/install/clearpath_mounts_description:/home/robot/debug_clear_ws/install/clearpath_manipulators:/home/robot/debug_clear_ws/install/clearpath_manipulators_description:/home/robot/debug_clear_ws/install/clearpath_customization:/home/robot/debug_clear_ws/install/clearpath_control:/opt/ros/humble CMAKE_PREFIX_PATH=/home/robot/debug_clear_ws/install/clearpath_generator_gz:/home/robot/debug_clear_ws/install/clearpath_common:/home/robot/debug_clear_ws/install/clearpath_generator_common:/home/robot/debug_clear_ws/install/clearpath_platform:/home/robot/debug_clear_ws/install/clearpath_manipulators:/home/robot/debug_clear_ws/install/clearpath_description:/home/robot/debug_clear_ws/install/clearpath_sensors_description:/home/robot/debug_clear_ws/install/clearpath_platform_msgs:/home/robot/debug_clear_ws/install/clearpath_platform_description:/home/robot/debug_clear_ws/install/clearpath_mounts_description:/home/robot/debug_clear_ws/install/clearpath_manipulators_description:/home/robot/debug_clear_ws/install/clearpath_control:/home/robot/debug_clear_ws/install/clearpath_simulator:/home/robot/debug_clear_ws/install/clearpath_gz:/home/robot/debug_clear_ws/install/clearpath_msgs:/home/robot/debug_clear_ws/install/clearpath_customization:/home/robot/debug_clear_ws/install/clearpath_config:/opt/ros/humble PYTHONPATH=/home/robot/debug_clear_ws/install/clearpath_config/lib/python3.10/site-packages:/home/robot/debug_clear_ws/install/clearpath_generator_gz/local/lib/python3.10/dist-packages:/home/robot/debug_clear_ws/install/clearpath_generator_common/local/lib/python3.10/dist-packages:/home/robot/debug_clear_ws/install/clearpath_platform_msgs/local/lib/python3.10/dist-packages:/opt/ros/humble/lib/python3.10/site-packages:/opt/ros/humble/local/lib/python3.10/dist-packages /usr/bin/cmake --build /home/robot/debug_clear_ws/build/clearpath_gz -- -j12 -l12[0m
[3.074s] [34mcolcon.colcon_core.event_handler.log_command[0m [1;30mDEBUG[0m [32mInvoked command in '/home/robot/debug_clear_ws/build/clearpath_gz' returned '0': AMENT_PREFIX_PATH=/home/robot/debug_clear_ws/install/clearpath_config:/home/robot/debug_clear_ws/install/clearpath_simulator:/home/robot/debug_clear_ws/install/clearpath_gz:/home/robot/debug_clear_ws/install/clearpath_generator_gz:/home/robot/debug_clear_ws/install/clearpath_common:/home/robot/debug_clear_ws/install/clearpath_generator_common:/home/robot/debug_clear_ws/install/clearpath_description:/home/robot/debug_clear_ws/install/clearpath_sensors_description:/home/robot/debug_clear_ws/install/clearpath_platform:/home/robot/debug_clear_ws/install/clearpath_msgs:/home/robot/debug_clear_ws/install/clearpath_platform_msgs:/home/robot/debug_clear_ws/install/clearpath_platform_description:/home/robot/debug_clear_ws/install/clearpath_mounts_description:/home/robot/debug_clear_ws/install/clearpath_manipulators:/home/robot/debug_clear_ws/install/clearpath_manipulators_description:/home/robot/debug_clear_ws/install/clearpath_customization:/home/robot/debug_clear_ws/install/clearpath_control:/opt/ros/humble CMAKE_PREFIX_PATH=/home/robot/debug_clear_ws/install/clearpath_generator_gz:/home/robot/debug_clear_ws/install/clearpath_common:/home/robot/debug_clear_ws/install/clearpath_generator_common:/home/robot/debug_clear_ws/install/clearpath_platform:/home/robot/debug_clear_ws/install/clearpath_manipulators:/home/robot/debug_clear_ws/install/clearpath_description:/home/robot/debug_clear_ws/install/clearpath_sensors_description:/home/robot/debug_clear_ws/install/clearpath_platform_msgs:/home/robot/debug_clear_ws/install/clearpath_platform_description:/home/robot/debug_clear_ws/install/clearpath_mounts_description:/home/robot/debug_clear_ws/install/clearpath_manipulators_description:/home/robot/debug_clear_ws/install/clearpath_control:/home/robot/debug_clear_ws/install/clearpath_simulator:/home/robot/debug_clear_ws/install/clearpath_gz:/home/robot/debug_clear_ws/install/clearpath_msgs:/home/robot/debug_clear_ws/install/clearpath_customization:/home/robot/debug_clear_ws/install/clearpath_config:/opt/ros/humble PYTHONPATH=/home/robot/debug_clear_ws/install/clearpath_config/lib/python3.10/site-packages:/home/robot/debug_clear_ws/install/clearpath_generator_gz/local/lib/python3.10/dist-packages:/home/robot/debug_clear_ws/install/clearpath_generator_common/local/lib/python3.10/dist-packages:/home/robot/debug_clear_ws/install/clearpath_platform_msgs/local/lib/python3.10/dist-packages:/opt/ros/humble/lib/python3.10/site-packages:/opt/ros/humble/local/lib/python3.10/dist-packages /usr/bin/cmake --build /home/robot/debug_clear_ws/build/clearpath_gz -- -j12 -l12[0m
[3.098s] [34mcolcon.colcon_core.event_handler.log_command[0m [1;30mDEBUG[0m [32mInvoking command in '/home/robot/debug_clear_ws/build/clearpath_gz': AMENT_PREFIX_PATH=/home/robot/debug_clear_ws/install/clearpath_config:/home/robot/debug_clear_ws/install/clearpath_simulator:/home/robot/debug_clear_ws/install/clearpath_gz:/home/robot/debug_clear_ws/install/clearpath_generator_gz:/home/robot/debug_clear_ws/install/clearpath_common:/home/robot/debug_clear_ws/install/clearpath_generator_common:/home/robot/debug_clear_ws/install/clearpath_description:/home/robot/debug_clear_ws/install/clearpath_sensors_description:/home/robot/debug_clear_ws/install/clearpath_platform:/home/robot/debug_clear_ws/install/clearpath_msgs:/home/robot/debug_clear_ws/install/clearpath_platform_msgs:/home/robot/debug_clear_ws/install/clearpath_platform_description:/home/robot/debug_clear_ws/install/clearpath_mounts_description:/home/robot/debug_clear_ws/install/clearpath_manipulators:/home/robot/debug_clear_ws/install/clearpath_manipulators_description:/home/robot/debug_clear_ws/install/clearpath_customization:/home/robot/debug_clear_ws/install/clearpath_control:/opt/ros/humble CMAKE_PREFIX_PATH=/home/robot/debug_clear_ws/install/clearpath_generator_gz:/home/robot/debug_clear_ws/install/clearpath_common:/home/robot/debug_clear_ws/install/clearpath_generator_common:/home/robot/debug_clear_ws/install/clearpath_platform:/home/robot/debug_clear_ws/install/clearpath_manipulators:/home/robot/debug_clear_ws/install/clearpath_description:/home/robot/debug_clear_ws/install/clearpath_sensors_description:/home/robot/debug_clear_ws/install/clearpath_platform_msgs:/home/robot/debug_clear_ws/install/clearpath_platform_description:/home/robot/debug_clear_ws/install/clearpath_mounts_description:/home/robot/debug_clear_ws/install/clearpath_manipulators_description:/home/robot/debug_clear_ws/install/clearpath_control:/home/robot/debug_clear_ws/install/clearpath_simulator:/home/robot/debug_clear_ws/install/clearpath_gz:/home/robot/debug_clear_ws/install/clearpath_msgs:/home/robot/debug_clear_ws/install/clearpath_customization:/home/robot/debug_clear_ws/install/clearpath_config:/opt/ros/humble PYTHONPATH=/home/robot/debug_clear_ws/install/clearpath_config/lib/python3.10/site-packages:/home/robot/debug_clear_ws/install/clearpath_generator_gz/local/lib/python3.10/dist-packages:/home/robot/debug_clear_ws/install/clearpath_generator_common/local/lib/python3.10/dist-packages:/home/robot/debug_clear_ws/install/clearpath_platform_msgs/local/lib/python3.10/dist-packages:/opt/ros/humble/lib/python3.10/site-packages:/opt/ros/humble/local/lib/python3.10/dist-packages /usr/bin/cmake --install /home/robot/debug_clear_ws/build/clearpath_gz[0m
[3.106s] [34mcolcon.colcon_core.environment[0m [1;30mLevel 1[0m create_environment_scripts_only(clearpath_gz)
[3.106s] [34mcolcon.colcon_core.environment[0m [1;30mLevel 1[0m checking '/home/robot/debug_clear_ws/install/clearpath_gz' for CMake module files
[3.107s] [34mcolcon.colcon_core.event_handler.log_command[0m [1;30mDEBUG[0m [32mInvoked command in '/home/robot/debug_clear_ws/build/clearpath_gz' returned '0': AMENT_PREFIX_PATH=/home/robot/debug_clear_ws/install/clearpath_config:/home/robot/debug_clear_ws/install/clearpath_simulator:/home/robot/debug_clear_ws/install/clearpath_gz:/home/robot/debug_clear_ws/install/clearpath_generator_gz:/home/robot/debug_clear_ws/install/clearpath_common:/home/robot/debug_clear_ws/install/clearpath_generator_common:/home/robot/debug_clear_ws/install/clearpath_description:/home/robot/debug_clear_ws/install/clearpath_sensors_description:/home/robot/debug_clear_ws/install/clearpath_platform:/home/robot/debug_clear_ws/install/clearpath_msgs:/home/robot/debug_clear_ws/install/clearpath_platform_msgs:/home/robot/debug_clear_ws/install/clearpath_platform_description:/home/robot/debug_clear_ws/install/clearpath_mounts_description:/home/robot/debug_clear_ws/install/clearpath_manipulators:/home/robot/debug_clear_ws/install/clearpath_manipulators_description:/home/robot/debug_clear_ws/install/clearpath_customization:/home/robot/debug_clear_ws/install/clearpath_control:/opt/ros/humble CMAKE_PREFIX_PATH=/home/robot/debug_clear_ws/install/clearpath_generator_gz:/home/robot/debug_clear_ws/install/clearpath_common:/home/robot/debug_clear_ws/install/clearpath_generator_common:/home/robot/debug_clear_ws/install/clearpath_platform:/home/robot/debug_clear_ws/install/clearpath_manipulators:/home/robot/debug_clear_ws/install/clearpath_description:/home/robot/debug_clear_ws/install/clearpath_sensors_description:/home/robot/debug_clear_ws/install/clearpath_platform_msgs:/home/robot/debug_clear_ws/install/clearpath_platform_description:/home/robot/debug_clear_ws/install/clearpath_mounts_description:/home/robot/debug_clear_ws/install/clearpath_manipulators_description:/home/robot/debug_clear_ws/install/clearpath_control:/home/robot/debug_clear_ws/install/clearpath_simulator:/home/robot/debug_clear_ws/install/clearpath_gz:/home/robot/debug_clear_ws/install/clearpath_msgs:/home/robot/debug_clear_ws/install/clearpath_customization:/home/robot/debug_clear_ws/install/clearpath_config:/opt/ros/humble PYTHONPATH=/home/robot/debug_clear_ws/install/clearpath_config/lib/python3.10/site-packages:/home/robot/debug_clear_ws/install/clearpath_generator_gz/local/lib/python3.10/dist-packages:/home/robot/debug_clear_ws/install/clearpath_generator_common/local/lib/python3.10/dist-packages:/home/robot/debug_clear_ws/install/clearpath_platform_msgs/local/lib/python3.10/dist-packages:/opt/ros/humble/lib/python3.10/site-packages:/opt/ros/humble/local/lib/python3.10/dist-packages /usr/bin/cmake --install /home/robot/debug_clear_ws/build/clearpath_gz[0m
[3.107s] [34mcolcon.colcon_core.environment[0m [1;30mLevel 1[0m checking '/home/robot/debug_clear_ws/install/clearpath_gz' for CMake config files
[3.108s] [34mcolcon.colcon_core.shell[0m [1;30mLevel 1[0m create_environment_hook('clearpath_gz', 'cmake_prefix_path')
[3.108s] [34mcolcon.colcon_core.shell[0m [1;30mINFO[0m Creating environment hook '/home/robot/debug_clear_ws/install/clearpath_gz/share/clearpath_gz/hook/cmake_prefix_path.ps1'
[3.108s] [34mcolcon.colcon_core.shell[0m [1;30mINFO[0m Creating environment descriptor '/home/robot/debug_clear_ws/install/clearpath_gz/share/clearpath_gz/hook/cmake_prefix_path.dsv'
[3.109s] [34mcolcon.colcon_core.shell[0m [1;30mINFO[0m Creating environment hook '/home/robot/debug_clear_ws/install/clearpath_gz/share/clearpath_gz/hook/cmake_prefix_path.sh'
[3.109s] [34mcolcon.colcon_core.environment[0m [1;30mLevel 1[0m checking '/home/robot/debug_clear_ws/install/clearpath_gz/bin'
[3.109s] [34mcolcon.colcon_core.environment[0m [1;30mLevel 1[0m checking '/home/robot/debug_clear_ws/install/clearpath_gz/lib/pkgconfig/clearpath_gz.pc'
[3.109s] [34mcolcon.colcon_core.environment[0m [1;30mLevel 1[0m checking '/home/robot/debug_clear_ws/install/clearpath_gz/lib/python3.10/site-packages'
[3.109s] [34mcolcon.colcon_core.environment[0m [1;30mLevel 1[0m checking '/home/robot/debug_clear_ws/install/clearpath_gz/bin'
[3.110s] [34mcolcon.colcon_core.shell[0m [1;30mINFO[0m Creating package script '/home/robot/debug_clear_ws/install/clearpath_gz/share/clearpath_gz/package.ps1'
[3.110s] [34mcolcon.colcon_core.shell[0m [1;30mINFO[0m Creating package descriptor '/home/robot/debug_clear_ws/install/clearpath_gz/share/clearpath_gz/package.dsv'
[3.110s] [34mcolcon.colcon_core.shell[0m [1;30mINFO[0m Creating package script '/home/robot/debug_clear_ws/install/clearpath_gz/share/clearpath_gz/package.sh'
[3.111s] [34mcolcon.colcon_core.shell[0m [1;30mINFO[0m Creating package script '/home/robot/debug_clear_ws/install/clearpath_gz/share/clearpath_gz/package.bash'
[3.112s] [34mcolcon.colcon_core.shell[0m [1;30mINFO[0m Creating package script '/home/robot/debug_clear_ws/install/clearpath_gz/share/clearpath_gz/package.zsh'
[3.112s] [34mcolcon.colcon_core.environment[0m [1;30mLevel 1[0m create_file_with_runtime_dependencies(/home/robot/debug_clear_ws/install/clearpath_gz/share/colcon-core/packages/clearpath_gz)
[3.131s] [34mcolcon.colcon_core.environment[0m [1;30mLevel 1[0m checking '/home/robot/debug_clear_ws/install/yolov8_ros' for CMake module files
[3.132s] [34mcolcon.colcon_core.event_handler.log_command[0m [1;30mDEBUG[0m [32mInvoked command in '/home/robot/debug_clear_ws/src/yolov8_ros/yolov8_ros' returned '0': AMENT_PREFIX_PATH=/home/robot/debug_clear_ws/install/yolov8_msgs:${AMENT_PREFIX_PATH} CMAKE_PREFIX_PATH=/home/robot/debug_clear_ws/install/yolov8_msgs:${CMAKE_PREFIX_PATH} LD_LIBRARY_PATH=/home/robot/debug_clear_ws/install/yolov8_msgs/lib:${LD_LIBRARY_PATH} PYTHONPATH=/home/robot/debug_clear_ws/build/yolov8_ros/prefix_override:/usr/lib/python3/dist-packages/colcon_core/task/python/colcon_distutils_commands:/home/robot/debug_clear_ws/install/yolov8_ros/lib/python3.10/site-packages:/home/robot/debug_clear_ws/install/yolov8_msgs/local/lib/python3.10/dist-packages:${PYTHONPATH} /usr/bin/python3 -W ignore:setup.py install is deprecated setup.py egg_info --egg-base ../../../build/yolov8_ros build --build-base /home/robot/debug_clear_ws/build/yolov8_ros/build install --record /home/robot/debug_clear_ws/build/yolov8_ros/install.log --single-version-externally-managed install_data[0m
[3.132s] [34mcolcon.colcon_core.environment[0m [1;30mLevel 1[0m checking '/home/robot/debug_clear_ws/install/yolov8_ros' for CMake config files
[3.133s] [34mcolcon.colcon_core.environment[0m [1;30mLevel 1[0m checking '/home/robot/debug_clear_ws/install/yolov8_ros/lib'
[3.133s] [34mcolcon.colcon_core.environment[0m [1;30mLevel 1[0m checking '/home/robot/debug_clear_ws/install/yolov8_ros/bin'
[3.133s] [34mcolcon.colcon_core.environment[0m [1;30mLevel 1[0m checking '/home/robot/debug_clear_ws/install/yolov8_ros/lib/pkgconfig/yolov8_ros.pc'
[3.134s] [34mcolcon.colcon_core.environment[0m [1;30mLevel 1[0m checking '/home/robot/debug_clear_ws/install/yolov8_ros/lib/python3.10/site-packages'
[3.134s] [34mcolcon.colcon_core.shell[0m [1;30mLevel 1[0m create_environment_hook('yolov8_ros', 'pythonpath')
[3.134s] [34mcolcon.colcon_core.shell[0m [1;30mINFO[0m Creating environment hook '/home/robot/debug_clear_ws/install/yolov8_ros/share/yolov8_ros/hook/pythonpath.ps1'
[3.134s] [34mcolcon.colcon_core.shell[0m [1;30mINFO[0m Creating environment descriptor '/home/robot/debug_clear_ws/install/yolov8_ros/share/yolov8_ros/hook/pythonpath.dsv'
[3.135s] [34mcolcon.colcon_core.shell[0m [1;30mINFO[0m Creating environment hook '/home/robot/debug_clear_ws/install/yolov8_ros/share/yolov8_ros/hook/pythonpath.sh'
[3.135s] [34mcolcon.colcon_core.environment[0m [1;30mLevel 1[0m checking '/home/robot/debug_clear_ws/install/yolov8_ros/bin'
[3.135s] [34mcolcon.colcon_core.environment[0m [1;30mLevel 1[0m create_environment_scripts_only(yolov8_ros)
[3.135s] [34mcolcon.colcon_core.shell[0m [1;30mINFO[0m Creating package script '/home/robot/debug_clear_ws/install/yolov8_ros/share/yolov8_ros/package.ps1'
[3.136s] [34mcolcon.colcon_core.shell[0m [1;30mINFO[0m Creating package descriptor '/home/robot/debug_clear_ws/install/yolov8_ros/share/yolov8_ros/package.dsv'
[3.136s] [34mcolcon.colcon_core.shell[0m [1;30mINFO[0m Creating package script '/home/robot/debug_clear_ws/install/yolov8_ros/share/yolov8_ros/package.sh'
[3.137s] [34mcolcon.colcon_core.shell[0m [1;30mINFO[0m Creating package script '/home/robot/debug_clear_ws/install/yolov8_ros/share/yolov8_ros/package.bash'
[3.137s] [34mcolcon.colcon_core.shell[0m [1;30mINFO[0m Creating package script '/home/robot/debug_clear_ws/install/yolov8_ros/share/yolov8_ros/package.zsh'
[3.137s] [34mcolcon.colcon_core.environment[0m [1;30mLevel 1[0m create_file_with_runtime_dependencies(/home/robot/debug_clear_ws/install/yolov8_ros/share/colcon-core/packages/yolov8_ros)
[3.138s] [34mcolcon.colcon_ros.task.ament_cmake.build[0m [1;30mINFO[0m Building ROS package in '/home/robot/debug_clear_ws/src/yolov8_ros/yolov8_bringup' with build type 'ament_cmake'
[3.138s] [34mcolcon.colcon_cmake.task.cmake.build[0m [1;30mINFO[0m Building CMake package in '/home/robot/debug_clear_ws/src/yolov8_ros/yolov8_bringup'
[3.138s] [34mcolcon.colcon_core.shell[0m [1;30mINFO[0m Skip shell extension 'powershell' for command environment: Not usable outside of PowerShell
[3.138s] [34mcolcon.colcon_core.shell[0m [1;30mDEBUG[0m [32mSkip shell extension 'dsv' for command environment[0m
[3.143s] [34mcolcon.colcon_core.environment[0m [1;30mLevel 1[0m create_environment_scripts_only(clearpath_gz)
[3.144s] [34mcolcon.colcon_core.environment[0m [1;30mLevel 1[0m checking '/home/robot/debug_clear_ws/install/clearpath_gz' for CMake module files
[3.144s] [34mcolcon.colcon_core.environment[0m [1;30mLevel 1[0m checking '/home/robot/debug_clear_ws/install/clearpath_gz' for CMake config files
[3.144s] [34mcolcon.colcon_core.shell[0m [1;30mLevel 1[0m create_environment_hook('clearpath_gz', 'cmake_prefix_path')
[3.144s] [34mcolcon.colcon_core.shell[0m [1;30mINFO[0m Creating environment hook '/home/robot/debug_clear_ws/install/clearpath_gz/share/clearpath_gz/hook/cmake_prefix_path.ps1'
[3.145s] [34mcolcon.colcon_core.shell[0m [1;30mINFO[0m Creating environment descriptor '/home/robot/debug_clear_ws/install/clearpath_gz/share/clearpath_gz/hook/cmake_prefix_path.dsv'
[3.145s] [34mcolcon.colcon_core.shell[0m [1;30mINFO[0m Creating environment hook '/home/robot/debug_clear_ws/install/clearpath_gz/share/clearpath_gz/hook/cmake_prefix_path.sh'
[3.145s] [34mcolcon.colcon_core.environment[0m [1;30mLevel 1[0m checking '/home/robot/debug_clear_ws/install/clearpath_gz/bin'
[3.145s] [34mcolcon.colcon_core.environment[0m [1;30mLevel 1[0m checking '/home/robot/debug_clear_ws/install/clearpath_gz/lib/pkgconfig/clearpath_gz.pc'
[3.145s] [34mcolcon.colcon_core.environment[0m [1;30mLevel 1[0m checking '/home/robot/debug_clear_ws/install/clearpath_gz/lib/python3.10/site-packages'
[3.146s] [34mcolcon.colcon_core.environment[0m [1;30mLevel 1[0m checking '/home/robot/debug_clear_ws/install/clearpath_gz/bin'
[3.146s] [34mcolcon.colcon_core.shell[0m [1;30mINFO[0m Creating package script '/home/robot/debug_clear_ws/install/clearpath_gz/share/clearpath_gz/package.ps1'
[3.146s] [34mcolcon.colcon_core.shell[0m [1;30mINFO[0m Creating package descriptor '/home/robot/debug_clear_ws/install/clearpath_gz/share/clearpath_gz/package.dsv'
[3.147s] [34mcolcon.colcon_core.shell[0m [1;30mINFO[0m Creating package script '/home/robot/debug_clear_ws/install/clearpath_gz/share/clearpath_gz/package.sh'
[3.147s] [34mcolcon.colcon_core.shell[0m [1;30mINFO[0m Creating package script '/home/robot/debug_clear_ws/install/clearpath_gz/share/clearpath_gz/package.bash'
[3.147s] [34mcolcon.colcon_core.shell[0m [1;30mINFO[0m Creating package script '/home/robot/debug_clear_ws/install/clearpath_gz/share/clearpath_gz/package.zsh'
[3.148s] [34mcolcon.colcon_core.environment[0m [1;30mLevel 1[0m create_file_with_runtime_dependencies(/home/robot/debug_clear_ws/install/clearpath_gz/share/colcon-core/packages/clearpath_gz)
[3.148s] [34mcolcon.colcon_ros.task.ament_cmake.build[0m [1;30mINFO[0m Building ROS package in '/home/robot/debug_clear_ws/src/clearpath_simulator/clearpath_simulator' with build type 'ament_cmake'
[3.149s] [34mcolcon.colcon_cmake.task.cmake.build[0m [1;30mINFO[0m Building CMake package in '/home/robot/debug_clear_ws/src/clearpath_simulator/clearpath_simulator'
[3.149s] [34mcolcon.colcon_core.shell[0m [1;30mINFO[0m Skip shell extension 'powershell' for command environment: Not usable outside of PowerShell
[3.149s] [34mcolcon.colcon_core.shell[0m [1;30mDEBUG[0m [32mSkip shell extension 'dsv' for command environment[0m
[3.157s] [34mcolcon.colcon_core.event_handler.log_command[0m [1;30mDEBUG[0m [32mInvoking command in '/home/robot/debug_clear_ws/build/yolov8_bringup': AMENT_PREFIX_PATH=/home/robot/debug_clear_ws/install/yolov8_ros:/home/robot/debug_clear_ws/install/yolov8_msgs:${AMENT_PREFIX_PATH} CMAKE_PREFIX_PATH=/home/robot/debug_clear_ws/install/yolov8_msgs:/home/robot/debug_clear_ws/install/clearpath_simulator:/home/robot/debug_clear_ws/install/clearpath_gz:/home/robot/debug_clear_ws/install/clearpath_generator_gz:/home/robot/debug_clear_ws/install/clearpath_common:/home/robot/debug_clear_ws/install/clearpath_generator_common:/home/robot/debug_clear_ws/install/clearpath_description:/home/robot/debug_clear_ws/install/clearpath_sensors_description:/home/robot/debug_clear_ws/install/clearpath_platform:/home/robot/debug_clear_ws/install/clearpath_msgs:/home/robot/debug_clear_ws/install/clearpath_platform_msgs:/home/robot/debug_clear_ws/install/clearpath_platform_description:/home/robot/debug_clear_ws/install/clearpath_mounts_description:/home/robot/debug_clear_ws/install/clearpath_manipulators:/home/robot/debug_clear_ws/install/clearpath_manipulators_description:/home/robot/debug_clear_ws/install/clearpath_customization:/home/robot/debug_clear_ws/install/clearpath_control:/home/robot/debug_clear_ws/install/clearpath_config:/opt/ros/humble LD_LIBRARY_PATH=/home/robot/debug_clear_ws/install/yolov8_msgs/lib:${LD_LIBRARY_PATH} PYTHONPATH=/home/robot/debug_clear_ws/install/yolov8_ros/lib/python3.10/site-packages:/home/robot/debug_clear_ws/install/yolov8_msgs/local/lib/python3.10/dist-packages:${PYTHONPATH} /usr/bin/cmake --build /home/robot/debug_clear_ws/build/yolov8_bringup -- -j12 -l12[0m
[3.170s] [34mcolcon.colcon_core.event_handler.log_command[0m [1;30mDEBUG[0m [32mInvoking command in '/home/robot/debug_clear_ws/build/clearpath_simulator': AMENT_PREFIX_PATH=/home/robot/debug_clear_ws/install/clearpath_config:/home/robot/debug_clear_ws/install/clearpath_simulator:/home/robot/debug_clear_ws/install/clearpath_gz:/home/robot/debug_clear_ws/install/clearpath_generator_gz:/home/robot/debug_clear_ws/install/clearpath_common:/home/robot/debug_clear_ws/install/clearpath_generator_common:/home/robot/debug_clear_ws/install/clearpath_description:/home/robot/debug_clear_ws/install/clearpath_sensors_description:/home/robot/debug_clear_ws/install/clearpath_platform:/home/robot/debug_clear_ws/install/clearpath_msgs:/home/robot/debug_clear_ws/install/clearpath_platform_msgs:/home/robot/debug_clear_ws/install/clearpath_platform_description:/home/robot/debug_clear_ws/install/clearpath_mounts_description:/home/robot/debug_clear_ws/install/clearpath_manipulators:/home/robot/debug_clear_ws/install/clearpath_manipulators_description:/home/robot/debug_clear_ws/install/clearpath_customization:/home/robot/debug_clear_ws/install/clearpath_control:/opt/ros/humble CMAKE_PREFIX_PATH=/home/robot/debug_clear_ws/install/clearpath_gz:/home/robot/debug_clear_ws/install/clearpath_generator_gz:/home/robot/debug_clear_ws/install/clearpath_common:/home/robot/debug_clear_ws/install/clearpath_generator_common:/home/robot/debug_clear_ws/install/clearpath_platform:/home/robot/debug_clear_ws/install/clearpath_manipulators:/home/robot/debug_clear_ws/install/clearpath_description:/home/robot/debug_clear_ws/install/clearpath_sensors_description:/home/robot/debug_clear_ws/install/clearpath_platform_msgs:/home/robot/debug_clear_ws/install/clearpath_platform_description:/home/robot/debug_clear_ws/install/clearpath_mounts_description:/home/robot/debug_clear_ws/install/clearpath_manipulators_description:/home/robot/debug_clear_ws/install/clearpath_control:/home/robot/debug_clear_ws/install/clearpath_simulator:/home/robot/debug_clear_ws/install/clearpath_msgs:/home/robot/debug_clear_ws/install/clearpath_customization:/home/robot/debug_clear_ws/install/clearpath_config:/opt/ros/humble PYTHONPATH=/home/robot/debug_clear_ws/install/clearpath_config/lib/python3.10/site-packages:/home/robot/debug_clear_ws/install/clearpath_generator_gz/local/lib/python3.10/dist-packages:/home/robot/debug_clear_ws/install/clearpath_generator_common/local/lib/python3.10/dist-packages:/home/robot/debug_clear_ws/install/clearpath_platform_msgs/local/lib/python3.10/dist-packages:/opt/ros/humble/lib/python3.10/site-packages:/opt/ros/humble/local/lib/python3.10/dist-packages /usr/bin/cmake --build /home/robot/debug_clear_ws/build/clearpath_simulator -- -j12 -l12[0m
[3.191s] [34mcolcon.colcon_core.event_handler.log_command[0m [1;30mDEBUG[0m [32mInvoked command in '/home/robot/debug_clear_ws/build/yolov8_bringup' returned '0': AMENT_PREFIX_PATH=/home/robot/debug_clear_ws/install/yolov8_ros:/home/robot/debug_clear_ws/install/yolov8_msgs:${AMENT_PREFIX_PATH} CMAKE_PREFIX_PATH=/home/robot/debug_clear_ws/install/yolov8_msgs:/home/robot/debug_clear_ws/install/clearpath_simulator:/home/robot/debug_clear_ws/install/clearpath_gz:/home/robot/debug_clear_ws/install/clearpath_generator_gz:/home/robot/debug_clear_ws/install/clearpath_common:/home/robot/debug_clear_ws/install/clearpath_generator_common:/home/robot/debug_clear_ws/install/clearpath_description:/home/robot/debug_clear_ws/install/clearpath_sensors_description:/home/robot/debug_clear_ws/install/clearpath_platform:/home/robot/debug_clear_ws/install/clearpath_msgs:/home/robot/debug_clear_ws/install/clearpath_platform_msgs:/home/robot/debug_clear_ws/install/clearpath_platform_description:/home/robot/debug_clear_ws/install/clearpath_mounts_description:/home/robot/debug_clear_ws/install/clearpath_manipulators:/home/robot/debug_clear_ws/install/clearpath_manipulators_description:/home/robot/debug_clear_ws/install/clearpath_customization:/home/robot/debug_clear_ws/install/clearpath_control:/home/robot/debug_clear_ws/install/clearpath_config:/opt/ros/humble LD_LIBRARY_PATH=/home/robot/debug_clear_ws/install/yolov8_msgs/lib:${LD_LIBRARY_PATH} PYTHONPATH=/home/robot/debug_clear_ws/install/yolov8_ros/lib/python3.10/site-packages:/home/robot/debug_clear_ws/install/yolov8_msgs/local/lib/python3.10/dist-packages:${PYTHONPATH} /usr/bin/cmake --build /home/robot/debug_clear_ws/build/yolov8_bringup -- -j12 -l12[0m
[3.204s] [34mcolcon.colcon_core.event_handler.log_command[0m [1;30mDEBUG[0m [32mInvoked command in '/home/robot/debug_clear_ws/build/clearpath_simulator' returned '0': AMENT_PREFIX_PATH=/home/robot/debug_clear_ws/install/clearpath_config:/home/robot/debug_clear_ws/install/clearpath_simulator:/home/robot/debug_clear_ws/install/clearpath_gz:/home/robot/debug_clear_ws/install/clearpath_generator_gz:/home/robot/debug_clear_ws/install/clearpath_common:/home/robot/debug_clear_ws/install/clearpath_generator_common:/home/robot/debug_clear_ws/install/clearpath_description:/home/robot/debug_clear_ws/install/clearpath_sensors_description:/home/robot/debug_clear_ws/install/clearpath_platform:/home/robot/debug_clear_ws/install/clearpath_msgs:/home/robot/debug_clear_ws/install/clearpath_platform_msgs:/home/robot/debug_clear_ws/install/clearpath_platform_description:/home/robot/debug_clear_ws/install/clearpath_mounts_description:/home/robot/debug_clear_ws/install/clearpath_manipulators:/home/robot/debug_clear_ws/install/clearpath_manipulators_description:/home/robot/debug_clear_ws/install/clearpath_customization:/home/robot/debug_clear_ws/install/clearpath_control:/opt/ros/humble CMAKE_PREFIX_PATH=/home/robot/debug_clear_ws/install/clearpath_gz:/home/robot/debug_clear_ws/install/clearpath_generator_gz:/home/robot/debug_clear_ws/install/clearpath_common:/home/robot/debug_clear_ws/install/clearpath_generator_common:/home/robot/debug_clear_ws/install/clearpath_platform:/home/robot/debug_clear_ws/install/clearpath_manipulators:/home/robot/debug_clear_ws/install/clearpath_description:/home/robot/debug_clear_ws/install/clearpath_sensors_description:/home/robot/debug_clear_ws/install/clearpath_platform_msgs:/home/robot/debug_clear_ws/install/clearpath_platform_description:/home/robot/debug_clear_ws/install/clearpath_mounts_description:/home/robot/debug_clear_ws/install/clearpath_manipulators_description:/home/robot/debug_clear_ws/install/clearpath_control:/home/robot/debug_clear_ws/install/clearpath_simulator:/home/robot/debug_clear_ws/install/clearpath_msgs:/home/robot/debug_clear_ws/install/clearpath_customization:/home/robot/debug_clear_ws/install/clearpath_config:/opt/ros/humble PYTHONPATH=/home/robot/debug_clear_ws/install/clearpath_config/lib/python3.10/site-packages:/home/robot/debug_clear_ws/install/clearpath_generator_gz/local/lib/python3.10/dist-packages:/home/robot/debug_clear_ws/install/clearpath_generator_common/local/lib/python3.10/dist-packages:/home/robot/debug_clear_ws/install/clearpath_platform_msgs/local/lib/python3.10/dist-packages:/opt/ros/humble/lib/python3.10/site-packages:/opt/ros/humble/local/lib/python3.10/dist-packages /usr/bin/cmake --build /home/robot/debug_clear_ws/build/clearpath_simulator -- -j12 -l12[0m
[3.212s] [34mcolcon.colcon_core.event_handler.log_command[0m [1;30mDEBUG[0m [32mInvoking command in '/home/robot/debug_clear_ws/build/yolov8_bringup': AMENT_PREFIX_PATH=/home/robot/debug_clear_ws/install/yolov8_ros:/home/robot/debug_clear_ws/install/yolov8_msgs:${AMENT_PREFIX_PATH} CMAKE_PREFIX_PATH=/home/robot/debug_clear_ws/install/yolov8_msgs:/home/robot/debug_clear_ws/install/clearpath_simulator:/home/robot/debug_clear_ws/install/clearpath_gz:/home/robot/debug_clear_ws/install/clearpath_generator_gz:/home/robot/debug_clear_ws/install/clearpath_common:/home/robot/debug_clear_ws/install/clearpath_generator_common:/home/robot/debug_clear_ws/install/clearpath_description:/home/robot/debug_clear_ws/install/clearpath_sensors_description:/home/robot/debug_clear_ws/install/clearpath_platform:/home/robot/debug_clear_ws/install/clearpath_msgs:/home/robot/debug_clear_ws/install/clearpath_platform_msgs:/home/robot/debug_clear_ws/install/clearpath_platform_description:/home/robot/debug_clear_ws/install/clearpath_mounts_description:/home/robot/debug_clear_ws/install/clearpath_manipulators:/home/robot/debug_clear_ws/install/clearpath_manipulators_description:/home/robot/debug_clear_ws/install/clearpath_customization:/home/robot/debug_clear_ws/install/clearpath_control:/home/robot/debug_clear_ws/install/clearpath_config:/opt/ros/humble LD_LIBRARY_PATH=/home/robot/debug_clear_ws/install/yolov8_msgs/lib:${LD_LIBRARY_PATH} PYTHONPATH=/home/robot/debug_clear_ws/install/yolov8_ros/lib/python3.10/site-packages:/home/robot/debug_clear_ws/install/yolov8_msgs/local/lib/python3.10/dist-packages:${PYTHONPATH} /usr/bin/cmake --install /home/robot/debug_clear_ws/build/yolov8_bringup[0m
[3.220s] [34mcolcon.colcon_core.environment[0m [1;30mLevel 1[0m create_environment_scripts_only(yolov8_bringup)
[3.221s] [34mcolcon.colcon_core.environment[0m [1;30mLevel 1[0m checking '/home/robot/debug_clear_ws/install/yolov8_bringup' for CMake module files
[3.221s] [34mcolcon.colcon_core.event_handler.log_command[0m [1;30mDEBUG[0m [32mInvoked command in '/home/robot/debug_clear_ws/build/yolov8_bringup' returned '0': AMENT_PREFIX_PATH=/home/robot/debug_clear_ws/install/yolov8_ros:/home/robot/debug_clear_ws/install/yolov8_msgs:${AMENT_PREFIX_PATH} CMAKE_PREFIX_PATH=/home/robot/debug_clear_ws/install/yolov8_msgs:/home/robot/debug_clear_ws/install/clearpath_simulator:/home/robot/debug_clear_ws/install/clearpath_gz:/home/robot/debug_clear_ws/install/clearpath_generator_gz:/home/robot/debug_clear_ws/install/clearpath_common:/home/robot/debug_clear_ws/install/clearpath_generator_common:/home/robot/debug_clear_ws/install/clearpath_description:/home/robot/debug_clear_ws/install/clearpath_sensors_description:/home/robot/debug_clear_ws/install/clearpath_platform:/home/robot/debug_clear_ws/install/clearpath_msgs:/home/robot/debug_clear_ws/install/clearpath_platform_msgs:/home/robot/debug_clear_ws/install/clearpath_platform_description:/home/robot/debug_clear_ws/install/clearpath_mounts_description:/home/robot/debug_clear_ws/install/clearpath_manipulators:/home/robot/debug_clear_ws/install/clearpath_manipulators_description:/home/robot/debug_clear_ws/install/clearpath_customization:/home/robot/debug_clear_ws/install/clearpath_control:/home/robot/debug_clear_ws/install/clearpath_config:/opt/ros/humble LD_LIBRARY_PATH=/home/robot/debug_clear_ws/install/yolov8_msgs/lib:${LD_LIBRARY_PATH} PYTHONPATH=/home/robot/debug_clear_ws/install/yolov8_ros/lib/python3.10/site-packages:/home/robot/debug_clear_ws/install/yolov8_msgs/local/lib/python3.10/dist-packages:${PYTHONPATH} /usr/bin/cmake --install /home/robot/debug_clear_ws/build/yolov8_bringup[0m
[3.221s] [34mcolcon.colcon_core.environment[0m [1;30mLevel 1[0m checking '/home/robot/debug_clear_ws/install/yolov8_bringup' for CMake config files
[3.222s] [34mcolcon.colcon_core.shell[0m [1;30mLevel 1[0m create_environment_hook('yolov8_bringup', 'cmake_prefix_path')
[3.222s] [34mcolcon.colcon_core.shell[0m [1;30mINFO[0m Creating environment hook '/home/robot/debug_clear_ws/install/yolov8_bringup/share/yolov8_bringup/hook/cmake_prefix_path.ps1'
[3.222s] [34mcolcon.colcon_core.shell[0m [1;30mINFO[0m Creating environment descriptor '/home/robot/debug_clear_ws/install/yolov8_bringup/share/yolov8_bringup/hook/cmake_prefix_path.dsv'
[3.222s] [34mcolcon.colcon_core.shell[0m [1;30mINFO[0m Creating environment hook '/home/robot/debug_clear_ws/install/yolov8_bringup/share/yolov8_bringup/hook/cmake_prefix_path.sh'
[3.223s] [34mcolcon.colcon_core.environment[0m [1;30mLevel 1[0m checking '/home/robot/debug_clear_ws/install/yolov8_bringup/bin'
[3.223s] [34mcolcon.colcon_core.environment[0m [1;30mLevel 1[0m checking '/home/robot/debug_clear_ws/install/yolov8_bringup/lib/pkgconfig/yolov8_bringup.pc'
[3.223s] [34mcolcon.colcon_core.environment[0m [1;30mLevel 1[0m checking '/home/robot/debug_clear_ws/install/yolov8_bringup/lib/python3.10/site-packages'
[3.223s] [34mcolcon.colcon_core.environment[0m [1;30mLevel 1[0m checking '/home/robot/debug_clear_ws/install/yolov8_bringup/bin'
[3.224s] [34mcolcon.colcon_core.shell[0m [1;30mINFO[0m Creating package script '/home/robot/debug_clear_ws/install/yolov8_bringup/share/yolov8_bringup/package.ps1'
[3.224s] [34mcolcon.colcon_core.shell[0m [1;30mINFO[0m Creating package descriptor '/home/robot/debug_clear_ws/install/yolov8_bringup/share/yolov8_bringup/package.dsv'
[3.224s] [34mcolcon.colcon_core.shell[0m [1;30mINFO[0m Creating package script '/home/robot/debug_clear_ws/install/yolov8_bringup/share/yolov8_bringup/package.sh'
[3.225s] [34mcolcon.colcon_core.shell[0m [1;30mINFO[0m Creating package script '/home/robot/debug_clear_ws/install/yolov8_bringup/share/yolov8_bringup/package.bash'
[3.225s] [34mcolcon.colcon_core.shell[0m [1;30mINFO[0m Creating package script '/home/robot/debug_clear_ws/install/yolov8_bringup/share/yolov8_bringup/package.zsh'
[3.225s] [34mcolcon.colcon_core.environment[0m [1;30mLevel 1[0m create_file_with_runtime_dependencies(/home/robot/debug_clear_ws/install/yolov8_bringup/share/colcon-core/packages/yolov8_bringup)
[3.227s] [34mcolcon.colcon_core.event_handler.log_command[0m [1;30mDEBUG[0m [32mInvoking command in '/home/robot/debug_clear_ws/build/clearpath_simulator': AMENT_PREFIX_PATH=/home/robot/debug_clear_ws/install/clearpath_config:/home/robot/debug_clear_ws/install/clearpath_simulator:/home/robot/debug_clear_ws/install/clearpath_gz:/home/robot/debug_clear_ws/install/clearpath_generator_gz:/home/robot/debug_clear_ws/install/clearpath_common:/home/robot/debug_clear_ws/install/clearpath_generator_common:/home/robot/debug_clear_ws/install/clearpath_description:/home/robot/debug_clear_ws/install/clearpath_sensors_description:/home/robot/debug_clear_ws/install/clearpath_platform:/home/robot/debug_clear_ws/install/clearpath_msgs:/home/robot/debug_clear_ws/install/clearpath_platform_msgs:/home/robot/debug_clear_ws/install/clearpath_platform_description:/home/robot/debug_clear_ws/install/clearpath_mounts_description:/home/robot/debug_clear_ws/install/clearpath_manipulators:/home/robot/debug_clear_ws/install/clearpath_manipulators_description:/home/robot/debug_clear_ws/install/clearpath_customization:/home/robot/debug_clear_ws/install/clearpath_control:/opt/ros/humble CMAKE_PREFIX_PATH=/home/robot/debug_clear_ws/install/clearpath_gz:/home/robot/debug_clear_ws/install/clearpath_generator_gz:/home/robot/debug_clear_ws/install/clearpath_common:/home/robot/debug_clear_ws/install/clearpath_generator_common:/home/robot/debug_clear_ws/install/clearpath_platform:/home/robot/debug_clear_ws/install/clearpath_manipulators:/home/robot/debug_clear_ws/install/clearpath_description:/home/robot/debug_clear_ws/install/clearpath_sensors_description:/home/robot/debug_clear_ws/install/clearpath_platform_msgs:/home/robot/debug_clear_ws/install/clearpath_platform_description:/home/robot/debug_clear_ws/install/clearpath_mounts_description:/home/robot/debug_clear_ws/install/clearpath_manipulators_description:/home/robot/debug_clear_ws/install/clearpath_control:/home/robot/debug_clear_ws/install/clearpath_simulator:/home/robot/debug_clear_ws/install/clearpath_msgs:/home/robot/debug_clear_ws/install/clearpath_customization:/home/robot/debug_clear_ws/install/clearpath_config:/opt/ros/humble PYTHONPATH=/home/robot/debug_clear_ws/install/clearpath_config/lib/python3.10/site-packages:/home/robot/debug_clear_ws/install/clearpath_generator_gz/local/lib/python3.10/dist-packages:/home/robot/debug_clear_ws/install/clearpath_generator_common/local/lib/python3.10/dist-packages:/home/robot/debug_clear_ws/install/clearpath_platform_msgs/local/lib/python3.10/dist-packages:/opt/ros/humble/lib/python3.10/site-packages:/opt/ros/humble/local/lib/python3.10/dist-packages /usr/bin/cmake --install /home/robot/debug_clear_ws/build/clearpath_simulator[0m
[3.235s] [34mcolcon.colcon_core.environment[0m [1;30mLevel 1[0m create_environment_scripts_only(clearpath_simulator)
[3.235s] [34mcolcon.colcon_core.event_handler.log_command[0m [1;30mDEBUG[0m [32mInvoked command in '/home/robot/debug_clear_ws/build/clearpath_simulator' returned '0': AMENT_PREFIX_PATH=/home/robot/debug_clear_ws/install/clearpath_config:/home/robot/debug_clear_ws/install/clearpath_simulator:/home/robot/debug_clear_ws/install/clearpath_gz:/home/robot/debug_clear_ws/install/clearpath_generator_gz:/home/robot/debug_clear_ws/install/clearpath_common:/home/robot/debug_clear_ws/install/clearpath_generator_common:/home/robot/debug_clear_ws/install/clearpath_description:/home/robot/debug_clear_ws/install/clearpath_sensors_description:/home/robot/debug_clear_ws/install/clearpath_platform:/home/robot/debug_clear_ws/install/clearpath_msgs:/home/robot/debug_clear_ws/install/clearpath_platform_msgs:/home/robot/debug_clear_ws/install/clearpath_platform_description:/home/robot/debug_clear_ws/install/clearpath_mounts_description:/home/robot/debug_clear_ws/install/clearpath_manipulators:/home/robot/debug_clear_ws/install/clearpath_manipulators_description:/home/robot/debug_clear_ws/install/clearpath_customization:/home/robot/debug_clear_ws/install/clearpath_control:/opt/ros/humble CMAKE_PREFIX_PATH=/home/robot/debug_clear_ws/install/clearpath_gz:/home/robot/debug_clear_ws/install/clearpath_generator_gz:/home/robot/debug_clear_ws/install/clearpath_common:/home/robot/debug_clear_ws/install/clearpath_generator_common:/home/robot/debug_clear_ws/install/clearpath_platform:/home/robot/debug_clear_ws/install/clearpath_manipulators:/home/robot/debug_clear_ws/install/clearpath_description:/home/robot/debug_clear_ws/install/clearpath_sensors_description:/home/robot/debug_clear_ws/install/clearpath_platform_msgs:/home/robot/debug_clear_ws/install/clearpath_platform_description:/home/robot/debug_clear_ws/install/clearpath_mounts_description:/home/robot/debug_clear_ws/install/clearpath_manipulators_description:/home/robot/debug_clear_ws/install/clearpath_control:/home/robot/debug_clear_ws/install/clearpath_simulator:/home/robot/debug_clear_ws/install/clearpath_msgs:/home/robot/debug_clear_ws/install/clearpath_customization:/home/robot/debug_clear_ws/install/clearpath_config:/opt/ros/humble PYTHONPATH=/home/robot/debug_clear_ws/install/clearpath_config/lib/python3.10/site-packages:/home/robot/debug_clear_ws/install/clearpath_generator_gz/local/lib/python3.10/dist-packages:/home/robot/debug_clear_ws/install/clearpath_generator_common/local/lib/python3.10/dist-packages:/home/robot/debug_clear_ws/install/clearpath_platform_msgs/local/lib/python3.10/dist-packages:/opt/ros/humble/lib/python3.10/site-packages:/opt/ros/humble/local/lib/python3.10/dist-packages /usr/bin/cmake --install /home/robot/debug_clear_ws/build/clearpath_simulator[0m
[3.235s] [34mcolcon.colcon_core.environment[0m [1;30mLevel 1[0m checking '/home/robot/debug_clear_ws/install/clearpath_simulator' for CMake module files
[3.236s] [34mcolcon.colcon_core.environment[0m [1;30mLevel 1[0m checking '/home/robot/debug_clear_ws/install/clearpath_simulator' for CMake config files
[3.236s] [34mcolcon.colcon_core.shell[0m [1;30mLevel 1[0m create_environment_hook('clearpath_simulator', 'cmake_prefix_path')
[3.236s] [34mcolcon.colcon_core.shell[0m [1;30mINFO[0m Creating environment hook '/home/robot/debug_clear_ws/install/clearpath_simulator/share/clearpath_simulator/hook/cmake_prefix_path.ps1'
[3.236s] [34mcolcon.colcon_core.shell[0m [1;30mINFO[0m Creating environment descriptor '/home/robot/debug_clear_ws/install/clearpath_simulator/share/clearpath_simulator/hook/cmake_prefix_path.dsv'
[3.237s] [34mcolcon.colcon_core.shell[0m [1;30mINFO[0m Creating environment hook '/home/robot/debug_clear_ws/install/clearpath_simulator/share/clearpath_simulator/hook/cmake_prefix_path.sh'
[3.237s] [34mcolcon.colcon_core.environment[0m [1;30mLevel 1[0m checking '/home/robot/debug_clear_ws/install/clearpath_simulator/bin'
[3.237s] [34mcolcon.colcon_core.environment[0m [1;30mLevel 1[0m checking '/home/robot/debug_clear_ws/install/clearpath_simulator/lib/pkgconfig/clearpath_simulator.pc'
[3.237s] [34mcolcon.colcon_core.environment[0m [1;30mLevel 1[0m checking '/home/robot/debug_clear_ws/install/clearpath_simulator/lib/python3.10/site-packages'
[3.238s] [34mcolcon.colcon_core.environment[0m [1;30mLevel 1[0m checking '/home/robot/debug_clear_ws/install/clearpath_simulator/bin'
[3.238s] [34mcolcon.colcon_core.shell[0m [1;30mINFO[0m Creating package script '/home/robot/debug_clear_ws/install/clearpath_simulator/share/clearpath_simulator/package.ps1'
[3.238s] [34mcolcon.colcon_core.shell[0m [1;30mINFO[0m Creating package descriptor '/home/robot/debug_clear_ws/install/clearpath_simulator/share/clearpath_simulator/package.dsv'
[3.239s] [34mcolcon.colcon_core.shell[0m [1;30mINFO[0m Creating package script '/home/robot/debug_clear_ws/install/clearpath_simulator/share/clearpath_simulator/package.sh'
[3.239s] [34mcolcon.colcon_core.shell[0m [1;30mINFO[0m Creating package script '/home/robot/debug_clear_ws/install/clearpath_simulator/share/clearpath_simulator/package.bash'
[3.239s] [34mcolcon.colcon_core.shell[0m [1;30mINFO[0m Creating package script '/home/robot/debug_clear_ws/install/clearpath_simulator/share/clearpath_simulator/package.zsh'
[3.240s] [34mcolcon.colcon_core.environment[0m [1;30mLevel 1[0m create_file_with_runtime_dependencies(/home/robot/debug_clear_ws/install/clearpath_simulator/share/colcon-core/packages/clearpath_simulator)
[3.245s] [34mcolcon.colcon_core.environment[0m [1;30mLevel 1[0m create_environment_scripts_only(yolov8_bringup)
[3.245s] [34mcolcon.colcon_core.environment[0m [1;30mLevel 1[0m checking '/home/robot/debug_clear_ws/install/yolov8_bringup' for CMake module files
[3.245s] [34mcolcon.colcon_core.environment[0m [1;30mLevel 1[0m checking '/home/robot/debug_clear_ws/install/yolov8_bringup' for CMake config files
[3.245s] [34mcolcon.colcon_core.shell[0m [1;30mLevel 1[0m create_environment_hook('yolov8_bringup', 'cmake_prefix_path')
[3.246s] [34mcolcon.colcon_core.shell[0m [1;30mINFO[0m Creating environment hook '/home/robot/debug_clear_ws/install/yolov8_bringup/share/yolov8_bringup/hook/cmake_prefix_path.ps1'
[3.246s] [34mcolcon.colcon_core.shell[0m [1;30mINFO[0m Creating environment descriptor '/home/robot/debug_clear_ws/install/yolov8_bringup/share/yolov8_bringup/hook/cmake_prefix_path.dsv'
[3.246s] [34mcolcon.colcon_core.shell[0m [1;30mINFO[0m Creating environment hook '/home/robot/debug_clear_ws/install/yolov8_bringup/share/yolov8_bringup/hook/cmake_prefix_path.sh'
[3.247s] [34mcolcon.colcon_core.environment[0m [1;30mLevel 1[0m checking '/home/robot/debug_clear_ws/install/yolov8_bringup/bin'
[3.247s] [34mcolcon.colcon_core.environment[0m [1;30mLevel 1[0m checking '/home/robot/debug_clear_ws/install/yolov8_bringup/lib/pkgconfig/yolov8_bringup.pc'
[3.247s] [34mcolcon.colcon_core.environment[0m [1;30mLevel 1[0m checking '/home/robot/debug_clear_ws/install/yolov8_bringup/lib/python3.10/site-packages'
[3.247s] [34mcolcon.colcon_core.environment[0m [1;30mLevel 1[0m checking '/home/robot/debug_clear_ws/install/yolov8_bringup/bin'
[3.247s] [34mcolcon.colcon_core.shell[0m [1;30mINFO[0m Creating package script '/home/robot/debug_clear_ws/install/yolov8_bringup/share/yolov8_bringup/package.ps1'
[3.248s] [34mcolcon.colcon_core.shell[0m [1;30mINFO[0m Creating package descriptor '/home/robot/debug_clear_ws/install/yolov8_bringup/share/yolov8_bringup/package.dsv'
[3.248s] [34mcolcon.colcon_core.shell[0m [1;30mINFO[0m Creating package script '/home/robot/debug_clear_ws/install/yolov8_bringup/share/yolov8_bringup/package.sh'
[3.249s] [34mcolcon.colcon_core.shell[0m [1;30mINFO[0m Creating package script '/home/robot/debug_clear_ws/install/yolov8_bringup/share/yolov8_bringup/package.bash'
[3.249s] [34mcolcon.colcon_core.shell[0m [1;30mINFO[0m Creating package script '/home/robot/debug_clear_ws/install/yolov8_bringup/share/yolov8_bringup/package.zsh'
[3.249s] [34mcolcon.colcon_core.environment[0m [1;30mLevel 1[0m create_file_with_runtime_dependencies(/home/robot/debug_clear_ws/install/yolov8_bringup/share/colcon-core/packages/yolov8_bringup)
[3.259s] [34mcolcon.colcon_core.environment[0m [1;30mLevel 1[0m create_environment_scripts_only(clearpath_simulator)
[3.259s] [34mcolcon.colcon_core.environment[0m [1;30mLevel 1[0m checking '/home/robot/debug_clear_ws/install/clearpath_simulator' for CMake module files
[3.260s] [34mcolcon.colcon_core.environment[0m [1;30mLevel 1[0m checking '/home/robot/debug_clear_ws/install/clearpath_simulator' for CMake config files
[3.260s] [34mcolcon.colcon_core.shell[0m [1;30mLevel 1[0m create_environment_hook('clearpath_simulator', 'cmake_prefix_path')
[3.260s] [34mcolcon.colcon_core.shell[0m [1;30mINFO[0m Creating environment hook '/home/robot/debug_clear_ws/install/clearpath_simulator/share/clearpath_simulator/hook/cmake_prefix_path.ps1'
[3.260s] [34mcolcon.colcon_core.shell[0m [1;30mINFO[0m Creating environment descriptor '/home/robot/debug_clear_ws/install/clearpath_simulator/share/clearpath_simulator/hook/cmake_prefix_path.dsv'
[3.261s] [34mcolcon.colcon_core.shell[0m [1;30mINFO[0m Creating environment hook '/home/robot/debug_clear_ws/install/clearpath_simulator/share/clearpath_simulator/hook/cmake_prefix_path.sh'
[3.261s] [34mcolcon.colcon_core.environment[0m [1;30mLevel 1[0m checking '/home/robot/debug_clear_ws/install/clearpath_simulator/bin'
[3.261s] [34mcolcon.colcon_core.environment[0m [1;30mLevel 1[0m checking '/home/robot/debug_clear_ws/install/clearpath_simulator/lib/pkgconfig/clearpath_simulator.pc'
[3.261s] [34mcolcon.colcon_core.environment[0m [1;30mLevel 1[0m checking '/home/robot/debug_clear_ws/install/clearpath_simulator/lib/python3.10/site-packages'
[3.261s] [34mcolcon.colcon_core.environment[0m [1;30mLevel 1[0m checking '/home/robot/debug_clear_ws/install/clearpath_simulator/bin'
[3.262s] [34mcolcon.colcon_core.shell[0m [1;30mINFO[0m Creating package script '/home/robot/debug_clear_ws/install/clearpath_simulator/share/clearpath_simulator/package.ps1'
[3.262s] [34mcolcon.colcon_core.shell[0m [1;30mINFO[0m Creating package descriptor '/home/robot/debug_clear_ws/install/clearpath_simulator/share/clearpath_simulator/package.dsv'
[3.263s] [34mcolcon.colcon_core.shell[0m [1;30mINFO[0m Creating package script '/home/robot/debug_clear_ws/install/clearpath_simulator/share/clearpath_simulator/package.sh'
[3.263s] [34mcolcon.colcon_core.shell[0m [1;30mINFO[0m Creating package script '/home/robot/debug_clear_ws/install/clearpath_simulator/share/clearpath_simulator/package.bash'
[3.264s] [34mcolcon.colcon_core.shell[0m [1;30mINFO[0m Creating package script '/home/robot/debug_clear_ws/install/clearpath_simulator/share/clearpath_simulator/package.zsh'
[3.264s] [34mcolcon.colcon_core.environment[0m [1;30mLevel 1[0m create_file_with_runtime_dependencies(/home/robot/debug_clear_ws/install/clearpath_simulator/share/colcon-core/packages/clearpath_simulator)
[3.265s] [34mcolcon.colcon_parallel_executor.executor.parallel[0m [1;30mDEBUG[0m [32mclosing loop[0m
[3.265s] [34mcolcon.colcon_parallel_executor.executor.parallel[0m [1;30mDEBUG[0m [32mloop closed[0m
[3.266s] [34mcolcon.colcon_parallel_executor.executor.parallel[0m [1;30mDEBUG[0m [32mrun_until_complete finished with '0'[0m
[3.266s] [34mcolcon.colcon_core.event_reactor[0m [1;30mDEBUG[0m [32mjoining thread[0m
[3.272s] [34mcolcon.colcon_core.plugin_system[0m [1;30mINFO[0m Skipping extension 'colcon_notification.desktop_notification.terminal_notifier': Not used on non-Darwin systems
[3.272s] [34mcolcon.colcon_core.plugin_system[0m [1;30mINFO[0m Skipping extension 'colcon_notification.desktop_notification.win32': Not used on non-Windows systems
[3.272s] [34mcolcon.colcon_notification.desktop_notification[0m [1;30mINFO[0m Sending desktop notification using 'notify2'
[3.282s] [34mcolcon.colcon_core.event_reactor[0m [1;30mDEBUG[0m [32mjoined thread[0m
[3.282s] [34mcolcon.colcon_core.shell[0m [1;30mINFO[0m Creating prefix script '/home/robot/debug_clear_ws/install/local_setup.ps1'
[3.283s] [34mcolcon.colcon_core.shell[0m [1;30mINFO[0m Creating prefix util module '/home/robot/debug_clear_ws/install/_local_setup_util_ps1.py'
[3.285s] [34mcolcon.colcon_core.shell[0m [1;30mINFO[0m Creating prefix chain script '/home/robot/debug_clear_ws/install/setup.ps1'
[3.286s] [34mcolcon.colcon_core.shell[0m [1;30mINFO[0m Creating prefix script '/home/robot/debug_clear_ws/install/local_setup.sh'
[3.287s] [34mcolcon.colcon_core.shell[0m [1;30mINFO[0m Creating prefix util module '/home/robot/debug_clear_ws/install/_local_setup_util_sh.py'
[3.287s] [34mcolcon.colcon_core.shell[0m [1;30mINFO[0m Creating prefix chain script '/home/robot/debug_clear_ws/install/setup.sh'
[3.289s] [34mcolcon.colcon_core.shell[0m [1;30mINFO[0m Creating prefix script '/home/robot/debug_clear_ws/install/local_setup.bash'
[3.289s] [34mcolcon.colcon_core.shell[0m [1;30mINFO[0m Creating prefix chain script '/home/robot/debug_clear_ws/install/setup.bash'
[3.290s] [34mcolcon.colcon_core.shell[0m [1;30mINFO[0m Creating prefix script '/home/robot/debug_clear_ws/install/local_setup.zsh'
[3.291s] [34mcolcon.colcon_core.shell[0m [1;30mINFO[0m Creating prefix chain script '/home/robot/debug_clear_ws/install/setup.zsh'
